unirt,text,label
1478,"At the antique market, I held two pocket watches side by side and compared the weight in my palm. One had a smooth silver case, while the other was brass with tiny scratches that caught the light. I listened to each tick and noticed how one sounded sharper and faster. I chose the sturdier one because it felt like it would last another decade.",single
1478,"During rehearsal, the director asked me to distinguish between two moods in the same monologue. I tried the first take with calm restraint, then repeated it with a brittle edge that made every pause feel heavier. The room went quiet as the difference landed. She nodded and said the second version finally matched the character.",single
1478,"In the lab notebook, I wrote a clear comparison between two materials we tested that afternoon. The polymer stayed flexible after cooling, but the resin turned rigid and cracked when bent. Their surfaces looked similar at first glance, yet their behavior under stress split them apart. I circled the polymer result as the safer choice for the prototype.",single
1478,"At the café counter, the menu offered two ways to build the sandwich, and the line behind me was growing. I could choose rye with smoked turkey or sourdough with roasted vegetables. I pictured the afternoon meeting and decided I wanted something lighter. I ordered the vegetables and skipped the extra cheese.",single
1478,"When we planned the weekend trip, we had to pick between two routes to the coast. One road was shorter but crowded with construction, and the other took longer through small towns. I checked the fuel gauge and thought about the sunset timing. We went with the scenic route and stopped for coffee halfway.",single
1478,"In the game store, I stared at two board games on the shelf and weighed the options. One promised quick rounds, while the other looked like an all-night strategy marathon. My friends were arriving soon and hated complicated rules. I grabbed the simpler box and headed to the register.",single
1478,"The museum guide showed us three versions of the same painting from different years. In one, the colors were muted, and in another the blues were almost electric. A later piece combined the earlier shapes with new patterns that felt more restless. I stood there noticing how the artist kept the theme but changed the personality each time.",single
1478,"In the bakery, the baker explained the different types of flour used for two breads on the rack. The whole-grain loaf had a dense crumb, while the white loaf was airy and springy. She said a small mix of seeds could change the texture without changing the recipe much. I bought both to see how they toasted at home.",single
1478,"At work, we reviewed several categories of customer feedback and noticed patterns in how they overlapped. Complaints about delivery often appeared alongside notes about packaging damage. When we combined those tags, the cluster suddenly made more sense. We scheduled a test with a sturdier box and a different carrier.",single
1478,"On the hike, my friend tried to decide whether the fog meant we should turn back. The trail split into two directions, and the left path disappeared into the gray while the right stayed visible along the ridge. We checked the map and saw the left route led to a lower valley. We took the ridge and reached the lookout just as the fog thinned.",single
1478,"During the neighborhood meeting, people argued about where to host the summer event. If we chose the park, we would need a rain plan, but the community hall cost more. Someone pointed out that families with strollers preferred the flat paths outside. We agreed on the park, with a backup date if the weather turned.",single
1478,"At the station, the announcement warned that one platform served express trains and the other served local stops. If I boarded the express, I would arrive early but risk missing my friend’s stop. The screen flashed a last-minute change, and the crowd surged toward the other side. I followed them and got on the local train to be safe.",single
1478,"I stood in the craft store comparing two kinds of paint that looked identical under fluorescent lights. One dried matte and the other dried glossy, and the label promised different results on wood. I tested a small swipe on a sample tile and watched the sheen appear. The glossy one made the color pop, so I bought it for the sign.",mixed
1478,"We had two venues for the workshop, and everyone kept bouncing between them like it was a coin toss. The library room offered quiet focus, while the café space had better seating and a warmer vibe. I sorted the attendee list into categories based on who needed silence and who preferred chatter. If the rain started, we would stay indoors at the library; if the sky held, we’d walk to the café for the afternoon session.",mixed
1478,"At the electronics shop, I compared two monitors by opening the same photo on both screens. The salesperson laid out options for size and refresh rate, and my budget forced a choice. He explained the different panel types, including one that blended the strengths of the others. If I planned to edit photos at night, the better contrast mattered; if I only coded, the cheaper model would do.",mixed
1478,"On the drive, my sister and I argued about whether to stop now or push on to the next town. The GPS offered two alternatives, one faster and one that avoided tolls. We listed the types of food we could grab quickly, from gas-station snacks to a proper sit-down meal. If traffic thickened near the bridge, we’d detour through the countryside; otherwise we’d stay on the highway.",mixed
1478,"In class, the professor asked us to compare two historical speeches and explain what made them feel different. Then she gave us a choice between writing an essay or doing a short presentation. Our group divided the sources into categories and noticed how some themes appeared in both. If we presented, we had to pick a location in the room and commit to it; if we wrote, we could weave the contrasts more subtly.",mixed
1478,"At the shelter, I met two dogs that couldn’t have been more different in temperament. The volunteer explained my options and asked whether I wanted a quiet companion or a high-energy runner. She described the breeds and types of training each dog had received, and one had a mix that made him both calm and curious. If my apartment allowed larger pets, I could choose either; if not, I’d have to take the smaller one home.",mixed
1478,"While planning the photo shoot, I compared two locations: a bright rooftop and a shaded alley. The client gave me a choice of outfits and asked which alternative would match the brand. I pulled reference images and grouped them by style, then noticed one look combined elements from both sets. If the wind got too strong on the roof, we’d move to the alley; if the sky stayed clear, we’d keep the rooftop shots for the finale.",mixed
1478,"At the diner, I compared two soups, one creamy and one brothy, because I didn’t want something too heavy. The waiter offered options for toppings, and I had to choose fast before the lunch rush hit. The menu showed different types of bread, including a combo basket that mixed slices. If I skipped the sandwich, I could still feel full with soup and bread; if I added fries, I’d regret it later.",mixed
1478,"We compared two apartment listings on my laptop, zooming in on the same photos to spot what the agent didn’t mention. I had options between paying more for a balcony or less for a shorter commute. I organized the listings into categories like noise level, sunlight, and storage, and one place blended good light with decent storage even though it lacked a balcony. If the landlord agreed to a flexible move-in date, we’d take it; if not, we’d go with the pricier unit.",mixed
1478,"At the tournament, I compared two openings I could play in the first round, one sharp and one solid. My coach gave me options for how aggressive to be depending on my opponent. We studied the types of positions that would arise and found a line that mixed safety with a sudden tactical punch. If my opponent played quickly, I’d steer into the quieter structure; if he hesitated, I’d switch into the more forcing continuation.",mixed
1478,"In the garden center, I compared two tomato plants, one tall and spindly and the other compact with thick stems. The clerk offered options for soil and fertilizer, and I had to choose without overthinking. She explained different varieties and pointed to a hybrid that combined sweetness with disease resistance. If the forecast stayed cold, I’d keep the pots inside at night; if the nights warmed up, they could live on the balcony full-time.",mixed
1478,"At the rehearsal dinner, I compared two toasts I might give: one funny and one heartfelt. I had options for how much to mention about the couple’s first date without embarrassing anyone. I thought about the different kinds of stories I could tell, including one that blended humor with a sincere ending. If the room was already emotional, I’d keep it light; if the mood stayed casual, I’d add the deeper lines at the end.",mixed
1478,"I compared two camping stoves at the outdoor shop, checking how each one handled wind. The employee walked me through options for fuel canisters and asked what alternatives I could carry on a long hike. He explained different stove types and showed one model that merged the stability of a heavy stove with the efficiency of a tiny burner. If we camped above the treeline, wind would be the deciding factor; if we stayed in the forest, the lighter option would win.",mixed
1478,"At the clinic reception, I compared two appointment slots, one early morning and one late afternoon. The scheduler offered options depending on which doctor was available, and I had to choose quickly. She categorized the visits by type and duration, and one slot could be combined with a quick lab draw in the same hour. If my meeting ran late, the afternoon would be safer; if I wanted the day free, I’d take the morning slot.",mixed
15565,"In the tutorial, the instructor showed how a sorting function behaves differently depending on the data type. I traced the process step by step on paper, watching each element move into place. When the input was a simple class of objects, one missing attribute caused the whole routine to fail. I fixed the issue by defining the comparison rule and reran the function.",single
15565,"At the workshop, we built a small tool that mapped each item into a class and then applied a function to transform it. The process felt smooth until an edge case appeared in the last batch. I adjusted the type definition so the function could handle it without breaking. The output finally matched what we expected.",single
15565,"During onboarding, my teammate explained the process for assigning each request to a category. The function looked simple, but it relied on the type being correct at every step. When one record came in with the wrong class label, the pipeline routed it to the wrong queue. We added a check and prevented the same mistake from happening again.",single
15565,"Over dinner, my cousin ranted about how the gap between rich and poor keeps widening in his city. He flipped the channel to sports highlights, and the commentator’s excitement felt oddly out of place after that. Later, he admitted he prays when he feels powerless, even if he doubts sometimes. On the walk home, he told me he still hopes small choices can add up to something better.",single
15565,"The radio host compared luxury spending to everyday wages, and the numbers made my stomach tighten. A segment about the weekend match followed, and callers argued about the referee like it mattered more than anything else. In the next breath, someone shared a quiet story about faith that helped them keep going. I sat there thinking about what I chase and what I’m willing to give up.",single
15565,"At the barbershop, the conversation drifted from salaries to how some neighborhoods seem to live in a different world. A TV in the corner showed sports news, and everyone paused to watch a replay. One man mentioned his church and said belief keeps him steady when money feels unfair. When it was my turn in the chair, I kept replaying his words in my head.",single
15565,"The journal article summarized a clinical study with careful language and a dense methods section. I highlighted the sample size, the measured outcomes, and the limitations the authors admitted. The tables made the results look decisive, but the discussion section was more cautious. After reading it twice, I wrote a short note about what the evidence actually supported.",single
15565,"In the university library, I skimmed a stack of research papers for a literature review. One publication stood out because it included a preregistered protocol and transparent data handling. The authors compared their findings to earlier studies and explained why they disagreed. I printed it and marked it as a key citation.",single
15565,"At the conference poster session, a doctoral student walked me through her study design. She explained the data collection process and why the control group mattered so much. The results were still preliminary, but the analysis was meticulous. I left with a photo of the poster and a list of papers to read.",single
15565,"The email said I didn’t need to bring anything for the meeting, which sounded almost too easy. I still packed my notebook out of habit, then laughed at myself on the bus. When I arrived, the room already had printed agendas at every seat. I relaxed because nothing extra was required of me.",single
15565,"My coach told me I wasn’t required to attend the optional session, but missing it would slow my progress. I stared at the calendar and realized I had the evening free anyway. I went to the gym, even though no one demanded it. Walking home, I felt better knowing I chose it instead of being forced.",single
15565,"The form stated there was no requirement to include a cover letter. I almost wrote one, then remembered I was exhausted and the deadline was close. I submitted the application with only the requested documents. The next day, I was glad I didn’t create extra work for myself.",single
15565,"You poured the cereal before you checked whether there was any milk left in the fridge. You hesitated, then decided to eat it dry and pretend it was a new snack. When I offered you a spoon, you waved it away and used your fingers instead. You acted proud of the improvisation, even though it was clearly desperation.",single
15565,"You said you would use the new blender every morning, but it stayed in the box for a week. You finally opened it and tried to make a smoothie, then complained that the lid was confusing. I showed you the lock symbol, and you rolled your eyes at how obvious it was. You drank the smoothie anyway and admitted it tasted good.",single
15565,"You grabbed the last slice of pizza and told me you were only doing it to prevent waste. You folded it in half and ate it while scrolling on your phone. When I asked if you wanted water, you pointed to the glass like it was already handled. You looked satisfied, as if the whole scene was perfectly reasonable.",single
15565,"In the workshop, the instructor demonstrated a process that grouped items by class before applying a function to each group. He then shifted into a talk about money, pointing out how wealth disparity can shape who gets access to training like this. Between sessions, sports news blared from a TV, and someone joked that their team’s payroll proved the point. A volunteer mentioned faith as a way to stay grounded, and another student admitted there was no requirement to stay late, though many did anyway. You stayed, used the extra time to practice, and quietly felt proud of choosing it.",mixed
15565,"The research study described a clinical process in precise detail, including how each participant was assigned a type and how the function analyzed outcomes. In the hallway afterward, people argued about salaries and how uneven funding feeds wealth disparity across departments. A screen nearby flashed sports updates, and a passerby muttered a quick prayer under his breath before entering the lecture hall. There was no requirement to attend the evening panel, but you went and used the Q&A to ask the question you’d been rehearsing.",mixed
15565,"At lunch, my friend broke down a process for classifying transactions, explaining how the function behaved differently for each type. He drifted into financial talk about wealth disparity, then switched to sports news as if it were a palate cleanser. When I asked why he stayed optimistic, he talked about faith and the way it steadies him. The invite said there was no requirement to bring materials, but you still used your tablet to take notes and share them with everyone.",mixed
15565,"The academic publication outlined a study that modeled behavior by assigning each subject to a class, then running a function over the observations. Afterward, a discussion panel turned to financial matters, and the speaker connected wealth disparity to who gets represented in the data. Someone in the audience quoted a line from a sermon, and the room went quiet for a moment before sports news chatter returned in the lobby. Attendance wasn’t required for the final session, but you stayed and used the break to read the appendix.",mixed
15565,"In the lab, we refined a process that tagged each file with a type so the function could handle it without errors. A colleague complained that the grant distribution felt like wealth disparity wearing a polite mask. The TV in the break room ran sports news on repeat, and one technician said faith helped him ignore the noise. The schedule said there was no requirement to join the weekend shift, but you volunteered and used the quieter hours to finish the validation tests.",mixed
15565,"The paper described a medical study and included a function that estimated risk differently across patient classes. In the café, a group debated financial inequality and wealth disparity, then laughed when sports news interrupted the broadcast. A woman at the next table spoke about faith with a calm certainty that made the argument feel smaller. No requirement forced you to stay, but you used the extra hour to reread the methods and catch a key detail.",mixed
15565,"Our teammate walked us through a process for mapping support tickets into a class hierarchy so the routing function wouldn’t misfire. The conversation drifted into money, with someone pointing out wealth disparity in who can afford downtime. Sports news played in the background, and a coworker mentioned faith as a way to keep perspective. There was no requirement to join the after-hours cleanup, but you stayed and used the time to fix the last edge case.",mixed
15565,"At the community center, a speaker showed a process for teaching beginners by grouping lessons into types and running a simple function to check progress. He pivoted to financial matters, saying wealth disparity decides who gets to learn early and who gets left behind. During the break, sports news drew a crowd, and a volunteer talked about faith as the reason she keeps coming back. Participation wasn’t required, yet you used your free evening to help set up chairs and review the handouts.",mixed
15565,"The conference talk introduced a research study and explained the process of assigning each sample to a class before the analysis function produced results. In the Q&A, someone raised financial concerns and wealth disparity, arguing that funding shapes which studies get published at all. Outside the hall, sports news popped up on everyone’s phones, and a participant said faith helped her handle constant uncertainty. The organizers said there was no requirement to stay for networking, but you stayed and used it to find a collaborator.",mixed
15565,"I watched you follow a recipe like it was a formal process, sorting ingredients by type and using the blender’s function only after checking the lid twice. You started talking about money and wealth disparity because the groceries felt more expensive every week. A sports update interrupted you, and you laughed, then admitted faith helps you stay patient when things feel unfair. Nobody required you to cook tonight, yet you used the last of the fruit anyway and offered me the first glass.",mixed
15565,"The university memo outlined a process change: every request would be assigned to a class and processed by a new function that tracked outcomes. In the staff lounge, people argued about wages and wealth disparity, then paused when sports news announced a surprise transfer. One professor mentioned faith and personal reflection as her way of staying kind in tense weeks. The memo said there was no requirement to reply, but you replied anyway and used the message to flag a problem early.",mixed
15565,"The journal club discussed a medical study, and the presenter explained how the analysis function treated each patient type differently. Afterward, the room split into financial debate about wealth disparity and a separate cluster swapping sports news like it was gossip. A quiet student said faith keeps him from spiraling when results contradict expectations. The session was optional with no requirement to speak, but you spoke and used the moment to ask about the control group.",mixed
15565,"In the training session, the coach laid out a process for improving performance: classify mistakes by type, then apply a corrective function until it sticks. Someone complained about wealth disparity in facilities, and a TV on the wall kept rolling sports news that made the place feel competitive. A teammate said faith helps him stay humble, even when he wins. Attendance wasn’t required for the extra drills, but you stayed and used the last set to fix your footwork.",mixed
15565,"The research team described their study, walking through the process of data collection and how each entry was assigned a class label before a scoring function ran. Over coffee, the discussion turned to wealth disparity and who gets hired onto teams like this in the first place. Sports news chimed from a phone, and someone offered a brief comment about faith when the topic got heavy. There was no requirement to join the weekend review, but you joined and used the time to sanity-check the figures.",mixed
15565,"You sat with me while I read a publication from a medical study, and you asked about the process as if you were planning to reproduce it. I explained the type system and how the main function produced the key graph. You then launched into a rant about wealth disparity, followed by a sudden sports news tangent that made me laugh. No one required you to help, but you used the rest of the evening to summarize the methods in your own words.",mixed
1615,"Before the guests arrived, I started the note with a quick cooking tip about salting pasta water and letting the sauce simmer longer than you think. Then I jumped to the boring errands: checking the SUV’s tire pressure, calling the roofer back, and measuring the splashback for the new kitchen. My cousin texted asking if the sports eyewear would fog up during his run, so I added a line about anti-fog spray. At the bottom, I reminded everyone to bring the karaoke equipment, because the mic always goes missing.",single
1615,"The log file looked normal until every entry began with the same marker, <bos>, like a stamp at the front of each line. I scrolled through messages that started abruptly, as if someone had clipped off whatever came before. When I copied one entry into my notes, the marker followed it, stubborn and literal. By the end, the repeated beginning felt louder than the words that came after.",single
1615,"I opened the chat window and typed a short prompt asking for a clearer summary of the budget meeting. The reply started immediately, like someone stepping into a conversation mid-breath, and it pivoted between finance and technology without hesitation. I followed up with a question about the training program, and the next response slid into education and hiring as if it had always been the topic. The whole exchange felt like quick volleys: ask, answer, refine, repeat.",single
1615,"The invite didn’t just say “see you there”; it spelled out the venue like a set of coordinates for real life. It listed the street, the building number, and the side entrance by the bakery that stays open late. When the schedule shifted, the new location came with a different postcode and a note about parking behind the gym. I forwarded it to everyone, because the only thing worse than being late is being late on the wrong street.",single
1615,"On the bulletin board, someone had written a short message that began with a name from church and ended with a line about keeping the community steady. It mentioned Christmas services, a pastor’s talk, and a request for prayers after a rough week in the news. I stood there longer than I meant to, reading the words twice. When I walked away, the names and the calm tone stayed in my head like a hymn you can’t shake.",single
1615,"A concert listing promised an easy night out, but the address was the real detail everyone kept asking for. The organizer finally posted the exact location of the venue, including the floor and the door code after 20:00. When the afterparty moved, the new spot was named as a specific bar across town, not just “downtown.” I saved both locations, because plans always change faster than people admit.",single
1615,"The first line of the draft started with <bos>, and it felt like a file that had been reopened too many times. I deleted it, but it reappeared when I pasted in the next paragraph. The rest of the text read fine, yet that little beginning kept returning like a glitchy header. Eventually I left it in and focused on finishing the page.",single
1615,"I stared at the blank screen and tried to begin, but all I could manage was a clumsy first sentence that didn’t know where it wanted to go. I rewrote it three times, each attempt starting too formal and then wobbling into something casual. After a sip of coffee, I finally landed on a simple opening that sounded like a person, not a brochure. Once the beginning was right, the rest followed without a fight.",single
1654,"The README said the tool supported Node.js 20 and Python 3.12, but the package manager kept pulling an older build. I pinned the dependency to v2.7.4 and watched the warnings disappear. When the patch landed, the changelog called out the fix as 2.7.5, which felt oddly satisfying. By lunchtime, everything ran on the same versions across my laptop and the server.",single
1654,"The box label showed 128 GB, but the sticker on the drive said 120, and the mismatch sparked an argument at the counter. On the receipt, the clerk typed a long order number and circled the price twice. I checked the dimensions in millimeters, because the shelf space was tighter than I remembered. Numbers were everywhere, but none of them agreed.",single
1654,"My calendar entry read 16 December 2025, and the release note beside it said v1.9.0 as if the day had a companion. The email thread bounced between dates in different formats, but the meeting time stayed fixed. When the update shipped, the announcement repeated the same date and version number like a promise. I saved the message so I wouldn’t misremember which build went live.",single
1654,"On the form, the date line was simple until I reached the year, which had to match the ID exactly. I wrote 2023, hesitated, then checked the stamp again to make sure it wasn’t 2024. The rest of the date barely mattered compared to those four digits. One wrong year would have sent the whole application back.",single
1654,"The article cited a 2011 publication, then jumped to a 2019 follow-up as if eight years were nothing. I remembered the event differently, so I dug out an older report from 2008 to compare. Each year carried its own little context: who was involved, what had changed, what people believed at the time. By the end, the timeline felt like the real story.",single
1654,"I upgraded from v3.9 to v3.11 and immediately hit a warning about deprecated syntax. The library’s documentation insisted that 3.11.6 was supported, but the plugin only behaved on 3.10. I rolled back, noted the exact versions in the ticket, and moved on. It was the kind of problem where a single digit decides your afternoon.",single
1654,"The conference badge had my name and a bold 2025 printed under it, as if the year were part of my identity for the week. Every talk slide included a footer with a year, and the older the year looked, the more the room treated it like history. When someone referenced a 1997 paper, a few heads nodded with extra respect. The years weren’t decoration; they were credentials.",single
1615,"<bos> sat at the top of the draft like a stubborn stamp, and the first paragraph tried to cover everything at once, from cooking ideas to SUVs and a borrowed karaoke setup. A friend replied to my prompt in the chat, sliding from business updates into a quick note about technology training without pausing. The flyer needed the exact location, so I added the event address and the name of the shop hosting it. At the end, I included a short line mentioning a church service and a familiar religious name, because that mattered to half the group.",mixed
1615,"The page opened with <bos>, then a messy beginning that jumped straight into a recipe, a roof repair, and whether the sports eyewear would survive rain. I asked in the chat for a cleaner version, and the response answered like a prompt exchange about finance and current events. After that, I pasted in the location of the venue, complete with street and entrance details. Before sending it, I added a brief mention of a Sunday service and a Christian reference that the organizers wanted included.",mixed
1615,"I drafted a community email that started with <bos> and immediately wandered into cooking plans and who was bringing the karaoke equipment. In the chat, I asked for a tighter introduction, and the reply came back in the brisk tone of a prompt-based Q&A about business and education. I double-checked the location of the event and corrected the address after someone mixed up two streets. Right before hitting send, I slipped in a line about a church gathering and a religious name that would reassure the older members.",mixed
1615,"The document began with <bos>, and the opening tried to juggle too much, from splashbacks to SUVs to a random note about roofing quotes. I sent a prompt in the chat asking for a smoother rewrite, and the response pivoted between technology and finance like it was normal small talk. Then I added the location details for the meeting, including the café name and the corner entrance. The last sentence referenced a Christian service and a familiar religious term, because it was part of the announcement.",mixed
1615,"<bos> appeared before the first sentence, and the draft launched into an odd mix of cooking advice and reminders about the karaoke mic. I asked through the chat for a quick summary of what to keep, and the answer sounded like one of those prompt replies that touches business, education, and the day’s news. The practical part was easy: I wrote the location of the venue and the nearby parking note. The sensitive part came last, with a short mention of a church event and a religious name that the organizers insisted on.",mixed
1615,"I found a text file that started with <bos> and a hurried beginning about sports eyewear, SUVs, and a kitchen splashback measurement. To fix the tone, I typed a prompt into the chat and got a crisp response that leaned on business language and a hint of current events. The next thing was concrete: the location of the event had to be precise, so I inserted the address and the building name. The closing line nodded to a Christian gathering and used a religious name in the way the original author intended.",mixed
1615,"The first line read <bos>, and the opening paragraph rambled from cooking plans to roofing schedules to who owned the karaoke speakers. I opened a prompt-based chat and asked for a revised introduction, and the reply answered in a smooth blend of technology talk and finance updates. After that, I added the location for the event, because everyone kept asking where to show up. Finally, I copied in a short sentence about a church service and a familiar religious reference that was already on the poster.",mixed
1615,"A stray <bos> sat at the start of the message, and the beginning jumped from food prep to SUVs to a note about replacing a roof tile. I asked in the chat for a clearer rewrite, and the response treated it like a prompt, weaving in business language and education details. The announcement needed the location, so I included the exact address of the venue and the shop name hosting it. In the last breath, it mentioned a Christian service and a religious name, quiet but deliberate.",mixed
1654,"The ticket listed the meeting as 16 December 2025, and right next to it the rollout plan said v2.7.0, as if the date and the build were inseparable. Someone asked whether Python 3.12.1 was required, so I wrote the supported software versions into the thread. Another person kept mixing up the year, so I emphasized 2025 in bold where the date appeared. By the end, the timeline referenced earlier years from old publications to justify why we were changing anything now.",mixed
1654,"I wrote 03 May 2024 at the top of the notes, then added v1.8.3 beside it so I’d remember which release the discussion belonged to. The migration guide warned that the software versions mattered, down to the patch number, and I could feel my patience thinning. A teammate kept throwing numbers into the chat, from file sizes to port values, and half of them were irrelevant. When we checked the date again, the year was the piece everyone cared about, because the older years tied back to prior events and papers.",mixed
1654,"The changelog opened with v3.11.6, but the incident report started with 12 January 2023, and I had to reconcile both before writing a summary. A spreadsheet nearby was full of numbers for storage limits and user counts, none of which explained the crash on its own. I circled the year in the date, because one line said 2022 and another said 2023. In the final paragraph, I referenced earlier years from publications to show that the bug had a history, not a surprise.",mixed
1654,"On 28 February 2025 we shipped v2.0.0, and the release email insisted that the date be written in full to avoid confusion. The setup page listed software versions for the runtime, including a specific minor release that broke compatibility with an older plugin. Support tickets poured in with numbers for model sizes, memory limits, and order IDs, all mixed together. When I summarized the incident, I highlighted the year in every date and compared it to earlier years tied to past events and reports.",mixed
1654,"The agenda said 16/12/2025 in one place and 16 December 2025 in another, so I rewrote it consistently and attached v1.9.0 to the correct line. The engineer on call asked which software versions were allowed and whether the toolchain supported the latest patch. People kept quoting numbers from dashboards, from response times to customer counts, and it blurred the real issue. I ended the note by pointing to prior years in the literature and older event logs, because the pattern had shown up before.",mixed
1654,"I pinned the dependency to v2.7.5, then added a note dated 07 April 2024 so I could track when the change happened. The documentation compared software versions across environments, and one outdated runtime was the reason the build kept failing. In the same thread, someone pasted a block of numbers for sizes and IDs that had nothing to do with the fix. When I cleaned it up, I made the year in each date explicit and cited earlier years from publications that first described the issue.",mixed
1654,"The report began with 01 March 2023 and the line “v1.4.2 deployed,” which was enough to make me nervous about mismatched versions. I checked the software versions on the server and found a different minor release than what the notes claimed. A separate section listed numbers for disk usage and request volume, but the only number that mattered was the year in the date stamps. In the conclusion, I referenced earlier years tied to older events and a couple of well-known papers to show how long the problem had been brewing.",mixed
1817,"The note on the fridge just read “ETA 6pm,” and nobody else in the house knew what it meant. At work, the chat filled with “FYI” and “BRB” while the meeting dragged on. He kept a sticky note of quick shortcuts like “ASAP” so he wouldn’t have to type full sentences on his phone. When his sister texted “IDK,” he replied with an even shorter “OK.” Later, he laughed at how a few three-letter chunks could carry so much tone.",single
1817,"She labeled the folders “HR,” “IT,” and “PR” so the cabinet looked tidy and obvious. In the email thread, someone wrote “TL;DR,” and the rest of the group jumped straight to the last line. He muttered “DIY” under his breath while staring at the half-built shelf. The doctor’s report mentioned “MRI,” and the room went quiet for a second. By the end of the day, he felt like he’d spoken in code more than in words.",single
1817,"On the flight board, “LAX” blinked next to a delayed departure and people groaned in unison. He scanned the event schedule where “VIP” seats were roped off near the stage. A friend warned him with a quick “PSA” in the group chat, and it spread faster than the original rumor. The package tracking page flashed “OOS,” which explained why his order hadn’t moved. He started to notice those tight little abbreviations everywhere he looked.",single
1817,"Maya arrived early and wrote her name on a paper cup with a thick marker. The barista still called out “Maria,” and Maya smiled anyway as she grabbed it. In the lobby, she introduced herself again, careful to say it slowly the second time. Later, she signed the attendance sheet with the neat letters she’d practiced as a kid. By afternoon, hearing “Maya” spoken correctly felt like a small win.",single
1817,"Ethan kept getting stopped because people wanted to confirm his name for the badge printer. He spelled it out, then watched the volunteer nod and type. At the table, someone shouted “Evan,” and he hesitated before realizing it wasn’t for him. When his teammate finally said “Ethan” with confidence, the tension in his shoulders eased. He didn’t mind repeating it; he just wanted it to land right.",single
1817,"Ava’s phone lit up with messages where everyone greeted her by name. She read “Ava, can you review this?” and felt instantly singled out in the best way. At the clinic, the nurse called “Ava” and she stood up before her brain caught up. Her grandmother still used a longer nickname, but Ava preferred the short version. That evening, seeing “Ava” printed on the delivery receipt made her laugh for no reason.",single
1817,"Daniel showed up to the reunion and realized half the room remembered his face but not his name. One person snapped their fingers and finally said “Daniel,” and it broke the awkwardness. He spent the night repeating names back to people so he wouldn’t lose them again. When he left, he’d saved three new contacts, each labeled with a first name and a tiny detail. On the walk home, he tested himself out loud: “Nina, Mark, Daniel.”",single
1817,"Sofia introduced her brother with pride, then watched him disappear into a crowd of strangers. People called “Sofia!” from across the courtyard, and she waved without even looking. At the counter, the clerk asked for her first name and she answered as if it were the simplest thing in the world. A minute later, she heard someone else say “Sofia” and turned, only to realize it wasn’t her. She left thinking about how one name can belong to many lives at once.",single
1817,"Liam signed the lease and watched his name get copied onto three different forms. The agent said “Liam” like they’d known him for years, and it made the room feel warmer. At the mailbox wall, he slid open a slot labeled with his first name and felt oddly official. Later, his friend teased him for choosing a plain name, and Liam shrugged. Plain or not, it carried him through the day like a key.",single
1817,"Dr. Chen walked into the conference room and the chatter settled into polite attention. Someone mispronounced his surname during introductions, and he corrected it with a quick smile. On the program, his full name sat above the title of his talk in bold print. Afterward, a student approached and asked for a photo, repeating “Dr. Chen” like it mattered. He went back to his hotel feeling both visible and tired.",single
1817,"Maria Ortega kept her coat on because the meeting room was freezing. The moderator read her name off a list and Maria raised her hand without looking up. At lunch, a colleague used her full name, and it sounded formal compared to the casual chatter around them. When her phone rang, the screen showed “Ortega,” and she stepped outside to answer. She returned to the table thinking about how names change shape depending on who says them.",single
1817,"Mr. Johnson’s signature filled the bottom of the document with heavy loops. The clerk glanced at his ID and repeated his last name to confirm it matched. In the hallway, someone called “Johnson!” and three people turned at once. He gave a small nod anyway, used to sharing a common name. By the time he left, he’d heard his name spoken in five different tones.",single
1817,"Noah met a man named Pavel at the station, then immediately forgot the name the moment they started walking. He tried to anchor it by repeating it in his head: “Pavel, Pavel, Pavel.” At the café, Pavel ordered first, and Noah caught the name again when the cashier wrote it on a receipt. They talked for an hour, and Noah finally relaxed as the name stuck. When they shook hands goodbye, he said “Pavel” with confidence.",single
1817,"Olivia listened carefully as the tour guide introduced the mayor and two donors. She caught the titles but missed the names, and it bothered her more than she expected. During photos, someone said “Olivia, stand here,” and she stepped into place automatically. She wrote down the people’s names in her notebook so she could thank them properly later. That night, she practiced the list once more before sending her emails.",single
1817,"Sara booked the tickets and stared at the confirmation page where her name appeared in all caps. The airline agent asked for “Sara” and she replied without thinking. At baggage drop, another agent asked again, and she repeated it with a patient smile. She realized she’d spoken her own name more times than she’d spoken any other word that morning. When she finally sat down, she felt like she’d earned the quiet.",single
1817,"Jules packed a small suitcase for the trip to Oslo and checked the address twice. The host in Bergen sent a message that began with “Jules,” and it felt welcoming right away. At the station, a stranger asked if the seat to Oslo was taken, and Jules nodded politely. Later, the hotel clerk pointed to a map and circled Bergen with a pen. By nightfall, the names on signs felt familiar enough to trust.",single
1817,"Amira met Tomas outside a museum in Paris, where the line curled past the stone steps. Tomas pointed to the poster and pronounced the artist’s name with dramatic flair. Inside, a guard directed them toward the “Paris” exhibit as if the city itself were an object behind glass. Amira whispered Tomas’s name again to make sure she remembered it. When they left, the streetlights made Paris look like a name you could hold.",single
1817,"Caleb followed a set of directions that ended with “Turn left at Sofia Square.” He paused, because he also knew a Sofia from work and the overlap made him grin. A taxi driver asked where he was headed, and Caleb answered with a place name that sounded like a person. At the corner, the street sign confirmed it in clean white letters. He took a photo, half as proof and half because the name amused him.",single
1817,"The planner read “FAQ” at the top of the booklet while Ava tried to find her seat. Dr. Chen waved from the front row, and Ava mouthed his name as she moved closer. A volunteer checked badges and called out “Ethan” and “Maya” in quick succession. The screen behind the podium flashed “ETA 10:00,” and a few people chuckled at the shorthand. By the end of the session, Oslo was mentioned as the next host city, and the room buzzed with travel talk.",mixed
1817,"Liam opened the group chat to a flood of “FYI” messages about a meeting that had moved earlier. Maria Ortega sent a calm note, signing her full name like a stamp of authority. In the hallway, someone called “Sofia,” and two different people answered at once. The agenda listed Bergen as the off-site location, and Liam realized he’d never seen the city in person. Afterward, Dr. Chen joked that the schedule was all acronyms and first names, which somehow made it feel friendlier.",mixed
1817,"A paper sign on the door said “BRB,” taped there by someone in a hurry. Maya and Daniel waited anyway, listening as the receptionist tried to pronounce Ortega and Johnson correctly. The visitor badge printer spit out “Ava” in bold letters, while a separate label read “Paris Office” for the shipment on the counter. A coworker muttered “ASAP” into the phone, pacing in tight circles. When Dr. Chen finally arrived, he apologized with a grin and the tension lifted.",mixed
1817,"The flight attendant announced “LAX” and Noah checked his boarding pass again just to be sure. At the gate, a man named Pavel introduced himself and asked if Noah was headed to Oslo too. A family nearby called out “Olivia” as if the name were a tether in the crowd. The screen flashed “ETA 20 min,” and people groaned with practiced patience. When the line moved, Noah repeated “Pavel” under his breath so he wouldn’t lose it.",mixed
1817,"Sara filled out the registration form and hesitated at the line that asked for first name only. Mr. Johnson signed next to her, and his name took up half the box. The event map marked “Bergen Hall” in the center and “Oslo Wing” on the left, as if the building had borrowed cities. Someone slid a note across the table that began with “FYI,” followed by a string of tiny abbreviations. When Sofia stepped up to the mic, Sara felt relieved to hear at least one clear name in the room.",mixed
1817,"Ava texted “IDK” when Ethan asked which entrance to use, then immediately regretted being vague. Outside, the banner read “VIP” and Dr. Chen laughed at how serious it made the lobby feel. Olivia introduced herself to Maria, then turned to shake hands with Tomas and nearly forgot his name mid-gesture. Across the street, a sign pointed toward Paris Avenue, which sounded like a destination even if it was just two blocks long. By the time they got inside, everyone was repeating names like they were passwords.",mixed
1817,"Daniel tried to keep track of who was who as the introductions rolled on. Maya sat beside him, whispering quick “FYI” updates whenever the speaker jumped ahead. The program listed Oslo as the next stop on the tour, right under a photo of the venue. Dr. Chen’s name appeared in bold at the top, while a smaller line credited Maria Ortega for organizing the session. When the moderator thanked Sofia by her first name, Daniel finally felt like the room had turned human.",mixed
1817,"The message board in the lobby showed “ASAP” in red letters above a list of maintenance tasks. Liam asked the front desk if the package for Bergen had arrived, and the clerk nodded toward a stack of boxes. A woman in line introduced herself as Ava, then turned and greeted Dr. Chen as if he were an old friend. Someone nearby called “Johnson,” and three heads lifted in reflex. On the way out, Liam spotted “FAQ” taped to a bulletin and wondered who kept labeling everything like that.",mixed
1817,"Noah walked into the café and heard his name spoken with a question mark at the end. The barista had written “Noah” on the cup, while the receipt for the catering order said “Paris Branch.” At the corner table, Sofia and Maya argued softly about whether “FYI” sounded passive-aggressive. A man in a suit introduced himself as Mr. Johnson, then offered a handshake that felt formal in the cozy room. When Dr. Chen arrived late, he joked about his “ETA” and everyone laughed like it was a shared language.",mixed
1817,"A volunteer handed out stickers and asked for first names only, so Sara watched a row of “Liam,” “Ava,” and “Maya” appear like small flags. Across the hallway, a sign for Oslo Auditorium pointed the way with an arrow. Maria Ortega approached the podium and thanked Dr. Chen by name before starting. Someone in the back scribbled “FYI” on a note and passed it forward, adding an extra layer of secretive energy. After the applause, Sara overheard people swapping place names like Bergen and Paris as if they were old friends.",mixed
1817,"Ethan checked the schedule and saw “ETA 14:30” next to the keynote, which made him roll his eyes. Olivia introduced Tomas to Dr. Chen, and the mix of first names and titles felt oddly balanced. The shipping label on the display table read “Bergen,” while a poster on the wall advertised a trip to Oslo. A nearby conversation drifted into acronyms—“VIP,” “FYI,” and “IDK”—until it sounded like static. When the host called “Maya” to the stage, the room snapped back into focus.",mixed
1817,"Maya stood under the street sign for Paris Road, waiting for Noah to show up. He arrived breathless and apologized with a quick “BRB” joke about his disappearing act. Inside the building, a receptionist greeted Dr. Chen and then asked for Sara’s first name for the visitor log. Mr. Johnson leaned over and pointed at a folder labeled “HR,” as if it explained everything. Later, the group planned a detour to Oslo, and Maya realized she liked how names could be both people and places.",mixed
1817,"Ava glanced at the checklist and saw “DIY” scribbled next to the decorations, which felt like a warning. Liam was already there, arguing with Ethan about whether “ASAP” belonged on a polite invitation. Maria Ortega arrived with a tote bag that had “Bergen” printed on it, and she mentioned flying through Oslo last week. Dr. Chen shook hands with Mr. Johnson while Sofia tried to herd everyone toward the right room. When the talk finally started, Ava felt like she’d attended two events: one of names and one of acronyms.",mixed
1817,"The itinerary listed Oslo, then Bergen, then a final stop in Paris, and Daniel traced the route with his finger. At the welcome desk, the volunteer asked for his first name and printed “Daniel” on a badge without blinking. Nearby, someone whispered “FYI” about a change, and the rumor traveled faster than the announcement. Dr. Chen introduced Maria Ortega with careful pronunciation, which earned a grateful smile. As people filed in, Daniel heard “Maya” and “Ava” called out like cues in a play.",mixed
1817,"Noah and Pavel sat in the back row, trading quiet observations in the pauses. The presenter’s slides used abbreviations like “MRI” and “FAQ,” and the audience nodded as if it were obvious. Up front, Dr. Chen thanked Sofia for arranging the venue in Bergen and joked about his late “ETA.” A woman named Olivia leaned over to ask Noah a question, then apologized when she realized she’d mixed up his name. Afterward, everyone spilled into the hall where Oslo was already being discussed as the next gathering point.",mixed
1817,"Sara looked at the seating chart and saw names pinned to tables like tiny anchors. One card said “Mr. Johnson,” while another just said “Ava,” and the contrast made her smile. A sign by the door read “VIP,” and someone else had taped “FYI” underneath it as a prank. Across the room, Maria Ortega talked about a trip to Paris, pointing at a photo on her phone. When Dr. Chen wrapped up, he mentioned Oslo and Bergen in the same breath, and the crowd surged toward him with questions.",mixed
3307,"On Monday she woke up earlier than usual and stared at the ceiling for a full minute. The coffee tasted stronger than it needed to be, like the day wanted her attention. By lunchtime, Monday already felt like it had its own weight and personality. She checked her calendar twice, just to be sure it really was Monday. When she finally got home, she promised herself Tuesday would be kinder.",single
3307,"Friday arrived with a lighter step, and even the bus seemed less crowded. He wore his favorite shirt because Friday felt like permission to relax. At work, people spoke faster, as if everyone wanted to be done by Friday afternoon. He bought a pastry on the way home, a small ritual reserved for Fridays. Later, he fell asleep thinking about how different Friday sounds from any other day.",single
3307,"Sunday morning was quiet enough to hear the radiator click. She took a slow walk and let Sunday stretch out without forcing it into a plan. The grocery store was full of people moving gently, like they were trying not to break Sunday. In the afternoon, she called her parents because Sunday made conversations feel easier. When evening came, Sunday carried a faint hint of goodbye.",single
3307,"He kept saying “weekend” like it was a destination rather than two days. On Thursday night, the word “weekend” felt close enough to touch. He told his friend they could meet “this weekend,” and the phrase softened his voice. By Saturday, “weekend” meant laundry, errands, and a movie that started too late. On Sunday, “weekend” shrank to a few remaining hours he tried to hold onto.",single
3307,"The office felt different once the word “week” appeared on the project board. She wrote “next week” on a sticky note and stuck it to her laptop as a warning. Someone asked about “the weekend,” and the room brightened for a moment. By late afternoon, she heard “week” in every sentence and started to lose track of what day it was. When she left, she was already planning how to survive the coming week.",single
3307,"He promised to call in the morning, and then overslept by an hour. The morning sun had shifted across the floor, turning the delay into something visible. In the morning, his thoughts were slow and honest, like they hadn’t learned to perform yet. He finally texted an apology and blamed the morning traffic even though he never left his apartment. By the next morning, he’d forgiven himself and moved on.",single
3307,"Tuesday afternoon dragged, the kind that makes time feel thick. In the afternoon, she stared at her inbox and wondered how it could refill so quickly. The afternoon meeting ran long and left everyone hungry and irritable. She stepped outside for five minutes, just to reset the afternoon in her mind. When evening finally arrived, it felt like a door opening.",single
3307,"He always had more energy at night, even after a long day. At night the city sounded softer, like the cars were whispering. He washed the dishes at night because it made the kitchen feel calm and final. A friend called at night to share good news, and the joy landed differently in the darkness. He went to bed late, grateful for the quiet of night.",single
3307,"Wednesday showed up in the middle of everything, neither fresh nor finished. She called it “Wednesday mood,” a kind of steady grind. On Wednesday, the gym was less crowded and her run felt smoother. She glanced at the forecast and realized Wednesday was the only dry day all week. By Wednesday evening, she could see the weekend from a distance.",single
3307,"Saturday morning came with a small thrill, even though there were chores waiting. He made pancakes on Saturday and let the kitchen get messy. In the afternoon, he biked by the waterfront and watched families set up picnics. Saturday night ended with a movie he’d been saving for the weekend. By Sunday, he felt the familiar pressure of the week returning.",single
3307,"They kept arguing about whether Sunday counts as part of the weekend or as its own thing. On Sunday morning, the café was full of people reading quietly. She spent Sunday afternoon prepping meals so the week wouldn’t feel so chaotic. By Sunday evening, she laid out her clothes like she was bracing for impact. When Monday arrived, the weekend already felt far away.",single
3307,"The night shift started on Thursday, which made the schedule feel upside down. He slept through the morning and woke in the late afternoon, disoriented and hungry. By night, he was fully awake, sipping tea and watching the city lights. He marked “Thursday night” in his planner so he wouldn’t forget the pattern. When Friday morning came, it felt like he’d lived two separate days.",single
3307,"Every evening she took the same walk, no matter how the day had gone. The evening air made her shoulders drop, as if it carried a signal to relax. She liked how evening conversations were slower and less guarded. In the evening, she planned the next day with a calm she never had in the morning. By late evening, the street outside went quiet and she finally felt alone.",single
3307,"He tracked his habits by week, not by day, because it felt more forgiving. Each week he aimed for three workouts and one long call with his sister. When a week went badly, he told himself the next week could restart everything. By the end of the week, he reviewed his notes and circled what he wanted to keep. Then he closed the notebook and let the weekend begin.",single
3307,"Monday morning started with a missed alarm and a rushed shower. By midday, it still felt like Monday, heavy and unfinished. In the afternoon, he promised himself he would leave on time, but the tasks kept multiplying. Monday evening arrived with tired eyes and a quiet dinner. Before bed, he whispered that Tuesday would be different, even if he didn’t believe it yet.",mixed
3307,"On Tuesday she booked a table for the weekend, then realized she’d double-booked her Saturday. Wednesday afternoon was swallowed by a meeting that ran long, and she didn’t notice the sun setting. By Thursday night, she was messaging friends about plans and trying to sound more cheerful than she felt. Friday morning brought a burst of energy and a clean inbox for once. When Sunday evening rolled in, she packed her bag for the week ahead and let the quiet settle.",mixed
3307,"He wrote “next week” at the top of a list on Monday, like a threat he could control. Tuesday morning, he started strong, but by the afternoon he was already bargaining with himself. On Wednesday night he went for a run, letting the darkness cool his frustration. By Friday, the word “weekend” made him smile every time it appeared in a message. Saturday arrived loud and bright, and he finally stopped counting hours.",mixed
3307,"Sunday morning felt slow, but he kept glancing at the clock anyway. In the afternoon, he cleaned the apartment while thinking about the week that was about to start. Monday came quickly, and by Monday night he was already tired of hearing the word “Monday.” On Thursday, someone asked if he was free this weekend, and he laughed at the optimism. Friday evening he shut his laptop and let the night stretch out.",mixed
3307,"On Wednesday she scheduled a call for Friday morning, then forgot and nearly missed it. The afternoon slipped away while she tried to finish a task she’d promised would take ten minutes. Thursday night she lay awake, replaying the week like a bad song. By Saturday morning, she was out the door with coffee, determined to salvage the weekend. Sunday evening she finally sat down and planned the week ahead with a steadier hand.",mixed
3307,"He liked Monday morning because it forced him into motion, even when he didn’t want to move. By Tuesday afternoon, the momentum faded and everything felt slower. Wednesday night he met a friend for a late snack, and the conversation made time feel generous again. On Friday, people kept saying “weekend” with that familiar brightness in their voices. Saturday afternoon he took a long walk and tried not to think about the week waiting behind Sunday.",mixed
3307,"Tuesday started with rain in the morning, so she stayed in and worked quietly. By the afternoon, the clouds broke and she felt bold enough to plan the weekend. Thursday night she confirmed reservations and set an early alarm for Friday. Friday morning she woke up on time for once and felt absurdly proud. On Sunday, she took a nap in the afternoon and woke to evening light that made the apartment look softer.",mixed
3307,"On Monday he promised himself he’d stop working late, but the week ignored his promise. Wednesday afternoon brought a surprise deadline that swallowed his plans. Thursday night he stared at the calendar and counted how far Friday still was. When Friday morning finally arrived, he celebrated with a walk in the cold air. By the weekend, he forgot the deadline existed until Sunday evening reminded him.",mixed
3307,"She always felt most awake at night, which made Monday mornings a private battle. By Tuesday afternoon, she was running on coffee and stubbornness. On Wednesday she started talking about the weekend as if saying it could make it appear. Thursday night she stayed up too late, scrolling and listening to the city outside. Friday evening she met friends, and the week finally loosened its grip.",mixed
3307,"Saturday afternoon was loud with traffic and laughter, and he stayed out longer than planned. Sunday morning he woke up late and declared the weekend a success anyway. By Sunday evening, he was ironing a shirt and thinking about the week ahead. On Monday afternoon, the office felt too bright and too busy. Wednesday night he fell asleep early, already dreaming of another weekend.",mixed
3307,"On Thursday she told everyone she was free this weekend, then watched her Friday fill up with meetings. Friday morning started with a cheerful mood that didn’t last past the afternoon. At night she cooked something slow, letting the kitchen timer mark time for her. Saturday arrived with errands, and she tried to treat them like a break. Sunday evening she sat on the couch and felt the week approaching like footsteps in a hallway.",mixed
3307,"Monday morning brought a fresh notebook and a plan for the week, but the ink barely dried before things changed. Tuesday afternoon she found herself saying “next week” to avoid making decisions. Wednesday she took a long lunch and felt the center of the week stabilize. Friday night she went out and stayed later than usual, enjoying how night makes promises feel softer. On Sunday she woke in the morning, remembered it was the weekend, and let herself do nothing for once.",mixed
3307,"He marked Wednesday on the calendar because it split the week in half, which felt comforting. On Monday afternoon, the office buzzed with anxious energy, but he kept his head down. Thursday night he talked with his sister about their weekend plans and heard himself sounding hopeful. Friday morning he left early and watched the city brighten as he walked. By Sunday evening, he was back at his desk, preparing for the week like he hadn’t just escaped it.",mixed
3307,"Tuesday morning she rushed out the door and forgot her lunch on the counter. In the afternoon, a coworker asked about the weekend, and she surprised herself by having an answer. Wednesday night she went to the gym and stayed until it was nearly empty. On Friday, she checked the date twice, relieved to see the week finally thinning out. Sunday afternoon she sat by the window, watching the light fade toward evening.",mixed
3307,"On Sunday he swore he’d start the week organized, but Monday arrived with chaos anyway. Monday night he stayed up late, trying to catch up on what he’d missed. By Tuesday afternoon, he’d found a rhythm again, small and steady. Thursday night he heard someone mention “weekend” and felt his mood lift without permission. Saturday morning he woke early, enjoying the weekend before it could slip away.",mixed
3429,"I kept chopping onions while the pasta water climbed toward a boil, and the kitchen timer ticked in the background. At the same moment, my phone buzzed with a message that made me laugh out loud. The sauce thickened as I stirred, and I noticed how everything seemed to happen at once. When the timer finally rang, it felt like the whole room snapped into sync.",single
3429,"She answered emails while the washing machine sloshed in the next room, half listening for the spin cycle to change. The call with her teammate stayed open as she scrolled through notes, talking and typing at the same time. A notification popped up right as she hit send, and she corrected herself mid-sentence. By the time the laundry beeped, the conversation had already moved on.",single
3429,"During the warm-up jog, he adjusted his watch and tried to match his breathing to the steady rhythm of his steps. At the same time, the coach called out split times, and the group responded in short bursts. He heard his own pace and the chatter together, like overlapping tracks. When the whistle blew, he was already moving.",single
3429,"I waited in the hallway while the meeting continued inside, watching the thin strip of light under the door. The coffee in my hand cooled as voices rose and fell on the other side. Every few minutes someone walked past, and I pretended to check my phone again. When they finally waved me in, I felt like I had been paused and released.",single
3429,"She stood in line for a ticket while the rain started and stopped in short fits. The bus pulled up, but the driver spent a while fixing something near the front, and nobody moved. People shifted their bags and stared ahead, filling the waiting with small, quiet motions. When the doors opened, the line suddenly remembered how to flow.",single
3429,"He kept the video buffering on his laptop while he washed dishes, glancing over whenever the loading circle changed. The faucet ran, the plates clinked, and the progress bar crept forward without urgency. Each time it stalled, he dried his hands and tapped the trackpad with mild annoyance. The moment it finally played, he was still standing at the sink.",single
3429,"If the clock hit seven and the gym was still open, she promised herself she would go, no matter how tired she felt. She watched the minute hand approach, bargaining with the quiet part of her mind. At 6:59 she put on her shoes, and at 7:00 she grabbed her keys. The decision felt conditional, but the moment made it real.",single
3429,"He told his friend he would stay as long as the weather held, and they both kept looking at the sky for proof. When the first gust turned sharp, he tightened his jacket and checked the forecast again. If the temperature dropped another degree, he said, they would call it. The choice kept shifting with the time and the air.",single
3429,"When the deadline reached midnight, the portal would close, and she treated that hour like a wall. She kept saving her draft every few minutes, afraid of losing it right at the end. If the upload failed, she planned to email the file immediately, timestamp and all. At 11:58 she hit submit and didn’t breathe until it confirmed.",single
3429,"He stretched his hamstring while the smartwatch counted down a rest interval, and the trainer reminded him to hydrate. The ache eased over a few seconds, and he timed his breathing to it. At the same time, the match on the TV showed a replay in slow motion, making the pause feel longer. When the timer ended, he stood up carefully and resumed.",single
3429,"The screen flickered during the livestream, and she noticed the lag grow worse as her headache set in. She lowered the brightness and waited for the buffering to catch up, hoping the strain would ease. Meanwhile, the game clock kept running, and the commentators talked through the delay. By the time the picture stabilized, she realized how much time had slipped.",single
3429,"On the last lap, his lungs burned, but he held the pace while the scoreboard updated in real time. The crowd roared in waves, and he tried to stay smooth through the curve. At the same moment he crossed the line, his watch vibrated with the final split. He bent over, letting the seconds settle into meaning.",single
3429,"The thunder started while she was on the phone, and the two sounds overlapped in an odd duet. She watched the trees sway and listened to her sister explain the problem, both threads tugging at her attention. A flash lit the room right as the kettle clicked off. For a while, everything happened together, and then it didn’t.",single
3429,"He tried to pack quickly while the taxi app searched for a driver, and the seconds felt louder than usual. The suitcase zipper caught, his ringtone started, and the elevator dinged all at once. He answered the call while pulling on his coat, moving through tasks that collided. When he stepped outside, the car was already there.",single
3429,"At the concert, the singer held a note while the crowd clapped in rhythm, and the lighting shifted from blue to white. She recorded a short clip, then lowered her phone to actually watch, timing it with the chorus. In the same instant, her friend shouted her name and pointed toward the stage. The moment felt layered, like several events sharing one breath.",single
3429,"I started the sourdough while the dishwasher hummed, and I checked the starter’s bubbles between other chores. The dough rested as I folded laundry, and I kept an eye on the clock for the next stretch-and-fold. While it rose, I waited for the oven to preheat and for a message from a friend. By the time I baked it, the afternoon had been a sequence of overlapping timers.",mixed
3429,"She sat in the clinic lobby scrolling a sports score, waiting for her name to be called while the appointment ran late. When the nurse finally appeared, it was exactly the time she’d promised herself she would leave if nothing happened. Her phone tried to update an app in the background, and the progress wheel spun as the scoreboard refreshed. She walked down the hallway at the same pace the match clock advanced, feeling two timelines running together.",mixed
3429,"During practice, he jogged drills while his watch tracked intervals, and he kept glancing at the display between sprints. The coach made them hold a plank until the whistle, so everyone waited through shaking arms and shallow breaths. If the pain in his knee returned before the next set, he planned to stop and ice it immediately. At the end, the team reviewed a slow-loading video clip on a tablet, all of them talking over the replay as the seconds continued.",mixed
3429,"I stood by the gate with a boarding pass in my hand, waiting while the plane was cleaned and the line barely moved. A group nearby argued about time zones, and their conversation overlapped with the announcements that kept repeating. If the delay crossed another hour, I would cancel and take the train instead, so I watched the departure time like it could change by sheer attention. My phone buffered a news clip about a health study while I paced, and when boarding finally began, it felt like everything resumed at once.",mixed
3429,"She cooked dinner while a call with her friend stayed open, both of them talking through the clatter of pans. The rice needed ten minutes, so she waited by the stove, checking it between chopping vegetables. If the oven reached the right temperature before the sauce finished, she would swap the trays early and adjust the timing on the fly. A sports highlight played on the kitchen tablet with occasional lag, and the final buzzer sounded right as the timer rang.",mixed
3429,"He tried to finish a report while the router restarted, and the spinning icon on his screen made every second feel longer. The update would complete only after midnight, so he decided that if the download wasn’t done by then, he’d postpone the meeting and sleep. While he waited, he did push-ups during the countdown, letting the minutes pass through motion. When the connection finally returned, three notifications arrived at once and he had to untangle what happened when.",mixed
3429,"At the train station, she watched the departure board change while she waited in place with a paper cup of tea. A runner on the platform stretched and checked his pulse, and the two of them shared the same cold air without speaking. If the next announcement said “cancelled,” she planned to call a friend for a ride immediately. Her phone played a short clip about screen-time health advice, and it finished exactly as the train rolled in.",mixed
3429,"He worked on a home repair while a podcast played, and his hands kept moving even when his attention drifted to the story. The glue needed to set for fifteen minutes, so he waited with the part held in place, counting time under his breath. If it slipped before the timer ended, he would start over rather than risk a weak bond. In the background, a game replay loaded slowly on the TV, and the commentary arrived a fraction late, making the room feel slightly out of sync.",mixed
3429,"She studied in the library while a friend texted updates from a match, the messages arriving between paragraphs. The printer line crept forward, so she waited with her papers ready, listening to the soft whir of machines. If her headache got worse during the next hour, she planned to leave and take a walk outside. When the print job finally started, the scoreboard pinged again at the exact moment the pages slid out.",mixed
3429,"He tried to fall asleep while the neighbor’s music pulsed through the wall, each beat marking time he couldn’t get back. The silence between songs felt like waiting for permission to rest. If the noise continued past midnight, he would go downstairs and ask politely, rehearsing the words in his head. On his phone, a live stream of a late game stuttered and paused, and the buffering matched his own restless pauses.",mixed
3429,"During the hike, they walked and talked at the same time, matching steps to a steady rhythm of breath. At a narrow bridge they waited for another group to cross, standing still while the river kept moving below. If the clouds thickened before they reached the ridge, they agreed to turn around early. One of them checked a health app for altitude stats, and the screen refreshed as they started moving again, with the world returning to motion all at once.",mixed
3429,"She edited a short video on her laptop while laundry tumbled, and she timed cuts to the beat she could hear through the headphones. The export bar crawled, so she waited by making tea and watching the clock. If it wasn’t finished by the time her friend arrived, she would send the raw file and apologize later. In the background, a sports clip loaded in low resolution and sharpened gradually, and it snapped into clarity right as the dryer beeped.",mixed
3429,"He sat in the waiting room after the scan, listening for his name while trying not to think about the results. The pamphlet on the table talked about health risks over long durations, and the words made the minutes feel heavier. If the doctor didn’t come in before the next hour, he told himself he would ask the receptionist what was happening. His phone updated in the background, and the progress completed at the same instant the door opened.",mixed
3429,"At the café, she held a conversation while paying attention to the barista calling orders, two streams of sound crossing in her head. The machine behind the counter hissed and clicked, and she waited for her drink while still talking. If the meeting ran too long, she planned to leave exactly at the time she’d promised herself. When her cup arrived, her friend finished a sentence at the same moment, and the overlap felt oddly satisfying.",mixed
3429,"He coached youth practice with a whistle in his mouth and a stopwatch in his hand, running drills while giving instructions. Between sets, the kids waited in a loose line, bouncing on their toes as the seconds passed. If anyone looked dizzy from the heat, he would stop immediately and have them drink water. A parent recorded video on a phone that lagged for a moment, and the cheer at the end came slightly delayed, like time had shifted.",mixed
3429,"I listened to a lecture while cooking, the professor’s voice overlapping with the sizzle of oil. The recipe asked for a five-minute simmer, so I waited by the pot and watched the clock, stirring whenever it felt right. If the call from my teammate came during that window, I planned to answer and keep stirring anyway. Later, I watched a replay of a match that kept buffering, and the delayed image made the evening feel stretched and layered.",mixed
4356,"I opened a website to compare opinions about a new washer, and the page loaded with crisp high-definition photos. A chart showed water usage and cycle times, and I stared at the bars longer than I expected. Someone in the comments argued about which model was best, and the debate felt strangely personal. After a while, I closed the tab and still remembered the glossy images.",single
4356,"The highway lanes blurred outside the window as he talked about how the world looked in high definition on his new screen. He pulled up a chart on his phone to prove a point, even though nobody asked for data. The conversation drifted into big claims about life and what matters, then snapped back to the practical question of which washer could handle heavy blankets. By the next exit, the topic had changed again, but the chart stayed open.",single
4356,"She posted a short opinion piece on her website and embedded a chart that looked sharper than everything else on the page. The images were so high definition that you could see scratches in the metal of the washing machine she photographed. In the comments, someone complained about the “lanes” in the chart being confusing, as if it were a road map. She edited the caption and tried to ignore how quickly strangers formed loud conclusions.",single
4356,"The software update promised the latest version, but the install ended with a blunt error message. He searched online and found an article that claimed the fix was simple, though the steps didn’t match his screen. After restarting twice, he read the comments and realized other people had the same problem that week. He rolled back the update and decided to wait for the next patch.",single
4356,"She bookmarked an online article about a bug that appeared after the newest release, then forgot about it until the error popped up on her own laptop. The help page suggested updating again, which felt like being told to walk into the same wall twice. She checked the version number, sighed, and copied the log into a forum post. By morning, the article had been updated with a different workaround.",single
4356,"He installed the latest driver because the website insisted it would improve performance, and immediately his program started crashing. The error code was long enough to feel like a joke. He skimmed three online articles, each confident and each contradictory. In the end he fixed it by undoing the update and leaving everything alone.",single
4356,"They met at a small co-working space to talk about the beginning of a new venture, keeping their voices low like the idea might break. The first connection was simple: one person had a skill, the other had a network. They wrote a name on a napkin and stared at it, trying to picture the next six months. When they shook hands, it felt like a start that needed protecting.",single
4356,"He sent a message to an old classmate he hadn’t spoken to in years, and the reconnection felt awkward at first. Within a few replies, they were talking about launching something together and how it might change their routines. The beginning was not dramatic, just a quiet agreement to try. By the end of the week they had a shared document titled “New Project.”",single
4356,"She moved to a new city and made a point of saying yes to invitations, hoping connections would form naturally. On the first weekend she attended a meetup and ended up talking with someone who also wanted to start a small business. They walked home discussing what a beginning should look like when nobody is watching. The next day she signed up for a domain name and felt the venture become real.",single
4356,"The listing read like a catalog entry, full of specifications and a bracketed name that looked copied from a label. It mentioned a location in parentheses and a serial number that made it feel official. He wondered if the description was meant to reassure buyers or simply avoid questions. After reading it twice, he still couldn’t tell if the item had been used once or a hundred times.",single
4356,"She compared two products side by side, each with a neat block of text and a bracketed model name. One description included a location tag and a list of dimensions that sounded precise but unhelpful. The other had a single sentence that felt honest, even without the specifications. She chose the simpler one and hoped she wouldn’t regret it.",single
4356,"He found an item described with the kind of detail you see in manuals: wattage, capacity, and a bracketed identifier. The seller added a short note about where it was stored and included a code that looked like it belonged on a shipping label. It was strangely impersonal for something meant to be bought by another person. He messaged anyway, asking if it actually worked.",single
4356,"She logged into her personal account and noticed the location setting had changed without warning. While editing her profile, the page froze and then refreshed, as if the session had been interrupted. A small number appeared next to a notification icon, and she clicked it like it might explain everything. After she saved the changes, she still felt uneasy about what had been suspended and resumed.",single
4356,"He tried to edit a document tied to his account, but a pop-up said the action was temporarily disabled. The interruption was brief, yet it broke his concentration in a way he couldn’t recover from. He checked the location stamp on the file history and saw numbers he didn’t recognize. For a minute, he wondered if someone else had been in his workspace.",single
4356,"The dashboard showed her account status with a row of numbers and a note that access was suspended pending verification. She updated her location details and edited a typo in her name, hoping that would be enough. The system logged her out mid-change, and she had to start again from the beginning. When it finally accepted the form, the silence felt louder than the warning.",single
4356,"He opened a website to read opinions about a washer, and the high-definition photos made every scratch look dramatic. Halfway down the page, a chart compared cycle times, and he noticed the “lanes” of colored bars looked like traffic. When the page suggested a software update to view the latest specs, he clicked and got an error that kicked him back to the top. He signed into his account, edited his location for delivery, and saw a number next to a message about the order being temporarily suspended.",mixed
4356,"She started a new venture with a friend and built a simple website to announce it, adding a high-definition banner and a tiny chart of projected costs. An online article warned that the newest version of their payment plugin had issues, but they updated anyway and immediately hit an error during checkout. To keep moving, she wrote a product description with bracketed model names and precise specifications, hoping clarity would prevent support tickets. Later, she edited her account details after noticing the location field was wrong, and the session interruption left her staring at a string of numbers in the activity log.",mixed
4356,"At the laundromat, he watched people claim lanes of machines like they were reserving space, then pulled out his phone to check a website review. The page showed crisp high-definition images and a chart, plus a thread of loud opinions that didn’t match his experience. When he tried to open the linked article about the latest software controlling the machines, it threw an error and asked him to update. He logged into his account, edited his location for the service request, and copied the bracketed product name from the sticker into the form along with the serial number.",mixed
4356,"She read an online article about a bug in the latest version of a photo editor, but she still installed the update because she wanted the new features. The software crashed, so she searched a website where people argued about whether the error was user fault or bad code, posting charts as if that settled it. While waiting for a fix, she drafted product listings for her new venture, each with bracketed names, locations, and specifications copied from packaging. When she tried to edit her personal account to change a location setting, the page briefly suspended her session and returned with a new set of numbers in the log.",mixed
4356,"He launched a small side project and called it a new venture even though it was just a landing page and a hope. The website displayed high-definition images of the item, a chart of performance, and a comment section full of opinions about whether it mattered. A notification urged him to install the latest software update, and when he did, an error blocked the upload tool. He copied the bracketed product name and specifications into a support form, then signed into his account and edited the location field after realizing the shipment number pointed to the wrong city.",mixed
4356,"The product page looked official, with a bracketed model name, a location tag, and numbers that read like a checklist. He clicked through to a website review and got pulled into a thread of opinions, some of them oddly philosophical about life and “the world” for a washer discussion. A chart on the page rendered in sharp high definition, then vanished when the browser demanded a software update to the latest version. After the update, an error loop forced him to log back into his account, and the interruption made him re-enter his location twice.",mixed
4356,"She was setting up a website for her new venture when the theme preview showed everything in high definition, including the tiny imperfections in her photos. To persuade skeptical readers, she added a chart and a short section summarizing opinions she’d gathered from friends. The moment she clicked “publish,” the software asked for an update, and the latest version failed with an error that wiped her draft. She recovered it from her account history, edited the location on the contact page, and pasted the bracketed product names and specifications back into place.",mixed
4356,"He tried to download the newest release of a tool from a website and kept hitting an error, so he searched for an online article that explained what went wrong. The article had a chart and a screenshot in high definition, but the fix depended on settings he couldn’t find. While troubleshooting, he decided to finally start his new venture and drafted a simple product catalog with bracketed names and detailed specifications. When he went to edit his account and update his location for billing, the session was briefly suspended and the page returned with a string of numbers he didn’t recognize.",mixed
4356,"At the office, she pitched a new venture and used a chart to explain why it mattered, then sent everyone a website link afterward. A coworker replied with an opinion that the data looked too polished, like high-definition marketing rather than reality. That night she updated the software behind the site to the latest version and woke up to an error page instead of her homepage. She logged into her account, edited the location settings, and rewrote the product descriptions with bracketed names and specifications so customers could still understand what they were buying.",mixed
4356,"He was halfway through editing his account profile when an interruption logged him out, and the site showed a small number beside a warning about suspicious activity. After logging back in, he noticed the location field had been reset, so he fixed it and saved twice. He clicked to a help website and found an online article about the latest update that caused similar issues, complete with a chart and a high-definition screenshot. To verify his own purchase, he compared the bracketed product name and specifications from the receipt to the listing on the page.",mixed
4356,"She walked into a store and snapped high-definition photos of a machine’s label so she could compare it later, then uploaded them to a website thread where opinions were flying. Someone posted a chart showing failure rates, and another person mocked the “lane-like” layout of the graph as if design proved anything. Back home she tried to update her comparison software to the latest version and got an error during installation. While she waited, she drafted a new venture plan, wrote product descriptions with bracketed names and specifications, and double-checked her account location before placing an order.",mixed
4356,"The website banner loaded in high definition, and he felt briefly proud until he noticed a typo in the headline. He edited it quickly, but the page stuttered as if the session had been interrupted, and a number appeared beside a warning icon. A prompt insisted he install the latest software update to continue, and the update threw an error that blocked changes. To keep progress visible for his new venture, he posted a simple chart and added product entries with bracketed names, locations, and specifications pulled from invoices.",mixed
4356,"She followed a link from an online article about the latest version of a mapping tool, hoping it would help with delivery routes. The software installed, then returned an error that made her question the whole plan. On a website forum, people argued about the world and how “high definition” data still missed real life, posting charts like evidence. She copied the bracketed product names and specifications from her inventory sheet, edited her account location for shipping, and decided her new venture would survive even with messy tools.",mixed
4356,"He joined a discussion site to ask about a washer and ended up reading opinions that had nothing to do with cleaning, drifting into grand statements about life. A chart embedded in the thread looked crisp in high definition, but the link to the source website refused to open without a software update. After installing the latest version, he hit an error again and gave up on the link. Instead, he wrote down the bracketed model name and numbers from the machine’s sticker, then logged into his account to edit the location for the service ticket.",mixed
4356,"They celebrated the beginning of their new venture by ordering takeout and sketching a website layout on paper. The plan included high-definition photos of products, a chart for pricing tiers, and a section for customer opinions, even though none existed yet. When they tried to set up the backend, the software demanded an update to the latest version and immediately produced an error that blocked account creation. One of them edited the location field manually, pasted bracketed product names and specifications into the catalog, and kept going despite the interruption.",mixed
4671,"At the corner where the old brick library meets the riverwalk, a small bronze plaque points toward a hidden courtyard. Locals call it Lantern Square, though it barely fits a dozen benches and a fountain. I dropped a pin, took a photo of the archway, and finally understood why people get sentimental about a spot on a map. Even after I left, the name of that place stayed sharper than the rest of the day.",single
4671,"The address led me past a row of identical doors until I noticed the painted blue frame with the number half rubbed off. Inside, the hallway smelled like coffee and wet coats, and the landlord pointed out the storage room by the stairwell. I kept repeating the building name in my head so I wouldn’t forget it on the walk back. By evening, I could picture the exact place without trying.",single
4671,"On the city map, the park looked like a green smudge, but in person it was a pocket of pine trees wedged between apartment blocks. A wooden sign marked the trailhead, and each fork had a carved arrow to the pond or the playground. I sat on a rock that had been polished by years of people waiting for someone. When I stood up, the place felt oddly familiar, as if I’d been there before.",single
4671,"I updated the homepage in the CMS and watched the preview refresh with the new banner. In the afternoon I practiced the skill of slowing down, letting my attention settle on the present moment instead of the next task. By the month of April, the routine had stopped feeling forced, and by the month of June it was automatic. I closed the laptop and noticed how quiet the room sounded once I stopped rushing.",single
4671,"She kept saying the CMS was simple, but each page had settings nested inside settings. During lunch she reminded me to return to the present moment whenever frustration bubbled up. In the month of February I still clicked the wrong menu, yet by the month of March I could do the changes without thinking. The skill of staying calm turned out to be as useful as any shortcut key.",single
4671,"Before publishing the newsletter, I checked the CMS one last time to confirm the links and the spacing. I tried to hold the present moment gently, noticing my breathing while the spinner turned. The month of September always makes the workload spike, but the skill of working carefully kept mistakes from slipping through. When the post finally went live, it felt like a clean finish rather than a scramble.",single
4671,"The proposal opened with a framework that spelled out goals, target groups, and measurable outcomes. Under the operational program, the team mapped each activity to EU funding requirements and reporting dates. The project focused on health promotion, linking school workshops with community social programs so the lessons didn’t evaporate after a single session. In the final meeting, the coordinator rewrote the budget narrative to match the education plan and the grant rules.",single
4671,"They ran the kickoff like a textbook: a framework slide, then a work package list, then the operational program timeline. EU funding meant every receipt and deliverable had to be traceable, even down to the printing of flyers for the project. The heart of it was health promotion, using education sessions to support social programs for families who rarely show up at clinics. By the end, the partners agreed that the paperwork was annoying but the structure made the work real.",single
4671,"In the community center, the project manager explained how the framework would keep the initiative from drifting. The operational program required quarterly indicators, so EU funding came with a spreadsheet that never seemed to end. They designed health promotion activities for students, then extended them into social programs that trained volunteers and teachers together. When the first evaluation report arrived, it read more like an education syllabus than a marketing pitch.",single
4671,"We landed just after sunrise, and the airport loudspeakers announced the local time in two languages. By late afternoon we were walking along the harbor, watching a winter storm roll across the water. The festival started on the first weekend of October, but the posters still referenced last year’s dates and made the schedule confusing. When we finally found the venue, it was tucked behind a steep hill with a view over the whole coastline.",single
4671,"The train left Copenhagen at 06:12 and crossed the border while the sky was still gray. In Berlin, the streets near the station were packed with commuters, and my hotel was three blocks south on a narrow lane. The conference ran from Tuesday to Thursday, and every evening ended with a different reception in a different neighborhood. I marked each location in my notes so I could retrace the route later.",single
4671,"In the month of July we drove north until the roads turned into gravel and the forests thickened. The hike began at a small village church, then climbed toward a ridge that overlooked the fjord. A local guide pointed out ruins from a settlement dated to the late 1800s, and the history made the landscape feel older than it looked. By nightfall we were back in town for a small concert that ended exactly at midnight.",single
4671,"The listing described a compact espresso machine with a 15-bar pump and a 1.2-liter removable tank. In the photos, the brushed steel finish looked matte rather than shiny, which matched the measurements shown beside a ruler. The seller highlighted a two-year warranty and included a note about free filters in the box. I compared the specs to my counter space and decided it would actually fit.",single
4671,"On the tag it said 100% merino, 200 grams, and machine washable, but the feel in my hands told the real story. The description claimed it ran true to size, yet the shoulder seams suggested a slimmer cut. The salesperson rattled off the features like a script, then dropped the price when I asked about last season’s stock. I left with a receipt that looked like a tiny contract.",single
4671,"The brochure listed a 4K panel, 120 Hz refresh, and two HDMI ports, all in a neat block of specifications. It promised next-day delivery and a discount if you bundled a wall mount. In small print it noted the power draw and the standby consumption, which I appreciated more than the flashy slogans. After reading it twice, I knew exactly what I was paying for.",single
4671,"At a clinic in the city center, an EU-funded project launched inside a tidy framework that tied health promotion lessons to education credits. Between sessions, I opened the CMS to post updates for the month of May and reminded myself to stay in the present moment while the Wi-Fi lagged. After the workshop, I caught a late train to a coastal town for a Thursday evening event and saved the venue location in my phone. In the lobby, a vendor handed me a leaflet full of product specifications and a sales price that seemed too good to be true.",mixed
4671,"We arrived at the mountain hostel just before dusk, and the receptionist pointed out the exact place on a wall map with a pin. I spent the month of January maintaining the CMS for our program site, practicing the skill of focusing on the present moment whenever edits went wrong. The next morning, our EU funding partner reviewed the framework and operational program for a health promotion project aimed at schools. On the way out, I compared two headlamps by their specifications and chose the lighter one for the hike.",mixed
4671,"The conference venue sat beside a river, and the name of the place was stamped on every badge. During the month of March I kept the CMS updated, trying to hold the present moment steady while juggling approvals. Our presentation covered an operational program and a framework for an EU funding project that linked education with community health promotion. In the expo hall, I studied a printed sheet of product features and realized the advertised battery life was measured under ideal conditions.",mixed
4671,"A small town square hosted the evening concert, and the stage lights made the old buildings glow. Earlier that day I had been in the office updating the CMS, telling myself to return to the present moment and not rush through the month-end changes. The trip was part of a broader EU funding project, with a framework that fit neatly into an operational program for health promotion in schools. Before heading back to the hotel, I bought a rain jacket after reading its fabric specs and warranty note.",mixed
4671,"On the first weekend of October, we flew to a southern port city and followed signs to a museum tucked behind the docks. The month before, I had learned the CMS well enough to publish updates without panic, using the skill of staying with the present moment when deadlines piled up. In a side meeting, partners debated the framework and operational program language required for EU funding of a health promotion and education project. I ended the day comparing camera lenses, reading the specifications like they were a travel itinerary.",mixed
4671,"The bus stop name was unfamiliar, but the driver confirmed the location and waved me toward a cobblestone street. I checked the CMS on my phone, posted the announcement for the month of June, and tried to keep my attention on the present moment instead of the crowd. Our team’s EU funding paperwork described a framework and operational program for a health promotion project tied to education outreach. In a shop window, a neatly written spec card convinced me to buy a compact tripod.",mixed
4671,"We crossed into a new region just after sunrise, and the landscape shifted from flat fields to steep cliffs along the water. While waiting for check-in, I drafted website updates in the CMS and practiced the skill of noticing the present moment, even in a noisy lobby, because the month was already hectic. The reason for the travel was a review meeting on an EU funding project, where the framework and operational program had to align with health promotion goals in education. At a nearby market stall, a vendor pushed a gadget and pointed at its specifications to justify the price.",mixed
4671,"The old campus building had a courtyard that felt like a secret place in the middle of the city. I spent the month of February cleaning up pages in the CMS, trying to keep the present moment in mind rather than obsessing over analytics. In the afternoon, our coordinator outlined the operational program and framework needed for EU funding of a health promotion project delivered through education partners. Before leaving, I picked up a backpack after checking its dimensions, materials, and return policy.",mixed
4671,"A ferry took us to an island where the event schedule was posted in three languages at the terminal. I updated the CMS during the month of September and kept practicing the skill of returning to the present moment when tasks multiplied. At the meeting hall, the EU funding representative asked detailed questions about the framework and operational program supporting a health promotion and education project. Later, I read a product card for a portable stove, down to the fuel type and weight.",mixed
4671,"The hotel overlooked a narrow canal, and the address was easier to remember than the street name. Between sessions I opened the CMS, queued posts for the month of April, and tried to stay in the present moment while notifications buzzed. Our workshop centered on an EU funding project with a framework and operational program designed for health promotion through school education and social programs. On the way out, I bought a headset after scanning its specs and comparing the warranty terms.",mixed
4671,"We drove through fog to reach a small village, and the church tower was the only landmark visible at first. During the month of November, I had been rebuilding the site in the CMS and using the skill of focusing on the present moment to avoid careless mistakes. The trip was for a planning retreat on an EU funding project, where the operational program and framework shaped health promotion activities delivered via education partners. In the local store, I chose a thermos by reading its capacity, insulation rating, and price tag.",mixed
4671,"A poster on the station wall advertised an event in the capital, complete with dates and a map of the neighborhood. I logged into the CMS to publish the notice for the month of July, then paused to settle into the present moment before hitting save. At the venue, our team reviewed the framework and operational program language required for EU funding of a health promotion project aimed at education settings. In the foyer, I compared two microphones using the specification sheet the vendor had taped to the table.",mixed
4671,"The taxi dropped me at a waterfront address, and the place smelled like salt and diesel from nearby boats. I checked the CMS, updated the calendar for the month of August, and leaned on the skill of staying in the present moment when the page formatter glitched. Inside, a panel discussed an EU funding project, its framework, and the operational program that tied health promotion to education and community work. Afterward I skimmed a product flyer listing materials, measurements, and a limited-time offer.",mixed
4671,"We planned the route around time zones and distances, then still arrived late because a mountain road was closed. In the month of December, I kept the CMS running for our outreach site and tried to keep the present moment from being swallowed by last-minute edits. The reason for all the coordination was an EU funding review, where the framework and operational program for a health promotion project in education had to be defended line by line. I left with a tote bag full of catalogs describing products by features, specs, and price.",mixed
4671,"A small sign marked the trailhead, and the name of the place was printed on a weathered board near the path. I opened the CMS to post photos for the month of October and took a breath to stay in the present moment before writing captions. The hike was part of a partner visit for an EU funding project, framed by an operational program that funded health promotion through education workshops. At the visitor center, I bought a map and a compass after checking their specifications and durability notes.",mixed
6348,"The arena lights dimmed and the crowd surged forward as the fighters walked out to their corners. In the main event, two veterans traded heavy kicks until the clinch turned the tempo into a grind. Between rounds, the coaches shouted over the noise, trying to squeeze strategy into a single minute. When the final horn sounded, everyone seemed to exhale at once.",single
6348,"He trained for months for a regional fighting competition, tape on his wrists and bruises blooming across his shins. On fight night, the announcer called his name and he stepped through the ropes like the world had narrowed to a single square. A clean takedown changed the match, and the rest became a test of endurance and composure. Afterward, win or lose, the handshake felt like the real conclusion.",single
6348,"The broadcast opened with highlights from past combat sports rivalries and then cut to the weigh-in drama from the day before. When the bell rang, the pace was tense, more chess than chaos, with feints and small steps setting up the big shots. A sudden exchange clipped one fighter and forced a scramble for control on the mat. The referee pulled them apart at the end, and the crowd argued about who deserved it.",single
6348,"On Monday we drive to the arena, and the traffic always thickens near the stadium exits. The match starts in round one, but the shift happens in round two when the pace suddenly doubles. By Wednesday the same venue hosts another event, and I still catch myself saying I’m heading to the same seats. After round three, the coach points toward the tunnel and tells the team to reset.",single
6348,"Saturday is the day everyone circles, because it’s the only time we can all meet to practice. In round four the away crowd gets loud, and the noise follows us to the locker room like an echo. The venue sits next to the old train station, so the walk to the entrance feels like a ritual. After the final whistle, we head to the bus and nobody talks much.",single
6348,"Tuesday was supposed to be easy, just a short trip to the gym and back. By round two of sparring my legs were heavy, and the coach kept waving me to move to the far corner. The sports hall is in the north part of town, so getting there means a long ride to the edge of the map. On Thursday I still felt the soreness, but I went back anyway.",single
6348,"At checkout, the banner offered a promotional code tied to the fight card, and the discount applied instantly. Later I used a separate code for a software subscription, the kind that makes invoices and reports look tidy. The next email came from a business partner with a referral code embedded in the signature line, as if it were a handshake. By the end of the day, I had three different strings of letters saved in my notes app.",single
6348,"He posted a commercial code on the forum right after the mixed martial arts event ended, promising cheaper streaming for new users. I tried it and the system accepted the code, then suggested an upgrade with another deal. In the office, someone slid me a business discount code for a coworking space, and it felt weirdly similar to the fight promo. All of it made spending money feel like playing a small game.",single
6348,"The app flashed a limited-time code on the landing page, and the countdown timer did most of the convincing. A friend texted a promo code for an MMA merch store, saying it would knock the price down if I checked out fast. Later I saw a software bundle code in a newsletter and realized the same tactics work everywhere. I used none of them until I actually needed what was being sold.",single
6348,"The jacket was lightweight but still structured, with reinforced seams that looked built for movement. I chose gloves with a grippy palm because the event was outdoors and the night air cuts through cheap fabric. A small crossbody bag sat flat against my side, just enough for a ticket and keys without bouncing around. By the time I reached the gates, the outfit felt like part of the plan rather than decoration.",single
6348,"She picked a breathable shirt and a cap with a stiff brim because the afternoon sun hits the stadium seats directly. The sneakers mattered more than the photos, so she tested the cushioning by pacing the hallway. A simple scarf in team colors finished it without getting in the way when she stood up to cheer. Even the watch strap was swapped for something that wouldn’t pinch in the crowd.",single
6348,"For the marathon expo, he wore moisture-wicking tights under shorts and brought a windbreaker that packed into its own pocket. The backpack had a chest strap to keep it from swinging, and the reflective strips caught the overhead lights. He clipped a badge holder to the zipper so he wouldn’t fumble at the entrance. Everything he wore had a reason, and none of it felt heavy.",single
6348,"The final buzzer triggered a wave of noise that rolled through the stands like weather. Cameras followed the celebration, then cut to a slow-motion replay that made the winning moment look inevitable. Outside, street vendors argued about which matchup deserved top billing next week. Even people who claimed they didn’t care were still talking about it on the walk home.",single
6348,"A packed weekend schedule meant one game in the afternoon and a different competition under the lights. The announcer kept the energy high, making the crowd feel like part of the show rather than just observers. Between segments, the big screen ran interviews, ads, and highlights like a constant drumbeat. By Sunday night, it all blurred into a single memory of noise and motion.",single
6348,"He bought a ticket expecting a quiet match, but it turned into a full spectacle with music cues and spotlight intros. The rival fans traded chants, and every close call got replayed until someone finally scored. At intermission, kids lined up to meet the mascot and the whole concourse smelled like popcorn. The sport was the reason to be there, yet the entertainment filled every gap.",single
6348,"On Saturday night, the fighting competition took over the downtown venue, and by round three the crowd was chanting names. I walked to the entrance on foot, then headed to my seat, repeating the route to myself so I wouldn’t get lost. At the merch table, a promo code was taped to the counter, and I used it to buy a hoodie with thick fleece and a stitched logo. By the time the main event ended, it felt like sport and show had merged into one loud memory.",mixed
6348,"Monday was the press day, and Friday was the night everyone kept talking about, as if the week existed only to lead to it. The combat sports card moved from round one chaos to round five tension, all inside a packed arena downtown. During the break, the screen flashed a commercial code for the streaming app, and my friend typed it in before the next walkout. I left wearing a new cap and jacket that were clearly designed for stadium weather, and the whole thing played like entertainment as much as competition.",mixed
6348,"We drove to the stadium on Tuesday, and the staff kept directing people to different gates depending on their section. Inside, the fighting bouts stacked up quickly, and round two ended with a sudden knockout that made everyone stand. On my phone, I applied a promotional code for the replay package, then laughed at how easy it is to spend money mid-adrenaline. The scarf I bought was soft and oversized, perfect for cold seats, and the night still felt like a show even when the action slowed.",mixed
6348,"The venue hosted a combat sports event on Saturday, but the town was already buzzing by Thursday. Each fight swung in round three, and the commentators kept using the location name like it was a character in the story. A banner offered a promo code for merchandise, so I grabbed a fitted tee and a beanie with a clean embroidered patch. When the lights came up, the whole crowd acted like they’d just watched a season finale.",mixed
6348,"On Wednesday, we headed to the arena early so we could find parking and walk to the entrance without rushing. The fighting competition started with undercard bouts, and by round four the crowd had picked sides loudly. During intermission, a commercial code popped up for a software sponsor, and the irony of business ads in the middle of punches made me laugh. I bought lightweight gloves and a zip hoodie because the concourse was drafty, and the night still felt like a polished entertainment product.",mixed
6348,"Friday night traffic was brutal, but we made it to the venue before the first walkout. The combat sports matches tightened by round two, and every takedown got a roar that shook the seats. My friend used a promotional code to unlock premium stats on an app, then kept showing me graphs between rounds. I wore breathable sneakers and a thin jacket, and I left thinking the competition was real but the presentation was pure showmanship.",mixed
6348,"Sunday was supposed to be quiet, yet the sports complex hosted a full fight card and the parking lot was packed. The bouts rolled into round five drama, and people kept pointing to the scoreboard like it mattered as much as the punches. At checkout, I typed a promo code for discounted gloves, then grabbed a cap with a stiff brim for the walk back. Even outside, the whole thing still played like entertainment, with strangers reenacting moments in the street.",mixed
6348,"We met on Saturday and walked to the stadium together, following signs to the upper level. The fighting competition had a surprising pace, and round one ended with a scramble that set the tone for the rest of the night. A commercial code for the event sponsor showed up on the big screen, and someone behind me read it out loud to text to a friend. I bought a soft hoodie and a small shoulder bag, and the mix of sport and spectacle kept everyone talking.",mixed
6348,"Tuesday’s radio kept hyping the event, but it wasn’t until we got to the venue that the scale of it felt real. In round three, a clean counter turned the fight, and the crowd noise hit like a wave. I used a promo code to order the replay later, then picked up a long-sleeve shirt with thick cuffs because the building was cold. It was competition at the center, but the production treated it like a headline show.",mixed
6348,"On Thursday, I headed to the arena straight from work, and the walk to the gate felt like joining a moving river of fans. The combat sports card escalated quickly, and round two ended with a choke that silenced the section for a beat. Between fights, the screen ran ads with discount codes for both an MMA shop and a business software suite. I wore a windbreaker and a snug beanie, and I left thinking the whole evening was engineered as entertainment as much as sport.",mixed
6348,"We drove to the venue on Friday, and the staff kept repeating which section to go to as if nobody could hear. The fighting competition delivered, especially in round four when both athletes looked exhausted but still swung hard. A promotional code for merch flashed, so I bought a fitted cap and a heavyweight sweatshirt that felt built for winter stands. The crowd treated every moment like a climax, and the spectacle mattered almost as much as the result.",mixed
6348,"Saturday’s event started late, and people killed time in the lobby while moving from one line to another. The combat sports bouts turned strategic by round five, and the arena felt tense in a way you could almost touch. My phone buzzed with a promo code from a sponsor email, and I used it to subscribe to a service that promised highlights and behind-the-scenes clips. I wore comfortable shoes and a light jacket, and the night still landed as both competition and show.",mixed
6348,"On Monday, the venue announced the fight night schedule, and by Thursday the city center had posters everywhere. The fighting competition itself peaked in round three with a sudden finish that made the whole section jump. A commercial code was printed on the back of my ticket, and I later used it to buy a streaming upgrade and a pair of wraps. I wore a breathable tee under a thick hoodie, and the mix of sport and entertainment felt impossible to separate.",mixed
6348,"We headed to the stadium on Friday, following the crowd to the gates and then up to our seats. The combat sports card moved from round one fireworks to round five grit, and the venue buzzed even during the slow moments. A promo code for the sponsor’s software flashed during a replay, and my friend joked that even business deals want a piece of fight night. I bought a scarf and a cap for the cold walk home, and the whole thing played like a big entertainment production.",mixed
6348,"Sunday evening, we drove to the arena and walked to the entrance as the sun went down. The fighting competition had one bout that swung in round two, and the crowd’s reaction made it feel bigger than the fighters themselves. At the kiosk, a promotional code lowered the price on a jacket with reinforced stitching and a small logo patch. When the event ended, the sports drama lingered, and the showy presentation kept replaying in my head.",mixed
8980,"She counted the batteries twice and still ended up with only 2 that fit the old flashlight. The clerk said he could order more, but it would take 1 day to arrive. She grabbed the two-pack anyway and promised herself she would be back in 2 weeks for a bigger bundle. By the time she walked home, she had rehearsed the plan in her head for 1 hour straight.",single
8980,"I set the kitchen timer for 2 minutes because the espresso burns if it goes longer. The toast needed 1 more minute, so I stood there watching the dial like it was a final exam. When the beep finally hit, I poured exactly 2 shots into the mug. I let it cool for 1 minute before taking the first sip.",single
8980,"The babysitter texted that she would be there in 2 minutes, so I left the door unlocked. I had only 1 clean bottle left and hurried to rinse it while the kettle warmed. She arrived after 2 minutes on the dot, apologizing for being 1 stop late on the bus. We agreed I would be gone for 2 hours, no longer.",single
8980,"The status page showed a timestamp like 3:07 p.m., and the update had been posted just a few minutes earlier. I refreshed at 4:01 and saw the same single-digit minute ticking over. The log line below it read 9:8:2 before it reformatted, which made me double-check the settings. When I finally exported the report, every entry carried a neat 7:05 style stamp.",single
8980,"His train ticket had a departure time printed as 6:09, and he kept glancing at it as if the digits might change. The station clock flipped from 6:08 to 6:09 with a soft click. A notification popped up at 6:10 saying the platform had changed, and the tiny numbers felt suddenly urgent. He boarded at 6:11, still thinking about how close it was.",single
8980,"The receipt email ended with a line that read 8:04, and that was all I needed to prove I was on time. My manager asked when I sent the file, so I forwarded the screenshot with the 9:03 stamp. The chat thread showed my last message at 7:59, squeezed right before the hour. Nobody argued after that.",single
8980,"The online listing described the bolts as M6 x 30 and mentioned a pack of 10 in the first sentence. I zoomed in on the photo to confirm the size, then noticed the note about a 2 mm head clearance. The description promised they would fit a 5 mm hex key, which matched the tools in my drawer. When the package arrived, the label repeated the same numbers in bold.",single
8980,"At the bakery, the chalkboard sign said “Box of 6 macarons” and “Mini tart, 2-inch.” I chose the six-pack because the product text insisted the flavors were mixed evenly. The assistant pointed at the label that read 12 pieces per tray and asked how many I wanted. I left with a small bag that felt heavier than the numbers made it sound.",single
8980,"I ordered a water filter that bragged about 3-stage purification and a 2-liter capacity. The product description also warned that the cartridge should be replaced every 6 months. When I opened the box, the manual repeated the 1.5 bar minimum pressure requirement. It was the kind of listing where every promise came attached to a digit.",single
8980,"The invitation listed Saturday, 7 June, and asked everyone to arrive by 5:30 at the hall near the river. There were three addresses to choose from, labeled 1, 2, and 3, depending on whether you were driving, biking, or walking. I called Anna first, then Jonas, then my sister, to make sure each person knew the right entrance. By noon, my calendar looked like a neat chain of dates and names.",single
8980,"Our road trip plan had Copenhagen at 09:00, Odense at 12:15, and Aarhus by 16:40 if traffic behaved. I wrote the stops as 1) coffee, 2) fuel, 3) a quick detour to see Mikkel’s new place. The hotel clerk asked for my passport and my booking number, then pointed us toward room 14. Every detail felt like it belonged in a schedule.",single
8980,"The conference badge showed my name, the city, and a slot time of 2:10 for the poster session. A volunteer read out the speakers in order, starting with the keynote and ending with the late-afternoon panel. I watched people drift between rooms A, B, and C as if following a map. When I left, the program booklet was full of circled dates and underlined names.",single
8980,"She told the story like a timeline, starting in 2016 when she moved for her first job. By 2020 she was managing a team, and in 2023 she finally launched her own product. She mentioned finishing 2nd in a national pitch contest, even though she laughed it off as luck. The years and ranks sounded like mile markers she had earned.",single
8980,"The striker wore number 9, but the commentator kept bringing up the season: 2021, 2022, and now 2024 with a new coach. After the final whistle, the table showed them in 3rd place, one point behind the leaders. In interviews, he talked about learning from last year’s collapse as if it were a personal chapter. The recap read like sports and memory stitched together.",single
8980,"On election night, the headline compared the 2019 result to 2023 and highlighted the swing in a single district. The analyst called it the candidate’s second big win and flashed a chart of ranks across regions. In the morning, the CEO emailed staff about quarterly performance and cited 2024 as the turning point. It all blended into one narrative where numbers carried the weight.",single
8980,"I bought 2 train tickets and promised I’d be back in 1 day, then checked the email that stamped the purchase at 7:04. The backpack listing I used said “35 L, 2 compartments, 1.2 kg,” which sounded perfect for the trip. Our itinerary had Copenhagen at 09:10, then stop 1 in Odense before meeting Sara at the museum entrance. On the ride, a podcast recapped the club’s 2022 season and how they finished 3rd after a late collapse. By the time we arrived, every plan felt pinned down by digits.",mixed
8980,"The meeting invite showed 3:08 on my phone when it landed, and I only had 2 minutes to skim it. I grabbed 1 notebook from the shelf with “A5, 80 pages” printed on the cover in tiny type. The agenda listed 1) introductions, 2) budget, 3) travel dates for the client visit in March. Someone joked about how the company had been “a different place in 2018,” back when they were ranked 2nd in their niche. We started right at 3:10, as if the clock were in charge.",mixed
8980,"At 6:09 the courier dropped off a box labeled “Set of 2,” and I signed with one hand while holding a stopwatch in the other. The product sheet inside bragged about a 5 cm profile and a pack count of 12 screws. I had to be at the venue by 19:30, with stops numbered 1 through 3 on my route across town. While waiting, I reread an article about the mayor’s 2020 campaign and the tight 2024 rematch that put her back in first place. I left after 2 minutes, still thinking about how numbers follow you everywhere.",mixed
8980,"I set a timer for 2 hours and started cooking, then glanced at the oven display that read 5:07. The spice jar label said “Net 45 g” and “Serves 4,” which felt oddly precise for a stew. My calendar reminder listed dinner with Jonas on Friday, then a Saturday trip to Malmö, then a Sunday appointment at the clinic, all lined up like entries in a ledger. During the simmer, the radio replayed highlights from the 2019 final and the runner-up finish that broke the team’s streak. When the alarm rang, I had exactly 1 plate left to wash.",mixed
8980,"The volunteer handed me badge number 2 and pointed to the sign-in sheet marked 1 through 10. I snapped a photo at 8:03 so I could remember when we arrived. The tote bag they gave out had “One size, 15-inch laptop” printed along the seam. The program listed a talk at 09:20 in Room B, followed by a panel in the main hall with speakers and cities next to their names. Over coffee, someone compared the conference’s first edition in 2017 to the larger 2023 version and joked about being “ranked” by attendance.",mixed
8980,"I reserved 2 seats for the match and the confirmation email landed at 7:02. On the way out, I grabbed a scarf described as “Length 150 cm, 2-color knit,” because the cold had a say too. The subway map in my notes had stop 1, stop 2, and stop 3 highlighted, with a meet-up time at 18:10 outside Gate C. In the stadium, the announcer flashed the club’s 2021 and 2024 records and their current 2nd-place standing. We stayed 1 extra minute after the whistle just to hear the crowd.",mixed
8980,"I bought 1 replacement charger and 2 cables after seeing the listing: “USB-C, 1 m, pack of 2.” The order page timestamped everything at 4:06, which made it easy to track delivery. My week was already mapped with a Tuesday seminar at 10:15, a Wednesday doctor visit, and a Thursday flight, each entry tied to a name and a location. In the taxi, the driver ranted about the 2022 budget and how the minister had fallen from 1st to 3rd in the polls. I arrived with 2 minutes to spare and felt weirdly grateful for the timestamp.",mixed
8980,"At 9:01 my phone buzzed with a reminder: pick up 2 posters and stay no more than 1 hour. The print shop invoice described them as “A2 matte, 300 gsm,” plus a note about 2 mm trim bleed. I followed the event map that listed Hall 1, Hall 2, and the side entrance near the canal, then met Lina at 12:30. While we waited, she told me how her startup started in 2015 and hit a 2nd-place award in 2020 before finally turning profitable in 2024. The day felt like a collage of schedules and milestones.",mixed
8980,"The recipe said to rest the dough for 2 hours, and the kitchen clock ticked past 6:05 while I cleaned up. A delivery box on the counter read “Pack of 12,” and the side label mentioned a 3 cm thickness for the trays. Later, my planner showed a birthday on Saturday at 17:40 and a Sunday trip with stops numbered 1 to 4, each tied to a person and a place. In the background, a documentary jumped between 2008 and 2022 as it tracked an athlete’s climb from 10th to 1st. When I finally sat down, I still had 1 message unanswered.",mixed
8980,"I promised my brother I’d be there in 2 minutes, but the bus app kept updating the arrival to 3:07, then 3:08. To kill time, I read the product description for a helmet: “Size M, 58–62 cm,” with a note about a 2-year warranty. Our plan for the afternoon was written as 1) pick up keys, 2) drop bags, 3) meet friends at the lake at 16:30. He filled the silence by talking about how he graduated in 2019 and landed his first job in 2021, then celebrated a promotion to 2nd in command this year. When the doors opened, I was still counting minutes.",mixed
8980,"The gallery ticket cost 2 euros for students and 1 for kids, and the receipt showed 8:02. I bought a postcard set described as “10 cards, 2 designs,” because it was cheap and neat. The docent announced the tour would start at 09:15, then named the rooms in order and the artists’ cities like a roll call. On the way to the next hall, a visitor mentioned the museum’s renovation in 2016 and how it climbed to 3rd in national rankings by 2023. I stayed 1 extra hour, feeling oddly organized.",mixed
8980,"My phone screenshot showed 5:04 when the call ended, and I had exactly 2 tasks left before leaving. The package on my desk said “Set of 2 filters, 1.5 L capacity,” which I had to install before the weekend. I wrote the trip plan as 1) office, 2) station, 3) hotel, with a check-in time on Friday and a meeting room listed next to a person’s name. The news feed kept looping between 2020 and 2024 as it tracked a politician’s rise from 5th to 1st in the party. I finished in 1 hour and walked out without looking back.",mixed
8980,"I ordered 2 salads and asked for 1 extra dressing, then glanced at the receipt time: 7:06. The menu described the bowl as “450 g” and “Serves 1,” which made me laugh because it never does. Our evening plan had a 19:20 movie, then a 22:10 train, and a numbered list of who was picking up whom across town. Between bites, my friend recounted the team’s 2023 comeback season and their 2nd-place finish after leading in 2021. We left after 2 minutes of awkward silence when the bill came.",mixed
8980,"The printer spat out a badge at 4:03 with my name and the number 2 in the corner, and I clipped it on. A sponsor table offered notebooks labeled “A6, 64 pages,” and I took 1 because my bag was full. The schedule listed 09:05 registration, then sessions in rooms 1, 2, and 3, each tied to a speaker and a city. During lunch, someone compared the firm’s 2014 origins to its 2022 expansion and mentioned being ranked 1st in a recent industry list. I left at 4:59, still hearing the numbers in my head.",mixed
8980,"I told the mechanic I could wait 2 hours, and the service desk typed my order at 6:01. The receipt described the part as “Chain 116 links” and “Fits 11-speed,” with a smaller line about 2 mm tolerance. My evening was laid out with a 19:30 meet-up, a 21:00 stop at the station, and a final address saved under my friend’s name. In the waiting room, a match replay from 2022 showed the underdogs rising from 8th to 2nd, and the commentator kept calling back to 2019. When my bike rolled out, I had 1 minute to catch my ride.",mixed
9859,"The first room of the gallery smelled faintly of fresh paint, and a spotlight caught the shimmer of a new sculpture. A small card beside it announced the show would run through the end of the month. I lingered at the exhibition photos longer than I expected, tracing the curator’s notes with my eyes. When I left, the gift shop still had posters from the opening night pinned by the register.",single
9859,"I queued outside the convention center because the doors for the trade show opened only after the staff finished setting up. Inside, the exhibits were lined in neat rows, each booth lit like a tiny stage. A screen near the entrance looped highlights from yesterday’s demonstrations. By noon, I had a tote bag full of brochures from the show floor.",single
9859,"The museum hosted a traveling exhibition that turned the hallway into a maze of black curtains and soft soundscapes. Each exhibit had its own hush, like the artwork demanded quiet. I watched a short film in the final room and caught my reflection in the dark screen afterward. On the way out, the attendant stamped my wrist as proof I’d been there.",single
9859,"They held the workshop in a hotel meeting room, with coffee urns humming beside a stack of name tags. The forum started with a moderator laying out the rules, then the table discussions rolled on through lunch. After the meal, an invited speaker delivered a lecture that felt like a careful argument rather than a pep talk. At the end, the organizer handed out certificates and thanked everyone for showing up.",single
9859,"The awards dinner began with a toast, then the chairs scraped back as people stood to applaud the first recipient. Between courses, a short keynote turned into a lively Q&A that spilled past the schedule. Later, the symposium panelists gathered at the front for a final round of questions. When dessert arrived, the room had relaxed into small clusters of conversations.",single
9859,"Our team meeting turned into a full workshop when the facilitator started writing exercises on the whiteboard. By the time the meal break came, the room was buzzing like a mini congress. In the afternoon, a formal forum session featured two talks and a closing lecture. Everyone lingered afterward to swap cards as if it were an industry event.",single
9859,"The town festival filled the square with food stalls and a small stage where the band kept restarting their sound check. Kids ran between banners while the announcer hyped the evening tournament like it was a championship. When the winners were crowned, the ceremony was short but loud, with confetti sticking to damp jackets. I went home with a wristband and the smell of grilled onions in my hair.",single
9859,"The chess club hosted a weekend tournament in the library, and the hush between moves felt heavy. After the last round, they held a brief ceremony to hand out medals and take photos. Outside, the street was already turning into a night market festival, complete with music and lanterns. I drifted between the two crowds, surprised how both were planned down to the minute.",single
9859,"The school put on an end-of-term performance, and the audience clapped so long the emcee had to step back up. In the hallway, volunteers directed people to the next event like they’d rehearsed it all week. Later that night, a charity ceremony honored local coaches from different tournaments and clubs. It felt like the whole calendar had been built around planned occasions.",single
9859,"My friend’s baby shower was in a rented room above a café, decorated with paper clouds and tiny gifts. Afterward, we moved straight to a reception across town, where people lined up to hug the couple. The next day, I started a short course at the community center and met the same faces again. By the weekend, the group chat had turned into an endless discussion about where to hold the next party.",single
9859,"The wedding reception ran late, so the speeches bled into the dancing and nobody cared. A few days later, I attended a public discussion where candidates laid out their stances and tried not to interrupt each other. The moderator kept it polite, even when the room wanted a fight. On the walk home, I passed posters for an exhibition and a local game night, as if the city never stopped planning.",single
9859,"She enrolled in an evening course that met twice a week, and the classroom felt like a social club by the second session. After class, people drifted into a nearby bar for an informal reception and a quick bite. Someone invited me to a backyard party on Saturday, then to a small festival in the park on Sunday. It was hard to tell where structured events ended and spontaneous ones began.",single
9859,"The banquet had a printed menu and a string quartet tucked into the corner, trying not to outshine the speeches. On the table, a card announced the “Winter Scholars Convention” and the date in elegant script. After the main course, a brief service honored a retired professor, and the room quieted in a way I didn’t expect. When we filed out, the host reminded us about next month’s festival by name.",single
9859,"I attended the “Harbor Lights Festival” on 12 August, and the program listed every act with start times. Earlier that day, the city hall hosted a convention-style gathering that packed the auditorium. In the evening, a small memorial service took place by the water before the fireworks began. The mix of specific names and dates made the whole weekend feel officially stamped.",single
9859,"The community center advertised a spring banquet with a deadline to RSVP, plus a note about the “North Coast Convention” the same week. On the day, volunteers guided guests to their seats and read out a schedule as if it were a formal service. Later, a local band played at the “May Day Festival,” and the announcer kept repeating the date for next year. I took the flyer home because it felt like a record of what mattered.",single
9859,"I spent the morning at an art exhibition where a new show filled three rooms with neon photographs. After lunch, I slipped into a workshop forum in the next building, complete with a plated meal and a guest lecture. By late afternoon, the square outside had turned into a festival, and a small tournament bracket was taped to a pole near the stage. On my way home, I stopped by a friend’s reception for her course graduation, then ducked out early for the “Riverfront Banquet” dated 14 September. The city felt like it had scheduled every hour for me.",mixed
9859,"The convention center hosted a trade show, and I wandered the exhibits until my feet hurt. In a side hall, a formal meeting turned into a symposium panel, followed by an awards toast over dinner. Outside, posters promised a weekend tournament and a street festival, and volunteers were already building the ceremony platform. That night, I attended a wedding reception, then joined a short discussion group for a course I’d signed up for. Before sleeping, I pinned the invitation for the “Civic Convention Banquet” on 3 May above my desk.",mixed
9859,"At the museum’s opening show, a curator greeted visitors and pointed them toward the latest exhibition. Around noon, I met colleagues for a forum-style lunch meeting that flowed into a workshop with sticky notes and microphones. Later, the park hosted a planned festival with a kids’ tournament and a quick medal ceremony on the main stage. I squeezed in a baby shower across town before my evening class, where the instructor started a heated discussion about city planning. The day ended at the “Founders’ Banquet,” where the program listed the date like it was part of the décor.",mixed
9859,"I bought a ticket for a photography exhibit, then stayed long enough to catch the short talk that accompanied the show. Across the street, a formal gathering served a set meal before a lecture and a brief awards presentation. The weekend program also advertised a tournament and a folk festival, with a ceremony scheduled right after the final match. I left early to make it to a reception for my cousin’s wedding and then hurried to my first night course. On the bus, I reread the flyer for the “Autumn Convention Banquet” and circled the date.",mixed
9859,"The gallery’s exhibition had a small opening show with a live demo, and the crowd applauded like it was theater. Afterward, I attended a roundtable forum and workshop at a nearby hotel, where lunch was served between two short lectures. In the evening, the town kicked off its festival with a tournament draw and a ceremony that crowned last year’s winners. I dipped into a friend’s housewarming reception, then joined a course discussion session online from my phone. My final stop was a named banquet for the local convention, printed with the date in gold ink.",mixed
9859,"I wandered a science exhibition that paired each display with a short show on a screen overhead. A coordinator then guided us into a symposium meeting where a meal was served before the keynote lecture. Outside, the plaza was being set up for a festival and a small tournament, and the mayor had a ceremony rehearsal with the sound crew. I left to attend a bridal shower and later a reception, then made it to my evening course where everyone argued in a lively discussion. The last thing I did was sign in at a convention banquet that listed its name and date on the door.",mixed
9859,"The theater lobby was packed for a design show, and the exhibits spilled into the hallway. During the break, I joined a workshop forum that turned into a formal meeting over sandwiches, followed by a short lecture. When we stepped outside, the street festival had already started, and a tournament scoreboard was propped next to the ceremony stage. I rushed to a friend’s wedding reception and then stopped by my course’s discussion circle at a café. Later, the “Coastal Convention Banquet” invitation with its date still sat unread in my bag.",mixed
9859,"I visited a small craft exhibition where artisans demonstrated their work like it was a show. At noon, I attended a forum lunch and a workshop session, and the speaker treated the lecture like a conversation. The schedule said the afternoon would end with a festival parade and a quick tournament final, followed by a short ceremony in the square. I left the parade early for a baby shower, then hurried to a community course meeting that turned into a long discussion about volunteering. In the evening, I slipped into a banquet for a regional convention, where the date was printed on every program.",mixed
9859,"The city launched a new exhibition with a showy opening night, complete with spotlights and a crowded hall. The next morning, I had a formal breakfast meeting that led into a workshop and a symposium lecture. By afternoon, the riverfront festival was underway, and a local tournament ended with a ceremony and a photographer shouting for smiles. I stopped by a reception for a friend who had finished a short course, then joined a public discussion that ran later than promised. The weekend wrapped with a named banquet tied to a convention, stamped with a date I wouldn’t forget.",mixed
9859,"I walked through an exhibition of old maps, then watched a short show that explained how the archive was built. After that, I joined a forum meeting with a catered meal, and the moderator introduced a lecture like it was the highlight of a symposium. When I stepped outside, banners announced a festival and a weekend tournament, and the organizers were already planning the closing ceremony. I made it to a wedding reception across town and then headed to an evening course where the discussion topic was announced at the door. Later, the host at a convention banquet read out the event name and date before serving coffee.",mixed
9859,"The museum’s new show doubled as an exhibition and a performance, so the crowd kept moving between rooms. A colleague pulled me into a formal workshop meeting where lunch was served and an invited lecture capped the session. Later, a sports tournament in the park fed straight into the summer festival, and the ceremony ended with fireworks. I slipped away to a reception and a quick bridal shower, then hurried to my course discussion group in a classroom downtown. That night, I finally sat down at the “Town Convention Banquet,” where the printed date matched my calendar.",mixed
9859,"I went to an art show that opened a small exhibition space, and the organizer greeted everyone by the door. At midday, I attended a forum lunch and a workshop, then listened to a lecture that felt like part of a bigger symposium. The neighborhood festival kicked off right after, and a community tournament wrapped with a ceremony and applause. I stopped at a reception for my friend’s wedding and later joined a course session where the discussion drifted into gossip. The day ended at a named banquet connected to a convention, with the date repeated on the menu.",mixed
9859,"A traveling exhibition rolled into town, and the opening show drew a line around the block. Inside the hotel, a formal meeting included a meal, then split into workshop tables before a closing lecture and a quick awards moment. Outside, the festival grounds were already buzzing, and the tournament organizers announced the final and the ceremony time over a loudspeaker. I left to attend a baby shower and a reception, then hurried to my night course where the discussion was about time management. Before bed, I set the “Winter Convention Banquet” card on my counter, date facing up.",mixed
9859,"The exhibition hall hosted a tech show with interactive exhibits, and I spent an hour testing gadgets. Right next door, a workshop forum served lunch and ran a lecture that ended like a mini symposium. Later, I walked through the fall festival, where a tournament bracket ended in a small ceremony under string lights. I squeezed in a reception for a friend’s promotion and then headed to my evening course, where the discussion topic was printed on the handout. As I got home, I found the invite to the “Innkeepers’ Convention Banquet,” complete with a date and a formal name.",mixed
9859,"I started my Saturday at a poster exhibition, then stayed for the show-and-tell session that followed. At noon, an awards luncheon doubled as a formal meeting and a workshop, and the guest lecture was surprisingly sharp. In the afternoon, the city festival hosted a tournament final and a ceremony on the main stage, loud enough to hear from the next street. I dashed to a wedding reception, then made it to my evening course where the discussion went in circles until the instructor cut it off. The week finished with a convention banquet that had its name and date printed across the top of the program.",mixed
10433,"A carpenter opened the shed and found a paper wasp nest tucked under the eaves. He moved the ladder slowly, watching the wasps circle the rafters like tiny guards. In the corner, a fat spider sat in its web between two paint cans while ants marched along a crack in the floor. He shut the door and decided the repair could wait until the evening cooled down.",single
10433,"At the apartment entrance, the maintenance worker traced a line of ants that led straight to the trash room. He sealed the gap under the door, then sprayed along the baseboard where the insects vanished. A neighbor’s cat watched from the stairwell, tail flicking as if it owned the building. By the time he finished, the hallway smelled faintly of citrus cleaner and fresh caulk.",single
10433,"On the farm, bees hummed around the open window of the milking room as the morning crew set up. One of the workers tapped the frame and a beetle tumbled onto the sill. A barn swallow swooped through the doorway, chasing flies above the buckets. They kept working, letting the small lives buzz and flutter around the routine.",single
10433,"The night-shift guard walked the warehouse perimeter and noticed moths battering themselves against the floodlights. Near the loading bay, a stray dog nosed at a spilled bag of grain while crickets chirped in the weeds. He swept the mess into a bin and shut the bay door tight. When the lights clicked off, the insects scattered into the dark.",single
10433,"She introduced herself as the new dog trainer and knelt so the nervous terrier could sniff her hand. The shelter had asked her to run weekend classes for first-time adopters. After a few minutes, she clipped on the leash and guided the dog through a slow sit and a calm heel. When the terrier finally wagged, she laughed like she’d been waiting all week for that moment.",single
10433,"Her friends teased her about carrying treats in every jacket pocket, but she did it anyway. At the park, she practiced recall with her young shepherd, voice steady and patient. A jogger passed, and the dog stayed focused on her instead of lunging toward the movement. She scratched behind its ears and said, quietly, that this was the job she wanted when she was a kid.",single
10433,"The veterinarian’s coat was smudged at the sleeve from lifting a heavy labrador onto the exam table. She asked the owner about appetite and energy, then checked gums and joints with practiced hands. When the dog flinched, she softened her voice and slowed down. By the end of the visit, the owner looked relieved, and she wrote a clear plan on the chart.",single
10433,"In her apartment, she fostered a shy older dog that had been returned twice. She read about enrichment toys, then stuffed a rubber puzzle with kibble and a smear of peanut butter. The dog hovered, uncertain, until she sat on the floor and pretended not to watch. After a few minutes, it started licking and pawing, and she felt like she’d earned a small piece of trust.",single
10433,"The student who sits by the window always finishes the quiz first, then stares outside as if the room is too slow. The club president, who everyone listens to, kept the meeting short because the buses were delayed. A quiet member from the debate team, who rarely smiles, cracked a joke that finally landed. When they filed out, the teacher noticed how the group moved like it had practiced being together.",single
10433,"He’s the kind of person who remembers names after one introduction and repeats them in a way that sounds sincere. The runners who wear the same team jacket meet at dawn, and he’s always there before the first stretch. Someone who joined last week tried to keep up and nearly stopped, but he matched their pace without making it obvious. Later, the chat lit up with thanks that felt earned.",single
10433,"The neighbor who borrowed a ladder last month returned it cleaned and tied with a neat piece of rope. The volunteers who run the community pantry showed up early because the delivery truck arrived ahead of schedule. A man who had never helped before carried boxes without being asked. By noon, the room looked organized, and the small crowd seemed less like strangers.",single
10433,"She’s a researcher who talks fast when she’s excited and slows down when she senses confusion. The people who work in her lab wear mismatched gloves because the supply order was late again. An intern who came from another department asked sharp questions that made the group rethink a step. When the test finally worked, they celebrated with tired smiles and cold coffee.",single
10433,"He sliced ginger and garlic, and the sharp smell clung to his fingers even after he rinsed them. While the soup simmered, he pressed his palm to his forehead and realized the headache was fading. He tore basil leaves and dropped them in, watching green flecks bloom across the surface. At the table, his jaw relaxed as the first spoonful warmed him.",single
10433,"After the long ride, her knees ached and her calves felt tight, so she stretched on the kitchen floor. She bit into a crisp apple and winced because her tooth was sensitive again. On the counter, she chopped cucumbers and mint for a quick salad, careful not to nick her thumb. The cold crunch helped, and she finally stopped frowning.",single
10433,"He burned the tip of his tongue on tea and blamed himself for being impatient. To distract from the sting, he peeled oranges and watched the bright oil mist from the skin. His stomach growled, and he added sliced tomatoes to a sandwich with a handful of arugula. By the time he finished eating, the pain had shrunk to a dull annoyance.",single
10433,"The chef rubbed rosemary between his hands and the scent rose like a clean snap. He inspected a small cut on his knuckle, then wrapped it tightly before returning to the board. Carrots, onions, and celery hit the pan, and the sound turned the kitchen into a steady drum. When he tasted the sauce, he nodded, lips pursed, and adjusted the salt.",single
10433,"The crowd roared when the famous striker walked onto the pitch, shoulders loose as if the noise belonged to someone else. Cameras tracked every warm-up touch, and he glanced once toward the stands before focusing on the ball. In the second half, he slipped between defenders and finished with a calm tap that looked effortless. After the whistle, he signed a jersey for a kid and disappeared down the tunnel.",single
10433,"She recognized the actor instantly, even under a plain cap and a tired expression. He ordered coffee like a regular person and waited in line without checking his phone. When someone asked for a photo, he smiled politely and said yes, then thanked them for being kind about it. As he left, he held the door for the next customer and didn’t look back.",single
10433,"The scientist’s interview played on the radio, and his voice sounded steady in a way that made people listen. He described a breakthrough without bragging, giving credit to a team most viewers would never meet. Later, footage showed him in a lab coat, laughing at a small mistake that didn’t matter. By the end, the host called him humble, and it actually felt true.",single
10433,"Everyone at the award show stood when the singer walked out, glittering under the lights. She spoke briefly, then pointed toward her band and insisted they deserved the applause too. In the backstage clip, she hugged a stagehand who looked stunned to be noticed. When the cameras finally cut away, she was still smiling like the night hadn’t changed her.",single
10433,"A contractor arrived at the old townhouse and found ants streaming toward a spill near the pantry. The woman who owned the place, a dog walker with muddy boots, apologized while her golden retriever circled his toolbox. Her brother, who had lived there before, warned that the gaps under the windows always let in pests. As they talked, she sliced lemons and rubbed her wrist where the knife had slipped earlier. On the TV in the next room, a famous chef was being interviewed, and his calm voice filled the house.",mixed
10433,"In the break room at the factory, a moth kept throwing itself at the fluorescent light. The new supervisor, a woman with a rescue dog in her car, wiped crumbs off the counter and told everyone to stop leaving food out. One of the workers, who wore a union patch on his jacket, shrugged and promised he’d talk to the night crew. Someone had brought in a bowl of grapes and a bag of carrots, and a man rubbed his sore shoulder as he reached for them. A news clip on someone’s phone showed a famous athlete apologizing after a messy game.",mixed
10433,"The apartment manager called an exterminator when cockroaches appeared in the stairwell. A tenant, a woman who volunteered at an animal shelter, held her barking beagle close while the spray dried. The neighbor across the hall, who always complained about noise, suddenly offered to help carry boxes out of the way. On the counter, chopped parsley and onions waited beside a bandaged finger that throbbed whenever she moved it. In the background, a documentary about a famous actor played, showing him rehearsing the same line until it sounded real.",mixed
10433,"At the garden center, bees hovered over the lavender pots near the entrance. A woman with a service-dog vest folded over her arm asked for advice on plants that could handle shade. The clerk, who had moved from another city last month, pointed her toward herbs and explained the watering schedule. She coughed, touched her throat, and bought ginger after remembering the last cold she had. On a poster by the register, a famous musician’s face advertised a concert that everyone in town seemed to be talking about.",mixed
10433,"The repair crew arrived at the community hall and found a wasp nest under the awning by the back door. The coordinator, a woman known for training difficult dogs, ushered people inside while she made quick calls. A volunteer, who was part of the local cycling club, taped off the area and kept the line moving. In the kitchen, someone chopped cilantro and squeezed limes, then shook their hand after hitting a knuckle on the counter. From the stage, a recorded speech by a famous author played as a warm-up for the evening event.",mixed
10433,"A spider had built a web across the window frame of the small office, and the receptionist pointed it out with a grimace. The consultant, a woman who always carried dog treats, laughed and said she’d seen worse at the kennel. The intern, who spoke with a thick accent, tried to sound confident while presenting the day’s plan. Someone brought in strawberries and fresh mint, and another person massaged their cramped forearm after hours at a keyboard. Over lunch, they watched a clip of a famous comedian, and the room finally loosened up.",mixed
10433,"Flies buzzed around the open dumpster behind the café, and the owner swore under his breath as he dragged the lid shut. A barista, a woman who fostered dogs on weekends, slipped outside to take a call and came back smelling like rain. The cook, who had been in the same neighborhood his whole life, argued about schedules with a new hire. Inside, he tasted a sauce, burned his tongue, and cooled it with a bite of cucumber. On the wall-mounted TV, a famous singer’s live performance played, bright enough to drown out the afternoon slump.",mixed
10433,"The hotel handyman noticed a trail of ants along the baseboard near the laundry room. A guest, a woman traveling with her anxious dog, asked for a quieter room away from the service elevator. The front-desk clerk, who wore a badge for the staff association, apologized and offered an upgrade. In the lounge, someone sliced apples and rubbed their temples as if the air-conditioning had given them a headache. Later that night, the lobby filled with people because a famous actor had checked in for a film shoot nearby.",mixed
10433,"At the workshop, a swarm of gnats rose from a damp corner whenever the door opened. The forewoman, a woman who trained her border collie for competitions, told the crew to fix the leak before the boards warped. A new apprentice, who was related to one of the senior carpenters, kept asking questions and writing everything down. During the break, she peeled an orange and flexed her stiff fingers after sanding for hours. Someone scrolled through headlines about a famous scientist winning another prize, and the room hummed with half-serious jokes.",mixed
10433,"The daycare’s outdoor shed had a hornet problem, and the director looked tired as she read the safety note aloud. A parent, a woman who worked as a vet assistant and arrived with dog hair on her coat, offered to recommend someone reliable. The teacher, who had moved from abroad and still mixed up a few words, kept the kids calm with a story. In the kitchen, they washed grapes, chopped lettuce, and checked a scraped knee that was already turning purple. A famous children’s author was scheduled to visit next week, and the posters were everywhere.",mixed
10433,"A pigeon fluttered into the warehouse and sent a few loose feathers drifting onto the pallets. The logistics lead, a woman who ran a dog-walking side business, waved it toward the open bay while she kept talking. The temp worker, who wore a badge from a local job program, tried to look unfazed even as the bird circled again. On a table nearby, someone assembled sandwiches and winced while stretching a sore wrist. A radio host chatted about a famous footballer’s transfer, and the speculation filled the gaps between tasks.",mixed
10433,"The farmer found aphids on the greenhouse leaves and muttered about how quickly they spread. His sister, a woman who handled the dogs on the property, brought water and tried to keep the animals from charging the fence line. A neighbor, who belonged to the same co-op, offered a natural spray recipe and promised to share supplies. They tasted cherry tomatoes straight off the vine, and the farmer rubbed his cracked knuckles after tying too many strings. In the evening, a famous TV gardener appeared on a rerun, smiling as if pests had never existed.",mixed
10433,"At the construction site, bees hovered around a soda can left open near the scaffolding. The project manager, a woman with a strong voice and a calm stare, told the crew to clean up before someone got stung. The electrician, who had joined the crew through a training program, nodded and moved the trash bag without complaint. For lunch, they ate melon and bread, and one worker flexed his jaw after biting down too hard on a seed. A billboard across the street featured a famous actor’s face, watching over the day like an oversized witness.",mixed
10433,"The office kitchen smelled like bananas and peanut butter, and fruit flies gathered near the sink. A team lead, a woman who brought her dog to obedience classes every week, set out traps and opened a window. The analyst, who always introduced himself by his full name and title, insisted the mess wasn’t his. Someone chopped celery for a salad and touched their lower back with a quiet groan. A celebrity interview played on a laptop, and the famous guest kept smiling through questions that sounded sharper than they should have.",mixed
10433,"The bus depot had a rat problem, but what bothered the drivers most were the roaches near the vending machines. A dispatcher, a woman with a small dog waiting at home, called the city and demanded a faster response. The senior driver, who wore a patch from his workers’ association, backed her up with a steady, practiced tone. In the break room, they shared cut-up pears and someone pressed a cold bottle to their swollen ankle. On the muted television, a famous politician shook hands with reporters, looking polished and untouched by grimy corners.",mixed
10433,"In the library’s storage room, silverfish flickered along the shelves where old flyers were stacked. A volunteer coordinator, a woman who also rescued dogs, told the group to move boxes carefully so nothing spilled. One helper, who had transferred from another branch, read the labels aloud to keep things organized. They paused to eat sliced bread with tomatoes and basil, and someone rubbed their eyes after staring at tiny print. A poster announced a talk by a famous historian, and the name alone seemed to pull people in.",mixed
10433,"The café owner discovered a nest of ants beneath the sugar jars right before the morning rush. A regular customer, a woman known for her work with therapy dogs, offered to walk the owner’s labrador while the cleanup happened. The cook, who had been hired through a community program, moved trays without being asked and kept the tone light. They made a quick batch of lemon bars, and the owner shook out her sore wrist after whisking too hard. On the screen above the counter, a famous musician’s documentary rolled, showing him pacing backstage in silence.",mixed
10433,"At the campsite cabins, mosquitoes poured in whenever the door opened after dusk. A guide, a woman who always talked about her dogs back home, handed out repellent and tried to keep everyone laughing. One guest, who wore matching shirts with his hiking group, complained loudly until another guest told him to cool it. Dinner was a stew with potatoes and herbs, and someone checked a blister on their heel with a wince. Later, they listened to a podcast about a famous explorer, and the story made the dark feel less empty.",mixed
10433,"A beetle skittered across the tiled floor of the museum’s back corridor, and a guard nudged it aside with his boot. The curator, a woman who seemed to know every visitor’s dog by name, rushed past with a clipboard and a tense smile. A donor, who had his family name on a plaque near the entrance, demanded to see the new exhibit early. At the reception table, they arranged figs and walnuts, and the curator rubbed her aching neck after hours of setup. When the doors opened, a famous artist walked in, and every camera in the room lifted at once.",mixed
10433,"The delivery driver noticed wasps around the porch light as he carried boxes to the front step. The homeowner, a woman with a dog leash slung over her shoulder, apologized for the clutter and promised to clear the area. Her cousin, who had been staying there since losing his job, offered to take the packages inside. She chopped onions for dinner and wiped a tear from the corner of her eye, blaming the fumes while her throat tightened. In the living room, a famous actor’s movie played, and the familiar face filled the quiet between them.",mixed
10433,"The warehouse cat brought in a moth and dropped it near the time clock like a gift. A supervisor, a woman who trained dogs for agility, shooed it away and told everyone to keep the doors closed. A worker, who belonged to a neighborhood volunteer group, joked that the cat deserved a raise. Someone sliced cucumbers and dill for sandwiches, then flexed a cramped hand after lifting too many crates. In the corner, a video of a famous comedian played on someone’s phone, and the laughter softened the last hour of the shift.",mixed
11664,"The camping table came folded in a flat box with a printed diagram on the side. The label listed aluminum legs, a laminated top, and a maximum load that sounded overly confident. He measured the width against the trunk opening, then tightened the screws by hand as instructed. After setting it up, he tested the lock mechanism twice before putting anything heavy on it.",single
11664,"The stainless-steel bottle claimed it held 750 milliliters and kept drinks cold for a full day. Its brushed finish felt slightly rough, and the cap had a silicone ring that looked easy to lose. She checked the height because it needed to fit in her bike cage, then rinsed it as the care note suggested. The first sip tasted faintly like metal, so she washed it again and let it air out overnight.",single
11664,"A wooden cutting board arrived wrapped in paper with a small card describing the grain and thickness. It said to oil the surface before the first use and avoid soaking it in water. He ran his palm across the edge and noticed a tiny splinter near one corner. After sanding it smooth, he wiped on oil until the board stopped drinking it in.",single
11664,"The desk lamp description mentioned a 10-watt LED, a flexible neck, and three brightness levels. The cord length was shorter than she expected, so she double-checked the dimensions listed online. A small sticker warned not to cover the vents during use. When she switched it on, the light was clean and even, and the base stayed cool.",single
11664,"The docstring explained that the function accepted a list of strings and an optional separator. It promised to return a single joined value, and the comment warned about empty inputs. He skimmed the parameter section twice, then tried a simple example to confirm the behavior. When the output matched the return description, he added a short note for future readers.",single
11664,"In the module header, a comment described why a cache was necessary for performance. The documentation listed each argument, marked which ones were required, and noted the default timeout. She traced the return value through the code and found a line explaining error cases in plain language. After that, the rest of the file read like it wanted to be maintained.",single
11664,"The API page showed a table of parameters with types and brief explanations. A line under it described the return structure, including what happened when validation failed. He followed an example request and compared it to the inline comments in the source. By the end, he understood which fields were safe to omit and which ones would break everything.",single
11664,"A block comment above the class said it was responsible for parsing configuration and raising a specific exception on errors. The constructor section documented each input, and a note explained the units for one numeric field. She checked the return annotation and saw it matched what the rest of the pipeline expected. When she refactored, she kept the same signature so the documented behavior stayed true.",single
11664,"They met outside the old concert hall just as the streetlights flickered on. The tickets said the doors opened at seven, but a line had already curled around the corner. Inside, the crowd shifted when the opening act started, and the bass made the floor feel alive. Afterward, they walked past the river and talked like the night had been a small holiday.",single
11664,"The train station smelled like wet coats and coffee, and the announcement board kept changing platforms. A winter market had taken over the square outside, with music drifting between the stalls. She bought a hot pastry and stood under a canopy while snow began to fall. When the fireworks started, the whole city seemed to look upward at once.",single
11664,"On the coastal path, the wind pushed hard enough to make them lean into it. A lighthouse flashed in the distance, and a small festival banner snapped against its rope. They reached the pier right as a local band began playing near the fish stalls. By the time they headed back, their cheeks were numb and they were still laughing.",single
11664,"The conference was held in a glass building by the canal, and the lobby echoed with hurried footsteps. Between sessions, she slipped outside and watched boats glide under the bridge. A speaker’s talk ended early, and people spilled into the courtyard as if released. Later, the closing reception filled the hall with quiet conversations and clinking glasses.",single
11664,"He browned onions in oil until they turned soft and sweet, then added garlic at the last minute so it wouldn’t burn. A pinch of cumin went in next, and the smell changed instantly. He poured in tomatoes and let the sauce simmer until it thickened, stirring whenever it threatened to stick. When he finally tasted it, he added salt slowly, stopping the moment it felt balanced.",single
11664,"She whisked eggs with a splash of milk, then grated cheese directly into the bowl. The pan had to be hot enough to sizzle, but not so hot that the edges went rubbery. She folded the omelet gently and let it rest for a minute on the plate. The first cut released steam, and she ate it standing by the stove.",single
11664,"He rinsed rice until the water ran almost clear, then left it to drain while he prepped everything else. In a separate pot, he warmed broth and kept it near a bare simmer. He stirred the rice steadily after adding liquid, letting it go glossy before the next ladle. When it reached that tender bite, he finished with butter and a squeeze of lemon.",single
11664,"She crushed crackers for the base, mixed them with melted butter, and pressed the crumbs into a pan until it felt compact. The filling came together slowly, cream cheese first, then sugar, then eggs one at a time. She baked it until the center still trembled slightly and refused to wait until it was fully cool. The slice wasn’t neat, but it tasted like she’d done it right.",single
11664,"He read a passage from a famous book about generosity, then closed it and looked at the quiet room. Outside, a luxury car rolled past a man sleeping under cardboard, and the contrast felt too sharp to ignore. Someone brought up a film where a scientist loses everything while chasing truth, and the discussion turned uneasy. By the end, he said faith wasn’t an excuse to look away, and nobody argued.",single
11664,"She watched a documentary about billionaires and felt a sour laugh rise in her throat. Later, at a small study group, they talked about a teaching that praised humility and warned against hoarding. A friend tried to defend the system with talk of innovation and science, but the numbers still felt brutal. When she went home, she added the book title to a list she keeps for nights when sleep won’t come.",single
11664,"During the lecture, the professor quoted a line from an old text about justice and then asked the room to define fairness. A student mentioned a movie where the rich live above the clouds while everyone else breathes smoke below. Another student argued that scientific progress eventually lifts everyone, but the examples landed unevenly. After class, they stood in the hallway, still debating as if the question had followed them out.",single
11664,"He listened to a podcast that compared ancient teachings with modern economics, and he didn’t know whether to feel comforted or accused. The host mentioned a bestselling book that framed inequality as a moral failure rather than a technical glitch. A caller insisted faith should stay private, while another insisted science alone couldn’t explain why people accept so little. When the episode ended, he sat in silence longer than he meant to.",single
11664,"The package contained a carbon-steel pan labeled 28 centimeters, along with a small note about seasoning and care. He pulled up the project README, where a function parameter was documented with clear types and a return description for error cases. That evening they walked to a crowded street market, guided by music from a nearby festival, and picked up herbs and tomatoes on the way home. While the onions softened in the pan, someone mentioned a film about wealth and belief, and the room turned thoughtful without anyone trying to win. After dinner, he wiped the pan dry, reread the usage instructions, and felt oddly satisfied by the order of it all.",mixed
11664,"She compared two backpacks by weight, fabric, and strap length, then smiled at the tiny care symbols printed inside. On her laptop, a block comment explained the parameters for a helper function and what it returned when the network failed. They took the train to a seaside town for a weekend event, arriving just as a parade turned the main street into noise and color. Back at the rental, she followed a recipe for a simple stew, tasting and adjusting until it felt warm enough for the weather. Over bowls of food, they argued gently about a book that blended faith, science, and the ethics of extreme wealth.",mixed
11664,"The new chair listing described the frame material, seat depth, and a maximum load that sounded like a dare. In the codebase, the documentation for a method listed each argument and warned about edge cases in a short, blunt comment. They carried the chair to a community hall hosting a local talk, and the building buzzed like a small landmark for the night. Someone cooked flatbreads in the kitchen, following a handwritten recipe that involved more intuition than measurements. During the Q&A, a speaker referenced a movie about inequality and asked whether belief or science changes anything for the people left behind.",mixed
11664,"A glass kettle arrived with a note saying it held 1.7 liters and should not be heated empty. He opened the developer guide and found a section describing function parameters, return values, and an example that finally made the error handling click. They met friends in the city center where an outdoor concert had filled the square, and the crowd moved as if it had rehearsed. Later in the apartment, he followed a recipe for lemon tea and a quick cake, timing the steps with more care than usual. Someone brought up a famous teaching about greed, and the conversation drifted between faith, science, and the price of comfort.",mixed
11664,"The tent stakes were labeled with length and material, and the instructions insisted on a specific angle for soft ground. She added a docstring to a utility function, spelling out the parameters and what the return looked like on success and failure. They drove to a lakeside campground during a holiday weekend, only to find an improvised festival with lanterns and a band playing near the water. Dinner was a pot of rice cooked with broth and herbs, guided by a recipe someone remembered from home. Around the fire, a friend mentioned a book about wealth and morality, and the debate stayed respectful but intense.",mixed
11664,"He checked the watch specifications twice: case diameter, strap width, and water resistance in numbers that felt oddly personal. In the repository, a comment described why a certain parameter default existed, and the return type was spelled out like a promise. They wore the watches to a museum opening across town, where the location itself felt like part of the event. Afterward, they cooked pasta by following a recipe scribbled on a torn page, tasting for salt the way everyone argues about. Over dessert, someone referenced a film about rich enclaves and asked whether faith or science can soften the divide.",mixed
11664,"The new shelving unit listed plywood thickness, bracket spacing, and a warning about anchoring it to the wall. Her terminal showed generated documentation for an endpoint, including parameters and return fields that matched the code at last. They installed the shelves before heading to a winter market in the old square, where lights hung above the stalls like a ceiling of stars. At home, she followed a recipe for spiced soup, stirring until the aroma felt like a blanket. While they ate, a friend quoted a famous book about generosity, and the talk slid toward inequality without anyone forcing it.",mixed
11664,"The box for the power bank promised 20,000 mAh, listed the ports, and included a small sheet about proper charging. He read an internal wiki page that documented function parameters and return values, then added a comment to clarify a confusing edge case. They went to a late screening at a small cinema downtown, an event that drew a line out the door despite the cold. Afterward, they made toasted sandwiches by following a recipe that was really just habit and timing. On the walk home, they discussed a teaching about wealth and humility, and even the science-minded friend didn’t dismiss it.",mixed
11664,"She bought a knife set that advertised blade steel, handle material, and lengths down to the millimeter. In her editor, a docstring laid out each parameter of a parsing function and what it would return under malformed input. They took the metro to a neighborhood street fair, where a stage had been set up between buildings like a temporary landmark. Back in the kitchen, she followed a recipe for roasted vegetables, checking doneness by smell more than the clock. Over dinner, they talked about a bestselling book on inequality and whether faith or science offers anything beyond explanation.",mixed
11664,"The instruction card for the humidifier listed tank volume, filter type, and a warning about essential oils. In the code review, a teammate asked for clearer documentation of parameters and return values, so he rewrote the comment to match reality. They attended a lecture at a downtown theater, and the location buzzed with the kind of crowd that turns an evening into an event. At home, he cooked eggs and greens using a recipe his grandmother taught him, adjusting heat by instinct. The talk afterward circled a movie about wealth and belief, and nobody pretended the answers were simple.",mixed
11664,"A pair of hiking boots came with specifications on waterproofing, sole compound, and sizing notes that suggested trying them indoors first. The service guide documented an endpoint’s parameters and described the return payload with a short example. They traveled to a coastal trail for a charity walk, and the event filled the parking lot with chatter and thermoses. That night, they followed a recipe for rice cooked with lemon and herbs, eating straight from bowls while drying gear near the heater. Someone mentioned a famous teaching about caring for the poor, and the group argued about whether science and policy can live up to it.",mixed
11664,"The coffee grinder listing highlighted burr material, hopper capacity, and the exact height in centimeters. He read the library documentation, checked the parameters, and noted the return type before using it in a small script. They met at a riverfront venue for a friend’s album release, and the location felt brighter than usual under stage lights. After the show, they made a quick dessert from a recipe that required constant stirring and patience. The conversation shifted to a book that criticized extreme wealth, and someone tried to counter with faith while another leaned on science, each sounding sincere.",mixed
11664,"She unpacked a yoga mat that specified thickness, surface texture, and cleaning instructions in tiny print. In the project docs, a comment explained a parameter that controlled retries and a return value that carried failure details. They went to a community center for a weekend workshop, and the event had the energy of a reunion for people who’d never met. Later, she cooked lentils from a recipe that started with onions and ended with lemon, tasting until it felt complete. Someone quoted a movie about inequality and asked whether belief or scientific progress changes the daily math for everyone else.",mixed
11664,"The speaker system claimed a certain wattage and frequency range, and the manual suggested where to place it in a room. In the code, the function header documented each parameter, and the return section described what happened when the device wasn’t found. They took the system to a rooftop gathering where a DJ set turned the location into a temporary landmark. After midnight, they followed a recipe for spicy noodles, chopping herbs with sleepy precision. The talk drifted to a famous book about morality and money, and the debate touched faith and science without turning into a fight.",mixed
11664,"He assembled a bike rack that listed tube diameter and clamp torque in clear numbers. On his laptop, a docstring described function parameters and return values for a route-planning tool he was testing. They rode to a city park hosting an outdoor film night, and the event drew blankets and laughter across the grass. Back home, he followed a recipe for tomato soup, stirring until it thickened the way he liked. Over bowls, they discussed a teaching about greed, and the most skeptical friend still admitted the wealth gap felt wrong.",mixed
11664,"The paint can stated coverage per liter, drying time, and a note about ventilation that felt like common sense until you smelled it. In the repository, the documentation for a helper function listed parameters and promised a specific return shape that made integration easier. They painted the walls before heading to a gallery opening in an old warehouse district, where the location itself was part of the draw. Later, they cooked a simple meal from a recipe that used garlic, herbs, and whatever vegetables were left. A friend brought up a film about the rich escaping consequences, and the talk mixed faith, science, and anger in equal parts.",mixed
11664,"She chose a stainless mixing bowl set based on diameter, depth, and a note about dishwasher safety. He reviewed a page of software documentation that broke down parameters, return values, and a cautionary comment about null inputs. They walked to the town square for a holiday concert, and the event made the cold feel like a shared joke. At home, they followed a recipe for cinnamon bread, waiting for the rise with impatience and hope. Over warm slices, they talked about a book on inequality and whether faith or science changes how people justify having so much.",mixed
11664,"The label on the sleeping bag listed temperature rating, fill weight, and a warning to store it uncompressed. In the code, a comment described what a parameter meant, and the return section explained why errors surfaced as structured data. They arrived at a lakeside cabin where a small festival had set up lanterns and live music by the dock. Dinner came from a recipe for creamy risotto, stirred slowly while everyone told stories. When the topic shifted to wealth and belief, a friend quoted a famous teaching and another referenced a science book, and both sounded worried.",mixed
11664,"He examined a set of measuring cups that advertised etched markings, handle length, and stack height. The API documentation he used spelled out parameters and return values with examples that prevented a mistake. They met at a theater downtown for a live interview event, and the location felt charged before anyone spoke. Afterward, they cooked a quick curry using a recipe that started with onions and ended with careful seasoning. On the ride home, they debated a movie about economic divides, and the talk kept circling faith and science like two different languages describing the same ache.",mixed
11664,"The floor fan box listed blade diameter, noise level, and a short warning about placing it on a flat surface. In a markdown file, the team documented parameters for a function and clarified the return value in a single, sharp comment. They took the fan to a crowded rehearsal space across town, where a small event was turning into a bigger one as people arrived. Back home, they followed a recipe for scrambled eggs and herbs, eating quickly before sleep could win. Someone mentioned a book about wealth and morality, and the room went quiet in the way that means the topic will return.",mixed
13722,"On Sunday I packed a lunch that was mostly beans, roasted vegetables, and an apple, because it keeps me full without any fuss. At the market I skipped the plastic-wrapped snacks and bought loose produce, carrying everything home in a cloth bag. Back in my apartment I cleared the counter so only a cutting board and one pan were out. Dinner was simple and quiet, and I felt oddly lighter with fewer things and less waste around me.",single
13722,"After a long week I decided to cook at home instead of ordering takeout, so I made a big pot of lentil stew and portioned it for two days. I read the labels on what I already had and put the overly processed stuff in a donation box. The grocery trip took five minutes because I stuck to staples and skipped the flashy aisle displays. Later I walked to the park with a thermos and enjoyed not buying anything at all.",single
13722,"My roommate wanted to buy new décor, but we agreed to first see what we could do with what we already owned. We reorganized the shelves, recycled a pile of old packaging, and set a small bin aside for compost. For dinner we tried a salad with grains and seasonal greens instead of a meat-heavy meal. The place looked calmer, and we didn’t end the night with extra trash.",single
13722,"At the community meeting, the organizer explained that the new fund would back projects that protect local waterways and expand after-school programs. A mentor described scholarships aimed at keeping girls in school through secondary education. The pitch wasn’t flashy; it focused on long-term stability and healthier neighborhoods. I left with a brochure and a note to move part of my monthly savings into the program’s portfolio.",single
13722,"Our office volunteer group reviewed a proposal that pairs clean-cookstove distribution with job training in rural villages. The plan reserved seats for women in every training cohort and offered childcare during classes. Instead of donating randomly, we committed to a structured investment that measures outcomes over several years. When the call ended, I felt like the money had a clear path to something durable.",single
13722,"A friend forwarded a report about a cooperative that finances small solar kiosks while funding literacy classes nearby. The project’s budget included stipends for young women who mentor girls after school. The returns were modest, but the structure made it easy to see where the funds would go each quarter. I signed up for the monthly contribution and set a reminder to read the impact updates.",single
13722,"During the building tour, the engineer pointed out the thick insulation and triple-pane windows that cut heating demand in winter. In the mechanical room, a heat pump system replaced an older gas setup, and sensors adjusted airflow based on occupancy. The contractor showed a certification plaque and explained what it required to earn it. Standing in the hallway, I could feel how steady the temperature stayed without blasting the vents.",single
13722,"My landlord asked if energy upgrades were worth it, so I compared two retrofit packages for the same apartment block. One option added airtight sealing, high-efficiency ventilation, and smart thermostats tied to room use. The supplier included documentation for a recognized green certification and listed the warranty and maintenance schedule. When we reviewed the numbers, the lower utility bills finally made the decision feel obvious.",single
13722,"At the hardware store I looked at LED fixtures labeled for low wattage and long lifespan, hoping to reduce both heat and power draw. The salesperson mentioned that the model was designed for green renovations and had testing certificates attached to the spec sheet. Back home, the new lights made the kitchen brighter without the old buzzing. The meter reading that night was noticeably lower than usual.",single
13722,"The tea box listed the ingredients in plain language and noted that the leaves were sourced from a single region. It also warned to steep for no more than three minutes to avoid bitterness. I checked the storage instructions because I always forget whether it should be kept in a cool place after opening. After following the steps, the flavor came out exactly like the description promised.",single
13722,"When I bought a jar of pasta sauce, I read the label to confirm it was made with tomatoes, olive oil, and herbs rather than a long list of additives. The back panel stated the origin of the tomatoes and how the batch was processed. It also included a note to refrigerate within two hours and use within three days. That small block of text saved me from guessing later.",single
13722,The skincare bottle had a chart showing the main compounds and their concentration ranges. It specified that the product was manufactured in Sweden and included directions to patch-test before applying to the full face. I noticed the warning about avoiding direct sunlight right after use. Following the instructions kept my skin calm instead of irritated.,single
13722,"At the airport I compared train schedules and rideshare prices, trying to choose the easiest way into the city after a late arrival. The transit app showed a direct metro line, but the shuttle promised door-to-door service if I booked ahead. I picked the metro because it was simple, frequent, and didn’t require a reservation. By the time I reached the hotel, I was glad I’d chosen the option with the fewest steps.",single
13722,"For a weekend trip I debated whether to rent a car, take a coach, or bike between towns along the coast. The rental was flexible but pricey, and the coach was cheap but limited to fixed times. I ended up mixing trains and a short bike rental because it made the routes straightforward. The whole plan felt smoother once I stopped chasing the perfect option and focused on convenience.",single
13722,"My sister wanted to ship a heavy box, so we compared services that promised different delivery speeds and pickup methods. One company offered a locker drop-off, another scheduled a home pickup, and the third had the best tracking. We chose the pickup service because it saved time and avoided carrying the box across town. The receipt spelled out the delivery window and the support number if anything went wrong.",single
13722,"I started the day with oatmeal and a banana, then packed leftovers in a reusable container so I wouldn’t buy lunch in disposable packaging. On the way to work I listened to a short briefing about a fund that finances clean water systems while paying for tutoring programs that keep girls in school. At lunch I read the back of a snack bar wrapper, noticing the ingredient list and the note about where the cocoa was sourced. Later, a colleague showed me a certified retrofit plan for our building that swaps in efficient ventilation and low-energy lighting. After work I chose the tram over a taxi because it was the simplest trip home and didn’t add another car to the street.",mixed
13722,"At the market I chose loose apples and a simple loaf instead of heavily packaged foods, then walked home with everything in one bag. While cooking, I opened a newsletter about an investment vehicle supporting community development and education programs focused on women and girls. In the afternoon I toured a green renovation site where the contractor highlighted efficiency upgrades and the certification paperwork. Before leaving, I checked a product label to confirm the composition and usage instructions, since I’m picky about what I bring into my kitchen. For the evening meetup across town, I picked the metro because it was quick and didn’t require any planning.",mixed
13722,"My friend hosted a dinner where everyone brought something simple, and the table filled up with grains, vegetables, and homemade bread. Between courses she explained how her savings are split into a portfolio that backs sustainable projects and scholarships for girls. After dessert we walked through her apartment building’s lobby where new windows and a heat pump had earned a formal efficiency rating. She handed me a small tin of tea and pointed out the origin statement and steeping directions on the label. When it got late, we compared buses and bike rentals and chose the option that got me home with the least hassle.",mixed
13722,"I cleaned out my pantry and realized how many items I’d bought without checking what was inside, so I started reading ingredient lists more carefully. During my break I watched a short talk about financing renewable infrastructure alongside programs that expand education for women and girls. In the evening I attended a workshop on energy-efficient retrofits where the speaker explained certifications tied to green building products. On the way out I studied a brochure that listed materials, where they come from, and how to use them safely. I caught the train instead of driving because it was the simplest travel choice for the route.",mixed
13722,"At work we planned a small corporate contribution and debated whether to donate once or invest over time in sustainable development projects that track results. The program included funding for local environmental work and education initiatives that prioritize women and girls. Later I met a contractor who walked me through energy-efficiency upgrades and showed documentation for the green standards they met. I also reviewed a product sheet that spelled out composition, origin, and handling instructions so there wouldn’t be surprises after installation. To get to the site visit, I chose a shared shuttle because it was easier than figuring out parking downtown.",mixed
13722,"I cooked a quick dinner from basic ingredients and tried not to buy anything new that I didn’t truly need. After eating I joined a webinar about impact investing that channels capital into environmental projects and school programs for girls. The presenter interviewed an architect who described new materials that reduce energy use and come with formal certifications. During the Q&A someone asked about a specific product, and the answer referenced its composition, where it was made, and the exact usage steps on the label. When the call ended, I booked a train ticket for next week because it was the easiest travel option on that route.",mixed
13722,"My neighbor invited me to a community garden workday, and I brought a simple lunch to avoid buying packaged snacks. Over a break she told me about putting money into a fund that supports sustainable development and education opportunities for women and girls. A volunteer coordinator then gave a tour of the new clubhouse, explaining how the insulation and ventilation upgrades improved energy efficiency and met a green certification requirement. Before we packed up, someone handed out compostable soap samples with labels listing ingredients, origin, and clear instructions for use. I rode the bus home because it was the simplest transportation choice with muddy shoes and tired legs.",mixed
13722,"I was shopping for a new jacket and tried to keep the purchase practical, choosing one durable piece instead of three trendy ones. While waiting at the register, I read a flyer about a program that invests in environmental infrastructure and funds education initiatives aimed at girls. On the walk back I passed a construction site where signs advertised energy-efficient design features and a certification goal for the finished building. At home the jacket’s tag listed the fabric composition, the country of manufacture, and the washing instructions in detail. Later I planned a weekend visit and picked the train because it was the easiest route with minimal transfers.",mixed
13722,"During a housewarming party, the host served a simple spread of vegetables and homemade soup, proud of keeping the meal low-waste. Conversation shifted to a savings plan that directs money into sustainable development projects and school support programs for women and girls. Someone from the building committee described a recent upgrade that improved energy efficiency, including certified materials and documented performance targets. A guest pulled out a new coffee blend and read aloud the origin note and brewing instructions printed on the bag. When it was time to leave, we chose a shared ride option that made the trip straightforward without juggling schedules.",mixed
13722,"I started a travel journal and decided to keep the trip light, packing only what I’d actually use. At breakfast in the hostel kitchen I read a label on a local yogurt that listed ingredients, origin, and storage instructions. Later I met a guide who talked about a regional investment program funding environmental protection and education projects that focus on women and girls. In the afternoon we toured a museum built with efficiency features, and the guide mentioned the certifications tied to its green construction. That evening I chose the tram over a taxi because it was the simplest option and didn’t require negotiating a fare.",mixed
13722,My friend and I cleaned up after dinner and joked about how satisfying it is to own fewer things and waste less. She then showed me her monthly transfer into a sustainable fund that supports community development and education programs for women and girls. The next day we visited an open house where the builder explained energy-saving upgrades and displayed certificates for the materials used. In the entryway I checked a sealant tube’s label to confirm what it contained and how it should be applied safely. We got to the open house by taking a bus line that made the trip easy with no parking headaches.,mixed
13722,"I switched my lunch routine to simple meals I can pack myself, which cut down on both spending and trash. A podcast on my commute featured an interview about investing in sustainable development and expanding education for women and girls in underserved regions. At the office, facilities shared plans for energy-efficiency improvements and highlighted products that meet green standards with certifications attached. After the meeting I double-checked a supplier sheet that listed composition details, where the materials originate, and step-by-step usage instructions. For an evening appointment across town, I chose the metro because it was the easiest way to get there on time.",mixed
13722,"On a rainy afternoon I organized my cupboards and set aside anything I hadn’t used all year. I warmed up a bowl of simple soup and felt fine skipping a shopping trip. While eating I read an impact report about investments that fund environmental projects and education pathways for women and girls. Later I compared two building upgrade proposals that emphasized energy efficiency and included certification documents for the chosen systems. Before ordering supplies, I reviewed the product specs to confirm ingredients, origin notes, and the proper usage instructions so the contractor wouldn’t improvise.",mixed
13722,"I met a colleague at a café and chose something simple, trying to keep my routine minimal and low-waste. She told me she’d moved part of her savings into an initiative that finances sustainable projects and supports education programs for women and girls. Outside, we walked past a renovated building where a plaque described energy-efficiency innovations and a recognized certification. At home I inspected a new pantry item, reading the composition and origin details along with storage instructions. For the evening event downtown, I picked the train because it was the easiest option and spared me the stress of traffic.",mixed
1374,"The quarterly report said the company’s revenue rose 12% compared with the same period last year. In the same paragraph, it noted that operating costs fell 4% after switching suppliers. I highlighted both numbers because the trend matters more than the absolute figures. When I shared the summary, everyone asked whether those percentage changes were expected or unusually large.",single
1374,"A public health briefing stated that the vaccination rate reached 78% in the target group, up from 65% a year earlier. The slide right after that mentioned a 9% drop in hospital admissions during the same window. I wrote the percentages down because they were the clearest way to track progress. Later, I compared them with last month’s figures to see if the changes held steady.",single
1374,"The news article said poverty fell to 11% in the region after a new benefits policy expanded eligibility. In the business section of the same paper, a headline mentioned a stock sliding 6% after a disappointing forecast. I noticed how both stories leaned on percentages to make the movement feel immediate. By the time I finished reading, those small symbols were what I remembered most.",single
1374,"In the budget meeting, I asked what share of the total spend was going to cloud services. The finance lead said it was 22% of the yearly budget, and that number explained why the invoices looked so heavy. We then calculated how much was left for staff training and travel. Once the shares were clear, the rest of the discussion stopped feeling like guesswork.",single
1374,"Our class survey had 250 responses, and the instructor wanted the results expressed as parts of a whole. She said 40% preferred the morning slot, 35% wanted afternoons, and the rest didn’t care. Seeing the shares made it easy to understand the split without staring at raw counts. When we repeated the survey later, we could compare the proportions directly.",single
1374,"I was splitting costs for a trip and needed to show everyone’s portion of the final bill. One friend covered 50% because he booked the hotel, while the rest of us divided the remaining half. Putting the shares in percentages kept the message clear and avoided awkward back-and-forth. No one argued once the totals matched the stated proportions.",single
1374,"The store sign promised 30% off winter coats, so I pulled out my phone and did the quick math before trying anything on. A smaller tag below said an extra 10% deal applied if I joined the loyalty program. At checkout the clerk repeated the discount and the final amount matched what I expected. Walking out, the words ""save"" and ""off"" felt more persuasive than the coat itself.",single
1374,"I got an email that read ""Save 15% today"" and included a timer counting down to midnight. The offer sounded generous until I remembered the item was already marked up last week. I applied the code anyway and watched the total drop by the promised percentage. It still wasn’t a bargain, but the discount language made it feel like one.",single
1374,"The café offered a lunch deal: 20% off any sandwich if you ordered before noon. I placed my order at 11:55 and asked the cashier to confirm the discount was applied. The receipt showed the reduced price and a line noting the percentage saved. It was a small win, but it changed where I chose to eat.",single
1374,"The clinic pamphlet said that quitting smoking can reduce heart disease risk by about 50% over time. Another line mentioned a 7% improvement in lung function after a specific rehabilitation program. I didn’t focus on the medical jargon; the percentages told the story quickly. When I got home, I showed the leaflet to my father and we talked about what those numbers might mean for him.",single
1374,"My fitness app estimated that my body fat dropped from 18% to 16% over two months. The graph looked dramatic, but the percentage change helped me keep it in perspective. I also noticed that my resting heart rate improved by a few beats, even if the app didn’t convert it into a percent. The next week I checked again, hoping the trend would continue.",single
1374,"A nutrition label claimed the yogurt had 0% added sugar, and I double-checked the ingredients to see what that really meant. The package also listed daily value percentages for calcium and protein. Those numbers helped me compare it with another brand without reading every line. I chose the one that fit my goals, even if the taste was only okay.",single
1374,"In a news roundup, the anchor said unemployment held at 5% while inflation slowed to 2% year over year. The segment jumped to a personal story about a family budgeting after a 12% rent increase. Hearing the percentages back-to-back made the shift from national stats to everyday life feel abrupt. I turned off the TV still thinking about how a small number can carry so much weight.",single
1374,"My friend posted about losing 8% of his portfolio in a single day and wrote that it felt like being punched in the stomach. In the comments someone replied that the market had recovered 3% by the next morning. The story wasn’t technical, but the percentages made the swings easy to picture. I sent him a message reminding him that short-term drops don’t always define the year.",single
1374,"The article said the product launch lifted sales by 14%, but the next sentence warned that returns also rose by 5%. Then a sidebar mentioned that a separate region saw only a 2% gain because shipping delays hit demand. I liked how the piece used percentages to compare places without drowning in raw numbers. By the end, I had a clear sense of what grew and what lagged.",single
1374,"The company memo reported that subscriptions grew 12% while churn fell 2% this quarter, and the stock moved up 5% on the news. In the same meeting, finance clarified that cloud spend was 28% of our total budget, which explained why cost control was urgent. Marketing then flashed a banner for a seasonal deal promising 20% off if customers used a ""save"" code at checkout. After lunch I read a health bulletin that cited a 15% drop in flu cases among vaccinated groups. On my way home, a news alert mentioned inflation at 3% and I caught myself comparing that statistic to my own rising grocery bill.",mixed
1374,"A morning newsletter said the index was up 4% and highlighted a retailer whose shares fell 7% after earnings. In a separate chart, the analyst broke down expenses and showed that 30% of the budget went to logistics. Later I opened a shopping app that advertised ""Save 25%"" and tagged the offer as a limited-time deal. At lunch my friend mentioned his doctor said his cholesterol improved by 10% after changing his diet. That night I watched a local segment where a reporter cited a 6% drop in crime and interviewed residents about how it felt on their street.",mixed
1374,"During the webinar, the presenter said revenue grew 9% and pointed to a slide showing that 18% of customers accounted for most repeat purchases. Right after that, a pop-up ad offered 15% off with a code and used the word ""deal"" in huge letters. I muted the tab and checked a health article that claimed a 40% reduction in risk for people who follow the program consistently. When I returned, the speaker was discussing how a 3% shift in market share can change strategy. Later, the recap email summarized everything with percentages that stuck in my head more than the explanations.",mixed
1374,"The headline said unemployment was 5%, but the story also noted that wages rose 2% and rent jumped 11% in the same city. In the middle of the article, a chart showed that housing made up 34% of the typical household budget. A sidebar advertisement promised 20% off and urged readers to ""save"" money before the weekend ended. After dinner my sister told me her doctor said her recovery rate improved by 12% after physical therapy. The piece closed with a quote from a resident, and I realized the percentages had framed the entire narrative.",mixed
1374,"At the store, a sign shouted 30% off, and the cashier added that I could save another 5% if I used their card. While waiting, I checked the market app and saw a stock down 6% on the day. A notification from my bank summarized my spending and said food was 27% of my monthly total. On the train, I read a health report noting a 10% rise in anxiety symptoms among students this year. By the time I got home, every update I’d seen was expressed as a percentage.",mixed
1374,"My manager opened the meeting by saying costs were up 8% and asked what share of the budget we could cut without breaking operations. Someone answered that software licensing was 19% of the total, which sparked a debate about alternatives. During the break I saw an email offering 25% off with the subject line ""Save big today."" After work I looked up a study reporting a 14% decrease in injuries after a new safety protocol. Later, the evening news mentioned inflation at 3% and I compared it to my own rent increase.",mixed
1374,"A sports shop advertised a weekend deal with 20% off, but the fine print capped the discount after a certain amount. I walked out and checked a finance article that said the company’s stock rose 6% after a buyback announcement. At home I reviewed a family budget spreadsheet and noticed transportation had become 16% of our total spending. My friend then sent a message about a 9% drop in his blood pressure after changing his routine. The mix of discount language, market movement, and health stats made the day feel strangely quantified.",mixed
1374,"In the article about the election, the reporter noted that turnout reached 72% and compared it with 68% in the previous cycle. A separate graphic broke down where donations came from and showed one group contributing 35% of the total. While scrolling, I got an ad promising 15% off and calling it a ""deal"" for readers. Later I read a medical brief that cited a 20% reduction in complications with earlier screening. In my group chat, someone joked that they were saving 10% on groceries by switching stores, and the numbers kept piling up.",mixed
1374,"The monthly statement said my investment account gained 5%, but a note warned that one holding had dropped 12% in a single week. I tried to calm down by looking at the portfolio breakdown, where bonds were only 18% of the total. Then an online store tempted me with ""Save 30%"" on headphones, which felt tone-deaf next to the market dip. At dinner my cousin mentioned a study claiming a 25% reduction in headaches after better sleep habits. Before bed I read a local report saying unemployment fell 1% and wondered why tiny shifts can feel so dramatic.",mixed
1374,"A chart in the presentation showed that 40% of users came from mobile while desktop made up the rest, and the team nodded like it explained everything. Another slide reported a 7% increase in conversions after the redesign. When I stepped out, my phone flashed a coupon offering 20% off and using the word ""save"" three times. In the elevator, a podcast mentioned a 15% drop in flu cases this season. By the end of the day, every claim I’d encountered came packaged as a percentage.",mixed
1374,"The morning radio said inflation slowed to 2%, but a caller complained that groceries felt 10% more expensive anyway. At work we discussed how marketing made up 22% of our budget and whether that share should shrink. On my lunch break I saw an ad offering 25% off with a ""deal"" code and almost clicked out of habit. Later I read a fitness article claiming a 30% improvement in endurance after a structured plan. That evening a market update said the index fell 3%, and the numbers blended into one long soundtrack.",mixed
1374,"I opened the news app and saw a headline about a 6% rise in housing costs, followed by a business note about a stock gaining 4%. A feature article broke down household spending and said utilities were 13% of the average budget. When I scrolled further, a banner offered 20% off and urged me to ""save"" before the sale ended. In the afternoon my doctor messaged that my test results showed a 9% improvement from last time. By dinner I felt like every part of life was being measured in percentages.",mixed
1374,"Our team chat celebrated a 10% increase in sign-ups, but finance replied that refunds also rose 3% and needed attention. The analyst then showed that a small segment accounted for 25% of total revenue, which changed how we talked about priorities. While the debate continued, I got a push notification advertising 30% off and calling it a limited-time ""deal."" After work I read a health summary reporting a 12% reduction in symptoms for patients on the new treatment. On the commute home, a news alert said the market dropped 2% and I felt numb to the format.",mixed
1374,"The article said the charity reached 90% of its fundraising goal, and another line explained that one donor group provided 45% of the total. A pop-up ad tried to sell me shoes with 20% off and the word ""save"" in bright letters. In the comment section, someone mentioned their salary rose 5% while their rent rose 12%, and the thread turned into personal math. Later I read a medical update noting a 16% decline in complications after a policy change at the hospital. I closed the tab thinking about how the same symbol can describe both hope and stress.",mixed
15809,"The interviewer leaned forward and asked why I left my last job. I answered with a short story about a project that changed direction halfway through. She followed up with another question about what I would do differently next time. I paused, then gave a clear answer instead of trying to sound impressive. By the end, the exchange felt like a steady rhythm of asking and responding.",single
15809,"At the help desk window, the woman asked whether her account had been charged twice. The agent answered by checking the last two payments and explaining what each one covered. She asked if the refund would happen automatically or if she needed to submit anything. He answered again, this time more slowly, so she could repeat it back. When she finally nodded, the tension in her shoulders dropped.",single
15809,"During the seminar, someone raised a hand and asked how the result could be trusted. The presenter answered by walking through what was done and what was not done. Another person asked a sharper question about what would happen if one assumption failed. The presenter answered without dodging, even admitting one weak spot. The room stayed quiet in the way it does when people feel heard.",single
15809,"My little cousin kept asking questions in the car, one after another. I answered the first few patiently, then started turning them back to him to see what he thought. He asked what happens when clouds get heavy, and I answered with the simplest words I could manage. He asked if lightning can hit the same place twice, and I answered with a story our teacher once told. By the time we reached home, he was still searching for the next question.",single
15809,"The tailor wrapped a tape around my chest and said the jacket needed two centimeters added. She measured the sleeve from shoulder to wrist and wrote down sixty-three centimeters in a small notebook. When I stood on the platform, she checked the trouser break and asked me not to move. She pinched the fabric at my waist and noted that it should come in by one and a half centimeters. The whole fitting felt like math done with fingers.",single
15809,"In the workshop, I cut the plank to one meter and twenty centimeters, then checked the edge with a square. The instructions called for a hole drilled eight millimeters wide, so I swapped to the right bit. I held the ruler against the mark and realized I was off by three millimeters. After trimming it again, the piece finally matched the required size. The measurements mattered more than the sawdust everywhere.",single
15809,"The lab scale flickered before settling on 2.35 grams. I poured the powder into a vial and topped it with ten milliliters of solvent. The protocol said to keep the sample at 37 degrees for fifteen minutes, so I set the timer and watched it count down. When the reading drifted, I adjusted the volume by a single milliliter. Tiny numbers controlled the entire routine.",single
15809,"I filled the pot with 1.5 liters of water and waited for a rolling boil. The recipe wanted 200 grams of pasta and a spoon of salt, so I weighed everything out instead of guessing. After eight minutes, I tasted a piece and decided it needed one more. I drained it, then stirred in 30 grams of butter until it melted. Dinner depended on the exact amounts.",single
15809,"The itinerary note read: Copenhagen, 07:30, Platform 4, then a line break. Under it, another entry listed Aalborg, 10:12, and a short reminder about the ticket. I copied the text into my calendar and kept the commas exactly as written. A later line mentioned Gate B / Row 12, which I underlined so I would notice it. The whole snippet looked like travel made out of timestamps and place names.",single
15809,"On the notice board, the schedule was written as short fragments separated by commas and dashes. It started with a street name, then a time, then a brief location tag on the next line. I reread the entry twice because one slash changed which building it referred to. After that, I highlighted the time window so I would not confuse it with the date below. The formatting carried as much meaning as the words.",single
15809,"The excerpt in the report listed coordinates with punctuation dividing each part. A city name appeared, then a colon, then a time stamp that looked like it came from a log. I traced the separators with my fingertip to keep the segments from blurring together. Later, another line used a comma to break the phrase into two places and one hour. It felt like reading directions encoded in tiny marks.",single
15809,"The chat transcript was full of short entries separated by commas, with times tucked into the corners of each line. One message ended with a slash that changed the tone, like it was quoting a label rather than speaking normally. I scrolled back to see the earlier location mention and noticed the same punctuation pattern repeating. When I copied the snippet into my notes, I preserved every separator. The structure made it easier to parse at a glance.",single
15809,"The form asked for a username and a password, separated by a slash on the printed sample. I hesitated at the line that said yes/no because the bar between the words looked almost like a divider in code. Later, the instructions used commas to stack conditions in a single sentence. An asterisk sat beside a phrase and made it feel like an exception. Even without special jargon, the symbols shaped how I read it.",single
15809,"In the spreadsheet cell, I typed a formula with plus signs and an equal sign, then checked whether it returned the expected value. The next step used a slash to convert minutes into hours, and the result changed immediately. I added a comma in the right place so the arguments stayed separate. When I swapped an and for an or in a note, the meaning flipped in a way that surprised me. Punctuation and connectors steered the whole calculation.",single
15809,"He said he would come today or tomorrow, and I wrote it down exactly as he spoke. The sentence kept shifting because one comma made it sound final and another made it sound tentative. When I replaced and with or, the promise felt less certain. A stray period ended the thought too early, so I joined the parts again. Small separators carried the weight of the decision.",single
15809,"The instructions on the box were packed with commas, slashes, and a few plus signs that looked like shortcuts. I followed the line that joined two steps with and, then noticed another that offered an or instead. A single dash separated the warning from the rest of the sentence, making it stand out. When I copied it into my notebook, I kept every mark because changing one altered the meaning. The symbols acted like traffic signals in the text.",single
15809,"The shopping note had apples, oats, and yogurt written in one line. I added olive oil and bread, then tucked a small word between them so it read naturally. At the store, I walked through the aisles in order, picking items from the list as I went. A quick stop at the pharmacy came after the bakery, just as the note said. The separators kept the errands from turning into a mess.",single
15809,"For the hike, I packed water, a rain jacket, and a headlamp, then checked the pocket for keys. I tucked a map into the side sleeve and slid snacks into the top compartment. On the trail, I kept moving past the lake and up the ridge, following the signposts. At the lookout, I sat on a rock and ate a sandwich with cold hands. The simple joining words made the plan feel orderly.",single
15809,"The recipe card said to chop onions and garlic, then warm oil in a pan. I stirred the mixture with a wooden spoon and watched it turn glossy. After that, I poured in tomatoes and let everything simmer under a lid. A note at the bottom mentioned serving it with rice or bread. The short connectors made the steps flow without confusion.",single
15809,"The museum route suggested starting at the entrance and walking through the left gallery. From there, it directed visitors to the courtyard, then back into the central hall. I followed the path past the statues and into a quieter room with sketches. At the end, a small sign pointed toward the café by the windows. The tiny joining words turned a building into a sequence.",single
15809,"At 06:45 in Copenhagen, I opened the app and saw a question about seat selection, so I answered it before boarding. The ticket showed Car 2, Seat 18A, and the platform line read 4/5 depending on the track change. I measured my carry-on against the 55 cm limit and tightened the strap so it would fit under the seat. In Aalborg at 10:12, the announcement used commas, then an and, then an or that made everyone glance around. I wrote a short list in my notes—bus, coffee, keys—and headed out toward the exit.",mixed
15809,"The instructor asked, “How long should the beam be?” and I answered, “Two meters, plus a bit for trimming.” The plan listed Workshop A, 13:00, then a comma, then the next location on a new line. I marked 20 mm on the ruler and cut carefully, then checked the result against the drawing’s 2.0 m requirement. On the whiteboard, the steps were separated by commas and slashes, with an or tucked into the safety warning. I added nails, glue, and clamps to my supply list before I left for the store.",mixed
15809,"In the clinic lobby, a nurse asked my name and I answered while watching the clock hit 09:15. The appointment slip showed Room 3, Building B, and a date written with slashes that looked like a file path. Inside, the technician measured my height at 195 cm and my weight to the nearest 0.1 kg, then entered the numbers. The consent form was full of and/or phrases, plus commas that split long sentences into smaller parts. On my phone, I typed a quick list: water, sandwich, and a cab to the station.",mixed
15809,"She asked whether the package would arrive today, and I answered after checking the tracking line. The status message included Aarhus, 16:40, and a short code separated by dashes and commas. The box label warned about a 10 kg limit, so I lifted with both hands and set it down gently. In the note to the courier, I used and, or, and a slash to cover the delivery options without writing a paragraph. Before hanging up, I added milk, tea, and sugar to my list for later.",mixed
15809,"The guide asked, “Do we meet at the harbor?” and I answered, “Yes, by the fountain at 18:00.” The message thread showed the location, then a comma, then the time, with a stray period that made one line look final. I checked the boat spec and saw 2.5 m of clearance, so I measured the cooler to be sure it would fit. The plan used and/or wording in the safety section, plus a few slashes for alternate routes. I wrote down snacks, water, and sunscreen, then walked toward the bus stop.",mixed
15809,"During the quiz, he asked why the result changed, and I answered by pointing to the 0.5 cm adjustment. The worksheet header read Lab 2, 11:30, Room 204, with commas separating each chunk. I typed an equation with an equal sign and a plus sign, then corrected a slash that had swapped the units. The instructions offered an and an or in the same sentence, which made the options feel oddly negotiable. On the way out, I noted pens, paper, and tape in my bag.",mixed
15809,"My friend asked if I could pick him up, and I answered while staring at the map that said Odense, 07:10. The parking sign listed 2 hours max, 50 m ahead, and a time window separated by a dash. I measured the trunk space against the suitcase length and realized it was 3 cm too tight, so we angled it in. His text used commas, then a quick “and/or” to cover the backup plan if traffic got bad. Before driving off, I jotted fuel, tolls, and coffee on a scrap of paper.",mixed
15809,"The host asked, “What’s your order?” and I answered, “Soup first, then the sandwich.” The receipt printed Table 6, 12:05, and a location tag at the top separated by commas. The menu listed portions in grams, so I chose the 250 g option instead of the 180 g one. A note at the bottom used plus signs and slashes to describe add-ons, and an or to handle substitutions. I scribbled a small list for the supermarket after lunch: oranges, cheese, and bread.",mixed
15809,"She asked whether the tent would fit two people, and I answered by reading the label out loud. The tag included 210 cm by 140 cm, plus a packed length written with a slash between units. The campsite message said Skagen, 19:30, then another line with directions broken by commas. In the rules, an and/or clause sat beside a warning with periods that chopped it into fragments. I made a list of stakes, rope, and a lantern before we checked out.",mixed
15809,"A student asked where the lecture was, and I answered, “Building C, Room 1.12 at 14:15.” The email subject line had the campus name, then a comma, then the date, with slashes in the file reference below. The assignment required a 500-word response and a diagram scaled to 10 cm wide, so I measured the margins. The rubric used and, or, and a few semicolons to separate conditions without changing the meaning. In my notebook, I wrote coffee, charger, and notes as a quick list.",mixed
15809,"He asked if the bike pump was compatible, and I answered after checking the valve type printed on the box. The instruction sheet showed 6 bar / 87 psi, with the units split by a slash and the steps divided by commas. I measured the tire width in millimeters, then adjusted the pressure until it matched the recommended number. The warranty paragraph used and/or wording that made it sound like a contract instead of a product. Before leaving, I listed tube, patch kit, and a small wrench in my pocket.",mixed
15809,"The receptionist asked for my ID, and I answered while the wall clock ticked toward 08:30. The appointment card listed the address, then a comma, then the time, and it ended with a period that looked oddly stern. On the intake form, I entered 72.4 kg and 182 cm, careful with decimals and units. The consent text was packed with commas, and, or, and a few slashes for alternative contact methods. Afterward, I wrote bus, keys, and lunch on my hand so I would not forget.",mixed
15809,"My neighbor asked how much paint to buy, and I answered by calculating the wall area from the measurements. The note on the door said “Back entrance, 17:20,” with the location and time separated by a comma. I measured the room as 3.8 m by 4.2 m, then wrote the numbers down before I forgot them. The shopping site used plus signs for bundles and an or for color choices, while commas separated the specifications. I made a list of rollers, tape, and drop cloths before we drove to the store.",mixed
15809,"She asked whether the meeting was online, and I answered after reading the invite. It showed “Copenhagen, 09:00,” then a link on the next line with slashes and dots that looked technical. The agenda requested a 10-minute update and a 2-page summary, so I measured my notes against the time limit. In the minutes, commas and conjunctions stitched names and actions together without any extra words. I wrote down laptop, charger, and headphones so I could join without scrambling.",mixed
15809,"A tourist asked which train to take, and I answered by pointing at the board. It listed the destination, then the platform, then 15:52, with commas dividing each piece of information. The suitcase limit said 20 kg, so I lifted it once to guess whether I was close. The announcement used and/or phrasing about delays, plus slashes for alternate routes through the city. I added water, fruit, and a ticket screenshot to my travel checklist before the doors closed.",mixed
15809,"He asked if the recipe could be doubled, and I answered by checking the quantities. The note on my phone read “Kitchen, 18:10,” with a comma separating place and time like a tiny header. I measured 300 g of flour, 2 teaspoons of salt, and 250 ml of water, then scaled everything up with a quick plus in my head. The instructions used commas to separate steps and an or to suggest different pans. I wrote yeast, oil, and herbs as a short list before I started mixing.",mixed
15809,"The coach asked why I was late, and I answered while glancing at my watch that read 20:05. The team message included the field name, a comma, and the meeting spot near the gates. I measured the tape on my ankle in centimeters to make sure the wrap was snug but not cutting off circulation. The drill sheet used commas and and/or phrases to show variations, plus a slash for alternate formations. In my bag, I checked boots, bottle, and shin guards before stepping onto the pitch.",mixed
15809,"She asked if the file was sent, and I answered by showing the email thread. The header included the city, the time, and a short reference code separated by commas and dashes. The document margin had to be 2.5 cm, so I measured it in the editor and adjusted the layout. A note in the text used “and/or” in a way that sounded like legal language, with slashes in the citation format. I kept a small list beside me: revisions, references, and submit.",mixed
15809,"My dad asked whether the shelf would hold, and I answered by reading the weight rating. The label said 15 kg max and gave dimensions in centimeters with a slash between two measurement systems. The delivery slip showed the store location, then 12:30, then a short line broken up by commas. The assembly guide used commas, and, or, plus signs for optional parts, and equal signs in a diagram that looked like a formula. I wrote screws, anchors, and a drill on a sticky note before starting.",mixed
15942,"The ceiling tile bowed under the weight of a slow leak, and brown water dotted the carpet. A security alert on the monitor showed an unexpected login, as if the building had sprung a different kind of leak. The maintenance crew shut off the valve, but the smell of damp insulation lingered. IT taped a notice to the door about changing passwords immediately. By evening, fans hummed in every hallway, fighting moisture and panic at the same time.",single
15942,"A chemical spill in the storage room crept toward the floor drain, leaving a sharp odor in the air. The supervisor treated it like an intruder, blocking access and documenting everything for safety. Later, an engineer found a gap in the access control logs that suggested someone had bypassed the entry system. The cleanup team contained the mess, but the sense of breach stayed. Nobody wanted to be the person who missed the warning signs.",single
15942,"Rain pushed through a cracked window seal and soaked the server closet, turning dust into paste. At the same time, a warning popped up about repeated attempts to access the internal network. Facilities dried the cables and replaced the warped baseboards. The security team traced the suspicious traffic to a misconfigured door controller. The building felt vulnerable in ways that had nothing to do with weather. Even after the fans stopped, everyone kept checking corners.",single
15942,"A pipe burst behind the restroom wall and flooded the hallway within minutes. While mops and wet-floor signs appeared, the receptionist noticed the alarm panel had been disarmed without authorization. The plumber chased the water source, and the manager chased the missing audit trail. By the time the valve was closed, the floor was slick and the staff was exhausted. The incident report listed both the water damage and the unauthorized access. It read like two emergencies that had decided to arrive together.",single
15942,"The doctor guided a catheter carefully, watching the monitor for any sign of resistance. The patient gripped the sheet, breathing through discomfort as the device advanced. Once it was in place, the room quieted and the focus shifted to readings and steady hands. The nurse secured the line and adjusted the tubing so it would not tug. Everything about the procedure depended on precision and calm.",single
15942,"In the garage, the mechanic slid a socket extension deep into a tight cavity around the bolt. He rotated it by feel, listening for the faint click that meant it had seated properly. When the part finally loosened, he withdrew the tool and wiped it clean. The job was awkward because there was no room for fingers, only metal and patience. He leaned back, satisfied that nothing had stripped or snapped.",single
15942,"The technician inserted a flexible inspection camera into the narrow pipe to see where the blockage started. On the screen, the interior looked like a tunnel of grime and scratches. He pushed the scope forward until the image showed a crushed section that explained the pressure drop. After pulling the device out, he marked the spot on the pipe with chalk. The whole diagnosis came from what could be seen inside.",single
15942,"A machinist aligned a probe and inserted it into the bore to check the inner diameter. The readout stabilized after a second, and he wrote down the measurement before removing the tool. He repeated the motion to confirm the result, making tiny adjustments each time. The metal cylinder stayed cool in his gloves, but the process demanded attention. One careless angle would have ruined the part.",single
15942,"A car spun across the wet intersection and slammed into the median, scattering debris. Drivers stepped out slowly, looking shocked before anyone even spoke. A second vehicle braked too late and clipped the first, turning a bad moment into chaos. Sirens arrived and the street filled with flashing lights and shouted directions. The air smelled like rubber and rain.",single
15942,"The train derailment left steel twisted beside the tracks and gravel sprayed across the field. People gathered at a distance, staring as rescue teams moved in. A loudspeaker repeated warnings about staying back from unstable cars. The scene felt unreal, like it belonged to another country or another era. Even hours later, the ground seemed to vibrate with what had happened.",single
15942,"A sudden storm knocked power lines down and sent sparks into dry brush near the road. The fire spread fast, and cars stopped in a long line as smoke rolled over the lanes. A police officer waved people away from the shoulder, shouting that the wind could shift without warning. The sound of crackling branches mixed with distant engines. Everyone wanted to leave, but no one could see clearly.",single
15942,"The ferry lurched as a mechanical failure hit, and passengers grabbed railings to stay upright. Crew members shouted instructions while waves slapped hard against the hull. A lifeboat drill became real in the space of a few minutes. People looked at each other with wide eyes, trying to stay calm and move safely. The danger was not dramatic in one instant, but constant in every second after.",single
15942,"The goat found the weakest spot in the fence and hopped onto a fallen plank like it was a ramp. With one more jump, it was on the outside, trotting along the path as if it belonged there. A section of wire hung loose where it had been bent earlier in the day. The caretaker tried to lure it back with a bucket, but it kept drifting toward the open gate. The enclosure looked intact from far away, which was the problem.",single
15942,"A deer slipped through a gap where the wooden rail had snapped and the mesh sagged. It paused only once, then walked calmly out as if testing whether anyone would stop it. The broken section had been hidden behind tall grass, easy to miss during a quick check. When the staff finally noticed, the animal was already across the service road. They closed the gate, but the damage had already done its work.",single
15942,"The kangaroo took a running start and cleared the low barrier that had been repaired with temporary ties. It landed beyond the enclosure, ears twitching, then bounded toward the shade trees. A corner post leaned at an angle where the ground had softened, leaving a weak seam. Visitors gasped, and a handler sprinted after it with a calm voice and an outstretched hand. The animal moved like it was simply changing rooms.",single
15942,"A pair of ducks waddled through the section of netting that had torn during the night. The rip was small, but it was enough for them to slip out and head toward the pond. A keeper chased them at a careful pace, trying not to startle them into flight. The enclosure gate was still closed, so nobody understood at first how they escaped. Then someone saw the dangling strands and the answer became obvious.",single
15942,"I chopped onions on a worn cutting board and let them sizzle in oil until they turned sweet. The soup thickened as I stirred, and steam fogged the kitchen window. I tasted, added salt, then squeezed in a little lemon to brighten it. A ladle, a pot, and a towel were all within reach, arranged like a routine. When I finally sat down, the first spoonful felt earned.",single
15942,"The bread dough stuck to my fingers, so I dusted flour across the counter and kept kneading. I set the bowl near the radiator to rise, then cleaned the knife and the mixing spoon. When it doubled, I shaped it quickly and slid it into the hot oven. The smell filled the apartment long before it browned. I tore off a piece while it was still warm and barely waited to chew.",single
15942,"I laid out garlic, tomatoes, and basil, then sliced everything with a sharp chef’s knife. The pan warmed, and the first splash of oil made a soft hiss. I tossed in the ingredients and stirred until the edges softened and the sauce came together. At the table, I grated cheese over the top and watched it melt. The meal tasted simple, but the steps were deliberate.",single
15942,"At the roadside farm café, the floor was slick from a burst pipe that had soaked the entryway overnight. The owner asked if anyone had seen the security panel, because the door logs showed a strange gap right before opening time. Outside, a van had skidded into a ditch, and the blare of a horn kept cutting through the wind. In the confusion, two goats stepped through a broken fence section and wandered toward the parking lot, ignoring shouts. Behind the counter, I kept slicing tomatoes and stacking sandwiches while a medic nearby prepared a small device to insert into an airway.",mixed
15942,"A storm shook the roof and sent water dripping into the office hallway, turning the carpet into a sponge. On a screen by the reception desk, an alert reported an unauthorized access attempt to the building system. In the lot, a minor collision had escalated when a second car clipped the first, and people gathered too close to the wreck. A startled deer walked through a damaged section of fence and headed toward the road as if it had been invited. In the kitchen, someone stirred soup while a technician nearby threaded a flexible camera into a pipe to find the break.",mixed
15942,"The warehouse smelled of coolant after a spill spread under the shelving, and managers taped off the area. IT noticed a suspicious login from an unfamiliar device, which made the incident feel more like an intrusion than an accident. A forklift near the loading bay clipped a pallet stack, and the crash sent boxes tumbling like dominos. At the far end, a dog slipped through a torn panel in the enclosure and trotted toward the open door. In the break room, a worker buttered bread while a mechanic inserted a socket extension deep into a cramped cavity to free a stuck bolt.",mixed
15942,"Water seeped from a cracked pipe above the ceiling and dripped onto a keypad that controlled a secure door. The next report was digital: the access log showed someone had bypassed credentials during the night. Out on the road, smoke from a small fire slowed traffic until a rear-end collision happened in the blind haze. A kangaroo at the nearby wildlife park used a sagging corner of fence to hop out and disappear into the trees. Meanwhile, the café staff kept chopping herbs, and the onsite medic guided a tube into a patient’s throat with steady hands.",mixed
15942,"A maintenance crew chased a leak that had soaked the server closet, and the air felt damp and metallic. At the same time, alarms complained about repeated attempts to enter the building system from outside. A delivery truck jackknifed in the lot and blocked the exit, leaving everyone stuck and tense. Two ducks wandered out through a torn strip of netting and headed toward the roadway without fear. In the kitchenette, someone grated cheese over pasta while a technician inserted an inspection scope into a narrow conduit to find a crushed section.",mixed
15942,"The lobby tiles were wet from an overnight flood, and the smell of mold had started to creep in. A guard pointed at the monitor and said the door logs looked tampered with, as if someone had slipped in unseen. Sirens rose outside where a pileup had scattered debris across the intersection. A goat stepped through a bent fence panel and stared at the commotion, then kept walking like it owned the place. In the back, I stirred a simmering sauce while a mechanic pushed a probe into a cylinder bore to confirm the inner diameter.",mixed
15942,"A chemical spill spread across the concrete, and the cleanup kit came out fast. The supervisor also ordered a security reset because a badge reader had been triggered from inside when the room was supposed to be empty. Near the entrance, a small fire from a sparking line forced cars to stop suddenly, and a collision followed in the smoke. At the edge of the property, a deer slipped through a snapped rail and crossed the service road. Someone toasted bread for the staff while a clinician inserted a catheter with careful, practiced movements.",mixed
15942,"The building’s basement took on water after a pipe burst, and the elevator smell turned sour. A notification reported that the alarm had been disabled remotely, which made everyone glance at each other. Outside, a van swerved to avoid a fallen branch and ended up in a ditch, hazard lights blinking in the rain. A dog used a torn section of fencing to escape the pen and ran toward the commotion. In the café corner, I chopped onions while a technician fed a camera on a flexible cable into a drain to see where it had collapsed.",mixed
15942,"A slow leak dripped onto a control cabinet, and the panel lights flickered as if the building were tired. On the network dashboard, someone had tried to force an entry, and the timestamp lined up with the first reports of water. Down the street, an ambulance stopped for a crash where two cars had tangled at the curb. A kangaroo at the nearby enclosure took advantage of a leaning post and bounded out before anyone could react. Inside the kitchen, plates clattered while a mechanic inserted a long extension into a tight recess to reach a hidden fastener.",mixed
15942,"The corridor was blocked by buckets catching water from the ceiling, and footprints tracked dampness everywhere. A manager muttered about a breach because the access logs had blanks that should not exist. Outside, wind shoved smoke across the road and triggered a chain of hard braking and crunching metal. Two ducks waddled out through a torn net and headed straight for the puddles by the curb. In the staff room, someone stirred coffee beside a medic who inserted a tube into a patient’s airway before the ride to the hospital.",mixed
15942,"After the storm, the server room floor was wet and the door sensor kept chirping. Security saw an unknown login attempt and locked down the system while fans roared to dry the cables. A truck had tipped nearby, spilling cargo and leaving a dangerous mess of broken glass on the road. A goat walked out through a damaged fence seam and sniffed at the scattered boxes. In the kitchen, I assembled sandwiches while a technician inserted an inspection scope into a pipe to locate the crack.",mixed
15942,"A burst valve sprayed water into the hallway, and the building smelled like wet drywall within minutes. The front desk also reported a suspicious badge event, as if someone had forced entry during the confusion. Outside, a minor accident became worse when a driver tried to squeeze past and clipped another bumper. A deer wandered through a broken rail section and froze under the streetlight, unsure where to go next. Behind the counter, a cook chopped basil while a mechanic inserted a probe into a narrow opening to check a part’s fit.",mixed
15942,"The storage room had puddles from a leak, and the spill mixed with dust into a gritty paste. An IT analyst said the system showed unusual access patterns, like a door had been left open in cyberspace. On the road, a fire crew redirected traffic around a crash scene where smoke and smashed plastic filled the air. A kangaroo used a sagging corner fence to hop out and vanish beyond the shrubs. In the café, someone stirred soup while a clinician inserted a catheter and taped it in place with quick efficiency.",mixed
15942,"Water dripped steadily from a cracked pipe, and the maintenance log filled with urgent notes. The security guard frowned at the monitor because the entry system had recorded an impossible sequence. Outside, a pileup snarled traffic and left a dangerous line of cars on the shoulder. Two ducks slipped through a torn net and headed toward the road, drawing a new kind of panic. In the kitchen, I sliced tomatoes while a technician inserted a flexible camera into a conduit to diagnose the blockage.",mixed
15942,"The hallway lights reflected off pooled water, and the sound of dripping echoed like a countdown. Someone reported that the alarm had been disabled without authorization, which made the building feel exposed. A crash outside sent a jolt through the crowd, and the smell of hot rubber drifted in when the doors opened. A goat wandered through a bent fence section and tried to nibble at a discarded napkin near the entrance. In the back, a cook kneaded dough while a mechanic inserted a long tool into a tight cavity to reach a fastener.",mixed
15942,"A spill in the utility room left the floor slick, and warning tape went up quickly. A security alert followed, reporting that an unknown device had connected to the system at the same time. Out front, a vehicle skidded, hit the curb, and forced pedestrians to step back from flying debris. A deer walked through a snapped fence rail and stared at the flashing lights, then moved toward the trees. In the café, someone grated cheese over pasta while a medic inserted an airway device with a calm, clipped command to breathe.",mixed
15942,"The ceiling sagged where water had collected, and droplets fell onto a locked door sensor. An audit showed odd gaps in the access logs, suggesting the building had been opened the wrong way. A van crash nearby blocked the driveway, and the crowd grew restless as rain kept falling. A kangaroo took advantage of the damaged corner post and bounded out, turning heads away from the accident for a moment. In the kitchen, I chopped onions while a technician inserted a scope into a narrow pipe to locate a crushed section.",mixed
15942,"The basement smelled damp after the flood, and cords lay coiled like hazards waiting for a mistake. Security insisted on a reset because the entry system had been triggered from inside at an impossible hour. On the road, smoke and rain made visibility terrible, and a collision happened before anyone could slow down. Two ducks escaped through torn netting and waddled toward the street, forcing a handler to sprint after them. Inside, someone toasted bread while a clinician inserted a catheter and checked the monitor for steady readings.",mixed
15942,"A pipe leak soaked the carpet near the control room, and the sound of fans drowned out conversation. A warning on the screen said someone had tried to break into the system, which made the wet floor feel like only half the problem. Outside, a crash scene held traffic still, and a tow truck squeezed in cautiously to avoid another hit. A goat stepped through a broken fence panel and wandered close to the road, attracted by the noise. In the café, I stirred a pot while a mechanic inserted a probe into a tight opening to verify a part’s dimensions.",mixed
759,"The clinician reviewed the lab panel and explained how enzymes break down nutrients into smaller molecules that cells can absorb. In the notes, she described inflammation as a coordinated response that recruits immune cells to damaged tissue. A diagram on the wall showed how hormones travel through the bloodstream and bind to receptors to trigger gene expression. When the patient asked why fatigue lingered, the clinician pointed to metabolic pathways that can slow during recovery. She ended by outlining how the body repairs itself through cell division and protein synthesis.",single
759,"In the biology lab, the student watched osmosis pull water across a membrane and change the cell’s shape under the microscope. The instructor traced the pathway from a signal molecule to a receptor and then to a cascade of intracellular messengers. They compared aerobic respiration to fermentation and noted how ATP yield shifts when oxygen is limited. During the discussion, the class connected fever to immune activation and cytokine release. The lesson closed with a quick sketch of how DNA replication safeguards genetic continuity.",single
759,"After checking in, we dropped our bags in the small room and walked downstairs to the shared kitchen for a late meal. The counter held a borrowed kettle, a basic toaster, and a charging station where everyone plugged in their devices. We picked up snacks from the corner shop and planned an afternoon of cycling and a short museum visit. Back at the place, the host showed us how to use the keycard and where to store our food in labeled bins. By evening, we were tired enough to fall asleep as soon as the hallway noise faded.",single
759,"The cabin came with a tiny fridge, a hot plate, and a drawer full of mismatched utensils that still did the job. We cooked pasta, set out fruit, and used the old speaker to play music while we played cards. In the lobby, there was a rack of rental items like adapters and a spare phone charger for guests who forgot theirs. The next morning, we joined a guided walk and then rented bicycles for an easy ride to the beach. On the way back, we grabbed sandwiches and ate them on the porch before heading inside.",single
759,"The first line of the diary entry sounded confident, but the day quickly turned into a juggling act between training and paperwork. She finished a strength session, then sat down to review a contract clause while answering messages from her manager. Midway through, she paused to rub her stomach and check the appointment reminder for the pregnancy scan. Later, she cleaned up a messy dataset on her laptop, pushed a small update to a tool at work, and watched the numbers finally match the report. That night, she stared at the bonus projection and wondered if luck or discipline would decide her fortune.",single
759,"The opening paragraph of his draft set a hard tone, like he was daring himself to keep going. He logged his workout, chased a new personal best, and then hurried into a meeting where legal language dominated every sentence. Between calls, he patched a small bug in the company’s system and validated the output against yesterday’s data. In the afternoon, he read an email from the clinic about the pregnancy timeline and felt his priorities rearrange in real time. By evening, he tried to ignore the talk about stock options and focus on getting through the week.",single
759,"The founders insisted on a clear licensing deal before any partnership could move forward. Their lawyer rewrote the clauses to tighten liability, clarify permitted uses, and align everything with local regulations. On the financial side, they argued over royalty rates and modeled how different terms would affect cash flow. In the strategy session, they mapped competitors and chose a rollout plan that protected their position. When the contract finally circulated for signatures, everyone read it twice, knowing one vague sentence could become expensive later.",single
759,"Before the product launch, the team reviewed compliance requirements and confirmed the license covered every region they planned to enter. The negotiation centered on risk, with the legal counsel pushing for strong indemnities and the buyer demanding flexibility. Finance brought spreadsheets showing how pricing tiers would influence revenue under several scenarios. Strategy then took over, focusing on timing, messaging, and how to avoid giving rivals an opening. By the end of the call, the agreement felt less like paperwork and more like a blueprint for survival.",single
759,"She washed her face with warm water, patted it dry, and applied a gentle cleanser that didn’t leave her skin feeling tight. After that, she smoothed on a lightweight moisturizer and waited a minute before adding sunscreen. Her lips were cracked from the cold, so she used balm and tucked a spare one into her pocket. In the evening, she massaged in a cream that calmed redness and made her feel put together again. The next morning, her complexion looked calmer, like the routine had finally started paying off.",single
759,"In the bathroom mirror, he noticed dry patches and decided to take his personal care routine seriously for once. He swapped the harsh soap for a mild wash and followed with a fragrance-free lotion that soaked in quickly. Before leaving home, he used sunscreen on his face and hands because the winter sun still stung. Later, he trimmed his nails, used a little hand cream, and felt oddly refreshed by the small effort. By bedtime, his skin no longer felt irritated, and he promised himself he’d keep it up.",single
7626,"A notice popped up on the retailer’s site saying the batch had been recalled, and the safety warning told customers to stop using it immediately. She checked the lot number, sealed it in a bag, and printed the return label. The next day, a follow-up email explained the risk and listed symptoms to watch for, which made the situation feel real. At the customer service desk, the staff processed the refund without arguing. She left relieved, but she double-checked her pantry the moment she got home.",single
7626,"The manufacturer issued a recall after reports of overheating, and the advisory urged owners to unplug the unit and keep it away from flammable surfaces. He found the serial number, compared it to the posted list, and realized his purchase was included. The instructions were strict about not attempting a repair, so he packed it back into the box. When the replacement arrived, a bright label reminded him to register the product for future safety updates. He decided to keep receipts in one folder from now on, just in case.",single
7626,"The outdoor concert was supposed to start at dusk, but the wind picked up and the organizers called it off for safety. People huddled under awnings, staring at the darkening clouds as staff rolled cables back into cases. The announcement said tickets would be refunded, yet everyone still looked disappointed. A fallen tree blocked the main entrance, which turned the parking area into a slow-moving mess. By the time we left, the whole evening felt like a plan erased by bad luck.",single
7626,"Minutes before kickoff, the stadium screens flashed an alert and the match was postponed due to an unexpected power failure. Fans groaned, then slowly filed out while security guided people away from closed sections. Vendors shuttered their stands, and the buzz turned into confused chatter about rescheduling. Some families had driven for hours and now faced a long trip back with nothing to show for it. The next morning, the email apology arrived, but it didn’t restore the lost night.",single
7626,"After the merger, the company updated its name on every invoice and storefront, leaving customers to wonder if it was the same business. A week later, the support team announced the old software would no longer receive updates, and certain features would be shut down. Deliveries slipped because a supplier missed shipments, and the warehouse ran short on key components. Internally, managers rewrote procedures to match the new structure, which slowed decisions even more. By the end of the month, everyone felt the strain of change arriving from every direction.",single
7626,"The email arrived with a rebrand announcement and a new logo, followed by a note that the legacy app would be discontinued. He exported his files before the cutoff date, then discovered a hardware shortage had delayed replacements across the supply chain. Customer calls spiked as people tried to figure out which account portal still worked. Meanwhile, the operations team adjusted schedules and trimmed services to keep costs under control. The whole shift felt abrupt, like the ground moved while people were still standing on it.",single
7626,"In the coastal town, the storm surge flooded streets that were usually busy with cafés and scooters. The damage wasn’t abstract, because the closed shops meant lost wages and empty shelves for days. Neighbors shared updates about which blocks had power and which were still in the dark. When the water finally receded, the smell lingered and the cleanup revealed how much had been ruined. People talked about the place differently afterward, as if the consequences had changed its identity.",single
7626,"The factory district looked normal from a distance, but up close the fire had left a blackened shell and a cordoned perimeter. Workers gathered at the gate, reading the notice and asking where they were supposed to report next. Nearby streets were rerouted, and businesses that relied on the plant’s traffic went quiet. The incident forced the city to inspect similar sites, which delayed permits for unrelated projects. For weeks, the location carried a heavy mood, like everyone felt the aftermath in their routines.",single
7626,"Our train time kept slipping on the board, and the station loudspeaker offered vague apologies about signaling issues. The road outside was slick with freezing rain, so we canceled the taxi and waited indoors. Later, a bus detour added an hour because a collision had closed the main route. When we finally got moving, the driver warned us to expect slow traffic on the hills. By the time we arrived, the schedule felt like a suggestion rather than a promise.",single
7626,"The flight was on time until fog rolled in, and then the departure gate turned into a crowded guessing game. On the highway, construction narrowed lanes and forced everyone into stop-and-go traffic. A digital sign warned of icy patches ahead, so we lowered speed and left extra space. The event we were heading to pushed its start time back, trying to accommodate delayed arrivals. We got there eventually, tired from transport hiccups that stacked up all day.",single
759,"At the clinic conference, the physician explained inflammation and hormone signaling while a diagram of cellular respiration glowed on the screen. Afterward, I checked into a small hotel, plugged my phone into the bedside charger, and grabbed soup from the lobby café because I hadn’t eaten all day. In the evening, I wrote the opening lines of a training log, noted my strength session, and then reread a contract clause I needed to sign for work. The next morning, I sat through a meeting about licensing terms and budget forecasts, trying to stay strategic. Before heading out, I applied sunscreen and moisturizer, hoping my skin would survive the dry winter air.",mixed
759,"The research seminar started with a talk about receptors, metabolism, and how the body adapts under stress. During the break, our group compared room keys at the hostel, shared snacks, and argued over which device adapter would actually fit the wall outlet. I began a new document with a blunt first sentence, then switched to reviewing legal wording while tracking my workout and thinking about an upcoming pregnancy appointment. Later, the manager pulled me into a discussion on licensing boundaries, cash flow, and how to position our plan against competitors. That night, I cleaned my face, used a calming lotion, and felt like small routines were the only stable thing.",mixed
759,"In the lecture hall, the professor traced biochemical pathways and explained how immune responses escalate during infection. I left to meet a friend at her apartment rental, where we cooked dinner, borrowed a spare charger, and planned an afternoon activity for tomorrow. On my laptop, the draft opened with a short intro, then jumped into notes about strength training, workplace tasks, and a tense legal email that made my stomach drop. The following meeting revolved around a licensing dispute, the financial impact, and a strategy to protect the company’s interests. Before bed, I worked through a skincare routine because the cold had made my face rough.",mixed
759,"The medical briefing covered cell repair, hormones, and why fatigue can persist after illness. After checking out, I stopped at a café in the hotel lobby, ate something warm, and used my phone to reserve a device locker for later. Back at my desk, I started a report with a confident opening, logged my lifting session, and glanced at a pregnancy reminder that I kept pretending wasn’t frightening. A call with legal and finance followed, focusing on licensing terms and strategic trade-offs that would shape the next quarter. When it was over, I put on hand cream and sunscreen, trying to look less worn out than I felt.",mixed
759,"The hospital tour included a conversation about enzymes, respiration, and how the immune system coordinates healing. That afternoon, our team met at a rented flat, ordered food, tested a new gadget, and signed up for a local activity to unwind. I opened my notes with a quick intro, then got pulled into work messages that mixed training updates, pregnancy logistics, and legal phrasing that needed careful handling. In the evening, we negotiated a license, debated the financial model, and adjusted our strategy to match the market. Before sleeping, I used cleanser and moisturizer, hoping my skin would settle down by morning.",mixed
759,"A specialist walked us through biological processes, showing how signals travel through the body and alter cellular behavior. I later returned to the guesthouse, made a simple meal, and set my laptop on the small desk beside a stack of borrowed devices. The document I started had a clean opening, but it quickly filled with notes about strength work, a pregnancy check-in, and the legal tasks waiting at the office. By late afternoon, the conversation shifted to licensing constraints, money on the line, and the strategy needed to avoid a costly mistake. In the bathroom, I applied lotion and sunscreen, trying to undo the damage from the cold wind.",mixed
759,"The morning appointment included a detailed explanation of immune response and metabolic pathways, delivered in crisp clinical language. Afterward, I checked into a budget room, heated food in the shared kitchen, and used a borrowed adapter to charge my devices before heading out. I drafted a new page with a sharp first paragraph, logged my strength training, and tried not to dwell on the pregnancy timeline while legal messages kept arriving. A later meeting turned into a debate over licensing scope, financial risk, and strategic timing for the launch. At night, I followed my skincare routine carefully because my face had turned dry and irritated.",mixed
759,"During the workshop, the instructor described hormones, cellular repair, and why certain symptoms follow predictable biological patterns. I met my cousin at a rented studio, where we split a meal, tested a new fitness tracker, and planned an activity to fill the afternoon. I began a journal entry with a calm opening, then wrote about lifting, office work, and a pregnancy-related call that made everything else feel small, including the legal documents on my desk. The next conversation focused on licensing terms, projected revenue, and a strategy to keep competitors from copying us. Before leaving, I put on moisturizer and sunscreen, then finally felt ready to face the day.",mixed
759,"The clinic’s presentation covered respiration, enzymes, and how the body routes energy through different pathways. Later, at the inn, we stored our bags, ate something quick, and used a small device to map out nearby activities. I opened my notebook with a short intro, recorded a strength session, and then dealt with legal wording while an appointment about pregnancy care sat on my calendar. In the afternoon, finance and legal walked through licensing costs, and the strategist tried to steer the group toward a coherent plan. That evening, I washed my face, applied lotion, and felt grateful for any simple certainty.",mixed
759,"A nurse explained how inflammation works, why hormones matter, and what biological repair looks like over time. At the rental house, the group cooked, charged devices, and booked a couple of activities to make the trip feel worth it. I started my notes with an opening that sounded upbeat, then wrote about strength training, work obligations, and a pregnancy milestone while sorting through legal paperwork. The meeting that followed centered on licensing boundaries, finance projections, and a strategy that didn’t rely on wishful thinking. Before bed, I used cleanser, moisturizer, and sunscreen for tomorrow because my skin had become sensitive.",mixed
7626,"On the drive to the venue, the highway sign warned about ice, and our arrival time slid later with every slow kilometer. When we got there, an announcement said the event was canceled due to a sudden power issue, and the crowd drained out into the cold. In the lobby, a bulletin board listed a product recall with a safety warning, which felt oddly fitting given the chaotic night. A staff member mentioned the organizer had rebranded recently and that their old ticketing app would be discontinued after a final update. We left the location frustrated, watching the consequences ripple through missed connections and delayed schedules.",mixed
7626,"The train was delayed by road work near the station, and the timetable updates kept changing in a way that made planning pointless. At the arena, heavy rain forced the organizers to disrupt the program and cancel the main show, sending everyone back outside. Near the exit, a kiosk displayed a recall notice and a safety warning about a device sold at last month’s event. A volunteer explained the company had changed its name, and their software was being phased out while supply chain disruptions affected deliveries. The place felt tense, and the consequences showed up immediately as people scrambled for transport along slick routes.",mixed
7626,"We set off early, but a crash closed the main road, and the detour turned the trip into a crawl. By the time we reached the conference center, a message on the door said the session was postponed due to unforeseen circumstances, and nothing inside was running. On a nearby screen, a product recall alert flashed with instructions to stop using a specific item and follow the safety guidance. A representative said their organization had recently renamed itself, and the old platform would soon be discontinued because updates couldn’t keep up with supply chain disruptions. The location felt like a warning sign, and the consequences were missed meetings and a ruined schedule.",mixed
7626,"The airport board showed delays, and the shuttle route was slowed further by flooded streets near the terminal. When we arrived at the venue, staff announced the event had been disrupted and then canceled, blaming conditions no one could control. While we waited for new transport, an email came through about a recall and a safety warning, which added another layer of stress. The vendor we needed had just changed its company name, and their software updates had stopped as supply issues disrupted shipments. The location turned into a headache, and the consequences were lost time, missed connections, and a day that never recovered.",mixed
7626,"The coach timetable kept shifting, and the driver warned that road conditions would likely worsen after sunset. At the stadium, the match was called off because a sudden equipment failure made it unsafe to continue. People milled around reading a recall notice on their phones, since a product sold at the gate had been flagged with a safety warning. Rumors spread that the supplier had reorganized, changed names, and was discontinuing the old ordering system while supply chain problems dragged on. The location felt cursed, and the consequences followed us onto delayed buses and late-night travel plans.",mixed
7626,"Road conditions were bad enough that the bus skipped stops, and our travel schedule broke apart in real time. At the expo hall, officials announced a last-minute shutdown, saying the event couldn’t proceed after an unexpected inspection issue. In the queue for information, someone showed me a recall notice and the safety warning attached to it, urging immediate action. A vendor explained their business was undergoing operational changes, including a name change and the end of support for older software while shipments were disrupted upstream. By the time we left the location, the consequences were obvious: stranded attendees, wasted reservations, and broken plans.",mixed
7626,"We planned to arrive by noon, but construction and slippery roads pushed every segment of the trip behind schedule. The festival gates never opened, and a brief statement said it was canceled due to unforeseen circumstances, leaving volunteers to redirect people. A message on the official site added a product recall and a safety warning for merchandise sold earlier in the week. The organizer’s team mentioned they had changed the company name recently and that their app would be discontinued after the final software update, partly because suppliers kept missing deliveries. The location became a point of frustration, and the consequences were rescheduled travel and money spent for nothing.",mixed
7626,"The ferry was late, and the onward bus connection dissolved as the schedule updated again and again. At the event site, strong winds forced an early closure, and the whole program was disrupted before it truly began. While we tried to figure out transport, a recall email arrived with a safety warning about an item we had bought for the trip. The company behind it was in the middle of operational changes, including a new name, discontinued software, and supply chain disruptions that delayed replacements. The location felt unforgiving, and the consequences stretched into missed trains, rerouted roads, and a long night.",mixed
7626,"A landslide warning closed the mountain road, so our travel plan switched to a slow detour that wrecked the schedule. When we finally reached town, the venue posted a notice that the event was canceled after an unforeseen safety concern. At the hotel desk, the clerk pointed out a product recall bulletin with a safety warning and return instructions. The organizer’s business had recently changed its name, and their older software was being discontinued while supply chain disruptions slowed everything from signage to equipment. The location carried a gloomy mood, and the consequences hit hard in missed appointments and wasted transport fares.",mixed
759,"The clinic issued a product recall and a safety warning after several patients reported rashes. In the lab notes, the doctor wrote medical terms like dermatitis, inflammation, and histamine response. A nurse explained the biological process behind the reaction, from immune signaling to swelling in the tissue. Everyone checked batch numbers twice before allowing any more samples to be used.",single
759,"After checking in at a small guesthouse, we grabbed soup and sandwiches from the café downstairs. My phone and camera were both low, so I hunted for the right device charger at the front desk. A notice board listed activities for the evening, from trivia to a short walking tour. Outside, the travel schedule changed again because the road conditions turned icy and the buses were rerouted.",single
759,"The first lines of the newsletter opened with a quick fitness routine about strength and controlled movement. Ten minutes later it jumped to a design update for a maternity tracker, mentioning pregnancy milestones and new icons. A legal paragraph followed about workplace policy, then a data section bragged about the latest technology stack. It closed with a silly promise of good fortune for anyone who finished the workout before the event was canceled.",single
759,"During the board meeting, the team reviewed a licensing plan and checked what was legal in each market. Finance projected cash flow, then strategy shifted toward a leaner launch schedule. Midway through, an email arrived about a company name change, a software update being discontinued, and supply chain disruptions delaying shipments. The counsel rewrote clauses so the contracts still held if vendors failed to deliver.",single
759,"In the hotel bathroom, she packed cleanser, sunscreen, and a fragrance-free moisturizer as part of her skin and beauty routine. A map in the lobby highlighted the location of the clinic and the neighborhood to avoid at night. Later, a negative incident near the station led to a police report and immediate consequences for the event organizers. By morning, everyone knew exactly which streets to skip.",single
759,"A sudden flu surge pushed the doctor to use dense medical terms in every chart note. He described biological processes like viral replication and the way fever helps slow it down. That afternoon, the auditorium talk was disrupted and ultimately canceled because the speaker never arrived. The receptionist posted the cancellation at the door and apologized to the waiting crowd.",single
759,"We chose a cheap apartment rental with a tiny kitchen, then planned meals around what we could cook quickly. A smart kettle and a compact speaker were the only devices we bothered to unpack. Our list of activities included a museum visit and a late snack run. On the way back, the company announced operational changes: a rebrand, a discontinued software update, and supply chain disruptions that delayed our prepaid gadget.",single
759,"The memo began with a punchy line about fitness, then listed strength goals and daily movement targets. It veered into design notes for a pregnancy-friendly uniform, with sketches and measurements. A legal section covered work rules and data handling, followed by a technology note about a new dashboard. By the time the travel schedule popped up, the road conditions had already forced a change to the route.",single
759,"He negotiated the licensing terms with a cool head, but the legal fine print still made him nervous. Finance insisted the numbers worked only if the strategy focused on fewer regions. That evening a product recall hit the news, and the safety warning spread faster than the marketing campaign ever had. The next day the plan was rewritten around compliance and risk.",single
759,"She kept her skin and beauty kit minimal, but personal care still mattered on long days. The outdoor concert was disrupted by wind and then canceled outright when the stage screens started flickering. People shuffled back to their cars, frustrated and cold. At home, she washed off the dust and used a calming cream before bed.",single
759,"The booking confirmation covered accommodation, breakfast options, and the small device locker at reception. We added a few extra activities, including a late swim and a rented sauna slot. Later, the city announced a specific location to avoid after a negative spill, outlining consequences for anyone entering the restricted zone. Even the staff started directing guests down different corridors.",single
759,"The discharge summary used medical terms like edema and clotting, then explained biological processes involved in recovery. On the ride home, the train timetable shifted and the travel schedule became a mess. Buses replaced the rail line because road conditions near the bridge were unsafe. By nightfall, everyone was swapping updates just to get across town.",single
759,"She applied sunscreen and a gentle serum, then watched how her skin reacted over the next hour. The dermatologist used medical terms for the irritation and described the biological processes behind barrier repair. A follow-up plan focused on hydration and reducing inflammation. By the end of the visit, the routine felt more like treatment than beauty.",mixed
759,"The hostel offered clean accommodation and a quick breakfast, which mattered after a late night. A pocket mirror, a tiny hairbrush, and a travel-size cleanser stayed in the top pocket for personal care. She kept her skin routine simple, even when the room air was dry. Between activities, she re-applied lip balm and drank water so she would not feel worn out.",mixed
759,"The article started abruptly with a sentence about fitness, strength, and smoother movement patterns. It shifted into accommodation advice, like where to stay during a training camp and what food to pack. A paragraph about devices followed, recommending a watch for tracking activities. The ending circled back to stretching so the beginning felt less random.",mixed
759,"He skimmed the licensing paperwork, then paused when medical terms appeared in the compliance appendix. A lawyer translated the legal language while the doctor explained the biological processes referenced in the safety section. They agreed the document needed clearer definitions before anyone signed. By lunch, the risk team had added a clinical reviewer to the process.",mixed
759,"The chef described accommodation for visiting staff, then walked everyone through meals for the week. Finance asked why the budget kept rising, and strategy quickly turned into cost control. A licensing clause on the equipment rental complicated the plan. By the time dessert arrived, the team had traded recipes for spreadsheets.",mixed
759,"A personal care aisle display pushed new skin and beauty products with bright labels. Nearby, a licensing notice warned that brand logos could not be used without legal permission. The finance department had negotiated a strategy for retail placement, but the fine print still mattered. In the end, the store manager chose the safer signage and avoided a dispute.",mixed
759,"A junior doctor rattled off medical terms while describing what the blood tests meant. She then outlined the biological processes behind fatigue, including oxygen transport and muscle recovery. The patient listened carefully and asked for plain language. Before leaving, the doctor wrote a short summary that could be understood at home.",mixed
759,"We checked into accommodation near the stadium and ordered noodles from a place around the corner. A small device adapter saved the night when the wall outlets did not match our chargers. The next morning, activities ranged from a light jog to a museum stop. It felt oddly domestic for a trip built around training.",mixed
759,"The draft opened with a line about fitness, then demanded strength work and cleaner movement mechanics. Halfway down, it turned into a licensing and legal warning about using training footage for sponsorships. Finance insisted the strategy would fail without those clips, and the argument got heated. In the final edit, the workout plan stayed, but the rights section doubled in length.",mixed
759,"Medical terms filled the brochure, but the staff offered simple explanations at the desk. Biological processes like digestion and hormone regulation were described with diagrams. In a later section, the same brochure listed food options, device restrictions, and daily activities for visitors. The mix felt strange, but it covered everything someone might ask.",mixed
759,"The opening paragraph sounded like a fitness coach, pushing strength goals and better movement control. Suddenly it switched to design notes about pregnancy wear, complete with sizing sketches. Legal terms about workplace safety appeared right after, followed by a quick mention of data and technology tracking shifts. The closing line promised fortune to anyone who made it through the whole announcement.",mixed
759,"A travel blog began like a warm-up, urging fitness and strength before long hikes. It then described accommodation choices and what food to carry, plus which devices to keep charged. A short section on movement technique compared steep climbs to controlled squats. By the end, it read like both itinerary and training plan.",mixed
7626,"A product recall notice landed during contract talks, forcing everyone to slow down. The safety warning made the legal team revisit clauses and licensing obligations. Finance recalculated the exposure, and strategy shifted toward damage control. By evening, the contract draft had more compliance language than marketing language.",single
7626,"The festival was disrupted by heavy rain and then canceled, leaving crowds stranded. People searched for accommodation, warm food, and a working phone charger. A handful of devices died in the downpour, and planned activities turned into long lines for taxis. The next morning, the city felt quiet and exhausted.",single
7626,"The company announced a name change and warned that a major software update would be discontinued next month. Supply chain disruptions meant replacement parts would arrive late, which worried the clinics relying on them. A doctor added medical terms to the procurement report, noting biological processes affected when equipment failed. The operations team promised a workaround, but the timeline sounded shaky.",single
7626,"The report listed specific locations where a chemical leak had occurred and described the negative event in blunt detail. It focused on consequences like closed schools, contaminated water, and emergency fines. That evening, she went home and reached for a gentle cleanser as part of her personal care routine. Even a normal skin and beauty habit felt heavy after reading the alerts.",single
7626,"Our train was delayed, the travel schedule kept updating, and road conditions made the bus replacement crawl. The email thread opened with a rambling beginning, then veered into fitness advice about strength and movement while waiting. Someone added a design sketch for a new timetable poster, then another person pasted legal terms about refunds. By the time we arrived, the discussion had also wandered into work, data, technology, and a jokey prediction about fortune.",single
7626,"A safety warning flashed on the store screen, followed by a product recall for a batch of chargers. The hostel staff helped us find an alternative device cable so we could keep our phones alive. Food plans and evening activities changed when half the group stayed back to sort the issue out. The night ended earlier than expected.",single
7626,"The parade was disrupted by a power outage and then canceled, leaving vendors packing up fast. Doctors in the crowd still used medical terms while helping a fainted spectator and explaining what was happening. They described basic biological processes like dehydration and blood pressure dropping in heat. After a few sips of water, the person recovered and the crowd dispersed.",single
7626,"A press release described operational changes: a company name change, a discontinued software update, and supply chain disruptions hitting deliveries. The legal team double-checked licensing language so customers would not claim fraud. Finance asked for a revised forecast, and strategy shifted toward fewer product lines. The announcement sounded calm, but the office was not.",single
7626,"The incident report named locations, described a negative event at the loading dock, and listed consequences for the contractor. Later, our accommodation host suggested nearby food and a couple of low-key activities to clear our heads. A forgotten device badge meant extra paperwork at check-in. By midnight, everyone wanted the day to be over.",single
7626,"The flight board kept changing, and the travel schedule turned into guesswork. Road conditions outside the city were bad, so the shuttle ran late and people missed connections. Back at the apartment, she washed her face and did a full skin and beauty routine to feel normal again. Sleep came fast once the suitcase finally hit the floor.",single
7626,"The match was disrupted when the lights failed, and it was canceled after a long delay. The broadcast began with a weird intro about fitness, strength, and movement drills, as if it were a training segment. It then jumped into design notes for a new kit, mentioned pregnancy accommodations for staff, and added legal terms about work policy. A data graphic and a technology plug appeared before someone joked about fortune turning against the home team.",single
7626,"A product recall hit the headlines just as she stocked up on moisturizer and sunscreen. The safety warning made her check the label twice before using anything on her skin. She swapped the bottle for a safer option and kept her routine simple. The next day, the pharmacy counter was crowded with returns.",single
7626,"The manufacturer posted a product recall and a safety warning across every sales channel. Two days later, the company pushed operational changes, including a name change and a plan to discontinue a major software update. Supply chain disruptions piled on, delaying replacements that customers expected quickly. In the warehouse, managers spoke in timelines and triage lists instead of slogans.",mixed
7626,"The concert was disrupted by a storm, and the organizers finally canceled it after the power cut out. Travel plans fell apart as transportation options filled up and the schedule apps kept refreshing. Road conditions turned slick, so drivers slowed and detours multiplied. By the time everyone got home, the night felt longer than the show would have been.",mixed
7626,"A safety warning appeared at checkout, announcing a product recall for a snack brand. The notice named locations where complaints spiked and described the negative event in plain terms. Consequences followed quickly as shelves were cleared and refunds were offered. People left the store uneasy and quiet.",mixed
7626,"A rebrand email announced a company name change and hinted that a key software update would be discontinued. At the same time, supply chain disruptions delayed shipments, forcing customer service to rewrite promises. Travel plans for the rollout shifted as transportation options tightened and event schedules got rearranged. Even the road conditions near the venue were mentioned in the risk brief.",mixed
7626,"The conference was disrupted when the keynote speaker missed a connection, and it was canceled after hours of waiting. Behind the scenes, operational changes were already underway, including a name change and a plan to discontinue an old software line. Supply chain disruptions meant the demo units did not arrive in time anyway. In the empty hall, staff folded banners without saying much.",mixed
7626,"A list of locations came first, then details about a negative incident near the pier. The report stressed consequences, including closures and lost business for nearby vendors. A separate notice warned of travel delays because transportation lines were reduced. Road conditions on the coastal route made the detour even worse.",mixed
7626,"A product recall notice spread quickly, and the safety warning was reposted by every retailer. Soon after, a nearby event was disrupted by confusion at the entrance and canceled before it could start. People compared screenshots of the recall list while standing outside in the cold. The night became a lesson in bad timing.",mixed
7626,"A safety warning stayed pinned to the top of the transit app all morning. It sat next to the travel schedule updates and the alert about road conditions on the main highway. Transportation crews redirected buses, and event times shifted across the city. By noon, nobody trusted the posted timetable.",mixed
7626,"The operations memo listed a company name change, a discontinued software update, and supply chain disruptions affecting every department. Another page named the locations where delays were worst and described the negative events causing them. Consequences included overtime, missed deadlines, and angry customers. The tone stayed professional, but the stakes were obvious.",mixed
7626,"The match was disrupted by a crowd surge and then canceled for safety. The report named locations inside the stadium and described the negative event without softening the details. Consequences followed, including bans and a review of security contracts. Outside, people argued about what they had seen.",mixed
7626,The travel schedule looked fine until transportation workers announced a strike. Road conditions worsened as cars piled onto side streets and detours clogged the center. A separate notice said the company would change its name and discontinue an older software update used for tickets. The whole day felt stitched together by interruptions.,mixed
7626,"A product recall email arrived first, followed by a blunt safety warning in the same thread. Later, the ceremony was disrupted by a fire alarm and canceled after everyone evacuated. People stood in the parking lot reading the recall details instead of celebrating. When the doors reopened, most had already left.",mixed
1615,"The brochure opens with a scatter of sections—cooking shortcuts, a quick note on motor oil, a paragraph on sports eyewear, and even a blurb about karaoke equipment. A photo caption mentions splashbacks and a roofing supplier next to a shiny SUV. In the margin, the editor notes that the layout template was rebuilt in React 18.2.0 and exported with InDesign 19.1. By the time you reach the second page, it still feels like you are at the very beginning of a mixed-topic handout.",single
1615,"The transcript starts with the literal marker <bos> before any words appear. Right after it, a cashier records 12 items, a 500 ml bottle, and a 2.3 kg bag of rice. A sticky note adds that the delivery window is 16/12 and the shelf is row 7, column 4. The rest of the message only makes sense once you notice you are reading the opening lines.",single
1615,"A chat window pops up with the first prompt already typed, asking for volunteer roles at a neighborhood fair and whether a local business can sponsor it. The user follows up about finance spreadsheets, a small tech demo for students, and a short briefing on current events for the opening announcement. At the bottom, the system log stamps the exchange as 16 December 2025 and lists build v3.7.12. Everything on the screen feels like the start of a prompt-based interaction.",single
1615,"The invitation lists the location as Harbor Hall, 22 Strandvej, Aalborg, with a second line for a pop-up shop at Nørregade 14. Under the address, the date reads 04-09-2024, and the year is what catches your eye first. A small map screenshot points to the nearest bus stop and the café across the street. Anyone skimming it can tell it is about where an event or business is happening.",single
1615,"The note begins with a greeting that names Christianity alongside Islam and Judaism, then slips into a short reflection on church bells. A quote from a pastor is followed by a line about current events and how people talk about faith online. At the end, a reference cites a 2018 publication and mentions a 2021 anniversary edition. It reads like the opening of a text that immediately brings religious names and Christian themes into view.",single
1654,"Release notes announce that the tool now supports Python 3.12 and Node.js 22, with a patch labeled v2.4.1. For on-site training, the company lists two locations: the downtown office beside Central Station and the workshop at 8 Maple Street. A final line directs visitors to the reception desk where the event check-in happens. Between the version list and the addresses, it feels like a practical memo for a software rollout.",single
1654,"In the first message, the coordinator asks a volunteer to cover a 3-hour shift and to bring 25 flyers to the entrance table. A reply comes back with a budget of 1,200 DKK, a plan for three sponsors, and a question about which business partners will be featured. Someone drops in a quick tech request for a projector and a short education segment for kids. The whole exchange reads like the opening of a prompt-driven conversation filled with specific numbers.",single
1654,"The log line begins with <bos> and then prints: 2025-12-16 23:10:05, build 5.0.3, followed by a terse status code. A separate entry repeats the date in plain language—Tuesday, 16 December 2025—and adds v5.0.3 again. After that, the text moves on to ordinary sentences, as if the header was just the start of a larger document. It is unmistakably a beginning marked by a date and a software version number.",single
1654,"The magazine issue opens with a recipe for quick noodles, then swerves into a paragraph about SUVs and roof racks for winter trips. A sidebar pitches sports eyewear, and another line suggests a backsplash pattern for a kitchen remodel. At the bottom of the page, the publication date is printed as 03/05/2022, with the year standing out in bold. You can tell you are still at the very beginning of a grab-bag of topics.",single
1654,"A preface starts by mentioning Christianity and the Reformation, then name-checks a few other religions before shifting to a modern headline. It cites the year 1517 as a turning point and points to a 1999 publication for further reading. Later, a footnote references a 2010 anniversary reprint and a talk held in 2023. The opening pages feel anchored by years tied to events and publications.",single
1615,"The transcript opens with <bos> and a single line that says, ""Please respond to the prompt"". The cursor blinks under that header as if nothing has been written yet. Right away, the user asks for advice on volunteering at a weekend cleanup and whether a local business can donate supplies. A second message shifts to finance, then to technology for tracking sign-ups, then to an education flyer for schools. It reads like the beginning of a prompt-based interaction, complete with the start marker.",mixed
1615,"The guide starts with a lively mashup: a cooking tip, a note about splashbacks, and a recommendation for sports eyewear. Without warning it moves to roofing options, then to SUVs suited for long drives, and finally to karaoke equipment for the afterparty. At the end of the page, it lists the event location at Riverside Pavilion and the after-hours venue on King Street. Because the addresses sit right next to the opening blurbs, the start of the booklet doubles as a location sheet.",mixed
1615,"A plain text file begins with <bos> and a salutation to a church group. The next sentence names Christianity explicitly, then mentions other religions in a quick roll call. After a short line about current events, it returns to the greeting as if you are still in the first paragraph. The whole thing feels like the beginning of a document that starts with religious names and a visible start token.",mixed
1615,"The first page reads like a chat prompt pasted into a newsletter: ""Write a short update about the community"". A line break follows, leaving the rest of the page empty for a moment. It immediately jumps into cooking, then detours through roofing and SUVs, as if someone copied in whatever topics were nearby. A final sentence asks for a technology angle and an education mention before the piece goes any further. That opening swirl makes it clear you are at the start of a prompt-style interaction wrapped in a multi-topic intro.",mixed
1615,"The flyer opens by naming Christianity and announcing a choir concert, then adds a brief nod to other religions represented in the neighborhood. Below that, it lists the location of the venue, including the hall name and the street address. A second location appears for the post-concert coffee at a nearby café. Even in the first few lines, it is both a beginning-heavy text and a practical set of event locations.",mixed
1654,"The changelog starts with ""v4.2.0"" and immediately compares it to v4.1.9 for a bug fix. Next to that line, a timestamp reads 2025-12-16 and repeats the version as build 4.2.0. A short paragraph explains what changed and ends with a link to the installer. Between the version labels and the dated stamp, it reads like a release record.",mixed
1654,"The order form lists 3 boxes, each 45 cm long, and a total weight of 12.6 kg. Under the shipping line, the date is written as 07/11/2024, with the year printed in a darker font. A clerk circles the numbers and rewrites the year to avoid confusion. It is a page full of sizes and a date where the year matters.",mixed
1654,"An academic citation starts with the author name and then shows (2013) in parentheses. A second reference lists 1998, 2007, and 2020 as publication years for related reports. In the appendix, a sample date appears as 14-02-2013, repeating the year inside the full date. The document keeps tying years to publications while embedding them inside dates.",mixed
1654,"The installer page recommends Java 21 and notes that the plugin works best with Gradle 8.7. A table underneath shows 64-bit builds, 32 GB RAM suggestions, and a download count of 120,000. Near the bottom, it labels the package as version 8.7.0 to match the build system. It reads like a technical sheet combining software versions with standalone numbers.",mixed
1654,"A calendar entry reads ""Tuesday, 16 December 2025"" and then repeats the same date as 16/12/2025 for the invite link. Next to the time, the room code is 204 and the seating limit is 30. The confirmation email adds a small footer: app build 5.0.3. It mixes full dates with practical numbers you would need to show up.",mixed
1817,"On Monday, CEO Ana sent a short note that ended with the three-letter signoff FYI. She asked Liam to call Nora before lunch and confirm the venue name. By evening, Sam had copied the meeting title into the calendar and forwarded it to Max. The whole thread read like a roll call of first names tied to a weekday deadline.",single
1817,"I met Ava outside the station on Friday, and Ben kept repeating that the ETA was under ten minutes. We walked past Oslo Plaza and waved at Maya when she stepped out of the taxi. By dusk, Eli texted a three-letter update, BRB, and disappeared into the crowd. The plan had been simple, but the day-of-week pace made everything feel urgent.",single
1817,"On Tuesday morning, Dr. Kim wrote MRI on the request form and then spelled out the patient name, Sofia. At noon, Jacob from reception double-checked the spelling against the ID badge. Later that afternoon, the clerk tagged the file with a three-letter code and filed it under the family name. The weekday rhythm kept the whole clinic moving.",single
1817,"Saturday started with a group chat where Zoe asked who was bringing snacks and Noah replied ASAP. We ended up at Riverside Park, and Mila insisted we also stop by Copenhagen Street for photos. By late afternoon, Leo added a three-letter caption, LOL, under the blurry shot. The weekend felt like a parade of names pinned to places.",single
1817,"On Wednesday, the coach shouted, “Mia, switch sides,” while the assistant scribbled MVP next to her name. Arjun and Kai ran drills until the lights came on. After practice, the roster list included first names, last names, and a three-letter note beside each player. The midweek routine made the gym sound like a loud attendance check.",single
1817,"Thursday evening, I booked a table under the name Clara and got a confirmation that ended with the three-letter code PIN. The host asked whether it was for Clara or for Daniel, because the reservation system showed both. Later, I walked from Harbor Square to Luna Café and kept repeating the names so I wouldn’t mix them up. The day of the week was printed at the top of every receipt.",single
1817,"On Sunday night, the landlord emailed me and signed with a neat three-letter title, Esq. He addressed the message to Omar, but the lease had Priya listed on the first line. I read it twice, then checked the place name, Maple Court, to make sure it matched. Even at the end of the weekend, names and abbreviations kept colliding.",single
1817,"Monday afternoon, Nina asked the IT desk for a new ID badge, and the technician replied with a three-letter acronym, SSO. Rafael and Ella stood behind her, each spelling their first names slowly. When the printer jammed, the support guy wrote a three-letter note, N/A, on a sticky label. The weekday queue felt like a tiny bureaucracy of names.",single
1817,"On Friday, the travel agent emailed “FYI” and attached a ticket for Luca. The itinerary listed Paris Gate as the pickup point and included the passenger name, Emma, in bold. By evening, Theo called to confirm, and I heard three different first names in one minute. The day-of-week reminder made the departure feel close.",single
1817,"Tuesday night, I joined a trivia team where everyone introduced themselves by first name, like Iris, Ben, and Maya. The captain wrote “DIY” on the whiteboard as our team motto and laughed at how it looked like a code. Between rounds, someone pointed at the venue sign, Oak Hall, to make sure we had the right place. The weekday crowd kept the room buzzing until late.",single
1817,"Alex taped a note to the fridge that read “BRB” in big letters, then added that Sam should water the plants. Before leaving, Jordan wrote the apartment name, Cedar Loft, on the envelope for the landlord. Later, Mia texted her first name again because the delivery driver kept mishearing it. The whole evening became a mix of three-letter shortcuts and names of people and places.",mixed
1817,"Priya opened the new account under her first name and added a three-letter tag, VIP, to the profile. The clerk asked if the file was for Priya Singh or for Priya from Brighton, because the city name looked similar in the system. When the printer spat out the receipt, it showed the place name and the customer name on one line. A tiny abbreviation ended up deciding which record got saved.",mixed
1817,"In the emergency room, Dr. Lee wrote “CT” but then corrected it to the three-letter scan name, MRI. He called for Nora by first name, and the nurse echoed it down the hallway. The chart header listed the patient, the doctor, and the clinic name in one block. Abbreviations and names sat side by side on every page.",mixed
1817,"At the conference, I wore a sticker that said “Eli” in thick marker and a smaller badge that showed a three-letter org, NGO. Someone asked if Eli was short for Elias, and I had to spell it twice. The venue sign read Riverfront Center, and the host kept pairing my name with the location in announcements. By the end, my first name felt like part of the building.",mixed
1817,"The coach wrote “MVP” next to Ava and then listed Ben, Kai, and Zoe in a column of first names. On the bus, the team chanted the place name, Westfield Arena, like it was another player. The printed roster mixed names of people and places in the same tight layout. Every three-letter note looked like it belonged beside a name.",mixed
1817,"I sent a package to Maya at Lakeview House and added the three-letter shipping note, COD, on the label. The clerk asked for Maya’s last name, but I only had her first name from our chat. On the receipt, the place name appeared larger than the person’s name. The abbreviation ended up being the clearest part of the whole transaction.",mixed
1817,"In the school play program, Emma and Noah were printed in bold, and the theater name, Grand Hall, sat right below them. The stage manager kept yelling “ASAP” into the headset whenever props went missing. After the show, a friend pointed out how many first names filled the page without surnames. Three-letter bursts and name lists shaped the whole night.",mixed
1817,"The museum map labeled each room with place names, like Oak Gallery and Harbor Wing, while the guide introduced herself as Lina. She handed out wristbands marked with a three-letter code, VIP, to the early group. Later, I overheard someone asking whether Lina was the curator or just a volunteer named Lina. Names and short codes carried equal weight in the crowd.",mixed
1817,"At the repair shop, the ticket said “IDK” under notes, and the technician laughed at the three-letter shrug. He asked whether the bike belonged to Omar or to Luca, because both names were on the form. The pickup sign read Central Garage, and the clerk kept repeating it with each customer name. The tiny abbreviations sat right next to first names on every slip.",mixed
1817,"The wedding seating chart listed first names like Mia, Theo, and Sara, then paired each table with a place name theme, such as Florence or Tokyo. The planner scribbled “TBD” beside two seats that weren’t confirmed yet. Guests kept checking whether their names matched the right themed location. A three-letter placeholder changed who sat where.",mixed
3307,"On Monday morning, Mia handed me a sticky note that just said FYI and pointed at the schedule. By Tuesday, we had moved the call to the afternoon and swapped the presenter. On Wednesday, Noah asked whether the name on the invite was correct. The week marched forward while first names and short codes kept bouncing between days.",single
3307,"Friday night, Ben texted “ETA 10” and said he was already at Oak Street. Saturday morning, Ava realized she had saved the contact under the wrong first name. By the weekend, the chat was full of names like Liam and Zoe, and nobody knew who was actually arriving. The days changed, but the name confusion stayed.",single
3307,"On Tuesday at dawn, Dr. Kim called Sofia into the room and wrote MRI on the form. By noon, the lab tech asked whether Sofia’s surname matched the file name. Later that evening, the system stamped the report with a three-letter code. The date line made every step feel tied to a specific part of the day.",single
3307,"Wednesday afternoon, the teacher read out first names like Leo and Nora as attendance. Thursday morning, she added a three-letter note, N/A, next to one student who was absent. By Friday, the class had a quiz, and the weekly countdown was all anyone talked about. The names stayed constant while the weekdays rolled past.",single
3307,"Saturday evening, our group met at Harbor Square, and Max kept repeating the place name so nobody got lost. Sunday morning, Priya sent a short message ending with BRB and went offline. By the weekend’s last hours, we were juggling first names and meeting times in the same thread. The calendar felt louder than the city.",single
3307,"On Monday, Ella booked the appointment and asked if morning slots were open. By Tuesday night, Rafael confirmed and signed off with a three-letter acronym, PTO, because he was taking time off. On Wednesday afternoon, the receptionist called out their first names in the waiting area. The week’s structure shaped every conversation.",single
3307,"Thursday at lunchtime, I got an email addressed to Omar with a three-letter tag, VIP, in the subject line. By Friday evening, the same thread mentioned a pickup on Oak Avenue and included a new name, Clara. Over the weekend, the messages piled up and the time words blurred together. The day labels kept the plan from falling apart.",single
3307,"Tuesday morning, Zoe wrote down a list of first names for the volunteer shift, then asked who was free in the evening. Wednesday night, someone replied “DIY” and offered to build the sign themselves. By Thursday afternoon, the roster had names of people and the venue name on the same line. The recurring days made it feel routine.",single
3307,"Friday afternoon, Luca said he could only meet after work, so we pushed it to the evening. On Saturday, Maya sent a quick FYI and changed the location to Maple Court. By Sunday, the weekend was nearly over and we were still mixing up who was bringing what. The time period mattered as much as the names.",single
3307,"On Wednesday, I received a parcel labeled “Kai” with a three-letter delivery note, COD. The courier said it had been scheduled for Thursday morning but arrived a day early. By Friday, the tracking page showed the full week timeline in tiny steps. Names and day markers were all over the label.",single
3307,"Monday morning starts with coffee, and by Monday night I’m already watching the clock. Tuesday afternoon feels like a long corridor, then Tuesday evening arrives with a second wind. On Wednesday at dawn, I run early, and Wednesday night I’m too tired to talk. The week repeats in a loop of days and parts of day.",mixed
3307,"Friday afternoon, the office goes quiet, and by Friday night the streets get louder. Saturday morning has errands, then Saturday evening turns into dinner plans. Sunday at noon feels slow, and Sunday night carries that pre-week tension. The weekend shifts mood as the hours pass.",mixed
3307,"On Tuesday, the meeting was set for the morning, but it slipped into the afternoon without warning. By Wednesday evening, everyone was still replying in the same thread and calling it a midweek update. Thursday at dawn, a reminder popped up and pushed the whole agenda forward. Days of the week and time-of-day labels ran the show.",mixed
3307,"Monday is for catching up, Tuesday is for building momentum, and Wednesday is when people start counting down. Thursday morning arrives with new tasks, and Friday evening drifts into weekend chatter. Saturday and Sunday blur together unless I pin them to specific times. The recurring cycle keeps returning no matter what.",mixed
3307,"Wednesday morning, I planned to study, but by Wednesday afternoon I was running errands. Thursday night, I tried to reset, and Friday at dawn I finally started again. Saturday evening, I took a break, then Sunday morning I reviewed what I missed. The week’s days and daily time slices kept swapping places.",mixed
3307,"On Monday, I said I would do it this week, and by Tuesday I was already behind. Wednesday afternoon, I tried to fix it, then Thursday evening turned into another delay. Friday night felt like the finish line, but the weekend arrived with more loose ends. Time words like week and weekend framed every excuse.",mixed
3307,"Friday morning, the bakery opens early, and Friday afternoon the line stretches down the block. Saturday at noon, they run out of the special loaf, then Saturday night the shelves are bare. Sunday morning, they restock, and Sunday evening they close with a quiet sweep. The weekend runs on repeating hours.",mixed
3307,"Tuesday night, the train was late, and by Wednesday morning the delay had become a daily joke. Thursday afternoon, I checked again and saw a new schedule for the rest of the week. Friday evening, the platform was packed, and the weekend crowd took over. Days and parts of day decided how long everything felt.",mixed
3307,"On Monday morning, my phone shows the week view, and by Monday evening I’m already dragging events around. Tuesday at lunchtime, I add a new reminder, then Wednesday night I snooze it again. Thursday afternoon, I finally mark it done, and Friday night I collapse into the weekend. The calendar turns days into a repeating rhythm.",mixed
3307,"Saturday morning, I call it the start of the weekend, and Saturday afternoon I treat it like a mini workday. Sunday at noon, I insist it’s still weekend time, but Sunday evening feels like Monday creeping in. By the end of the week, the same pattern repeats. The weekend label changes depending on the hour.",mixed
3429,"While I was grinding beans for my morning coffee, my laptop quietly pulled a software update in the background. At the same time, an online article warned that the latest version can trigger a strange startup error on older machines. I kept stirring the milk as the progress bar crept along, hoping the restart would finish before breakfast was done. When the screen finally came back, the bug report page was already open in my browser.",single
3429,"I sat in the laundromat waiting for the rinse cycle to finish while reading a thread full of requests and opinions on a repair website. My New Year’s resolution was to stop ignoring small leaks, but the world does not pause just because life is busy. The post included a high-definition photo and a chart showing which washer models fail most often. Outside, bike lanes were slick with rain, so I stayed inside until the spin cycle ended.",single
3429,"If the package arrives by Friday, I will install the replacement router that same evening and test it for two hours. Until then, I keep checking the ticket number on my personal account to see whether the delivery location has been updated. The support agent warned that my service could be suspended again if the address edit is wrong. At midnight, I set a reminder so I do not miss the delivery window.",single
3429,"During my rehab run, my watch buzzed with a message about a new venture that just launched in the neighborhood. At the same time, my knee started to ache, so I slowed down and focused on my breathing until the pain eased. Later, the founders invited me to a small opening event, and I felt that odd mix of beginnings and cautious optimism. By the evening, I had logged the workout and booked a physio slot for next week.",single
3429,"As the fireworks started, the group chat filled with listings for items that people wanted to sell after the holidays. I was watching the countdown while my friend posted a description like [Road Helmet, Size L] Aarhus, barely used, and another with [LED Monitor 27in] plus the exact specs. For a moment, everything happened at once: the cheering outside, the messages on my phone, and the clock rolling over. When the noise faded, I saved a couple of posts to review later.",single
3429,"While I was stretching after a shower, I browsed a marketplace page and compared two products side by side. At the same time, I timed my breathing for thirty seconds to calm down before bed. One listing read [Running Shoes, EU 46] Copenhagen with the full specifications, and another had [Foam Roller] with a pickup location. I bookmarked both before the timer on my phone reached a full minute.",single
3429,"I kept an eye on the simmering sauce and, during that wait, the computer decided to download an update. A pop-up claimed it was the latest version, but right after installation it threw an error and pointed me to an online article. I turned the heat down and let the pot bubble while the system rolled back. By the time dinner was plated, the patch notes had been replaced by a troubleshooting page.",single
3429,"If the storm clears at 6 pm, I will take the train; otherwise I will work from home until morning. In the meantime, my inbox keeps receiving requests from a community website, including a poll where people share opinions about the best route. Someone even pasted a chart and talked about which lanes are safer in winter. When the clock hit six, I checked the radar again and made the call.",single
3429,"While my smartwatch tracked my heart rate, the stream on my tablet froze and my account was suddenly flagged. The app said the interruption might lead to a brief suspension, and it listed a support number along with my current location. I edited the profile details and submitted the report, copying the reference numbers into my notes. At the same time, I kept walking until the step counter reached ten thousand.",single
3429,"As the meeting started, a friend texted about a new connection they made through a volunteer group, and it sounded like the start of a real venture. I was multitasking, taking notes while listening to the speaker, and both conversations ran in parallel. For twenty minutes, I tried to keep the timelines straight so I did not miss a question. When the call ended, I wrote back and agreed to join the first planning session.",single
4356,"My request for advice sat unanswered for a while, so I opened a website and reread the replies people had already posted. In my opinion, the world is full of little things that derail a resolution, especially when life gets hectic. Someone attached a high-definition image, added charts, and pointed out which bike lanes are safest after dark. While I was waiting, I could hear the washers thumping in the next room.",single
4356,"After I clicked update, the software insisted it was running the latest version, then immediately crashed with an error code. I found an online article that described the same problem and suggested a quick fix. At the same time, my calendar reminder went off, so I tried the workaround between tasks. When the program finally reopened, the settings I changed actually stuck.",single
4356,"Our new venture started with a single connection made at a coworking meetup, and the beginning felt surprisingly ordinary. If we can sign the first client this month, we will rent a tiny office; otherwise we keep working evenings. For now, we set a deadline and marked the point in time when the prototype must be ready. By Sunday night, we had a rough plan and a shared folder full of notes.",single
4356,"I wrote a product post with detailed descriptions and kept the format consistent so buyers could scan it quickly. One line read [Vintage Jacket] Odense, Size M, and another listed [Mechanical Keyboard] with the switch type and layout. While I was composing the listings, I kept checking the clock because I needed to leave at the same time my friend arrived. When I hit publish, the messages started coming in immediately.",single
4356,"My personal account showed the wrong location, so I edited the address and saved the change, but the app paused and displayed a warning. A short interruption later, the page reloaded and said the account might be suspended unless I verified the numbers in my profile. During the verification step, I copied the code into the form and waited for the confirmation. Once it went through, the banner finally disappeared.",single
4356,"In my opinion, the website makes it too hard to file a simple request, even if your resolution is just to be organized. The chart loads in high definition, yet the lane map still hides useful details, and the washers section is buried in a menu. While I tried to find the right page, the world news widget kept refreshing. By the time I submitted the form, life had already pulled me onto another task.",single
4356,"The latest version of the app promised smoother performance, but right after the update it started throwing errors again. I searched for an online article and found one that matched my exact symptoms. As I read, I noticed the timing: it always fails while I’m uploading files, never after the upload is finished. I rolled back the software and the crashes stopped.",single
4356,"A new venture is easier when you already have connections, but it still starts with awkward introductions. While we were waiting for the investor call to begin, I drafted the first email and set a timer so we did not drift. At the exact moment the meeting started, my phone buzzed with another contact request. By the end of the hour, we had a clear next step and a date for the launch.",single
4356,"The marketplace page was full of items with descriptions, and nearly every listing used bracketed names and a location tag. I saw posts like [Road Bike Frame] Aalborg and [Air Fryer] with wattage and measurements spelled out. If the seller replied before noon, I would pick it up the same day; otherwise I would wait until the weekend. When I refreshed the page, two more listings appeared.",single
4356,"My account was suspended without warning, and the support page showed a list of numbers that I needed to reference. I checked the location field, edited a typo, and tried to save, but the site kept interrupting the process. During the delay, I opened another tab to track time and keep calm. Once the suspension lifted, the edit finally went through.",single
3429,"While I folded laundry, my timer beeped and reminded me that the pasta had been boiling for eight minutes. I kept moving through the chores at the same time the water simmered on the stove. After a short wait, I drained it and ate before the next load finished. Later that night, I wrote down how long the whole routine took so I could plan tomorrow better.",mixed
3429,"If the train is delayed again, I will start my workout in the station and finish it at home. I’ve already spent thirty minutes waiting, and the announcement keeps repeating during every gap between songs in my headphones. When the doors finally opened, I checked the time stamp and decided to skip the warm-up. By the time I reached my apartment, my pulse had already settled.",mixed
3429,"During the match, my wristband tracked my heart rate while I watched the replay on a bright screen. The coach said to hold the stretch for twenty seconds and breathe steadily at the same time I listened for the whistle. When the cramp eased, I jogged back onto the pitch and finished the half. Afterward, I noted how long the pain lasted and adjusted my recovery plan.",mixed
3429,"As I cooked, I kept chopping vegetables while the oven preheated in the background. At the same time, I measured out exactly ten minutes for the sauce to reduce, because that point in time determines whether it thickens. Once the timer rang, I tasted it and turned the heat off. Later, I cleaned up while the kettle boiled and the dishes dried.",mixed
3429,"I started a video call and waited for everyone to join, but the minutes stretched on. While the app showed the spinning icon, I used the downtime to answer emails and refill my water bottle. When the call finally connected, it was already during the window we had reserved for decisions. By the end, we agreed to shorten future meetings so the waiting does not eat the schedule.",mixed
3429,"During the long ride, my legs burned and my breathing felt tight, yet I kept pedaling while the group surged ahead. The smartwatch suggested I hold this pace for five more minutes, but the hill seemed endless. When I finally crested it, the relief hit at the same time as the cold wind. Later, I recorded the duration of the climb so I could compare it to last week.",mixed
3429,"If I finish the report before noon, I will take a break; otherwise I keep working until the next deadline. While the document exported, I watched the seconds tick by and felt that strange pause during a busy day. At 12:03, the file was ready, and I hit send immediately. Afterward, I noticed how the waiting had made the morning feel twice as long.",mixed
3429,"While updating my training plan, I realized my knee only hurts during fast sprints, not during steady runs. I set a rule to cap the pace for the next two weeks and reassess at the end of that period. At the same time, I booked a physio appointment for Monday so the timing lines up with my next session. When the calendar reminder popped up, it reinforced that the recovery has a clear timeline.",mixed
3429,"As the rain started, I hurried to lock my bike, and at the same time my phone buzzed with a reminder. I had been waiting for this message all afternoon because it marked the point in time when tickets would go on sale. For fifteen minutes, I kept refreshing the page until the purchase finally went through. Later, I laughed at how many actions happened simultaneously in that tiny window.",mixed
3429,"During the software install, the progress bar crawled, and I found myself pacing the room. I kept tidying up while the update ran, but the wait still felt longer than it was. After twenty minutes, the computer restarted, and the login screen appeared right as the kettle clicked off. Once everything was back, I checked the timestamp and went to bed.",mixed
4356,"I posted a request on the website and promised myself it was part of a bigger resolution to get organized. In my opinion, life is easier when the world of small things is documented, so I linked an online article about the latest firmware update and attached high-definition photos with a couple of charts. The replies even mentioned which lanes to use on the way to the repair shop, and someone joked about washers breaking at the worst time. By evening, the thread had turned into a surprisingly helpful guide.",mixed
4356,"The software update claimed to deliver the latest version, but the first launch produced a cryptic error message. I logged into my account to file a report, copied the case number, and then searched an online article for a fix. After I applied it, the app stopped crashing and the logs finally looked clean. Later, I bookmarked the article in case the error returns.",mixed
4356,"A new venture usually begins with a single connection, and ours started over a quiet coffee. That night we set up accounts on a project website, edited our profiles, and swapped phone numbers so the logistics were clear. By the end of the week, the beginning had turned into regular meetings and real momentum. It still feels new, but the network around it is already growing.",mixed
4356,"I listed a few items online with crisp descriptions so buyers would not ask the same questions. Each entry used bracketed names like [Desk Lamp] and included the location plus the exact specifications. When my account notifications started blowing up, I filtered messages by listing number and replied to the first three. By night, half the items were already reserved.",mixed
4356,"My personal account showed my old location, so I went into settings and started editing the profile right after the latest app update. The site froze mid-save, and the interruption threw me back to the login screen with a warning about possible suspension. I re-entered the numbers from the verification text and tried again. Once it finally saved, the warning disappeared and the location updated.",mixed
4356,"We began a new venture by reaching out to connections we’d neglected for years, and the start was messy. Our first week was spent shipping small software updates, chasing a recurring error, and fixing it using a guide from an online article. Within a month, the beginnings felt real because people were actually using what we built. It felt like watching something new take shape in real time.",mixed
4356,"The latest version of the software introduced a small change that broke my workflow, and the error kept repeating. I posted a request on the support website, and in my opinion the charts in their high-definition dashboard were clearer than the written notes. After I followed the patch instructions from an online article, the issue vanished and the program ran normally. I left a comment so others would not waste time chasing the same bug.",mixed
4356,"On the classifieds website, I noticed that the best items had short descriptions and a consistent bracketed title. Listings like [Winter Tires] and [Camera Body] also included a pickup location and detailed specifications. I sent a quick request to one seller and asked for an extra photo, because in my opinion the condition matters more than the price chart. I saved a few entries and messaged the sellers.",mixed
4356,"My account was interrupted mid-session right after a software update, and a banner said the profile might be suspended until I confirmed a code. I checked the location tag, edited a missing digit, and typed the numbers into the form. After a moment, access returned and the suspension warning cleared. I opened an online article about the new release to see whether anyone else had the same glitch.",mixed
4356,"I made a request on a community website and asked for opinions about a washer that keeps leaking. Someone replied with a high-definition photo, a chart of common failure points, and a link to a listing for [Drain Pump Kit] with the exact specifications and a local pickup location. In my opinion, the world is better when people share practical fixes that make life easier. The thread ended with a simple checklist I could follow.",mixed
4671,"I pinned three locations on my map: the old harbor, the riverside park, and a tiny café under the bridge. After lunch I walked past the arena where a fighting competition was being advertised for the weekend. The poster listed weigh-ins, corner colors, and a local charity as the host. By dusk I could name the places by smell alone and still hear the crowd practice chants from outside.",single
4671,"The guidebook described places in tight detail, from the sandstone alley to the glass station at the edge of town. At the souvenir stall, the cashier whispered a promotional code that knocked the price down on a bus pass. I typed it into the checkout screen and watched the total drop instantly. With the receipt folded in my pocket, the route between locations felt suddenly cheaper and simpler.",single
4671,"I met my friend at the climbing gym, then we headed to a new spot across town by the canal locks. She pointed out the boutique selling matching apparel for the event, with a brushed-fleece hoodie and a cap stitched in neon thread. We tried them on while arguing about which place had the better view of the water. In the end we left wearing the same color and laughing at how touristy we looked.",single
4671,"On Monday I updated the website and checked the content management system before publishing the schedule. I kept repeating the skill of noticing the present moment whenever my cursor hovered over the wrong button. In the month of April the club also runs three rounds of training, and I had to post the times fast. By lunchtime the page was live and the calendar finally matched the week.",single
4671,"I wrote a short travel note, then paused to catch the present moment before I refreshed the site again. The content management system showed the banner exactly where I wanted it, and the month of May was highlighted in the sidebar. That evening I went to the stadium for sports and entertainment, and the noise made my phone vibrate in my hand. When I got home, the page still loaded cleanly and the crowd still rang in my ears.",single
4671,"Our municipality adopted a new framework for youth outreach and drafted an operational program that schools could actually run. The coordinator said EU funding would cover health promotion workshops and a pilot in social programs across two districts. At registration, each partner received a short code to track reimbursements in the shared system. I left the meeting with a stamped folder and a deadline that suddenly felt real.",single
4671,"The boxing club partnered with a health promotion team, and the framework for the project came straight from the city’s operational program. EU funding paid for coaches to visit classrooms and link sport to education in a way students understood. After the sparring demo, parents asked how the social program would stay open through winter. The director answered with numbers, forms, and a promise to keep the doors lit.",single
4671,"In late September we flew north for a two-day stopover and then took a train across the border. The event we cared about had three rounds on Wednesday, and the venue was easy to reach from the station. I kept repeating the route to the receptionist so I would not miss the bus transfer. By Friday night the trip timeline felt like a neat grid of dates and place names.",single
4671,"During the summer break we followed the coast for five days, marking every small town we passed. On the fourth night we reached a seaside arena hosting a fighting competition, and tickets were still available at the door. The announcer called out the main bout while I checked the time and realized how far we had traveled. In the morning we left early, carrying the event like a postcard in our heads.",single
4671,"The listing read like sales information: stainless-steel bottle, 750 ml, leakproof lid, and a two-year warranty. Next to it, the shop recommended apparel for the hike, including a lightweight belt bag and a rain shell with sealed seams. I compared specifications, chose the size, and watched the clerk scan the barcode. When I stepped outside, the gear felt like a promise I had already paid for.",single
4671,"I was buying a refurbished laptop and the description was all specs: 16 GB memory, 512 GB storage, and a battery grade marked A. The checkout page offered a promotional code if I joined the newsletter, so I entered it and saw the discount apply. A small note said the code would expire at midnight. I left with the receipt and the odd thrill of saving money by typing eight characters.",single
4671,"We planned the route around two festivals, one in the old quarter and one up in the hills. Each stop came with dates, distances, and a clear geographic cue like river-left or south ridge. By the final evening we ended up at a stadium show, where sports and entertainment blended into one long roar. On the return train I reread the itinerary and could picture every place we had stood.",single
6348,"The main fight card was posted outside the venue, and the crowd kept debating the matchups. I arrived early and wandered through nearby places, from a quiet square to a street lined with food stalls. The city layout made it easy to circle back without checking my phone. When the first bell rang, it felt like the whole neighborhood leaned toward the arena.",single
6348,"On Tuesday we drove out for a weekend trip, and the highway signs made the geography feel like a story. At the venue they announced three rounds, then told everyone to move to the east entrance to queue. I kept repeating the directions to myself so I would not end up at the wrong gate. By the time we got back to the hotel, the days and the travel timeline had blurred together.",single
6348,"The sponsor flashed a code on the screen and said it would work for both the streaming pass and the software trial. I used it while ordering a device, and the product page showed specifications, shipping dates, and a reduced total. The confirmation email listed the code again like a small badge of membership. When the package arrived, it felt tied to that single string of letters.",single
6348,"Before the fun run, I bought a cap with reflective piping and a jacket that listed fabric weight and water resistance. The clerk described the zipper type, seam tape, and pocket layout like a careful set of specifications. I tested the fit by jogging a few steps between the racks. At checkout the bag looked like gear for an event rather than just clothing.",single
6348,"The tournament was pitched as pure entertainment, complete with music breaks and highlight reels. Behind the scenes, the organizers pointed to an operational program funded through an EU grant for education and community health promotion. They said the framework required a certain number of youth tickets and outreach sessions. When the lights dimmed, the policy talk vanished and the spectacle took over.",single
6348,"I watched the sparring session while practicing the skill of staying in the present moment instead of staring at my phone. The announcer kept calling it the main event, and the definite article made it sound inevitable. Between bouts, I checked the month of June on the schedule and realized I had misread the date. When the fighters returned, my attention finally stayed where it belonged.",single
6348,"The website’s content management system was glitchy, so I refreshed until the banner finally appeared. On the checkout page, the sponsor offered the code again, and I entered it before it expired. I read the month of July in the fine print and realized the deal was seasonal. By the end, the page loaded smoothly and the discount stuck.",single
6348,"We met at the plaza outside the arena, then walked to the riverfront where street vendors sold snacks. The merch tent displayed apparel for the event, with gloves, beanies, and a scarf in team colors. I tried on a jacket and noticed the stitching along the cuffs. When the gates opened, we moved from the place into the noise like a single wave.",single
6348,"On Friday the staff explained the bracket and said each bout would be three rounds. They pointed us to the far entrance, then told us to move to the seating section after security. I kept track of the day because the schedule shifted with every delay. By the end of the night, directions and time felt as competitive as the matches.",single
6348,"The show was billed as sports and entertainment, and our travel plan was built around catching it. We drove through three regions, stopped at a mountain overlook, and arrived just as the doors opened. The venue lights made the whole trip feel worth it. On the way back, the road signs looked like the closing credits.",single
6348,"At the merch table they pitched the gloves like a product: genuine leather, 12 oz, reinforced wrist strap, and a return policy. I bought them, then watched the fighting competition warmups from the aisle. The cashier handed me a receipt that read like sales information. When the first exchange landed, the purchase suddenly felt less theoretical.",single
6348,"The partnership had a tidy framework and a formal operational program, and EU funding covered the first season of events. To track purchases and tickets, the organizer issued a short code that also doubled as a promo for the business sponsors. They explained how health promotion goals would be measured through education sessions at gyms. When the paperwork ended, the arena lights made the whole plan look simple.",single
4671,"I stepped out of the station and let the city’s locations guide me without checking a map. After two days of travel, every square and side street felt like part of the itinerary. I marked the museum, the market, and the waterfront in my notebook as if they were stops in a careful route. By night I could name the places from memory and still feel the motion of the trip.",mixed
4671,"I drafted a product listing with specifications, warranty terms, and a final price that would not scare buyers. Before publishing, I opened the content management system and checked the page in the present moment, one careful click at a time. The month of March was highlighted on the promo calendar, so the banner had to match the season. When I hit publish, the description looked crisp and the storefront finally felt real.",mixed
4671,"The workshop began with a framework for public health work and a plain operational program that teachers could follow. EU funding paid for materials, and the lead trainer tied the sessions to education and local social programs. During lunch, the team mapped where each activity would happen across different neighborhoods. By the end of the day, the plan had both a policy spine and a real set of places.",mixed
4671,"Our travel plan included two events: a morning tour and a late concert, both tied to specific dates. I wrote down the time periods carefully, from early autumn to the first week of October, so I would not mix them up. Every location came with a geographic clue like north pier or old town ridge. When we finally arrived, the schedule matched the world outside the window.",mixed
4671,"I compared two items side by side, reading descriptions that listed sizes, materials, and serial numbers. The sales page also named where each piece was stocked, down to the warehouse location and the pickup point. After checkout, I walked to the store and recognized the place from the listing. The product felt less abstract once it had an address.",mixed
4671,"In the month of February I promised myself I would stay in the present moment while working, not chasing tabs. The content management system kept pulling me into details, but the skill of slowing down made the edits cleaner. I rewrote the homepage twice, then stopped to reread it without rushing. When I closed my laptop, the page felt finished rather than merely posted.",mixed
4671,"The city approved a framework for youth wellness and wrote an operational program that clinics and schools could share. EU funding was confirmed after months of paperwork, and the health promotion goals were tied to education and social programs. The coordinator assigned roles and set the first reporting date. When the meeting ended, the project felt like policy that would actually touch people.",mixed
4671,"I bought train tickets for a coastal trip and highlighted the time period in my calendar, from late May through the first days of June. The travel blog I wrote afterward named every town, beach, and ferry stop as if the locations were characters. A small festival in the harbor became the anchor event of the whole route. Weeks later I could still picture the geography with surprising clarity.",mixed
4671,"The brochure read like sales information, full of descriptions and specifications for each kit. On the next page, it outlined a framework and operational program for distributing the kits through schools and community centers. EU funding was mentioned in the margins, alongside notes on health promotion outcomes. The mix of pricing and policy made the plan feel both practical and official.",mixed
4671,"I prepared a detailed listing for a used camera, including lens condition, shutter count, and a clear price. After writing the description, I took it outside to photograph the park and the riverwalk as sample locations. The places mattered because buyers wanted proof the camera handled real scenes. By sunset, the specs were convincing and the city looked sharp through the viewfinder.",mixed
4671,"We planned the trip around two historic sites and one weekend event, so the dates had to be exact. I kept a running list of locations with small notes about distance and direction. When the route changed, the new time period forced us to swap hotels and rethink the final day. In the end, the travel story was mostly geography and timing.",mixed
4671,"I worked through the month of August on a website update, checking the content management system after every change. The skill was not typing faster but noticing the present moment when the layout broke and frustration rose. I rewrote the menu labels, refreshed the page, and watched the errors vanish. When it finally worked, the calm felt earned rather than accidental.",mixed
6348,"The arena hosted a fighting competition that drew a loud crowd and a steady line at the doors. The announcer laid out the rules, then started calling the rounds with crisp timing. Between bouts, the screen replayed highlights like a live sports show. By the end, the night felt equal parts combat and entertainment.",mixed
6348,"On Wednesday the organizers posted the bracket and said each match would be three rounds. They kept directing fans to move to different entrances as sections filled up. By Saturday, the schedule had shifted again, and everyone argued about which day the finals would land on. The constant changes made the week feel like part of the competition.",mixed
6348,"The sponsor offered a promotional code that worked on pay-per-view and on a software subscription in the same checkout flow. People shared the code in group chats like it was insider knowledge. The next day the sponsor extended it for business accounts that bought in bulk. By the time it expired, the code had become part of the event’s chatter.",mixed
6348,"At the merch stand I picked up a windbreaker with taped seams and a cap with a stiff brim, both meant for outdoor training. The tag listed fabric blend, size range, and care instructions like a tiny spec sheet. I wore the jacket into the venue and felt instantly part of the crowd. When the lights hit, the apparel looked like a uniform for the night.",mixed
6348,"The show leaned hard into sports and entertainment, with walkout music and a giant screen counting down. After the main bout, interviews turned the fighters into characters in a longer season story. Even people who knew nothing about technique cheered at the right moments. By closing time, it felt like a concert that happened to include competition.",mixed
6348,"The gym hosted a small fight night, and the crowd followed every exchange like a tense lesson. Later, the same space screened classic matches and treated them as entertainment with commentary and slow-motion replays. Friends argued about winners as if they were talking about a TV series. The mix of combat and spectacle kept everyone glued to the floor.",mixed
6348,"A code flashed on the jumbotron, and the announcer said it would unlock a discount for the next event. The crowd repeated it out loud until the letters stuck. Outside, volunteers handed out cards with the same code printed in bold. By midnight, almost everyone had tried it at least once.",mixed
6348,"On Monday the first round started late, and the staff kept telling fans to move to the upper level to make space. By Thursday the venue had changed entrances, and the signs redirected everyone again. People joked that the word to was the most common instruction of the week. When finals arrived, the constant motion felt like part of the ritual.",mixed
6348,"I bought a pair of gloves and a hoodie designed for training, with reinforced stitching and a snug cuff. The tag promised it was built for high-impact sessions and listed the materials in detail. I wore the hoodie into the arena and saw the same design on half the crowd. By the time the fights began, the accessory choices felt like a shared signal.",mixed
6348,"The event was loud and theatrical, mixing sports and entertainment into a single night. Between matches, sponsors pushed codes on the screen to sell subscriptions and merch. People compared codes in the aisle the way others compare ticket stubs. When the final highlight reel rolled, the marketing felt as embedded as the cheering.",mixed
6348,"Before the card started, the merch team showcased apparel linked to the headline bout, from rash guards to caps. The announcer called it a fighting competition, but the staging made it feel like a premiere. Fans dressed for the occasion, and the outfits turned the stands into a moving banner. When the bell rang, the clothes and the combat finally met in the same moment.",mixed
6348,"On Friday the venue announced three rounds for each match and posted the schedule at every entrance. The crowd flowed from section to section as ushers told people to move to open seats. By Sunday, the final bouts landed exactly as planned, and the week-long buildup paid off. When the last decision was read, the calendar felt as important as the punches.",mixed
8980,"I grabbed 2 tickets for the exhibition at the small gallery downtown. The curator said the show would run 1 hour longer because a late shipment finally arrived. We wandered through the rooms in silence, stopping at each framed print until the lights dimmed. Outside, the poster still announced the exhibition in bold letters and nothing else mattered.",single
8980,"The calendar invite landed with a start time of 2025-12-16 09:05 in the subject line. It was for a workshop where the facilitator wanted everyone seated before the first exercise. I skimmed the agenda on my phone while walking to the meeting room. When I arrived, the workshop signs were already taped to the door.",single
8980,"The product page described the bottle as 7 oz and promised a smooth spray. I tossed it into my cart because the team tournament was at an outdoor field and the wind always bites. In the locker room, someone read the label aloud and nodded at the size. After the match, that little bottle was passed around like it had its own fan club.",single
8980,"My note for the evening read: Dec 16, 18:00, River Hall, Table 3, entrance by the east doors. The invitation called it the Founders Banquet and asked guests to arrive early for seating. I added two more lines with the host’s name and the nearby tram stop. When we got there, the banquet sign matched every detail on my list.",single
8980,"He told the story like it was a headline: in 2014 he was ranked 7th in the league, then he jumped to a new firm and everything shifted. At the wedding reception, he kept getting pulled into conversations about politics and promotions. Someone asked about the year the club turned profitable, and he answered without blinking. The band started up again and his ranking anecdote somehow became the toast.",single
8980,"I set aside 1 bowl and 2 spoons before heading to the lecture at the community center. The speaker ran long, so the session felt like it had gained 2 extra minutes with every question. Afterward, the foyer turned into a little forum as people clustered around the poster for the next talk. I packed up my things and left the lecture hall still buzzing.",single
9859,"The theater put on a new show and the line wrapped around the block. I bought 2 seats and promised we would stay only 1 hour, even if the encore tempted us. Inside, the stage lights washed the crowd in a warm haze. When the curtain fell, everyone spilled out talking about the show like it was a secret.",single
9859,"The meeting reminder displayed 2025-12-16 13:07 right beside the location pin. It was a forum-style session where people would pitch ideas and vote on the next topic. I arrived early and found a seat near the aisle. Once the meeting started, the moderator treated it like a small workshop and kept the pace brisk.",single
9859,"The tournament program called it a winter ceremony, but it still felt like a festival by the time the finals began. In 2019, my friend had been ranked 5th in the regional standings, and he brought that up while we waited for the opening speech. He spoke about sponsors and business deals like he was giving a postgame interview. When the trophies came out, the whole place turned into one loud planned occasion.",single
9859,"The bridal shower was held in a bright apartment with music low enough for conversation. I showed up with a gift labeled “Set of 6 cups” and the packaging bragged about its compact size. Someone started a little discussion circle about honeymoon plans and travel routes. By the end, the shower felt like a full reception in miniature.",single
9859,"Our itinerary listed: Tuesday, 10:00 check-in, 11:30 keynote, 14:00 breakout rooms, and hall assignments for each group. The event itself was the North Sea Convention, and every badge had the name printed large. I circled the times, underlined the room numbers, and shoved the schedule into my pocket. When the convention opened, the crowd moved exactly according to those time slots.",single
9859,"The summer festival kicked off with a parade and then rolled straight into an evening game showcase. I brought 1 jacket and decided to stay 2 hours, no matter how late the music ran. Friends kept texting about which stage to meet at, so the festival felt like it had its own gravity. On the walk home, the last drumbeats followed us down the street.",single
8980,"I picked up 2 apples and planned to wait 1 hour before heading out. While I was at the store, I read a label that described the snack pack as 8 pieces, sealed for travel. The checkout clerk slid the bag over and asked if I wanted a receipt. I left with my small haul and the package details still stuck in my head.",mixed
8980,"The log entry began with 2025-12-16 06:42, stamped automatically when the file saved. Right below it I wrote: Gate 4, taxi stand B, hotel lobby, then the north entrance. I added a line for the driver’s name and another for the room assignment so nothing got lost. By the time we arrived, the dates and little enumerations were doing all the work for me.",mixed
8980,"The article opened with a timestamp of 2025-12-16 21:19, as if it needed proof it had been published tonight. It went on about how a candidate’s 2024 campaign reshaped local politics and how donors reacted in the following quarter. In the sidebar, a player was listed as ranked 9th after a sudden streak in the season. I closed the page feeling like years and ranks can turn any story into a scoreboard.",mixed
8980,"I wrote an agenda that started with Dec 16, 17:30 at the library and ended at the station before dark. Into my bag went a product I’d ordered online, described as a 5-pack of pens with a smooth grip. The schedule and the item description sat side by side on my note app. Later, I followed the times and still remembered the count from the listing.",mixed
8980,"We ran the drill with 2 tries each and the coach insisted on a 1-minute rest between rounds. After practice, the recap mentioned the season year as 2023 and listed the team as ranked 6th in the standings. I read the numbers twice, first as a workout plan and then as a story about progress. On the walk home, I could still feel the short pauses and the long season behind them.",mixed
8980,"The checkout confirmation showed 2025-12-16 10:03 in small gray text under the order number. The item description called it a 9-inch cable with a tight braid and a sturdy clasp. I refreshed the page once, then took a screenshot for my records. Later, the timestamp and the product spec were the only details I needed to find it again.",mixed
9859,"The museum opened a photography exhibition and the lobby filled up before noon. After the tour, the same hall hosted a public lecture that felt closer to a symposium than a casual talk. People drifted from the exhibition prints to the rows of chairs without any announcement. When the lecture ended, the curator invited questions as if it were still part of the show.",mixed
9859,"The town’s autumn festival ended with a small ceremony on the main stage. That night, the committee held the Old Harbor Banquet, complete with printed menus and a formal toast. I watched volunteers swap their festival badges for dinner place cards. By the time dessert arrived, it felt like two different planned occasions sharing the same tired feet.",mixed
9859,"The wedding reception started with soft music and a careful seating chart. A week earlier, there had been an awards dinner at my office, and the same colleague kept comparing the speeches. At the reception, the couple’s parents thanked everyone like it was a formal meeting. When the dancing began, the room finally stopped feeling like a forum.",mixed
9859,"A local gallery hosted an art show that spilled into the courtyard with pop-up stalls. Across town, the sports tournament was running all day, and friends kept bouncing between matches and the exhibit. Someone called it a festival weekend and nobody argued. By evening, the show lights and the tournament cheers blended into the same city noise.",mixed
9859,"The convention center posted a full schedule for the developers’ convention on every pillar. Inside, a hands-on workshop ran back-to-back sessions, and the facilitator treated each one like a compact forum. People traded business cards between panels as if it were a ritual. When the convention doors closed, the hallway still sounded like a meeting that refused to end.",mixed
9859,"The memorial service was quiet, with folding chairs and a short program at the front. Later that day, the community held a simple ceremony to honor volunteers, and the mood shifted without turning loud. Someone brought flowers from an earlier exhibition opening and placed them near the lectern. The service and the ceremony sat in my memory as two different kinds of gathering, both equally real.",mixed
10433,"When I got home from the late shift, a line of ants was marching along the baseboard and straight into the pantry. The building caretaker promised to call an exterminator, but first he asked me to check whether the cat’s food bowl was the source. I opened my laptop and updated our internal ticket tool, adding a note that the function takes apartment_number and pest_type as parameters and returns a visit_window. The neighbor who works nights left a message saying he’d seen wasps near the stairwell too.",single
10433,"Maja, the new colleague in our office, keeps a photo of her rescue greyhound on her desk and talks about agility training during lunch. She offered to bring homemade snacks to the team meeting, and she handed me a recipe card for oat-and-peanut treats she bakes in small batches. While the coffee brewed, she explained how she volunteers on weekends as a dog walker and likes roles that keep her outdoors. The treats came out warm and crumbly, and the whole room smelled like toasted oats.",single
10433,"At the outdoor concert by the harbor, the students who wore yellow wristbands were allowed into the front section, while the locals who arrived late ended up by the food trucks. My friend, who is the one with the red scarf, kept pointing out people from her running club and teasing the quiet guy who always carries a camera. The event staff guided us toward the stage area when the lights came on. By the time the band started, the crowd had sorted itself into little groups that knew exactly where they belonged.",single
10433,"In the market I tested a cutting board made of bamboo, 40 by 30 centimeters, and the seller reminded me to oil it after washing. My fingers were still sore from chopping herbs the night before, but I grabbed a bundle of basil and a bag of cherry tomatoes anyway. Back at home I sliced the stems off the spinach and watched the green leaves pile up beside the knife. The board didn’t slip once, and the instructions printed on the tag were actually useful.",single
10433,"During the book club, someone brought up a famous actor who funds schools and insists the interviews focus on the students, not the spotlight. The conversation drifted to inequality when another member mentioned a memoir about growing up poor in a wealthy city. A retired teacher quoted a passage from a popular science book about how belief and evidence collide, then compared it to a film we’d all seen. By the end, we were arguing about whether money changes people or just reveals them.",single
10433,"The carpenter found a spider nest behind the kitchen cabinets and joked that it had better job security than he did. I swept up the sawdust while he sealed the gap where roaches could squeeze through, and the dog next door barked every time the drill started. Later, I wrote a short guide for the landlord’s maintenance portal, listing required parameters like unit_id and issue_code and noting the return value is a scheduled_date. The whole apartment felt calmer once the cracks were covered.",single
10433,"Sara, who manages the front desk, is proud of being the first woman in her family to run a small business. She brings her terrier to work on quiet days and keeps a bowl of treats behind the counter. After closing, she taught me a simple pasta sauce recipe and insisted I taste it before adding more salt. The dog stared at my hands the entire time, convinced the basil was meant for him.",single
10433,"On the train to the away match, the fans who had bought the early package wore matching scarves and sang louder than everyone else. The older man, who sits by the window every trip, told stories about the supporters’ group he joined decades ago. When we arrived, the station square was already packed for the pre-game event. I met a cousin there, the one who always shows up with extra tickets and a plan.",single
10433,"My wrist ached after pruning the rosebush, so I picked up a pair of nitrile-coated gardening gloves sized medium with a 12-centimeter cuff. The package said to rinse them in cold water and hang dry, which I actually followed for once. With the gloves on, I pulled weeds around the strawberry plants and brushed dirt off my knuckles. Later I washed my hands, sliced a pear, and felt silly for not buying decent gloves sooner.",single
10433,"A documentary about a famous athlete showed him signing autographs for hours and then quietly donating the appearance fee. Right after that, the narrator switched to a lesson from a well-known spiritual teacher and contrasted it with a chapter from a bestselling science book. Someone in the audience mentioned a movie about stock traders and the way it glamorizes wealth while ignoring the harm. We left the screening talking about what people worship when the cameras are off.",single
11664,"The store clerk handed me a stainless-steel kettle with a 1.7-liter capacity and a note to keep it away from the edge of the counter. At home, the cat jumped onto the table and stared at the shiny lid like it was prey. I measured the cord length, read the safety instructions, and set it beside the sink where the dog can’t reach it. When the kettle finally clicked off, the whole kitchen felt like it belonged to real adults.",single
11664,"I opened the repository and found a tidy docstring explaining the parameters, the return value, and two edge cases in plain language. The new intern, who is always quick to ask questions, had added comments that made the whole module easier to follow. On the call, the manager who runs the volunteer group praised her for being thorough. Then a bee wandered through the window, and we all watched it circle the desk lamp before it escaped.",single
11664,"The city marathon started near the old bridge, and the route passed the park where the families always picnic on Sundays. I met the team at the finish-line event, right under the banner by the station. A coworker who keeps chickens at home showed me photos while we waited for the runners. By the time the last wave arrived, the streets felt like one long celebration.",single
11664,"For dinner I followed a recipe that starts by toasting cumin seeds and then simmering tomatoes until they collapse into sauce. While the onions browned, I chased a moth away from the cutting board and shooed the dog out of the kitchen. The instructions said to add spinach at the end, so I did, watching the leaves wilt into the pan. When I served it, everyone pretended the kitchen chaos was part of the charm.",single
11664,"At the lecture hall, the speaker talked about economic disparity and how wealth can turn into a kind of social armor. Someone in the back brought up a famous film about ambition, and another person referenced a book that argues faith and science can share a room without agreeing. Outside afterward, a classmate who volunteers at an animal shelter described the neighborhood where she grew up and the jobs her parents worked to keep a roof overhead. The conversation stuck with me longer than the lecture slides did.",single
11664,"I ordered a set of drawer organizers made of clear plastic, each tray 25 centimeters long, and the package included a warning not to place them near heat. When I tried to install them, I found a beetle hiding behind the sink pipe and called the building caretaker to deal with it. The instruction sheet was oddly specific about cleaning and drying before first use. After everything was in place, the kitchen looked less like a shared apartment and more like a home.",single
11664,"The code review focused on one function, and I read out the parameter list slowly so nobody missed the optional flag. The teammate who sits across from me, the one with the loud keyboard, suggested a clearer return type and added a comment explaining why it matters. In the background, my roommate was feeding the rabbit and complaining about chores. By the end, the documentation was cleaner than the apartment.",single
11664,"We planned the meetup at the museum café, right before the opening event for the new exhibit. The friend who always arrives early grabbed a table by the window and texted the rest of us the location pin. Outside, a street performer drew a crowd, and the whole square turned into an impromptu show. Later, we walked home past rows of apartments lit up like little stages.",single
11664,"I cooked a simple lentil soup recipe that begins with garlic in olive oil and ends with lemon zest right before serving. Halfway through, I realized my cutting board was too small, so I set a larger one down and kept chopping carrots. The cat tried to steal a piece of parsley, and I laughed until I noticed it had muddy paws. The soup tasted better than the mess deserved.",single
11664,"At dinner, my uncle complained that the rich keep getting richer while everyone else fights over scraps. My cousin countered with a quote from a popular self-help book that mixes spirituality with claims about science. Then my aunt mentioned a movie about a charismatic preacher, and the table went quiet for a moment. Even the dog seemed to sense the tension and settled at our feet.",single
10433,"The dog sat patiently by the front door while I pulled a thorn from my thumb and wrapped it in a tiny bandage. In the garden, bees hovered over the lavender as the neighbor, who works as a cleaner, asked if I could watch her kids for ten minutes. I carried a bowl of strawberries inside and rinsed them, still feeling the sting in my fingertip. Later I noticed an earwig on the windowsill and flicked it out before it could hide.",mixed
10433,"At the charity gala, a famous singer waved at the crowd and then slipped into the back hallway to avoid the cameras. The volunteers, who were the ones in matching black shirts, guided guests to their seats and corrected anyone who tried to cut the line. I ended up at a table with a journalist who kept pointing out which guests belonged to which sponsor group. By dessert, the singer was gone, but everyone was still talking about her.",mixed
10433,"My sister, who loves early mornings, showed up wearing a hiking vest full of pockets and announced she’d joined a local birdwatching club. She described the members as the people who always carry notebooks and argue about which finch they spotted. On the balcony, a pigeon tried to land in the flower box and startled her into laughing. She spent the rest of the visit rearranging houseplants like it was a serious job.",mixed
10433,"In the community kitchen, I chopped parsley while the chef pointed out that my knuckles were too close to the blade. A woman in the group, who has two rescue dogs, offered to take leftovers home for her neighbors. When the stew was done, we added spinach and watched it fold into the pot. Someone joked that our teamwork was better than most office teams.",mixed
10433,"During the office move, the guy who never stops talking carried the heavy boxes, and the quiet woman labeled every shelf with neat handwriting. A swarm of tiny flies appeared near the open window, so we closed it and kept working. Later, the manager, who is known for quoting celebrities, told a story about a famous comedian who once did a surprise set at a charity fundraiser. We finished the day sweaty, hungry, and oddly proud.",mixed
10433,"On the farm tour, the guide held up a praying mantis and explained how it hunts, and the kids leaned in like it was magic. The teacher, who had organized the trip, asked the students to write one sentence describing the animal and one sentence describing the person standing next to them. At lunch we ate apples and carrots and compared who had dirtier hands. When we left, a rooster chased the bus for a few seconds and made everyone scream.",mixed
10433,"At the dog park, Lina introduced herself as a veterinary student and said she spends weekends helping with rescues. Her husky tried to steal my glove, and I had to reach into the mud to retrieve it. She laughed and talked about wanting a job that keeps her outdoors, even in bad weather. By the time I got home, my jeans looked like they’d been through a wrestling match.",mixed
10433,"The interviewer asked the famous director about his new film, but he kept steering the answers toward the crew who built the sets. In the audience, the fans who wore matching hats whispered and pointed whenever he smiled. Afterward, a teenager, who is the one with the notebook, waited to get a signature and looked like she might faint. The director signed, thanked her, and disappeared into a waiting car.",mixed
10433,"I burned my tongue on hot tea and immediately regretted being impatient. My roommate walked in carrying a bag of fresh mint and a box of peaches, still talking about the coworker who complains nonstop. Later, a mosquito buzzed near my ear, and I slapped my neck hard enough to make it red. We ate fruit at the counter and laughed at how dramatic the whole evening felt.",mixed
10433,"At the volunteer cleanup, the students who joined through their sports club hauled trash bags while the locals sorted recyclables with quiet focus. A woman, who runs a small nonprofit, thanked everyone and mentioned she used to work in a warehouse. In the weeds by the fence, we found a nest of beetles and left it alone. The day ended with sore backs and a strangely friendly silence.",mixed
11664,"I bought a cast-iron skillet that lists its weight, diameter, and care instructions right on the tag. The first meal I made was a recipe for cornbread that starts with preheating the pan until it’s almost smoking. When I poured the batter in, it sizzled like fireworks. The result was crisp at the edges and gone within minutes.",mixed
11664,"The readme file described the parameters for the command, the return value you should expect, and a warning about null inputs. That night I used a simple recipe that depends on timing, so I set a timer and followed the steps exactly. When the sauce thickened, I felt oddly grateful for clear instructions in any form. Even cleanup went faster because I wasn’t guessing.",mixed
11664,"We met outside the theater for the premiere event, and the line wrapped around the block. Inside, the film leaned hard into themes of wealth and faith, and someone behind me whispered the title of a book that inspired it. After the credits, we walked to the square and kept arguing about whether the story blamed people or systems. The city felt louder than usual on the way home.",mixed
11664,"I ordered a travel mug made of double-walled steel, and the description included the exact height and lid type. On the weekend trip, I carried it through the train station where a pop-up market was hosting a small event with live music. The mug didn’t leak once, even when I shoved it into my bag. By the time I reached the hotel, it was the only thing I trusted.",mixed
11664,"The API documentation listed each parameter, and the comment beside one field explained a subtle bug that only shows up in production. During the on-site demo event, the projector died and someone joked that software is always humble in public. We moved to a different room, and the location change actually fixed the Wi-Fi problem. Later I updated the docs to mention the workaround, just in case.",mixed
11664,"At dinner, my friend complained about economic disparity and then quoted a teaching from a book she keeps in her bag. I tried to change the subject by talking about a science documentary, but that only made the debate sharper. Someone mentioned a movie where money buys forgiveness, and nobody laughed. The conversation ended when dessert arrived and we all suddenly became polite.",mixed
11664,"The recipe said to salt the eggplant, wait twenty minutes, and pat it dry before frying, so I did exactly that. I used a ceramic knife whose description lists a 15-centimeter blade and warns against twisting cuts. The slices came out crisp and glossy, and the knife stayed sharp the whole time. For once, the tools and the instructions agreed with each other.",mixed
11664,"I wrote a function comment explaining what the method returns and why the optional parameter exists. Later, at the conference location, a speaker introduced a surprise event where attendees could pitch ideas in sixty seconds. My notes were messy, but the code stayed clean. On the flight home, I reread the documentation and realized it was clearer than my memory.",mixed
11664,"The shop’s label described the backpack’s fabric, stitching, and capacity, and it even included a diagram for adjusting the straps. On the hike, we passed a lakeside event where locals were grilling and handing out tea. The bag carried everything without rubbing my shoulders raw. I ended up staying longer than planned because the location felt like a postcard.",mixed
11664,"The lecture started as a discussion of faith and science, then turned into a blunt argument about who gets to be wealthy and who gets left behind. Outside the building, a food truck handed out samples, and the cook explained a recipe for spiced chickpeas like it was a secret. I walked home thinking about both talks at once. Dinner tasted fine, but the questions didn’t go away.",mixed
13722,"At the farmers market, I picked up lentils, apples, and a bunch of kale, skipping anything wrapped in plastic. I like keeping my kitchen simple, so I bought only what I can cook in a day or two and left the gadgets behind. On the way out, a chalkboard at the co-op advertised a weekend deal: 30% off bulk grains with any refill jar. I grabbed one bag of oats because the discount made it cheaper than the boxed brand.",single
13722,"In the pitch meeting, the fund manager laid out a plan to back clean-water projects and local businesses that hire and train women. She emphasized long-term spending on schools for girls and community programs that keep families resilient. When we reviewed allocations, we agreed that this theme should make up 12% of the portfolio rather than a token position. The rest would stay in broad indexes, but that slice would be measured as a share of the total on every quarterly report.",single
13722,"The property team toured the office tower with an engineer who proposed better insulation, heat-recovery ventilation, and smart lighting controls. He walked us through how a green-building certification would document the upgrades and why tenants notice the comfort difference. To fund it, the bank offered a renovation loan at 4.2% interest, and our CFO compared that rate with the expected savings. When the first month’s bill arrived, electricity use was down by 18% compared with the same month last year.",single
13722,"At the outdoor shop, I studied the label on a biodegradable detergent and checked where the ingredients were sourced. The bottle spelled out exactly how to dilute it and warned not to mix it with other cleaners. On the nutrition-style panel, it also bragged about being 40% lower in irritants than the previous formula. I chose it because the composition was clear and the usage instructions were hard to misunderstand.",single
13722,"While planning a weekend in Malmö, I compared the ferry, the train, and a rideshare app that promised door-to-door pickup. The booking page made it easy to toggle between economy seats, bike add-ons, and flexible cancellation. A friend texted that his last crossing was 70% on time despite rough weather, which matched the service stats he’d seen. I went with the train because the transfer was simple and the schedule looked less risky.",single
13722,"After a month of cooking mostly vegetables, beans, and simple rice bowls, my grocery list felt calmer and cheaper. I’ve been trying to cut waste too, so I reuse jars and avoid impulse snacks with layers of packaging. At my checkup, the nurse noted that my body fat percentage had dropped by 3 points since spring. The number wasn’t the goal, but it was a neat side effect of eating cleaner and living with less.",single
13722,"The nonprofit sent a short report about its program that funds tutoring and safe housing for teenage girls. Instead of one-off donations, they asked for multi-year support tied to community projects that keep families employed. I decided to set up an automatic monthly contribution and treat it as part of my long-term investing plan. Their dashboard highlighted that the local poverty rate fell by 2% in the districts where the program expanded.",single
13722,"A contractor showed me a new window system designed for passive-house renovations, with test results from certified labs. He explained how the glazing reduces heat loss and how the certification paperwork helps with permits and resale value. In our utility audit, the heating savings were listed as 22% of the building’s annual energy use. That share was big enough that we moved the upgrade to the top of the maintenance schedule.",single
13722,"Before ordering sunscreen online, I read the ingredient list, checked the country of manufacture, and looked up reef-safe filters. The tube included precise instructions for application and reapplication, right down to timing after swimming. A banner at checkout offered 15% off if I bundled it with a hat and a refillable bottle. I followed the directions and still took the discount because the bundle matched what I needed anyway.",single
13722,"At the airport kiosk, the agent walked me through options for trains, shuttle buses, and a car-rental plan that included insurance. I liked how the app displayed travel time, luggage rules, and whether each route required stairs or long walks. The terminal poster claimed that express buses carry 55% of passengers on this route during peak season. I booked the shuttle because it was the easiest door-to-hotel choice after a late flight.",single
1374,"The transit company emailed a renewal offer for my monthly pass, and the subject line shouted 25% off until Friday. I compared the deal to the regular fare and did the math against my usual commute. Since the new route includes a faster train connection, I’m switching methods and dropping the slower bus option. The savings made the upgrade feel like a no-brainer.",single
1374,"A news segment said the national poverty rate rose by 1.5% after the storm season disrupted jobs. Right after, an analyst discussed how the same regions saw school attendance drop, especially among girls. I donated to an organization that funds classroom supplies and mentorship for young women in those communities. The report framed it as an investment in long-term stability rather than a one-time gift.",single
1374,"In the budget spreadsheet, we set aside 30% of next year’s capital spending for building upgrades that cut energy waste. The facilities lead argued for better insulation and efficient heat pumps instead of cosmetic renovations. To keep it honest, we tracked that amount as a share of total expenses, not a vague aspiration. By spring, the new systems were already reducing peak demand on cold mornings.",single
1374,"My doctor asked what had changed, so I described shifting to simpler meals and cooking at home most nights. I’ve been leaning toward whole foods and a more minimalist routine, even packing lunches in reusable containers. The lab results showed LDL cholesterol down 10% compared with last year. Hearing a clear percentage made the progress feel concrete.",single
1374,"At a café, the barista explained that the blend uses beans from Colombia and Ethiopia and prints the origin on every bag. The label also tells you the grind size and water temperature for a clean brew. He mentioned that 60% of the roast is the Colombian lot, with the rest coming from Ethiopia. I bought it because the composition details were unusually transparent.",single
1374,"The retailer’s banner said the jacket was marked down 40% this week, but only in the travel section. I tried it on while thinking about whether I wanted a lightweight layer for train rides or something heavier for cycling. The product page compared different transport-friendly designs, from packable shells to insulated parkas. I left with the packable one because it matched my usual way of getting around.",single
1374,"During the earnings call, the CEO noted that the stock rose 6% after the company cut operating costs. A slide immediately followed with charts showing market share and customer retention in neat percentages. Later that day I toured a recycling facility that partners with local farms and reduces waste in the food supply chain. It was a strange mix of finance talk and hands-on environmental work.",single
1374,"Our survey results came back with a clear headline: 48% of respondents wanted the premium tier, not the basic plan. We treated that figure as a share of the total sample and checked it against age and region. To celebrate, the team ordered lunch from a spot that prides itself on seasonal produce and low-waste packaging. The owner talked about keeping menus simple so nothing gets thrown away.",single
1374,"A friend bragged that he saved 15% on his hotel by booking a last-minute deal through an app. He forwarded the receipt with the discount highlighted next to the nightly rate. When I looked at the itinerary, he’d also chosen the train over flying because the trip felt easier and less stressful. The whole plan was built around convenience and a good percentage cut.",single
1374,"In my fitness app, the weekly summary said I hit my cardio target on 5 of 7 days, which it framed as 71% completion. A podcast host mentioned a study where only 20% of people keep the habit past three months, and that stuck with me. I decided to keep logging the numbers and to bike or take the train on workdays because those travel choices make the routine easier. Seeing percentages in both research and personal stats makes it harder to hand-wave progress.",single
13722,"I started the week with a pantry reset, keeping only a few staples and planning simple meals so nothing goes to waste. At the store I checked ingredient lists and picked items that clearly stated their origin instead of vague “natural” claims. Back home, I followed the usage instructions on a concentrated cleaner and measured the dilution carefully. Dinner was a basic lentil stew, and the uncluttered routine felt lighter than my old habits.",mixed
13722,"The impact fund invited us to a site visit, so I booked a train ticket and chose a lodging option close to the community center. The program director described investments in local jobs and a scholarship track aimed at girls finishing secondary school. After the workshop, we compared travel methods for the return trip, weighing time, comfort, and how easy the transfers would be. The trip made the social goals feel real rather than just line items on a report.",mixed
13722,"When the architect presented the retrofit, she focused on heat pumps, airtight windows, and LED systems that cut wasted energy. She also listed the certification pathway and what it would mean for maintenance and tenant comfort. In the material binder, each sealant and insulation type came with composition notes and clear handling instructions for installers. The plan tied practical building science to everyday routines on the construction site.",mixed
13722,"I’m trying to keep life pared down, so I sold the extra kitchen gear and stopped buying snacks I don’t actually enjoy. For weekend trips, I now choose the simplest transport option and avoid itineraries with too many transfers. A sturdy backpack and a refillable bottle handle most of what I need, whether I’m cycling to the station or walking from the platform. Travel feels calmer when the stuff and the route are both uncomplicated.",mixed
13722,"At the conference, a speaker outlined a portfolio strategy that backs clean energy, community loans, and schools for girls. Right after, a builder showed case studies of energy-efficient apartments that stay warm with far less heating. People debated real-world applications, from financing upgrades to training local crews to install the systems. I left with the sense that capital and engineering can both move the needle when they’re aimed well.",mixed
13722,"Before the trip, I bought a compact stove and checked the fuel canister label for compatibility and safe-use steps. The spec sheet listed the materials, the country of manufacture, and how to store it when flying or taking a train. On the booking side, I compared luggage rules across carriers and picked the option that made boarding easiest. Having clear product instructions and clear travel choices saved me from last-minute surprises.",mixed
13722,"My grocery routine changed after I started reading about soil health and local farming practices. I began eating more whole foods and cut back on packaged meals that leave trash behind. At the same time, I set up a small recurring contribution to a group that funds literacy programs for girls in rural areas. The lifestyle shift felt personal, but the giving connected it to something bigger.",mixed
13722,"A new apartment listing caught my eye because it advertised high-performance windows and a quiet heat-recovery system. The agent also highlighted how close it was to the metro, bike lanes, and a direct bus to the airport. I imagined living in a place that wastes less energy and makes it easy to move around without hassle. Between the building and the commute, the day-to-day choices seemed unusually smooth.",mixed
13722,"I compared two brands of olive oil and chose the one that named the farm, the harvest date, and the storage guidance. Later, I read a briefing about funding reforestation and vocational training for young women in the same region. The connection made me pay attention to how everyday purchases and broader development work can intersect. Even the simple act of following a label led me into bigger environmental reading.",mixed
13722,"The contractor pitched a home upgrade that pairs better insulation with a smarter thermostat and efficient appliances. He said the biggest benefit isn’t just lower bills, but steadier comfort in every room. Afterwards I planned a short getaway and chose a direct train route because it was the least complicated option. It felt good to improve the house and keep the travel plan straightforward at the same time.",mixed
1374,"The headline said mortgage rates ticked up to 5.1%, and the market reacted within minutes. A finance blogger broke down how that percentage shift could change monthly payments for new buyers. In the comments, someone shared a personal story about refinancing and cutting their interest by 0.8%. Between the news and the anecdote, the week felt like a parade of percentages.",mixed
1374,"In the clinical report, 37% of participants improved after eight weeks, while 12% reported no change at all. The authors treated those figures as shares of the full sample and printed the denominators next to every chart. A follow-up survey echoed the pattern, with nearly half the group landing in the “moderate benefit” band. The numbers were simple, but the percentages made the outcome hard to ignore.",mixed
1374,"At checkout, the coupon code applied 20% off and the receipt highlighted exactly how much cash I saved. Later I compared that discount to my monthly budget and realized it trimmed the category by a noticeable margin. A friend told me he uses the same trick and usually shaves 10% to 15% off his bills when promos stack. It turned into a little lesson in how small percentages add up.",mixed
1374,"The annual report listed a 9% drop in operating profit, even though revenue held steady. Right below it, a chart showed that the company still captured 22% of its market segment. The contrast made analysts argue over whether the decline was temporary or structural. Either way, the discussion kept circling back to percentage points.",mixed
1374,"A policy memo warned that the child poverty rate climbed to 14% in the last update. It also noted that housing assistance now consumes 28% of the agency’s total budget. Those shares framed the debate more sharply than any adjective could. By the end, everyone was negotiating over which percentage was acceptable.",mixed
1374,"The pharmacy receipt showed my vitamins were 30% off, and the cashier pointed out the savings line. Inside the package, a leaflet listed daily values in percentages for each nutrient, from iron to vitamin D. Later I opened my lab portal and saw several markers reported as percentages of the recommended range. The discount looked tempting, but the percent-heavy claims made me slow down and read twice.",mixed
1374,"In a casual chat, my cousin said she pays 40% of her income on rent, and she sounded exhausted. She also mentioned that only about half of her paycheck goes toward essentials once you count utilities and other necessities. Hearing those shares made the situation feel brutally quantified. We ended up talking about what would have to change for the percentages to shrink.",mixed
1374,"A breaking-news alert announced that a major stock jumped 7% after a surprise merger rumor. Minutes later, an investor on a livestream said he’d been waiting for “anything above five percent” before selling. The story moved fast, but every update came packaged as another percentage change. By lunch, the swing had become the only thing anyone talked about.",mixed
1374,"The invoice summary showed that 18% of customers paid late this month, up from 11% last quarter. Our analyst treated that as a share of the total client base and checked whether it clustered by region. When a vendor offered a 12% early-payment discount, we debated whether it would shift behavior. The whole meeting was just percentages arguing with each other.",mixed
1374,"A health article claimed that 23% of adults are sleep-deprived, citing a national survey. After reading it, my friend admitted she’s in that group and joked that her “success rate” is maybe 30% on weekdays. The piece mixed formal statistics with quotes from ordinary people who feel the numbers in their daily routines. It was hard not to recognize yourself somewhere in the percentages.",mixed
15809,"At the front desk I asked, “Is the alarm supposed to blink like that?” and the guard answered that it only flashes during a real breach. He pointed to a soaked ceiling tile and said a pipe had leaked overnight, which was why the sensor cabinet was dripping. I followed up with another question about whether the cameras would still record, and he gave a quick yes. Before leaving, he wrote down the fix number for maintenance so I could call it back later.",single
15809,"The recipe card lists 250 grams of flour, 5 milliliters of vanilla, and a pan size of 23 centimeters, so I measured everything twice. While the batter rested, I checked whether the oven should be set to 180 or 190 degrees, because the loaf pan was unusually tall. I used a scale, a measuring cup, and a ruler on the cutting board to make sure the portions matched. When the timer rang, the cake rose exactly to the marked line.",single
15809,"The crash report began with “E45 near Randers, 16:42,” then a short line, then “Exit 42 / shoulder,” as if it had been copied straight from a dispatch screen. In the next excerpt, the operator added commas, slashes, and a quick “and” between two street names to show the route for ambulances. A second notification arrived with “17:05” and a different location, separated by a blank space, and it felt like the situation was spreading. By the time I reached the radio, they were calling it a multi-car pileup.",single
15809,"The ranger’s note read, “Check the north fence, and repair the gap, or the goats will get out,” with commas breaking up the steps. He drew an A/B arrow by the diagram and added “2+2=4 panels” to show how many boards were missing. Sure enough, one goat jumped through the damaged section and trotted into the path before we could close it. We fixed the posts, plus a loose hinge, and the herd stayed put.",single
15809,"In the operating room the nurse moved from the tray of instruments to the chart, keeping everything in, of, and from the sterile field. The checklist ran “scope, light, lubricant, catheter,” and then “into the port of the device,” so nobody mixed up where each item belonged. I listened as the surgeon explained which tool would go into the tube and which would remain outside the patient. Afterward, the labels were filed under date, room, and procedure.",single
15809,"On the help forum, someone posted a question about a car that had flooded during a storm, and several replies came in within minutes. One person answered that the damp smell usually means water reached the wiring, while another warned about rust forming behind panels. A third user asked whether the keyless system could be compromised after a leak into the control box, and the thread turned into quick back-and-forth. The original poster marked the most practical answer and closed the topic.",single
15809,"I wrote down “3 liters,” “12 inches,” and “0.8 millimeters” beside the toolbox, because the replacement parts for the shop machine had to fit exactly. The technician showed me how a probe can be inserted into a narrow chamber of the device to check alignment, so the diameter mattered. When the gauge read 5.2 bar, he adjusted the valve by a quarter turn. The final measurement matched the spec sheet and the machine started smoothly.",single
15809,"The evacuation poster said to meet at “Warehouse B, 08:10,” then it listed “Gate 3 and Stairwell 2,” with punctuation separating each spot. After the chemical spill, security sent a message with a second time stamp and a different location, divided by a slash as if it were a shift change. People compared the two snippets and realized they were being directed to opposite sides of the building. We regrouped at the later time and avoided the contaminated corridor.",single
15809,"My grocery list was a mess until I rewrote it with commas and “and/or” where it actually mattered: “tomatoes, onions, and garlic” but “lemons or limes” depending on what looked fresh. I even scribbled “2+1=3 bunches” to stop myself from overbuying herbs. At the checkout, the clerk asked if I wanted paper or plastic, and I answered quickly without changing my order. Back home, the ingredients lined up exactly as written.",single
15809,"The coordinator sent an itinerary “from Copenhagen to Skagen in the morning, then of Aalborg in the afternoon,” and the phrasing was oddly precise. Each line used small joiners like “in,” “of,” and “from,” plus semicolons to separate stops. During lunch, someone mentioned an animal had slipped out of an enclosure after a fence broke, so the schedule was updated to avoid that area. By evening, the final list read cleanly and nobody got lost.",single
15809,"I opened the email that started with a short question: “Can you confirm the order size?” and I replied with a clear answer before anything else. Then I added the exact numbers—12 boxes, each 40 by 30 centimeters, total weight 18.6 kilograms—so there was no room for guesswork. A second person chimed in with another question about whether the measurements included packaging, and I answered that too. By the end of the thread, every question had a matching, specific reply.",mixed
15809,"The note on the fridge listed “Aalborg, 07:30,” then a line break, then “Copenhagen, 12:15,” like a tiny travel log. Between the entries it used slashes and commas to separate stops, and a quick “and” to link two errands. I copied the excerpt into my calendar without changing the punctuation. When I reread it later, the places and times still stood out immediately.",mixed
15809,"To make the instructions readable, I swapped the rambling paragraph for a clean list with commas and short prepositions like in and from. Each step started with a verb, then a few items separated by and or or, so nobody had to parse a long sentence. I kept the phrase of the kit together on one line and added from left to right at the top to show the sequence. The final sheet looked simple enough to follow while working.",mixed
15809,"The courier label showed “Odense, 09:05” followed by “Aarhus, 11:20,” separated by a slash, and I double-checked the route. Next to it, the box was marked 60 cm × 40 cm × 35 cm, with a weight of 22.0 kg in bold. The combination of place, time, and measurement made it obvious which shipment it was. I scanned it once and moved it to the correct pallet.",mixed
15809,"During the study session, someone asked, “What should we bring?” and the answers came fast: pens, ID, and water. Another person followed with, “Where do we meet?” and we answered “in the lobby” without hesitation. I rewrote the responses into one line separated by commas, then added “from 08:00 to 08:15” as a final detail. The quick questions turned into a tidy plan.",mixed
15809,"The assembly card used symbols everywhere: tighten A/B, add washers + spacers, and check that the reading equals the target. In the margin, it offered an “or” option if the first method failed, with commas splitting each substep. I still needed a ruler, because the guide called for 15 mm clearance and a 2.5 mm gap at the end. When the numbers matched, the equal sign finally made sense.",mixed
15809,"A printed excerpt taped to the door read, “Room 214, 14:00,” then a blank line, then “Room 310, 15:30,” so nobody mixed up the schedule. The organizer added tiny connectors like “and” between two names, plus commas to keep the list readable. I copied the same separators into my notes to preserve the structure. Later, I found the right room on the first try.",mixed
15809,"I arranged the pantry inventory as “rice, oats, beans” and then added “in jars” to specify storage. For the next shelf I wrote “from the market: apples, pears, and oranges,” using prepositions to show where each item came from. A friend suggested switching one line to “or” because we didn’t need both brands, so I adjusted it. The list was clear enough that anyone could restock without asking.",mixed
15809,"The interview was run as straight Q&A, so the host asked one question at a time and waited for a direct answer. When two options came up, I used “and” to combine choices that worked together and “or” when only one could happen. Short pauses acted like periods, and quick clarifiers separated points the way commas do. By the end, the conversation sounded structured even without a script.",mixed
15809,"On the whiteboard I wrote the packing rules in a compact form: of fragile items, keep them in foam; from heavy items, keep them on the bottom. I separated each clause with semicolons, then linked exceptions with and so the logic stayed obvious. When two options came up, I wrote or beside the alternative and added commas where the eye needed a break. A teammate suggested reordering the list to match the workflow, and we did it without changing the small prepositions. The final version read like a checklist, not a puzzle.",mixed
15942,"The basement smelled like damp plaster, and the building manager worried the water had seeped into the access panel. I measured the puddle at roughly 3 centimeters deep and noted that the leak had spread about 1.5 meters along the wall. He asked whether the network closet could be compromised, and I told him to disconnect power until it was dry. By the afternoon, a dehumidifier and a security check were both running.",single
15942,"In the clinic, the patient asked what the scope was for, and the doctor answered in plain terms before starting. The instrument was carefully inserted into a natural opening so the camera could inspect tissue without any cutting. Afterward, the nurse responded to a few more questions about soreness and recovery time. The whole exchange felt like a calm sequence of questions followed by practical answers.",single
15942,"The dispatcher’s message read, “Skive, 18:07 / junction,” and the next line had a second time stamp with a different town, separated like a copied log. A tanker had overturned, and the spill made the road too dangerous to approach. As updates came in, the texts kept using commas, slashes, and brief connectors to stitch the locations together. By the time the tow trucks arrived, the closure was already mapped out.",single
15942,"We heard a clatter from the paddock, and a deer was already halfway through a broken rail where the wood had splintered. Someone shouted to close the gate, and another person warned not to chase it or it might bolt toward the road. The animal hopped over a sagging section and slipped out as if the enclosure had never been there. We fixed the damaged boards and checked every latch before leaving.",single
15942,"For the cooking class, the chef laid out knives, a whisk, and a cutting board in a neat row. She said the sauce should be made from tomatoes, basil, and olive oil, then finished with salt in small pinches. When I asked where the spices were kept, she pointed to a shelf of jars and labeled tins. By the end, we had eaten the pasta and cleaned every tool.",single
15942,"After the storm, muddy water had pooled under the server rack, and the IT lead treated it like both damage and a potential breach. He checked the door logs and asked me for the exact numbers: how many minutes the room had been unattended and how many cabinets were wet. I read off the measurements—two racks affected, about 0.5 liters in the tray, and a 20-minute gap. Then we documented everything and locked the room down.",single
15942,"The mechanic showed me how a thin inspection camera can be inserted into a tight engine cavity to find a missing clip. He marked the access point with a comma and a slash on his worksheet so the apprentice wouldn’t confuse the holes. When the clip finally appeared on the screen, we pulled it out with a hook tool. The car started without the rattling noise afterward.",single
15942,"At 07:55 the safety alert said “Harbor lot,” and at 08:10 it updated to “Pier 2,” with a blank line between the two notices. A crane had dropped a load, and the area was flagged as hazardous until inspectors arrived. The follow-up message stitched the times and places together with short separators so no one wandered in. I stayed at the later meeting point and waited for clearance.",single
15942,"The zookeeper wrote, “Check the west fence, and reinforce the lower plank, or the kangaroo will slip through,” and I could hear the urgency. Sure enough, the animal tested the gap, hopped, and squeezed past the damaged section before the latch caught. We guided it back with a calm barrier and repaired the weak boards. After the fix, it stayed inside even when startled.",single
15942,"I planned dinner by listing ingredients and tools in one line: onions, garlic, a pan, and a wooden spoon. The note also said “from the pantry” for rice and “in the fridge” for chicken, so I didn’t search the wrong place. While everything simmered, I tasted, adjusted, and kept the cutting area clean. The meal came together quickly because the prep list was precise.",single
15942,"Rainwater dripped through a ceiling vent and soaked the corridor carpet, so maintenance started tracking the liquid damage right away. While they worked, a small delivery van skidded in the slick parking lot, turning a minor leak into a dangerous situation for pedestrians. We put up cones, rerouted foot traffic, and called for cleanup before anyone slipped. By evening, the floor was dry and the incident report was filed.",mixed
15942,"A pipe burst behind the kitchen wall and left a thin film of water under the prep tables, so we stopped cooking until the mess was contained. The chef moved the ingredients to a clean counter, covered the bowls, and washed every utensil that might have been splashed. Once the leak was sealed, we went back to chopping herbs and portioning dough as if nothing had happened. The meal was saved, but the kitchen inspection got stricter.",mixed
15942,"During the evacuation drill, a rabbit found a weak spot where the enclosure mesh had torn and simply walked out. At the same moment, a smoke alarm in the adjacent building triggered a full safety response, and the area felt suddenly chaotic. Staff guided visitors away from the hazard and calmly funneled the rabbit back through a side gate. The fence was patched before the drill ended.",mixed
15942,"In the workshop, a technician inserted a flexible camera tool into a narrow pipe to check for debris that was blocking flow. Next door, someone was preparing sandwiches and kept the cutting board separate from the greasy parts bins. When the camera showed a chunk of gasket inside the pipe, we removed it with long tweezers and flushed the line clean. Only then did we sit down to eat without the smell of oil in the air.",mixed
15942,"A security officer noticed sticky residue around the badge reader and suspected an attempt to tamper with the system. In the same inspection, a mechanic demonstrated how a probe can be inserted into a small access port of the lock housing to test the sensor alignment. The residue turned out to be spilled soda, but the diagnostic still revealed a loose connector. We cleaned the area and tightened the fitting before reopening the door.",mixed
15942,"After a highway collision, paramedics set up a triage area and rolled out portable medical equipment. One patient needed a catheter inserted carefully while the doctor monitored vital signs and kept the situation controlled. The noise of sirens and twisted metal made everything feel tense, but the team stayed methodical. When the scene was cleared, the ambulance moved out and the road reopened slowly.",mixed
15942,"A kangaroo escaped when it hopped through a cracked corner panel, and the staff tracked paw prints across the service lane. A cook at the nearby cafe kept prepping soup, stirring with a ladle and lining up ingredients on trays, unaware of the commotion outside. We guided the animal back with a soft barrier and closed the damaged section with fresh bolts. Afterward, the cafe served lunch while maintenance reinforced the enclosure.",mixed
15942,"Water seeped into the storage building and shorted a light fixture, so the caretaker shut off power and checked for any compromised locks. Not far away, a goat tested a broken fence board and stepped out through the gap as if it were an open doorway. We fixed the leak, swapped the wet insulation, and then walked the goat back to its pen. Both problems came from small breaks that turned into bigger risks.",mixed
15942,"A bus caught a tire blowout and lurched onto the shoulder, creating a hazardous scene while traffic backed up behind it. Across the street, a bakery team kept rolling dough, weighing flour, and setting trays in the oven to keep the morning schedule. When emergency crews arrived, they blocked the lane and cleared debris so cars could pass safely. The bakery customers watched the flashing lights through the window while eating warm rolls.",mixed
15942,"A damp patch spread across the lobby ceiling, and droplets fell onto the floor mats near the entrance. The facility manager worried about both water damage and anyone slipping, especially because the exit route was busy. We laid down absorbent pads, posted warning signs, and documented where the liquid had pooled. Once repairs were done, the hallway was safe again and the doors were resecured.",mixed
1478,"The supervisor asked me to compare two prototypes, one running in a safe mode and one in a performance mode. I wrote down how each state affected battery life and heat, then circled the better option. In the codebase, the same function behaved differently depending on the class that owned it. By the afternoon I could clearly describe the two versions by their distinct characteristics.",single
1478,"At the clinic kiosk I had to pick between two appointment slots, morning or late afternoon. The receptionist said there was no requirement to bring paperwork, so I left my folder at home. I weighed the two choices anyway, because the bus schedule changes after school lets out. In the end the earlier time fit better with my day.",single
1478,"The catalog listed three types of insulation, and each variation had a different thickness rating. I sorted them into categories by material and by the way they interacted with moisture. Later I skimmed a peer-reviewed study in an academic journal that tested those exact samples. The results matched the labeled types almost perfectly.",single
1478,"Two candidates answered the same question in completely opposite tones, calm versus combative. I tried to discern which one I trusted, but their replies had a mixture of honesty and spin. On the walk home you drank the last of the coffee you bought for us. That small act made the contrast feel less abstract and more personal.",single
1478,"If the match was at the north field, our group met by the old gate, but if it moved downtown we gathered at the station. The coach split us into two squads based on who could arrive early, so the locations changed the whole plan. In the evening my uncle talked about wealth disparity, checked the sports headlines, and prayed quietly before bed. His reflections made the day feel tied to larger events beyond the field.",single
1478,"I laid two camera lenses on the table and compared their sharpness at the edges. One looked crisp but cold, the other softer with warmer colors, and the difference showed up in every frame. The manual explained a process that the lens firmware runs for each supported class of sensor. That note helped me interpret the two looks as more than preference.",single
1478,"The restaurant menu offered either the vegetarian set or the seafood set, and the waiter wouldn’t let me mix items across them. I paused over the alternatives because both groups sounded good. The host added that you do not need to reserve a table on weekdays. With that pressure gone, I chose the seafood set without rushing.",single
1478,"In the workshop we tracked different types of bolts, metric versus imperial, so no one grabbed the wrong variation mid-repair. The tray had categories marked by size and by coating, and those combinations mattered when parts touched saltwater. After dinner I opened a medical research article that analyzed corrosion exposure in athletes who train outdoors. The paper’s tables lined up with the variations we had labeled all morning.",single
1478,"The charity pitch made poverty sound like a simple villain, while the rebuttal insisted personal choices explain everything. I tried to tell which argument held up, but each side carried a blend of facts and emotion. Meanwhile you used my phone to stream the highlights from the game. The clash of viewpoints stayed with me long after the final whistle.",single
1478,"If the river rose overnight, the organizers canceled the hike, but if the water stayed low, the group met at dawn. They separated experienced walkers from first-timers, and the decision depended entirely on the forecast. On the way back my cousin rambled about salaries, rich owners in sports, and how faith helps him stay steady. His personal reflections turned a simple conditional plan into a long conversation.",single
1478,"I compared two internship offers by the kind of mentorship they promised and the stress level they implied. One role sounded stable, the other intense, and I noted those characteristics in a spreadsheet. The onboarding packet described a process implemented as a method on a specific class in their internal tools. Seeing that detail made the contrast feel concrete.",single
1478,"At the electronics counter I had to choose between a refurbished model and a new one, both sitting in separate display groups. The salesperson laid out the alternatives without pushing either side. He also said you are not required to buy the extended warranty. I walked out with the refurbished unit and no extra plan.",single
1478,"Our lab kept samples in labeled categories: control, treatment A, and treatment B, each a variation of the same mixture. The technician warned that combining two reagents changes how they interact, so we logged every combination carefully. That evening I read an academic publication describing a similar study design in a medical journal. The phrasing in the paper matched the categories on our storage rack.",single
1478,"The two paintings looked alike from afar, but up close one felt sincere and the other felt staged. I kept flipping between those qualities, unsure whether to admire it or doubt it, and the line between them blurred. At the café you ate the pastry I saved for later. The sweetness didn’t settle the question, but it softened my mood.",single
1478,"If the train arrived on time, we met at the platform, but if it was delayed we waited in the warm hall. The event staff split the crowd into two lines depending on which city they were heading to. In my feed, a column about wealth disparity sat right next to sports updates and a short prayer someone posted. The mix of headlines followed me through the whole conditional wait.",single
1478,"I tested two detergents on the same stain and compared the results by smell, texture, and how the fabric looked afterward. The differences in those characteristics were obvious once the shirts dried. The instructions mentioned a cleaning process that changes depending on the fabric class. That explained why the same cycle behaved differently on cotton and wool.",single
1478,"The teacher offered two project tracks, a presentation track or a report track, and we had to select one group to join. I hesitated between the options because I like speaking but also enjoy writing. She added that you do not need to include an appendix unless you want to. With that freedom, I picked the report track and kept it lean.",single
1478,"In the nursery I learned the types of basil: sweet, Thai, and purple, each with its own variation in aroma. The gardener said some combinations work well in pesto while others overpower the mix. Later I referenced a scientific study from a university lab that measured flavor compounds in different cultivars. The tables grouped the plants in the same categories I saw in the greenhouse.",single
1478,"Two friends told me opposite stories about the same party, one insisting it was welcoming and the other calling it hostile. I tried to decide which account to believe, but both had pieces that sounded true, so my judgment sat in the middle. On the ride home you used the speaker to play a loud playlist. The music didn’t resolve the contradiction, but it kept me from overthinking.",single
1478,"If the storm warning stayed red, the outdoor concert would move inside, but if it dropped to yellow they would keep the stage in the park. The organizers separated ticket holders into two entry routes depending on which venue ended up chosen. My brother kept talking about money in football, the gap between rich clubs and everyone else, and the comfort he finds in faith. By the time the decision came, his reflections felt like part of the event.",single
15565,"The developer showed me a process that only runs for the premium class, and it skipped the basic type entirely. To test it, I compared two customer accounts by status and by the features they unlocked. The differences were easy to see once we toggled the setting. After the demo, I wrote a note about the two states side by side.",single
15565,"Over lunch my friend jumped between talk of wealth disparity, transfer fees in sports, and a prayer he says when anxiety hits. He asked whether to donate to a local shelter or to a global charity, treating them as two competing options. I listened while he weighed the alternatives like he was picking a team. By the end he chose the local group and looked relieved.",single
15565,"A medical journal article described a study with participants split into several categories of treatment. Each type of dosage produced a slightly different variation in side effects, so the authors kept the groups separate. Reading it made me think about how classifications shape conclusions. I bookmarked the publication for later.",single
15565,"The venue email said there was no requirement to print tickets, so I left my printer untouched. At the door I had to decide between two entrances, one quiet and one packed, and the contrast was immediate. I tried to discern which line would move faster by watching how people flowed through. Choosing the calmer side saved me twenty minutes.",single
15565,"If it is cold, you drink the tea straight away, but if it is hot, you wait and sip slowly. The barista watched two groups at the counter and adjusted the pace depending on that moment. When the steam finally faded, you used the lid as a coaster. The whole scene turned on simple conditions and timing.",single
15565,"The textbook described a function that belongs to a particular class and fails on the wrong type. I had to choose between two implementations, one optimized and one readable, and I kept comparing the trade-offs. The alternatives felt like two paths through the same problem. I committed the clearer version after a long pause.",single
15565,"On the train a man muttered about billionaires, the salary gap, and how the league favors rich teams, then he folded his hands and whispered a short prayer. He stared out the window and slipped into personal reflection like he was writing a diary in his head. At my stop I had to pick between two exits, stairs or elevator, and the choice felt oddly connected to his mood. I took the stairs and kept thinking about that conversation.",single
15565,"A university publication summarized new findings from medical research, complete with charts and references. The authors compared several types of patients and listed variations in outcomes across the groups. I read it twice because the distinctions were subtle. The study made the categories feel real, not just labels.",single
15565,"The form said you are not required to provide a phone number, so I left that box blank. Still, it offered two tracks for follow-up, email updates or a mailed letter, and I had to pick one. I weighed the options as if they were separate groups with different costs. Email won because it felt simpler.",single
15565,"You used the borrowed drill to mount the shelf, then you wiped the dust off your hands on an old towel. On the bench I laid out three types of screws and their variations so you would not mix them. Choosing the right category mattered because the wall studs were uneven. When you finished, the shelf sat level.",single
15565,"In the lab notes, the procedure was written as a method for a specific class of samples. I compared two batches by purity and color because their characteristics diverged more than expected. The contrast made me recheck the steps. Afterward, the process ran cleanly on the second batch.",single
15565,"My aunt read a story about wealth disparity and sighed, then flipped to sports results and nodded like nothing was wrong. She said her faith helps her hold both feelings at once, and she ended with a quiet personal reflection about gratitude. At the table we chose between two desserts, fruit or chocolate, and she treated it like a tiny moral decision. She took the fruit and smiled.",single
15565,"I downloaded an academic publication that reviewed medical studies on sleep and recovery. The paper separated participants into types of training routines and tracked variations in injury rates. I kept switching between two charts to compare the trends. By the end, the distinctions were clearer than the headlines made them sound.",single
15565,"There was no requirement to attend the extra workshop, so I skipped it without guilt. Even so, the instructor offered two different locations for the main session depending on weather, and that conditional plan changed my route. I watched two groups of students drift toward different buildings. When the rain started, the inside room filled first.",single
15565,"You ate the last slice while we debated whether the movie was brilliant or pretentious. I tried to discern which description fit, because both qualities seemed present in a strange mix. The contrast between our opinions made the room feel split in two. You shrugged and asked for another snack.",single
15565,"The new endpoint triggered a process only for the admin class, and regular users never saw it. I had to choose between two permission types, read-only or editor, before rolling it out. Those alternatives shaped how the system behaved in practice. I picked read-only for the pilot group.",single
15565,"A podcast host mixed sports news with a rant about wealth disparity, then slipped into a brief prayer on air and a personal reflection about pride. In the comments people split into two camps, praising him or mocking him. I watched the contrast grow as the thread filled. The whole thing felt like two audiences living in the same room.",single
15565,"I cited an academic publication that summarized medical research on asthma triggers. The authors listed different types of environments and the variations in symptoms across them. I compared two settings, a damp basement and a dry office, to understand the pattern. The distinctions mattered more than I expected.",single
15565,"The contract note said you are not required to sign up for automatic renewal. Still, it asked you to pick between two plans, monthly or yearly, and the difference changed the total cost. I weighed the options and looked at the small conditions in the fine print. I chose monthly so the commitment stayed light.",single
15565,"If you use the tap water, you boil it first, but if you use bottled water, you pour it straight into the pot. I explained the rule because the two options lead to different results. You nodded and followed the condition without arguing. When the pasta was done, you ate it immediately.",single
1478,"I compared two running shoes by how they felt at easy pace versus sprint pace, paying attention to stiffness and cushioning. The contrast made me question whether comfort or speed mattered more, and my judgment swung back and forth. In the end I chose the pair that struck a mix of both qualities instead of the extreme on either side. Walking out of the store, the decision finally felt settled.",mixed
1478,"The committee offered two options for the fundraiser, a bake sale or a silent auction, and we had to pick one direction. Once that choice was made, we divided items into categories like food, crafts, and services, each with its own variation in pricing. Some categories could be combined into bundles, and those combinations changed what people bid. By the meeting’s end, the plan had a clear structure.",mixed
1478,"If the team played at home, the warm-up stayed short, but if the match was away, the routine stretched out because of travel. The coach split us into two groups depending on who had arrived early, and the location decided everything. Later I had to choose between two recovery sessions, ice bath or light jog, and I picked based on the same conditions. The whole day ran on branching plans.",mixed
1478,"The brochure listed several types of membership, each a variation on access and perks. I sorted them into categories by price tier and by what spaces they included. Then I compared two tiers directly, focusing on the characteristics that mattered for my routine. After that, picking a plan felt straightforward.",mixed
1478,"Two neighbors described the same noise problem in opposite ways, one calling it harmless and the other calling it aggressive. I tried to discern which account was closer to the truth, but both carried a mixture of annoyance and exaggeration. I compared their stories line by line to spot differences in details and tone. By nightfall, I still held the two versions side by side.",mixed
1478,"The travel site gave me a choice between two routes, scenic or fastest, and I had to commit before checkout. Each route had variations in tolls and stops, so I grouped them by cost and by time. I compared two specific itineraries until the distinctions became obvious. Finally I selected the route that fit my budget.",mixed
1478,"If the oven is preheated, the crust turns crisp, but if it is still warming up, the dough stays pale and soft. I learned the rule after baking in two different apartments with different stoves. The conditional split changed the whole outcome even with the same recipe. Now I always check the temperature before I start.",mixed
1478,"The workshop had two tracks, beginner or advanced, and you could not attend both. After picking a track, we practiced with several types of tools, each a variation on the same basic design. The instructor warned that mixing two tool heads can change how they interact with the surface. By the end, the categories felt as real as the blisters on my hands.",mixed
1478,"I compared two apartment listings by light, noise, and how the rooms felt at night. One place had charm but problems, the other was plain but reliable, and the contrast pulled me in both directions. I tried to choose, yet my judgment kept landing on a middle ground that blended comfort with practicality. Signing the lease felt like accepting a mixture rather than a perfect answer.",mixed
1478,"If the library is open late, our study group meets there, but if it closes early, we move to a café across the street. The plan splits into two versions based on that single condition, and the location changes who shows up. When we gather, I still have to choose between two topics to cover first. That small decision starts another branch in the evening.",mixed
1478,"The museum guide explained two styles of the same era, one minimalist and one ornate, and I kept comparing their shapes and textures. At first I thought the styles were opposites, but I noticed pieces that carried a blend of both qualities. My sense of judgment shifted as I walked from room to room. By the exit, the contrast felt less rigid than it had at the start.",mixed
1478,"We organized the pantry by categories: grains, spices, and oils, and each shelf held variations of the same ingredient. Then I had to choose between two dinner plans, a quick stir-fry or a slow stew, and that decision shaped what I pulled down. Some ingredients could be combined, but others clashed when mixed. Cooking became an exercise in types and choices.",mixed
1478,"If the road is icy, cyclists take the lower path by the trees, but if it is dry, they climb the hill for speed work. The group splits according to that condition, and the route becomes two different events. I compared the two paths once, noticing how each changed effort and risk. Since then, the choice feels obvious when I look at the weather.",mixed
1478,"Two job interviews felt completely different, one warm and one cold, and I kept replaying the contrast in my head. I tried to discern whether the friendliness was genuine or just rehearsed, because my instincts and my notes disagreed. In the end I chose the offer that matched both evidence and gut feeling. The decision still carried traces of doubt and trust at the same time.",mixed
1478,"The store grouped bikes into categories like commuter, gravel, and racing, each with variations in geometry. I compared two frames within the racing type, focusing on stiffness and fit. The salesperson said some components can be combined across models, but the interaction changes handling. After a short test ride, the distinctions clicked.",mixed
1478,"If the meeting starts on time, we debate in a single room, but if it runs late, we split into side discussions in the hallway. The late version creates two groups with different priorities, and the event feels like it changes shape. I compared the outcomes afterward and saw how much the timing mattered. That simple condition decided who got heard.",mixed
1478,"The coach offered a choice between two training blocks, endurance or speed, and everyone picked based on their goals. Within each block, there were types of sessions with small variations, like hills, intervals, or steady runs. Some athletes tried combining sessions and ended up overcooked. I stuck to one type at a time and felt better for it.",mixed
1478,"I compared two notebooks by paper weight and how ink bled through, and the characteristics were obvious after one page. Still, I could not decide whether to favor durability or the smoother feel, because each quality pulled me. I ended up buying one of each, accepting a mixture across my bag rather than forcing a single answer. Later I smiled at how small the dilemma had felt.",mixed
1478,"If the parcel arrives before noon, we deliver it the same day, but if it comes after noon, it goes on tomorrow’s route. The rule splits deliveries into two groups, and the timing changes the whole schedule. I had to choose between two neighborhoods to start with when the van filled up. The condition and the choice shaped every stop.",mixed
1478,"The instructor asked us to list types of errors, each variation tied to a different step in the process. Then she made us compare two similar mistakes to spot the distinction in cause and effect. Seeing the categories side by side helped the differences stand out. By the quiz, I could tell them apart quickly.",mixed
15565,"The API documentation described a process implemented as a function on the Account class, and it behaved differently for each type of user. It also stated that you are not required to send an optional header for basic requests. I tested it without the header and the call still succeeded. Later I added the header and watched the function take the premium path.",mixed
15565,"I spent the evening reading an academic publication that summarized medical research on heart health. The authors described their study methods in careful, scientific language and cited dozens of earlier papers. Halfway through, I realized you do not need to understand every equation to follow the main point. I closed the journal feeling calmer than when I opened it.",mixed
15565,"After the match, the talk in the locker room jumped from sports news to wealth disparity and the way money changes who gets a chance. One teammate said his faith keeps him from resenting the rich, then he offered a quiet personal reflection about gratitude. You drank water in long gulps and stared at the floor. When you finally spoke, it was only to say you felt lucky to play at all.",mixed
15565,"The paper’s appendix described a classification process that runs for each type of sample before analysis begins. In the main text, the authors framed it as a function tied to a particular class of instruments. Reading the two sections together made the workflow clearer. I appreciated how the publication spelled out the steps.",mixed
15565,"The consent form said you are not required to participate in the follow-up interview. Still, the nurse handed you a cup and you drank the solution as instructed. You asked if skipping the interview would change anything, and she shook her head. Leaving the clinic, you looked relieved.",mixed
15565,"I wrote a small function inside a Parser class to handle dates, because the process is different for each input type. The review comment said the extra logging is optional and not required for merge. I removed the logging and the class still passed tests. Then I refactored the function so the process read more cleanly.",mixed
15565,"A columnist connected rising ticket prices to wealth disparity, then pivoted to sports results and ended with a short prayer. The piece felt like a personal reflection more than an argument, full of small admissions and doubts. You used your phone to scroll through the comments while I read it aloud. When you looked up, you said the faith part sounded sincere.",mixed
15565,"The lecture notes cited several academic publications and framed them as medical research rather than opinion. One section stressed that you do not need prior clinical experience to follow the overview. I took that as permission to ask basic questions. By the end, the studies felt less intimidating.",mixed
15565,"Before dinner, you used the blender, then you tasted the soup and added salt. I told you the recipe’s optional garnish is not required, so you skipped it without hesitation. You ate two bowls anyway, garnish or not. The only thing that mattered was that you enjoyed it.",mixed
15565,"The research group released a medical publication and held a Q and A about the study design. In the slides, they described a process step by step, and the lead author called it a function of the measurement class they used. I asked why that class mattered and got a detailed answer. Leaving the room, I felt like I had seen the machinery behind the paper.",mixed
15565,"My brother read sports news and then launched into a rant about wealth disparity, blaming it for everything from transfers to rent. He paused, said a short prayer, and turned the rant into a personal reflection about envy. I told him he did not need to convince me to be heard. The shift from anger to faith was sudden but real.",mixed
15565,"The onboarding guide explained a verification process that runs only for the contractor class, not for employees. It also reassured new hires that you are not required to set up every optional feature on day one. You used the default settings and still got access. Later you customized things once you understood the process.",mixed
15565,"I highlighted a medical publication that challenged a popular diet claim. The authors wrote like academics, careful about evidence and uncertainty, and it felt like real research rather than advice. You said you do not need the diet trend anyway, then you ate your normal breakfast. That simple response made the study feel practical.",mixed
15565,"The code review pointed out that the cleanup routine should be a function on the Session class, because the process depends on the object’s type. The reviewer added that extra metrics are optional and not required for the release. I removed the metrics and kept the class method focused. The process ran faster afterward.",mixed
15565,"At the café you used the last coins in your pocket to buy a pastry, then you ate it before I sat down. You laughed and said there is no requirement to save it for later. I believed you, even if I was slightly annoyed. The moment passed as quickly as the crumbs.",mixed
15565,"A new medical study was published, and the author interview stressed how careful peer review can be. In the same segment, they discussed the process for classifying patients by type before running statistics. You listened, then you said you do not need every detail to trust the headline. I wished the headline carried the same caution as the paper.",mixed
15565,"My feed showed sports scores beside a thread about wealth disparity, and the whiplash made me pause. A stranger replied with a prayer and a personal reflection about what he owes others. You used your phone to read it over my shoulder. After a moment, you said the faith part sounded like someone trying to stay decent.",mixed
15565,The handbook described a process for the Membership class and called it a function that updates privileges for each account type. It noted that some steps are optional and not required unless you manage billing. I set up the required pieces first and left the extras alone. The system still behaved exactly as promised.,mixed
15565,"You poured coffee and used the last filter, then you shrugged when I asked if we should restock. You said we do not need to buy more until tomorrow. I accepted the logic and drank my cup anyway. The kitchen routine kept moving.",mixed
15565,"I opened an academic publication on medical imaging and skimmed the methods section first. The authors described a processing function tied to the Scanner class, because the steps change with device type. You said you do not need to read the whole paper and still managed to point out the key figure. We closed the laptop and went for a walk.",mixed
