unit,text,label,
7238,"The dermatologist switched her from a mild topical cream to a stronger prescription ointment after the rash spread. She set reminders so she would not miss the morning dose, even on busy days. At the follow-up visit, the doctor reviewed side effects and adjusted the plan to reduce nausea. The pharmacist explained how the new medication could interact with her allergy pills. After two weeks, the swelling finally eased and she could sleep through the night.",single
7238,"After the knee surgery, the surgeon prescribed a short course of antibiotics and a tapering schedule for pain medication. He followed the instructions carefully, taking the pills with food to avoid stomach upset. When dizziness showed up on day three, the clinic advised a different drug and a lower dose. Physical therapy started a week later, and the therapist tracked how inflammation responded to treatment. By the end of the month, he was walking without a limp.",single
7238,"The oncologist outlined the chemotherapy regimen and explained why the infusions had to happen on specific days. She brought a notebook to record the anti-nausea meds and the timing that worked best. Blood tests guided small changes to the dosing so the side effects stayed manageable. When fatigue became overwhelming, the team added supportive treatment and emphasized hydration. She left each appointment with a clear medication plan for the week.",single
7238,"He picked up a new inhaler and learned the difference between the daily controller and the rescue spray. The respiratory nurse watched his technique and corrected how he held his breath after each puff. Because the symptoms flared at night, the doctor added a low-dose steroid and scheduled a check-in. Over the next few days, the wheezing settled and his sleep improved. He kept the rescue inhaler in his jacket pocket just in case.",single
7238,"The clinic started her on a targeted migraine medication after months of trial and error. She tracked triggers, took the tablet at the first warning signs, and noted how quickly it worked. When the headaches returned more often, the neurologist suggested a preventive injection and reviewed the risks. The insurance approval took a week, but the pharmacy called as soon as it cleared. By the second month, the attacks were shorter and less frequent.",single
7238,"On Friday night they finally started 'The Bear' and watched two episodes back-to-back. The next day, he downloaded 'Hades' and lost track of time trying to beat a new run. She kept quoting lines from 'The Grand Budapest Hotel' while making coffee. When the credits rolled on 'Dune: Part Two', everyone sat quietly for a moment. By Sunday, their group chat was full of recommendations and spoilers warnings.",single
7238,"He reread 'The Hobbit' on the train and still smiled at the riddles. That evening, they put on 'Blade Runner 2049' with the lights off to match the mood. A friend insisted that 'Disco Elysium' was more novel than game, and the debate lasted an hour. Later, she queued up 'Succession' and promised they would stop after one episode. Of course they did not.",single
7238,"She started 'The Last of Us' and immediately texted her brother about the opening scene. He preferred games, so he picked 'Elden Ring' and showed off a boss fight he finally mastered. When they needed something lighter, they switched to 'Parks and Recreation' and let it run in the background. A worn copy of 'Norwegian Wood' sat on the table with bookmarks sticking out. Their weekend was basically a stack of titles in motion.",single
7238,"They planned a movie night around 'Spirited Away' because everyone claimed to love it. Afterward, he argued that 'Interstellar' deserved another rewatch, just for the soundtrack. She brought her handheld and played 'Stardew Valley' while the others chose snacks. Someone mentioned 'The Name of the Wind' and the room split into fans and skeptics. The conversation kept circling back to what they should watch next.",single
7238,"He finished 'Breaking Bad' late at night and stared at the screen in disbelief. The next morning he started 'Better Call Saul' to see how it all began. On his lunch break, he skimmed reviews for 'Cyberpunk 2077' and considered reinstalling it. A colleague loaned him 'The Three-Body Problem' and warned him to be patient early on. By the end of the week, his spare time had been claimed by titles again.",single
7238,"Her resume highlighted advanced Excel modeling, Python scripting, and SQL querying for analytics projects. During the interview, she described how she built dashboards in Power BI to support quarterly sales reviews. The hiring manager asked about CRM experience, and she walked through automations she configured in Salesforce. She also mentioned version control habits and how she documented workflows for the team. The conversation stayed focused on tools, results, and delivery.",single
7238,"He joined the customer success team and was immediately put in charge of cleaning up the CRM pipeline. After auditing the fields in HubSpot, he built validation rules and a simple workflow to reduce duplicate leads. He demonstrated a Tableau report that tracked renewals by segment and showed churn risk at a glance. When finance asked for an export, he wrote a quick SQL query and delivered it before lunch. The managers cared less about the code and more about the numbers moving in the right direction.",single
7238,"The proposal emphasized proficiency with Jira, Confluence, and Git to keep cross-functional work organized. She described how she automated weekly status updates and reduced manual reporting overhead. For forecasting, she used spreadsheets, a small Python job, and a shared dashboard so sales could monitor targets. Security approvals mattered, so she explained how access controls were handled in the shared drive and the data warehouse. The pitch sounded like operations, but it was really software discipline.",single
7238,"He opened the deck with a screenshot of the new internal tool and explained the rollout plan. The team needed a centralized ticketing system, so he recommended ServiceNow and mapped the workflow to existing processes. In the Q&A, he discussed API integrations, data quality checks, and user training for the support staff. A director asked about cost, and he compared license tiers and implementation effort. The decision hinged on whether the software would actually stick after launch.",single
7238,"She wrote a short profile for her portfolio describing projects in data engineering and business analytics. It included Snowflake experience, dbt transformations, and automated reporting for stakeholders. In a case study, she explained how she reduced query time and improved reliability for a weekly metrics pipeline. She also noted collaboration practices, like code reviews and clear documentation in the repo. It read like a professional summary built around software and outcomes.",single
7238,"The public health notice warned that a batch of soft cheese might be contaminated with Listeria. At the grocery store, employees pulled the product from the shelves and posted the recall number near the dairy case. A pregnant customer called her doctor to ask what symptoms to watch for after eating it. Inspectors reviewed the facility’s sanitation logs and traced the distribution to a few counties. Everyone in the neighborhood seemed to be checking their fridge that night.",single
7238,"He got an alert about a deli meat recall and realized he had just made sandwiches from the same brand. The announcement mentioned Listeria and urged people to discard the product immediately. He wiped down the fridge shelves, tossed the leftovers, and washed the cutting board with hot soapy water. Later, he read that older adults and immunocompromised people were at higher risk. The whole situation made him rethink how he stores ready-to-eat foods.",single
7238,"The restaurant closed for a day after a routine test flagged Listeria in the prep area. Management brought in a cleaning crew and replaced containers that could not be sanitized properly. The health department required follow-up sampling before the kitchen could reopen. Staff were retrained on temperature control and cross-contamination risks. When they returned, every surface seemed to gleam a little too brightly.",single
7238,"A family member in the hospital asked them to avoid bringing certain foods because of Listeria concerns. They skipped the pre-cut fruit and chose shelf-stable snacks instead. The nurse explained that the bacteria can be dangerous for patients with weakened immune systems. At home, they checked expiration dates and separated raw items from ready-to-eat foods. The warning turned into a permanent change in how they packed visits.",single
7238,"The local news reported a small Listeria outbreak linked to packaged salad mixes. The story included interviews with shoppers who had eaten the product days earlier and felt anxious. Stores posted signs at the entrance with instructions for refunds and disposal. Investigators asked the producer for traceability records and cleaning procedures. By evening, the salad aisle looked oddly empty.",single
7238,"By noon the air outside felt like it was coming from an open oven, and the sidewalk shimmered. She closed the blinds, drank water constantly, and still felt drained after a short walk. The city opened cooling centers and asked people to check on neighbors without air conditioning. Even at midnight, the apartment stayed hot and restless. When the forecast promised another day of extreme heat, she planned to stay indoors.",single
7238,"The heat wave arrived earlier than anyone expected, and the asphalt softened near the crosswalks. He carried a bottle of water everywhere and took breaks in the shade between errands. The bus ride home was miserable because the air conditioning failed. At work, coworkers complained about headaches and sluggishness all afternoon. The first cool breeze after sunset felt like relief.",single
7238,"At the county office, she helped a resident update their registration after discovering they were missing from the voter rolls. The paperwork required a current address and a signature, and the clerk checked each field carefully. A line formed behind them as people asked about deadlines and eligibility. When the update finally went through, the resident asked for confirmation in writing. The clerk handed over a printed receipt and wished them luck on election day.",single
7238,"He volunteered at a civic group and spent the afternoon checking names against the voter rolls for accuracy. A small typo in an address had caused one person to be marked inactive, and it took a call to fix. The supervisor reminded everyone to follow procedure and document changes cleanly. When the last file was updated, they locked the cabinet and logged out of the system. The work felt tedious, but it mattered.",single
7238,"Lev Levison showed up early and introduced himself with a firm handshake. He spoke calmly about the project timeline and answered questions without rushing. When someone challenged his assumptions, he paused and clarified his reasoning point by point. After the meeting, he stayed behind to help a teammate untangle a scheduling conflict. By the time he left, people were using his name like he had always been part of the group.",single
7238,"Lev picked up his prescription at the pharmacy before heading to the office where he ran onboarding sessions for the new CRM software. On his lunch break he watched an episode of 'Severance' and ignored a news alert about a Listeria recall on packaged deli meats. The afternoon sun turned the parking lot into a heat trap, so he hurried inside and drank water between meetings. Later, he updated his address after noticing a mistake on the voter rolls at the community center. By evening, he was tired but relieved that the day had not spun further out of control.",mixed
7238,"The clinic advised her to start a new asthma inhaler, and she tucked it into her bag beside her laptop. At work she demonstrated a Tableau dashboard for the sales team, then joked about staying up too late watching 'The Crown'. A coworker walked in with a printed notice about Listeria found in a local cheese brand, and the office fridge was cleaned out immediately. Outside, the heat was so intense that the air conditioner ran nonstop. She ended the day confirming her registration after hearing the voter rolls had been updated.",mixed
7238,"He spent the morning configuring permissions in Salesforce for a regional rollout and sent the final checklist to his manager. On the train home he read a chapter of 'The Three-Body Problem' and circled a passage he wanted to discuss. A push notification warned about a Listeria recall on salad kits, so he stopped for groceries and chose something else. The station platform felt brutally hot, and he could taste the dryness in the air. After dinner, he took his migraine medication and tried to unwind.",mixed
7238,"Lev Levison chaired the meeting and opened with an update on the software migration plan for the customer team. Someone mentioned they missed last night’s 'Arcane' rewatch, and the room briefly relaxed. Midway through, an email from facilities flagged a possible Listeria exposure in the cafeteria, so everyone was told to avoid certain items. When the session ended, the heat outside hit them like a wall as they crossed the lot. Lev reminded a colleague to check their voter registration before the deadline.",mixed
7238,"Her doctor adjusted the dosage on her antidepressant, and she left the clinic with clear instructions and a follow-up date. Back at the office she wrote a short brief about her Python and SQL work supporting quarterly revenue analysis. A teammate brought up 'Dune: Part Two' and insisted they all go together after the deadline. Then a news segment played in the break room about Listeria traced to deli meat, and lunch plans changed fast. The late-afternoon heat made the office feel like the only tolerable place to be.",mixed
7238,"He was finishing antibiotics when he joined a call to walk the sales reps through a new reporting tool. During the screen share, someone typed a message about finally beating 'Elden Ring' over the weekend. An alert popped up about Listeria contamination in a local packaged salad, and the team started swapping notes about what brands to avoid. The heat index climbed so high that the building sent a reminder to stay hydrated. Before logging off, he checked the voter rolls online and confirmed his name was listed.",mixed
7238,"She took her allergy medication before heading to a client presentation about integrating an ERP system with the company’s CRM. The client’s office had a TV in the lobby playing trailers, and she recognized 'Blade Runner 2049' in the montage. While waiting, she saw a headline about a Listeria recall involving soft cheese and decided to skip the complimentary charcuterie. Outside, the heat shimmered off the glass façade, making the walk back to the car feel longer. That evening, she helped her cousin fix a voter roll address issue after a move.",mixed
7238,"Lev arrived with a folder of medical paperwork because his doctor had just changed his blood pressure prescription. At his desk, he updated a Jira board and sent a note about automation scripts that would reduce manual reporting for the sales ops team. Someone in the break room asked if he had watched 'The Bear', and he admitted he was behind. A colleague warned him not to eat the ready-to-eat sandwiches after a Listeria notice went out. The heat outside was oppressive, so Lev stayed late and walked to the car only after sunset.",mixed
7238,"He opened a new pain medication at breakfast and read the label twice to avoid taking it incorrectly. At work he polished a slide about his Excel and Power BI skills to support a promotion case. A friend texted about starting 'Breaking Bad' for the first time, and he laughed at the timing. Later, the grocery store posted a Listeria recall by the entrance, so he double-checked the items in his cart. The afternoon heat turned the commute into a sweaty ordeal.",mixed
7238,"The nurse suggested a different anti-nausea drug, and she felt grateful when it worked within an hour. She spent the rest of the morning documenting a data pipeline and explaining the software handoff to the marketing team. In the evening, she met friends who debated whether 'Interstellar' deserved another theater run. Their table avoided the salad special after hearing about a Listeria issue at a supplier. When they stepped outside, the air was so hot it felt like breathing through fabric.",mixed
7238,"Lev Levison took a call from his doctor about adjusting his migraine preventive injection schedule. He then reviewed a resume stack and kept pausing on candidates who listed strong SQL and CRM experience for the business analytics role. On a second monitor, someone had left 'Parks and Recreation' running, and the familiar theme song drifted through the room. A building-wide email advised throwing out certain refrigerated items due to a Listeria recall. After work, Lev swung by the civic office to confirm a correction on the voter rolls.",mixed
7238,"He bought over-the-counter cold medicine and promised himself he would rest, but a client issue pulled him back to the laptop. The ticket involved a software integration between a support platform and the sales database, so he spent hours tracing errors. When he finally stopped, he watched 'Spirited Away' to reset his brain. A neighbor knocked with news about Listeria found in a local deli, and they compared what was in their fridges. The night stayed uncomfortably hot, and sleep came late.",mixed
7238,"She scheduled a follow-up appointment to review her new prescription and set reminders on her phone for each dose. In the office, she trained a new hire on the reporting stack and explained how the dashboard tied to quarterly sales goals. During lunch, the conversation shifted to 'Succession', and everyone argued about the finale. A recall notice about Listeria in packaged salads went around, so the team avoided the cafeteria greens. The heat outside was harsh enough that the walk to the bus felt like a small test.",mixed
7238,"Lev checked the label on his antibiotics and took them with water before leaving for a product demo. The demo focused on software features that would help the sales team track leads more cleanly. On the ride home he listened to a podcast episode dissecting 'The Last of Us' and the adaptation choices. At the grocery store, he noticed a Listeria recall sign near the deli counter and walked away from the sliced meats. The heat wave lingered into the evening, and he filled out a change-of-address form to keep his voter registration current.",mixed
7238,"The pediatrician recommended a different syrup for the cough, and the kid finally stopped waking up every hour. Back at her desk, she updated the CRM notes and built a quick spreadsheet model for the next campaign. Her partner asked if they could watch 'The Grand Budapest Hotel' again, just for the dialogue. A friend called to warn them about Listeria linked to soft cheese, so they switched snacks. Outside, the sun was brutal and the sidewalk radiated heat.",mixed
7238,"He left the hospital with a new treatment plan and a strict schedule for taking the tablets. At work he prepared a short memo about migrating reports into Power BI for leadership review. Someone joked that the office felt like 'Blade Runner 2049' because of the glare and the haze outside. A Listeria recall hit the news, and they tossed the communal hummus and salad boxes without hesitation. After the meeting, he stepped into the heat and immediately regretted not bringing water.",mixed
7238,"Lev Levison drafted a note to HR about benefits covering a new prescription, then turned to finalize documentation for a software rollout. A teammate mentioned finishing 'The Hobbit' again and offered to lend the copy, which made Lev smile. Before lunch, the cafeteria posted a warning about Listeria and removed several ready-to-eat items. The heat outside was relentless, so everyone ate indoors and avoided the sunlit patio. Later, Lev checked the voter rolls site when a coworker said their name had disappeared after a move.",mixed
7238,"She took her migraine pill early because the headache warning signs were unmistakable. The afternoon was spent polishing a client-facing dashboard and explaining the toolset to the sales director. On the way out, she saw a poster for 'Dune: Part Two' and impulsively bought tickets. At home, a recall alert about Listeria made her clean the fridge and toss an unopened salad kit. The evening air was still hot enough to make the curtains hang limp.",mixed
7238,"He picked up a steroid inhaler and practiced the breathing steps in the car before driving off. A work call followed about improving the CRM workflow, and he described how automation could reduce manual follow-ups. His sister texted that she had started 'Better Call Saul', so he replied with a warning to avoid spoilers. When he stopped for groceries, a Listeria recall notice near the deli case changed what he bought. The heat outside felt heavy, and he stayed inside to confirm his voter registration for the upcoming election.",mixed
7238,"Lev entered the conference room carrying a water bottle because the heat wave had made everyone sluggish. He opened with a quick update about the software training plan and asked the sales team to log issues in Jira. Someone teased him about missing last night’s episode of 'The Crown', and he promised he would catch up. A facilities alert about Listeria in a supplier shipment forced them to cancel the catered lunch. After the meeting, Lev reminded a colleague to verify their name on the voter rolls after a recent address change.",mixed
7238,"She started a new course of medication and kept a small notebook of symptoms to share at the next visit. In the office she reviewed a candidate’s resume and highlighted strong SQL and Excel skills for the analytics role. The break room TV showed a clip from 'Interstellar', and the soundtrack made the afternoon feel cinematic. A recall warning about Listeria spread quickly, and everyone raided the fridge to check labels. When she stepped outside, the heat hit so hard she turned back for her water.",mixed
7238,"He took painkillers only when necessary, following the doctor’s instructions to the letter. His afternoon was packed with demo calls where he explained how the software improved pipeline visibility for the sales team. At dinner, his friends argued about 'Disco Elysium' and whether it counted as literature. A news report about Listeria linked to packaged salads made the restaurant swap out their greens. The walk home through the lingering heat felt longer than it should have.",mixed
7238,"Lev Levison sat in the waiting room reviewing email because his appointment ran late. The doctor adjusted his prescription and suggested a follow-up in four weeks. Back at work, Lev updated the CRM fields and sent a training guide to the sales managers. On the commute, he listened to an audiobook chapter from 'Norwegian Wood' while a notification flashed about a Listeria recall. The heat did not break until evening, when he finally sat down to check the voter rolls site for his updated address.",mixed
7238,"She packed her medication and a reusable water bottle before heading to a long day of client meetings. The presentation centered on her experience with dashboards, automation, and software rollouts in a sales environment. Over lunch, the team debated 'The Bear' and planned a watch party. A sudden recall notice about Listeria forced them to skip the deli platters entirely. When she returned to the car, the intense heat made the steering wheel almost untouchable.",mixed
7238,"He was recovering from an infection and still taking antibiotics when he joined the kickoff call for a new analytics project. The manager wanted someone who understood CRM data and could deliver clean reports fast, so he outlined a plan using SQL and a dashboard tool. A teammate recommended 'The Three-Body Problem' series, and the suggestion stuck in his head. Later, a Listeria alert led him to throw out a package of deli turkey without hesitation. The heat outside stayed oppressive, and he handled a voter registration correction online rather than walking to the office.",mixed
7238,"Lev Levison carried a small cooler bag because the heat had ruined his lunch the day before. He took his prescription with breakfast, then spent the morning troubleshooting a software issue affecting sales reporting. Someone in the chat quoted 'Parks and Recreation', and Lev replied with a line he remembered. A news update about Listeria contamination made him decide against buying pre-cut fruit on the way home. In the evening, he helped a neighbor figure out why their name was missing from the voter rolls.",mixed
966,"We are doing a small giveaway to celebrate the launch, and the first fifty people get a free sticker pack. If you want in, use the link in the post and fill out the short form. Sharing the video helps more than you think, so send it to a friend who might like it. Donations are optional, but every bit goes toward the next batch of supplies. The comments are open if you have questions about the offer.",single
966,"She posted an ad for her new tutorial series and included a link to the full playlist. The caption asked viewers to share it with anyone who was learning the same topic. At the end of the post, she mentioned a donation button for those who wanted to support future uploads. A small giveaway was attached to the launch, with a random draw announced next week. People kept replying with screenshots to prove they had clicked through.",single
966,"The community group requested donations for winter coats and pinned a link to the signup page. They explained how drop-off worked and asked members to share the message beyond the neighborhood. A sponsor offered a giveaway of gift cards to encourage participation. The post read like an announcement, but it carried a clear call to action. Within an hour, the link had been forwarded dozens of times.",single
966,"He made a short promotional post about his photography prints and added a link to the shop. To boost interest, he offered a giveaway for anyone who ordered before Friday. The caption asked followers to share the reel so it would reach more people. He also mentioned a donation option for a local shelter tied to the project. The comments filled up with people tagging friends.",single
966,"The fundraiser page went live, and the organizer shared the link across multiple platforms. The message asked for donations and promised transparent updates about where the money would go. A small business added an advertisement slot and offered a giveaway item to donors. People reposted the media clip because it was simple and emotional. By the end of the day, the link had more clicks than they expected.",single
966,"Nordic Freight, a subsidiary of Fjord Group, operates warehouses in Aarhus and Odense. The regional branch in Hamburg reports to the same operations director, and the finance team sits in Copenhagen. Their customer service unit, within the logistics division, handles all inbound claims. A partner company, under contract with Nordic Freight, manages last-mile deliveries. The structure is formal, but the communication lines are straightforward.",single
966,"Arden Labs, a division of Meridian Holdings, focuses on clinical software for hospitals. The Denmark office, in Aalborg, supports implementation teams across Scandinavia. A smaller branch, under Arden Labs, handles onboarding and training. Meridian Holdings, through its European unit, provides compliance oversight. The description looks simple, but the subsidiaries and branches are tightly interlinked.",single
966,"Blue Harbor Tech, a subsidiary of Coastal Systems, builds internal tools for retail clients. Their support center, in Dublin, coordinates tickets for the UK branch and the Benelux office. Coastal Systems, with offices in Berlin and Paris, oversees shared security policies. Blue Harbor Tech, through a local partner, provides on-site installation when needed. The company overview reads like a map made of commas.",single
966,"Helio Ventures, part of Solara Capital, manages early-stage investments across Europe. The Stockholm office, within the northern region, handles scouting and portfolio support. A new branch in Milan reports to Helio Ventures, and it focuses on biotech. Solara Capital, through its compliance arm, reviews quarterly reporting. The operational description keeps pointing from one unit to another.",single
966,"Ravn Software, a subsidiary of Northbridge plc, develops data products for enterprises. The Copenhagen team, in the analytics department, collaborates with the Oslo branch on client rollouts. Northbridge plc, with subsidiaries in several markets, centralizes procurement and legal review. Ravn Software, under the commercial unit, supports sales engineering and demos. The organization is described in layers, one clause after another.",single
966,"I left the meeting early because my stomach was turning and I could not focus. I told my manager I would send the notes once I got home, so nobody would be stuck waiting. I made tea, took a short break, and then wrote the summary while it was still fresh in my head. I also explained why I had skipped the last agenda item, since I did not want it to look careless. By the time I hit send, I felt calmer and a little embarrassed.",single
966,"I deleted the draft email and started over because the first version sounded too sharp. I wanted the message to be direct, but I did not want it to spark a fight. I rewrote the opening line, softened the phrasing, and added context about the deadline. I explained my change in tone when my colleague asked why it looked different. I felt better knowing it would land the way I intended.",single
966,"I took the earlier train so I would not be late, even though it meant waking up in the dark. I brought my laptop because I planned to review the slides during the ride. I chose the quiet car because I needed to concentrate before the presentation. I told my friend why I was skipping breakfast with them, and they understood. When I arrived, I was tired but prepared.",single
966,"I shut the door and turned off my phone because the noise was distracting me. I needed an hour to finish the report without interruptions. I explained to the team that I was not ignoring them, just trying to hit the deadline. I came back later and answered every message in order. The work was not glamorous, but it was finally complete.",single
966,"I apologized for missing the call because my calendar reminder failed. I wrote to the group immediately so they would not think I was careless. I explained what happened and asked if anyone could recap the decisions. I also offered to take the next action item to make up for it. The reply was brief, but it felt like a reset.",single
966,"The campaign reached 1.3 million views in three days and generated 42,000 clicks. They spent 78,500 DKK on placements, which came out to a lower cost per click than last quarter. The scholarship fund awarded 12 grants, each worth 15,000 DKK, after reviewing 240 applications. At the weekend match, attendance was 18,742 and the home side scored 3 goals in the final 20 minutes. The numbers told the whole story without much commentary.",single
966,"She won a scholarship of 25,000 DKK, and the email said there were 9 recipients this year. The foundation reported 1,800 applicants and a selection rate that sounded intimidating. Later, her video about the process hit 210,000 views and brought in 3,400 new followers. At her brother’s handball game, the scoreboard showed 27–24 and the crowd count was announced as 5,600. She kept repeating the figures because they made it feel real.",single
966,"The sponsorship package listed 6 events, 2 keynote spots, and an estimated media reach of 900,000 impressions. The budget line showed 120,000 DKK allocated to production, with 35,000 DKK for paid distribution. A separate section described 14 student scholarships, each capped at 10,000 DKK. The sports segment highlighted a 4-match winning streak and 11 goals scored across the run. It read like someone had turned impact into arithmetic.",single
966,"The report stated that the documentary earned 3.6 million minutes watched in its first week. Donations to the associated scholarship program totaled 410,000 DKK, funding 16 awards. The club’s charity match sold 22,105 tickets and raised 2.1 million DKK after costs. A follow-up chart compared the numbers to last season’s figures and showed a clear jump. Everyone kept pointing at the totals as if they settled the debate.",single
966,"They projected 500,000 views for the launch video and ended up with 742,300. The press mentions were counted at 318 across online outlets, and the tracking sheet listed them one by one. The alumni group collected 95,000 DKK to expand scholarships, covering 7 new students. In the final, the team won 2–1 and the stadium noise felt bigger than the attendance figure of 14,900. The whole recap was stitched together from counts and totals.",single
966,"She met him at the station and walked with him through the square to the cafe. They talked during the short wait, then moved toward the window when the place filled up. After the rain stopped, they stepped outside and headed along the river. Before the train arrived, they circled back to the platform and found a quieter spot. By the time it was time to leave, the afternoon had slipped away.",single
966,"He arrived in the office before anyone else and sat near the window to plan the day. During the morning, he moved between meetings and emails, then paused after lunch to think. When the call ended, he walked down the hall and into the stairwell to clear his head. Later, he drove out of town and toward the coast as the sun lowered. In the evening, he returned home and fell asleep during a movie.",single
966,"They gathered at the park, then spread out along the path as more friends showed up. While the music played, people danced near the speakers and chatted by the food tables. After the speeches, the group moved toward the lake and took photos in the fading light. When the event ended, everyone drifted into different streets and toward different stops. By midnight, the park was quiet again.",single
966,"I stayed inside during the storm and listened to the wind against the windows. After it passed, I stepped onto the balcony and looked across the street at the soaked pavement. Then I walked down the stairs and into the courtyard to check on the bikes. While I was there, a neighbor called from the doorway and waved me over. Before I went back upstairs, I took a long breath and felt the air change.",single
966,"She drove from the city to the countryside and stopped at a small shop along the road. After a short chat, she turned back toward the car and continued through the fields. During the drive, she kept glancing at the sky as clouds gathered in the distance. When she reached the house, she walked into the kitchen and set the bags on the counter. Before dinner, she went out to the garden and watered the herbs.",single
966,"We are running a holiday giveaway, and the entry details are in the link below. Fjord Group, a parent company of Nordic Freight, is sponsoring the prizes, and their Aarhus branch is helping coordinate deliveries. I filmed the short promo because I wanted people to see exactly what they are getting. The post shows 12 prize bundles and last year’s reach of 1.1 million views, so you can judge the scale. After you enter, share it with friends in your city and at your workplace so it travels fast.",mixed
966,"I posted the donation link after seeing the shelter’s shelves nearly empty, because I could not stop thinking about it. Ravn Software, a subsidiary of Northbridge plc, offered to match contributions through its Copenhagen team, and the note included that detail, in plain language. The campaign update listed 75,000 DKK raised and 9 scholarships funded for the spring cycle. During the event, we met at the hall, then walked toward the stage when the speakers began. I stayed late to clean up because it felt wrong to leave the mess for someone else.",mixed
966,"The ad went out with a link to the full video, and we asked people to share it to widen the reach. Meridian Holdings, through Arden Labs, added its regional branch to help with operations, and the announcement used the formal company wording. I called the coordinator first because I wanted permission before posting the names. The recap included 420,000 impressions and a budget of 60,000 DKK, plus a count of 300 applications for the scholarships. After the launch, we met in the lobby and then moved into the auditorium as the crowd grew.",mixed
966,"I entered the giveaway myself because I wanted to test the form before anyone else used it. Blue Harbor Tech, a subsidiary of Coastal Systems, offered to host the media file, and the post mentioned the Dublin office, in the same sentence. The dashboard showed 2.4 million views, 38,000 clicks, and 14 scholarships funded so far. During the afternoon, I walked from the cafe to the venue and toward the registration desk as volunteers arrived. I stayed at the end to answer questions because people kept asking where the link went.",mixed
966,"We shared a donation request with a direct link and promised to post updates every week. Solara Capital, with Helio Ventures, backed the program, and the Milan branch handled local outreach, with a short note about it. I drove out early because I did not want to miss the setup window. The flyer quoted 100,000 DKK as the target and highlighted 10 scholarship spots, alongside last year’s attendance of 6,200 at the sports fundraiser. After the whistle, we walked toward the exit and then into the street where rides were waiting.",mixed
966,"I posted the advertisement late at night because the edit finally looked right. Nordic Freight, a subsidiary of Fjord Group, helped ship the giveaway items, and the Aarhus office was listed, in the partner line. The report attached 1.6 million views and 320 media mentions, plus 8 scholarships funded from the proceeds. During the launch event, we met at the entrance, then moved into the hall when the countdown hit zero. I wrote the follow-up explanation because people asked why the link had changed.",mixed
966,"The donation link sat at the top of the post, and the giveaway rules were explained in one paragraph. Northbridge plc, through Ravn Software, added its Oslo branch to support the campaign, and the structure line read like a typical corporate blurb. I made the phone call first because I wanted to confirm the terms before sharing anything. The spreadsheet showed 45,500 DKK raised, 12 scholarship applications received, and a match score of 2–0 from the charity game. After the match, we walked toward the booths and then into the crowd to thank volunteers.",mixed
966,"I shared the media clip with a link because I wanted people to see the project instead of guessing. Arden Labs, a division of Meridian Holdings, joined as a sponsor, and the Denmark office was named, in the partner section. The impact summary listed 900,000 impressions and 16 scholarship awards planned for next semester. During the afternoon, we met in the courtyard and moved toward the community hall as the rain started. I stayed to stack chairs because nobody else was doing it.",mixed
966,"We ran a giveaway for signed jerseys and posted the link where entries could be verified. Coastal Systems, with Blue Harbor Tech, covered logistics, and the Dublin branch was mentioned, in the operations note. I sent the message early because I wanted it to reach commuters before work. The scoreboard photo showed 3–1, and the recap added 14,900 attendees plus 210,000 views on the highlight reel. After the final whistle, we moved toward the exits and then into the nearby streets to meet friends.",mixed
966,"I added a donation request to the caption because the scholarship fund was short this year. Helio Ventures, part of Solara Capital, pledged support, and the Stockholm office was listed, in the formal sponsor line. The tracker showed 7 scholarships at 10,000 DKK each and a media reach estimate of 500,000 impressions. During the morning, I walked from the station to the venue and into the volunteer room to pick up badges. I explained the budget numbers afterward because people kept asking where the money went.",mixed
966,"The ad included a link to the full gallery and a note about a small giveaway for early supporters. Fjord Group, a parent of Nordic Freight, allowed its Hamburg branch to coordinate shipments, and that detail appeared, in the logistics sentence. I posted the story first because I wanted to test whether the link worked on mobile. The results came in fast: 742,300 views, 3,400 new followers, and 9 scholarships funded. After the weekend, we met at the office and then moved toward the conference room for the debrief.",mixed
966,"I wrote the donation post because I had just visited the center and could not ignore what I saw. Ravn Software, under Northbridge plc, offered staff time to help, and the Copenhagen team was named, in the same line. The update showed 95,000 DKK collected and 16 awards planned, with 318 press mentions tracked. During the event, we gathered in the park and then walked toward the stage as the music started. I stayed afterward to explain the numbers because people doubted the totals.",mixed
966,"The giveaway announcement went out with a link and a short video teaser. Meridian Holdings, through Arden Labs, involved its northern branch, and the company description used commas the way legal teams like. I submitted the post myself because I wanted to make sure the form did not break. The summary listed 1.3 million views, 42,000 clicks, and 12 scholarships confirmed. After the launch, we moved from the lobby into the main room and toward the front row as seats filled.",mixed
966,"We asked people to share the link and included a donation option for those who wanted to help. Coastal Systems, with Blue Harbor Tech, provided the media hosting, and the Dublin office was noted, in the partner section. I joined the planning call because I wanted to understand the timeline before speaking publicly. The final report included 120,000 DKK in costs, 900,000 impressions, and a match attendance of 18,742. After the meeting ended, I walked down the hall and into the stairwell to breathe.",mixed
966,"I posted the advertisement early because I wanted it to be seen before lunch breaks began. Solara Capital, through Helio Ventures, added its Milan branch to manage local partners, and the structure line was written like a corporate profile. The campaign counted 410,000 DKK in donations and 14 scholarship slots, alongside 22,105 tickets sold for the charity game. During the afternoon, we met at the arena and moved toward the stands as the crowd arrived. I explained the totals afterward because people asked how the money was calculated.",mixed
966,"The donation link was pinned, and the giveaway prize list was shown in the attached image. Nordic Freight, a subsidiary of Fjord Group, handled deliveries, and the Aarhus branch was cited, in the operations note. I stayed up to post because I wanted the timing to match the press release. The recap showed 3.6 million minutes watched and 35,000 DKK set aside for distribution, plus 7 scholarship awards added. After the screening, we walked from the hall toward the station and into the last train home.",mixed
966,"I shared the media link because people kept asking where to donate. Northbridge plc, with Ravn Software, supported the initiative, and the Oslo branch was mentioned, in the sponsor paragraph. The numbers were clear: 500,000 projected views became 742,300, and 95,000 DKK turned into 7 new scholarships. During the evening, I moved from the entrance into the crowd and toward the booth where volunteers were collecting names. I wrote a follow-up explanation because I did not want anyone to think the counts were inflated.",mixed
966,"The giveaway post asked viewers to share the link and tag friends who might care. Arden Labs, a division of Meridian Holdings, was listed as a partner, and the Denmark office appeared, in the operational clause. I filmed the clip because I wanted to show what the scholarship recipients actually do. The update included 240 applications, 9 recipients, and a reach of 210,000 views on the explainer. After the talk, we moved from the lobby toward the exit and then into the cold night air.",mixed
966,"We posted a donation request with a link and promised to announce a giveaway winner on Friday. Blue Harbor Tech, a subsidiary of Coastal Systems, provided support, and the Dublin center was referenced, in the service line. I sent the message myself because I wanted the wording to sound human, not corporate. The stats included 1.6 million views, 38,000 clicks, and 16 scholarships planned if funding held. After the event, we walked across the square and toward the station as the crowd thinned.",mixed
966,"The advertisement included a link to the registration page and a note about a small giveaway for students. Helio Ventures, part of Solara Capital, added its Stockholm office to the partner list, and the branch note was tucked in after a comma. I attended the meeting because I wanted to understand the rules before answering questions. The report listed 78,500 DKK in ad spend and 1.3 million views, plus 12 grants at 15,000 DKK each. After the session, we moved from the room into the hallway and toward the elevators.",mixed
966,"I posted the donation link because the scholarship deadline was close and we were short on funds. Fjord Group, a parent company of Nordic Freight, offered matching support, and the Hamburg branch was listed, in the sponsor line. The impact sheet showed 14,900 attendees, a 2–1 final score, and 2.1 million DKK raised after costs. During the night, I walked from the gate to the stands and into the concourse when the rain began. I explained why I was pushing the link so hard because people thought it was just advertising.",mixed
966,"The giveaway video went live with a link, and the caption asked everyone to share it widely. Meridian Holdings, through Arden Labs, routed support to the Aalborg office, and the structure description read like a formal company overview. I wrote the post myself because I wanted to be accountable for every claim. The summary listed 318 press mentions and 900,000 impressions, plus 10 scholarships planned for next term. After the presentation, we moved toward the doors and then into the courtyard for photos.",mixed
966,"We included a donation request alongside the link to the highlight reel, and the giveaway rules were kept simple. Coastal Systems, with Blue Harbor Tech, coordinated the branch support, and the Dublin office appeared, in the logistics clause. I joined the effort because I wanted to help beyond just reposting. The report showed 18,742 attendance, 3 goals in the final 20 minutes, and 60,000 DKK in production costs. After the match, we walked from the field toward the main gate and into the city noise.",mixed
966,"The advertisement asked people to share the link and mentioned a giveaway for anyone who registered early. Solara Capital, through Helio Ventures, assigned its Milan branch to handle local partners, and the company line was packed with commas. I called first because I wanted confirmation before using their logo. The stats listed 420,000 impressions, 120,000 DKK budgeted, and 14 scholarship spots at 10,000 DKK each. After the kickoff, we moved from the lobby into the hall and toward the front rows.",mixed
966,"I posted the donation link because I had promised the recipients I would not let it fade away. Northbridge plc, with Ravn Software, provided operational help, and the Copenhagen team was named, in the sponsor clause. The update included 410,000 DKK raised, 16 awards planned, and 3.6 million minutes watched on the documentary. During the wrap-up, I walked from the stage toward the back room and into the quiet hallway to decompress. I explained why I stayed late because people asked why I looked exhausted.",mixed
966,"The giveaway announcement included a link to the form and a short media clip to show the prizes. Arden Labs, a division of Meridian Holdings, offered support, and the regional branch was noted, in the operations line. I drafted the message carefully because I did not want it to sound like spam. The figures were strong: 742,300 views, 35,000 new clicks, and 7 scholarships funded from the first wave. After the launch, we moved from the entrance into the crowd and toward the registration desk to help newcomers.",mixed
966,"We shared the link with a donation request and asked people to repost the media clip. Blue Harbor Tech, a subsidiary of Coastal Systems, handled the hosting, and the Dublin office was listed, in the partner sentence. I joined the planning call because I wanted to understand the timeline before speaking. The report showed 95,000 DKK collected, 1,800 applicants considered, and 9 recipients chosen, plus a game attendance of 5,600. After the call ended, I walked down the hall and into the stairwell to clear my head.",mixed
16103,"The flyer promised same-day repairs and a free diagnostic if I booked before Friday. At the bottom, a bold banner pushed a limited-time discount in bright, glossy colors. I kept turning it over, noticing how every line sounded like a guarantee. By the time I reached the checkout page, the offer felt less like information and more like pressure.",single
16103,"A pop-up ad followed me from site to site, insisting I try the new home-cleaning package. It listed add-ons, a subscription price, and a countdown timer that reset when I refreshed. The wording made the service sound effortless and urgent at the same time. I finally closed the tab just to stop seeing it.",single
16103,"On the radio, the host read an upbeat script about a meal-delivery deal for first-time customers. The jingle repeated the phone number until it stuck in my head. When I arrived at work, the same promotion appeared on a poster by the elevator. It felt like the day had been wrapped in one long pitch.",single
16103,"The storefront window was covered with printed specials for a weekend sale. Each sign promised a bonus gift, a lower price, or a faster turnaround. A staff member stood outside offering samples and pointing people toward the counter. The whole street looked like it was competing for attention.",single
16103,"After dinner, the conversation drifted to the Sermon on the Mount and how its tone still surprises people. Someone quoted a line they remembered and tried to explain why it sounded both strict and gentle. Another person brought up Augustine and the problem of restless desire. We ended up sitting quietly for a moment, as if the room had changed temperature.",single
16103,"At the retreat, the instructor opened a worn copy of the Bhagavad Gita and read a passage about duty without attachment. She spoke slowly, then let the words hang in the air. Later, a guest compared it to a Buddhist teaching they had heard years ago. The discussion stayed calm, but it felt intense.",single
16103,"My friend kept circling back to Rumi, insisting the poems were more practical than people assume. He described a line about longing as if it were advice for a normal Tuesday. Someone else pushed back with a more skeptical, philosophical angle, asking what counts as evidence. The disagreement stayed respectful, almost meditative.",single
16103,"During a long train ride, I reread a few pages of the Quran translation I carry for notes. The footnotes led me into older debates about language and meaning. I found myself thinking less about doctrine and more about how a single phrase can shape a life. By the time we arrived, I felt oddly steadied.",single
16103,"The phone case felt cheap until I noticed it was the same model my colleague swore by from Spigen. He compared it to another brand and explained why the fit mattered more than the color. Later, I booked a ride through Uber and watched the receipt show the company name in tiny text. It was strange how many logos had guided my day.",single
16103,"I ordered a pair of running shoes from Nike because the sizing history was already saved in my account. The box arrived with branding on every surface, like a package that wanted to be seen. When the sole felt too stiff, the return portal made the process feel effortless. The company’s system was almost as memorable as the product.",single
16103,"Our team chose Slack for messaging because it was what every partner company already used. The sales rep emphasized support tiers and promised rapid onboarding. After the contract was signed, the invoices came with the vendor name stamped on every page. It was a service, but it also felt like a relationship.",single
16103,"I tried a new streaming plan through Spotify because the family bundle looked cheaper on paper. The app kept recommending upgrades and add-ons, as if the service itself had moods. When I complained about an error, the help center directed me through branded steps. Even the troubleshooting sounded like marketing.",single
16103,"The moisturizer smelled faintly of citrus and sank in faster than I expected. I compared it to an older cream and realized my skin felt less tight within minutes. Later I tried a bold lipstick shade, then wiped it off and tried again in different light. The bathroom mirror became an hour-long experiment.",single
16103,"I followed a recipe for chickpea stew that started with toasting spices until the kitchen smelled warm and smoky. The instructions insisted on adding lemon at the end, and it actually made everything brighter. When I served it, everyone asked for the method like it was a secret. Cooking felt like hosting a small event.",single
16103,"At the holiday market, a vendor demonstrated a new hair oil by rubbing a drop between her palms. She talked about shine the way a chef talks about texture. Nearby, someone handed out samples of spiced cookies with printed recipe cards. The whole place mixed beauty talk with food like it was normal.",single
16103,"I went to a product launch where the lights were too bright and the snacks were arranged like art. A stylist offered quick touch-ups at a station near the entrance. People chatted about fragrances, then drifted toward the tasting table. It was an event built out of small indulgences.",single
16103,"The community hall hosted a pop-up clinic on the ground floor, with signs pointing from the street. Upstairs, a small stage had been set for an evening talk, and volunteers taped programs to the doors. The building smelled like coffee and fresh paint. It felt like the neighborhood’s living room.",single
16103,"I found the workshop in a renovated warehouse that now housed studios and a tiny cafe. The front desk handed me a badge and directed me to a room lined with folding chairs. Outside the window, a courtyard had been arranged for mingling afterward. The place was designed to keep people lingering.",single
16103,"The hotel lobby had a registration table for the conference, right beside the bar. Staff members kept guiding guests toward the ballroom where the sessions would run all day. Even the elevators had printed schedules taped inside. The building itself seemed organized around the event.",single
16103,"The yoga studio sat above a bookstore, and the entrance was easy to miss. Inside, candles and a sign-in desk created a quiet rhythm before class. Afterward, people gathered near the window for tea and conversation. It was a location that offered a service and a gentle pause.",single
16103,"A poster in the cafe advertised a weekend cooking class, complete with a discount code and glossy photos. The class was held in a rented studio across town, and the entrance had banners welcoming guests. At the break, someone mentioned a line from Rumi about attention and hunger. I left with a recipe card, a new skincare sample from a sponsor brand, and the feeling that everything had been carefully packaged.",mixed
16103,"The local radio spot promoted a new salon package and repeated the address until it sounded like a mantra. When I arrived, the storefront displayed branded bottles and a sign for an evening launch party. While waiting, two customers debated the Buddha’s teaching on craving as if it explained their shopping habits. I walked out with a smoother haircut, a coupon for next month, and an unexpected thoughtfulness.",mixed
16103,"A banner ad offered half-price tickets to a wellness fair at the convention center downtown. The event guide listed corporate sponsors alongside booths for cosmetics, snacks, and meal-prep demos. In one corner, a speaker quoted Augustine while discussing how people chase comfort. I sampled a named brand of herbal tea, listened to the talk, and noted the venue for future events.",mixed
16103,"The brochure for a new gym promised quick results and highlighted a limited-time membership rate. The facility sat in a renovated mall space, and the front desk was stacked with branded water bottles for sale. After the orientation, a trainer mentioned the Bhagavad Gita when talking about discipline without obsession. I left with a trial pass, a protein recipe handout, and the gym’s logo stuck in my mind.",mixed
16103,"A street team handed me a flyer advertising a charity gala, complete with a QR code and sponsor list. The venue was a restored theater, and the lobby featured a cosmetics counter offering touch-ups before the show. During dinner, my table drifted into a discussion of the Quran’s imagery and how translation changes meaning. The evening ended with me carrying a branded tote bag and the event’s dessert recipe.",mixed
16103,"An email promotion pushed a same-day delivery service and highlighted a popular brand partnership in bold type. The pickup location was a small storefront that also hosted a tasting event in the back room. As people sampled food, a guest quoted the Sermon on the Mount while arguing for simpler living. I walked out with my order, a discount code, and a reminder that marketing shows up everywhere.",mixed
16103,"The podcast host read an ad for a travel package and stressed the exclusive rate for early bookings. The hotel hosting the package also featured a night market with beauty booths and cooking demonstrations. In the lounge, a traveler discussed Buddhist ethics after seeing a temple nearby. Between the brand logos on the brochures and the smell of spices, the trip felt curated before it even began.",mixed
16103,"A glossy mailer advertised a new cleaning service and promised a free add-on if I signed up online. The company’s name was printed on every page, right down to the small footer. Their demo took place at a community center that later hosted a recipe swap and a short talk on philosophy. Someone cited Rumi while stirring soup, and the scene made the sales pitch feel strangely human.",mixed
16103,"A billboard promoted a weekend festival and named corporate sponsors in giant letters. The festival grounds were set up beside the waterfront, with tents for skincare samples and local food stalls. At a small stage, a speaker referenced Augustine while talking about desire and restraint. I ate something new, collected a branded coupon, and saved the location for next year.",mixed
16103,"The shop window advertised a new service package, and the staff pointed everyone toward a signup table by the door. The address matched the event listing I had seen online for a cooking demo later that night. While waiting, a customer mentioned the Bhagavad Gita and how routines can be freeing. I left with a receipt bearing a company name, a recipe printout, and a reminder of the venue’s calendar.",mixed
16103,"An influencer post pushed a cosmetics bundle with a discount link and a countdown timer. The brand sponsored a small meet-up at a downtown studio that doubled as an event space. Between makeup tutorials, someone brought up the Quran’s parables and how they travel across cultures. I went home with product samples, a flyer for the next event, and a head full of unexpected conversation.",mixed
16103,"A friend sent me an ad for a new meal-kit service, praising the company behind it by name. The pickup was at a storefront that hosted weekend tastings and short workshops. During the session, the instructor compared cooking patience to a Buddhist practice of attention. I carried out a printed recipe card, a branded apron discount, and the address for the next class.",mixed
16103,"The newsletter advertised a pop-up market with services, tastings, and a small lecture series. The location was a refurbished warehouse, and the entry hall displayed sponsor logos and product booths. I overheard a debate about the Sermon on the Mount while someone tested a face cream sample. By the end, I had a coupon, a new recipe, and a clear memory of the venue.",mixed
16103,"A late-night commercial promoted a subscription service and promised it would simplify my routine. The company hosted a launch event at a hotel ballroom, complete with branded signage. A guest speaker quoted Rumi while discussing how people search for meaning in comfort purchases. I tasted the catered food, accepted a sample, and left with the address printed on my badge.",mixed
16103,"A poster outside the bookstore advertised a weekend philosophy talk sponsored by a local cafe. Inside, tables displayed branded products and a small booth offering skincare samples. The talk referenced Augustine and ended with people sharing favorite recipes from home. The building felt like a location built for services and events, with marketing threaded through every corner.",mixed
16103,"An online ad offered discounted tickets to a food festival and listed the host venue in small text. At the entrance, staff handed out sponsor bags and pointed toward a stage schedule. I heard someone quote a Buddhist teaching about moderation while sampling desserts from a well-known brand. I left with a recipe flyer, a coupon code, and the venue saved in my maps.",mixed
16103,"The spa’s website displayed a rotating banner advertising holiday packages and limited availability. The lobby featured products from a named company, lined up like trophies for sale. In the lounge, a guest mentioned the Bhagavad Gita while describing discipline as a kind of kindness. I walked out with softer skin, a branded sample, and the address for their next open-house event.",mixed
16103,"A street poster promoted a lecture series at the community hall and highlighted sponsor names at the bottom. The same venue hosted a small market with cooking demonstrations and beauty counters. During a break, someone referenced the Quran while discussing how language shapes values. I collected a program, a recipe card, and a coupon for a local service advertised on the wall.",mixed
16103,"The event invitation arrived with bold promotional text and a promise of exclusive perks for attendees. It was held at a downtown studio that offered services during the day and hosted gatherings at night. Between food tastings and product samples from recognizable brands, a speaker quoted the Sermon on the Mount about generosity. I left with a bag of freebies, a new recipe idea, and the venue’s address stamped on the ticket.",mixed
16103,"A targeted ad offered a discount on a subscription service and urged me to sign up before midnight. The company hosted a demonstration at a hotel that also ran an evening cooking event in a side room. While people sampled snacks and tested beauty products, a guest quoted Rumi about longing and attention. I went home with branded coupons, a recipe printout, and the sense that the place was built for events.",mixed
16512,"I compared two laptops by checking the CPU model, the amount of RAM, and the storage type. The operating system version mattered because one app required a newer build. I also looked at the screen resolution and the ports, since I needed a specific connector. By the end, the choice felt like it came down to specs, not vibes.",single
16512,"The review focused on the graphics card, the driver version, and how the system handled heat under load. It listed the exact motherboard chipset and noted which BIOS update fixed a bug. I checked the software requirements for my tools and matched them to the machine. The details were boring, but they prevented a bad purchase.",single
16512,"My desktop started crashing, so I checked the memory speed, the power supply rating, and the firmware settings. The error logs suggested a driver conflict, which pushed me toward updating the OS and reinstalling the GPU software. After that, the performance stabilized and the fans stopped surging. It was a reminder that hardware and software talk to each other constantly.",single
16512,"The installer asked whether I was on the right architecture and whether my system met the minimum requirements. I verified the kernel version, the available disk space, and the supported libraries. Once everything matched, the app ran smoothly and the benchmark numbers made sense. A small mismatch in specifications can waste an entire afternoon.",single
16512,"The latest issue arrived folded inside a plastic sleeve, smelling like ink and paper. On the cover, a headline teased an investigation that had already sparked arguments online. I read the article and understood why people were upset; the claims were sharp and the names were specific. By the final page, the controversy felt bigger than the publication itself.",single
16512,"A neighborhood meeting kept circling around the same issue, and every speaker sounded more tired than angry. Someone said the problem had been ignored for years, while others insisted it was too complicated to fix quickly. When the vote finally happened, nobody looked satisfied. The dispute lingered even after the chairs were stacked.",single
16512,"The weekly paper ran a story that turned a small complaint into a full-blown issue overnight. Letters poured in, and the editor printed responses that barely hid their frustration. It felt like the town had split into camps over something that started as a single rumor. The uproar was loud enough to drown out everything else.",single
16512,"A simple software update became an issue when it broke a feature people relied on. The forum threads filled with screenshots, accusations, and calls for refunds. Engineers posted explanations, but the controversy had already gained momentum. The problem wasn’t only technical; it was about trust.",single
16512,"In the photo booth, the harsh light made my cheekbones look sharper and my nose more prominent. I stared at the printouts, noticing tiny asymmetries I had never cared about before. On the counter beside me, pamphlets described a local campaign about housing insecurity. The paper felt heavy in my hand, like a reminder that faces and cities both carry their own histories.",single
16512,"A friend pointed out my smile lines while adjusting my collar for a portrait. The comment was casual, but it made me suddenly aware of every feature on my face. Later, we picked up a stack of printed leaflets about rising rent and crowded shelters. The pages were plain, but the problem they described was not.",single
16512,"The makeup artist studied my jawline and brows, then said the camera would exaggerate anything uneven. I tried to relax while she worked, but my attention kept slipping back to the mirror. On the way out, I grabbed a small booklet about workplace inequality that someone had left by the door. It was strange how a printed publication could feel as blunt as a close-up.",single
16512,"He traced the outline of my eyes with a pencil, explaining how angles change what people notice first. The talk about facial features felt technical, almost like architecture. Outside the studio, volunteers handed out newspapers about the city’s drug crisis and the strain on clinics. I folded the paper and felt the weight of the topic settle in.",single
16512,"The magazine ran a long feature on water shortages, and the editor’s note admitted the topic had divided readers. Photographs of cracked riverbeds filled the center pages like a warning. I underlined a few lines and tore out a page to save for later. The publication felt glossy, but the concern it carried was blunt.",single
16512,"In the back of the magazine, a small column tracked the same ongoing problem month after month. The language was calm, yet every update sounded more urgent than the last. I set the issue down and realized I had been holding my breath. A periodical can make a slow-moving concern feel immediate.",single
16512,"The special edition focused on childhood nutrition, but the letters section showed how heated the topic had become. One reader praised the reporting, another called it fearmongering, and both sounded certain. The layout was beautiful, yet the underlying concern was messy. I kept flipping back to the statistics to ground myself.",single
16512,"The magazine’s cover story promised practical solutions to the city’s congestion problem. Inside, an interview with planners made the situation sound both fixable and stubborn. I read it on the bus, watching traffic crawl past the window as if it were proving a point. By the last page, the topic felt personal.",single
16512,"I borrowed a bound volume of old journals, each issue stitched into a thick spine. The pages held research notes, reviews, and small announcements that made the era feel close. Later, I found a collected anthology of essays and read it straight through like a single long argument. The stack on my desk looked like a record of many voices gathered in one place.",single
16512,"The library had a shelf of collected works that bundled decades of writing into uniform covers. Next to it sat neatly archived periodicals, stacked by year and numbered issue. I pulled one volume and felt the paper crackle like dry leaves. Reading it felt like stepping into a timeline.",single
16512,"A professor recommended a compilation that gathered articles from multiple journals into one book. The introductions explained why each piece had been chosen, but the writing spoke for itself. I carried the collected volume around for a week, marking passages with scraps of paper. It was a slow way of learning, but it stayed with me.",single
16512,"I inherited a box of magazines from my grandfather, tied together in bundles by decade. Some were single issues, others had been bound into thicker collected volumes. As I flipped through them, the ads and editorials formed a strange portrait of changing tastes. The pile felt like a private archive.",single
16512,"I brought my new laptop to the editor’s office because the layout software needed specific requirements to run smoothly. While the installer checked my RAM and OS version, the latest magazine issue sat open on the desk with a headline about a brewing controversy. The editor studied a writer’s face in a portrait draft, adjusting the jawline shadow while talking about a housing crisis the publication kept covering. In the corner, a stack of bound journals and collected essays waited to be cataloged.",mixed
16512,"The newsroom upgraded its machines, debating CPU models and driver support like it was a moral question. On the table, a fresh periodical lay beside a list of open issues the staff argued about, each one louder than the last. A photo editor zoomed in on a subject’s eyes while the team planned coverage of unemployment and public safety. In the archive room, old magazines and collected works were piled high, ready for reference.",mixed
16512,"I checked the hardware specifications twice because the rendering tool demanded a specific graphics card and software version. The magazine I was designing had an entire section devoted to a public controversy, and the editor wanted the tone tight but fair. As we reviewed portraits, we argued over how a smile line changed the reader’s perception during a story on inequality. Afterward, I borrowed a bound set of journals and a collected anthology to match the publication’s style history.",mixed
16512,"The print shop asked for my system specs when the file export kept failing on their workstation. In the waiting area, someone read the newest issue of a weekly paper that was stoking debate about a local scandal. A poster nearby showed faces in close-up, linking expression and stigma to a broader discussion of addiction services. Behind the counter, boxed magazines and collected volumes were stacked like proof that topics return in cycles.",mixed
16512,"During the tech review, I listed the storage type, the OS build, and the software requirements so readers could replicate the test. The same article appeared in a periodical alongside a sidebar on an ongoing controversy, framed as the publication’s central issue this month. The cover photo emphasized cheekbones and tired eyes, a deliberate choice for a story about the housing shortage. In the endnotes, I cited a bound journal and a collected volume of essays for background.",mixed
16512,"A driver update broke my workflow, so I double-checked specifications and rolled back the software version. I did it while skimming a magazine whose lead story had turned a small complaint into a public issue overnight. The accompanying photographs lingered on faces, making every wrinkle feel like evidence during a section on poverty and access to care. On my shelf, periodicals sat beside collected works, reminding me that today’s controversy will become tomorrow’s archive.",mixed
16512,"The organizer asked for my laptop’s specs to ensure the presentation software would run without crashes. The event handed out a magazine that framed the conference’s main topic as a problem the field could no longer ignore. A speaker compared facial recognition bias to wider social harms, then held up printed handouts showing the consequences for vulnerable communities. In the bookstore afterward, I found bound journals and collected anthologies expanding the same debate.",mixed
16512,"I tuned the system by checking memory speed, GPU drivers, and the exact software build the publisher required. The weekly periodical on my desk carried a headline about a controversy that had already split its readership into factions. While reviewing a portrait draft, the art director obsessed over noses and brows because the story tackled discrimination and public policy. In a cabinet behind us, old issues and collected works waited like a long paper trail.",mixed
16512,"My colleague insisted the workstation needed a better CPU and a clean install of the latest OS to meet the software specifications. The magazine we were preparing treated climate migration as both a recurring topic and a heated issue, and the editor wanted language that would hold up under scrutiny. The cover featured a close-up face, chosen to pair human detail with a report on strained public services. For context, we pulled a bound journal series and a collected book of essays from the shelf.",mixed
16512,"The student lab posted minimum hardware specs for the design suite, and half the class realized their machines were underpowered. Someone passed around a printed periodical whose newest issue dissected a campus controversy in painful detail. In the same room, a photographer adjusted lighting to soften a subject’s jawline for a feature on mental health and social pressure. Later, we visited the library to pull old magazines and collected works for citations.",mixed
16512,"I ran diagnostics and noted every specification because the publisher blamed the crashes on my setup, not their software. While waiting for a response, I read a magazine that treated a local corruption story as the month’s defining issue. The photo spread lingered on faces, then pivoted into a broader piece on inequality and public trust. I ended the night with bound journals and collected essays open beside the laptop, trying to connect details across formats.",mixed
16512,"The tech desk asked me to list my OS version and GPU driver before they would troubleshoot the app. A stack of periodicals nearby carried stories about a brewing controversy, and the newest issue was already dog-eared. The photographer next to me edited a portrait, emphasizing tired eyes for a feature on homelessness and services under strain. Behind us, old magazines and collected volumes filled a cabinet like a quiet record of repeated problems.",mixed
16512,"I upgraded my storage and checked software compatibility so the publishing tools would stop freezing mid-export. The magazine’s editor described the next issue as a turning point, because the topic had become a public controversy they could not dodge. In layout review, we debated how a face on the cover would frame a story about unemployment and social support. After hours, I read bound journals and a collected anthology to see how earlier writers handled similar tensions.",mixed
16512,"A friend sent me a spec sheet for a new mini PC, and I compared it to the software requirements for my workflow. At the cafe, I flipped through a periodical that framed a messy dispute as the city’s biggest issue, complete with sharp quotes and rebuttals. A nearby table argued about a politician’s facial expressions while discussing broader social problems, and someone left printed pamphlets on the seat. Back home, I filed the magazine beside old issues and collected works on the same themes.",mixed
16512,"The printer rejected my file and asked what system specifications I was using, as if the machine could smell a mismatch. On the counter sat a glossy magazine whose latest issue was devoted to an ongoing controversy about public spending. The cover model’s cheekbones and stare looked deliberately severe for a story on inequality and trust, and the shop also sold printed zines on the topic. I carried home the print, then pulled bound journals and a collected essay volume to fact-check details.",mixed
16512,"I replaced a driver, updated the OS, and verified the hardware specs so the editing suite would stop throwing errors. The periodical I worked on was closing an issue centered on a public dispute, and every headline felt like it could ignite another argument. The art team scrutinized a portrait’s mouth and brows because the piece was about stigma and social policy. When the deadline passed, we shelved the new magazine next to old issues and collected anthologies for future reference.",mixed
16512,"Before the panel, I checked my laptop’s CPU, RAM, and software versions like a ritual. The conference handed out a magazine issue that framed the discussion as a pressing problem, with an editorial about a controversy that had escalated in recent weeks. One speaker highlighted how facial features are read differently across communities while linking the topic to larger social harms, then distributed printed reports. In the lobby bookstore, bound journals and collected works sat in neat stacks, waiting for the next curious reader.",mixed
16512,"The tech support form asked for every detail, from GPU model to operating system build, before it would accept my ticket. I filled it out while reading a weekly periodical whose newest issue was fueling a controversy across town. A photo essay inside focused on faces, pairing close-ups with reporting on poverty and strained public services in a way that felt uncomfortably intimate. When I got home, I stacked the magazine with older issues and collected volumes that traced the same problem over decades.",mixed
16512,"I tested the software on two machines to confirm the performance difference was tied to hardware specifications. The write-up was for a magazine issue that also tackled a public controversy, treating it as the defining topic of the month. The cover photo emphasized a subject’s eyes and jawline to match the story’s focus on inequality and policy failures, and printed inserts provided extra context. In my sources, I leaned on bound journals and a collected anthology to anchor the claims.",mixed
16512,"The studio demanded exact specs for the editing rig because the new software build was picky about drivers. On the table, a periodical lay open to a heated controversy, and the editor kept calling it the issue everyone would remember. We reviewed portraits, arguing over how a nose shadow and a tired smile would shape a story about homelessness and public response. When the meeting ended, I grabbed a stack of old magazines and a collected volume to see how earlier publications framed the same concern.",mixed
17724,"The email arrived with a stamped confirmation number and the room was officially held under her name. At check-in, the clerk pointed to the note that the reservation was guaranteed despite the late arrival. She kept the printed voucher folded in her wallet as proof. When the lobby filled up, she still had a place waiting upstairs.",single
17724,"He opened the portal and saw the final approval that guaranteed his spot in the program. The message spelled out the start date and the resources he could access on day one. He forwarded it to his manager so nobody could dispute the placement later. After weeks of uncertainty, the position was finally secured.",single
17724,"She trained for months and finally achieved the qualifying time on a cold Saturday morning. The stopwatch read what she had been chasing, and the coach nodded without hesitation. Later, she obtained the official certificate from the organizers. The goal that felt distant all spring was now in her hands.",single
17724,"After three interviews, he received the offer and obtained the role he wanted. The relief hit when he saw the salary details and the start date in writing. He achieved what he had promised himself after last year’s rejection. That evening he called his parents and let the news land slowly.",single
17724,"She pressed the two boards together and drove the screws until the heads sat flush. The frame stopped wobbling once the brackets were tightened. She gave the joint a hard shake to test it. Nothing moved, so she added the final bolt and wiped away the sawdust.",single
17724,"He looped the rope through the ring and pulled the knot down with steady force. The bundle stayed compact once the cord was cinched and tucked. He checked every tie point before lifting it onto the cart. Only when it held firm did he wheel it toward the van.",single
17724,"The bank required collateral and a documented plan to keep the business stable through the next quarter. Their advisor reviewed risk controls, cash reserves, and the insurance coverage in one long meeting. A security audit was scheduled to protect customer accounts and reduce fraud exposure. With those safeguards in place, the lender approved the terms.",single
17724,"At the clinic, the team focused on keeping patient records stable and protected during the system upgrade. New access rules were introduced so only authorized staff could reach sensitive files. The compliance officer walked through procedures meant to maintain security without slowing care. By the end of the week, the rollout was considered safe and controlled.",single
17724,"She clicked the final checkbox and the document status changed to finalized. The draft stopped accepting edits, and the version number locked. She saved a copy and closed the laptop so she would not second-guess any wording. The decision was now definite, not something to revisit tomorrow.",single
17724,"He swung the gate shut until it met the latch with a clean metal sound. The padlock snapped closed and the chain stopped rattling. He tested it twice to make sure the enclosure was truly sealed. Only then did he walk away, certain nothing could slip open overnight.",single
17724,"The landlord sent a confirmation that the apartment was held for her, and she immediately began gaining the documents needed for the lease. When she arrived, she fastened the nameplate to the mailbox and joined the keys to a ring so none would disappear. Her bank reviewed deposits and insurance details to keep finances stable during the move. Before leaving the office, she made the agreement definite by signing and closing the folder with the final copy inside.",mixed
17724,"A recruiter called to guarantee his place on the team, and he felt himself obtaining a long-awaited opportunity. In the workshop, he joined two cables with a tight connector and fastened them so they would not loosen during travel. The company’s security lead discussed budgets and controls that keep the business stable against fraud. By evening, the manager made the plan certain and closed the decision in writing.",mixed
17724,"The conference app showed a guaranteed seat in the sold-out session, and she was gaining access that others could not. She clipped her badge to the lanyard and fastened the clasp so it would not drop in the crowd. A panel on finance and healthcare security focused on maintaining stability during data breaches. After the last talk, she made the travel arrangements certain and closed the itinerary on her calendar.",mixed
17724,"Their supplier confirmed a reserved slot on the production line, which meant the team was finally obtaining capacity. On the floor, a technician joined the panels and fastened every hinge before the inspection. The CFO walked through controls designed to keep the business stable while costs fluctuated. With the paperwork signed, the deal became definite and the contract was closed for good.",mixed
17724,"The university guaranteed her position in the lab, and she started gaining access to equipment she had only read about. She fastened the protective shield to the bench and joined the sensor leads with a locking clip. A briefing on security and compliance covered how to maintain stability in research data and funding. She made the schedule certain by confirming dates and closing the registration page.",mixed
17724,"A text message arrived confirming their table was held, and he felt he had obtained the evening they needed. He joined the two halves of the stroller frame and fastened the latch before heading out. Over dinner, they discussed finances and the steps that keep their household stable through the winter. Later, he made the plan definite by agreeing on tomorrow’s time and closing the conversation with a handshake.",mixed
17724,"The airline guaranteed a seat on the earlier flight, and she was gaining a crucial connection. She fastened the carry-on straps and joined the zipper pulls with a small clip so they would not open. A company email about security training emphasized stability in business systems and customer accounts. At the gate, she made everything certain by scanning the pass and closing her phone.",mixed
17724,"The coach confirmed his spot on the roster, and he started obtaining the confidence that had been missing. In the locker room, he joined the broken buckle pieces and fastened the replacement until it held. A sponsor meeting covered financial planning and security measures to keep the program stable. After practice, the coach made the lineup certain and closed the discussion with the final list.",mixed
17724,"A letter guaranteed access to the storage unit, and she began gaining room for the move. She joined the boxes with plastic wrap and fastened the tape in long clean strips. The insurer explained how to maintain security and stability for valuables during transport and storage. When the padlock clicked, the arrangement felt definite, as if the day had been closed properly.",mixed
17724,"The office confirmed his assigned desk and guaranteed the badge would work on arrival, so he was obtaining a real foothold. He fastened the monitor mount and joined the cables into a sleeve to keep the station tidy. A briefing on business security focused on keeping systems stable as new hires onboarded. Before lunch, he made his start date certain and closed the onboarding checklist.",mixed
17855,"The photo album jumped from Rio to Reykjavik and then to Nairobi in a single page turn. Each caption tied the scene to a specific moment, like a festival night or a stormy landing. He traced the route with his finger and felt the scale of the world. The locations and events blended into a vivid travel map in his head.",single
17855,"She watched a documentary that moved across continents, stopping at ports, deserts, and mountain passes. The narrator placed each scene within a broader global event that shaped the following decade. When the credits rolled, she still pictured the crowded streets and distant skylines. It felt like she had toured half the planet from her sofa.",single
17855,"In game night, he chose a strategy that depended on thinking beyond local moves and reading the whole board. The conversation drifted into a history lesson about empires and trade routes that shaped classrooms everywhere. Someone brought a dish seasoned with spices they associated with different regions. By the end, the themes felt globally connected through play, learning, and food.",single
17855,"The teacher used a popular geography game to make students remember capitals and coastlines. Afterward, they switched to a short historical education segment about how ideas spread across borders. At home, she tried a recipe that showed up in many countries with slight twists. The mix of games, lessons, and culinary practices kept circling back to global connections.",single
17855,"The news ticker listed an earthquake, an election, and a summit in three different regions within minutes. He pulled up a map to see where each location sat relative to the others. The scale of what was happening made his morning coffee go cold. It was hard to ignore how global events travel quickly from place to place.",single
17855,"A museum wall displayed pins for major cities alongside plaques describing worldwide turning points. Visitors clustered around certain regions, then wandered to new locations as they read. The exhibit made global events feel immediate instead of distant. She left with a long list of places she wanted to understand better.",single
17855,"They stood quietly at the memorial and talked about the World Trade Center without raising their voices. The guide connected the site to broader global affairs that unfolded in the years after. As they walked away, the conversation widened to the world in general and how fragile routines can be. Even the city noise felt different after that.",single
17855,"During the debate, he referenced the World Trade Center as a symbol that still shapes how people talk about safety and politics. The class shifted to global affairs, comparing how different countries responded to the same pressures. Someone asked what the world in general learns when crises repeat. The room went still while they tried to answer.",single
17855,"She explained how the World Wide Web lets a single page connect to thousands of others through links. He tested it by jumping from a recipe blog to a research archive in seconds. They talked about browsers, domains, and how quickly information spreads online. The whole discussion stayed anchored in what happens on the web every day.",single
17855,"He complained that the World Wide Web felt slower when the router overheated. After rebooting, pages loaded instantly and the video call stopped stuttering. They compared search results and noticed how different sites point to each other. It turned into a long conversation about how the web is stitched together.",single
17855,"She opened a browser on the World Wide Web to read about global locations/events and bookmarked a timeline of major trips and disasters. Later, a friend suggested a board game that teaches globally related concepts through historical education, and they cooked a dish that borrowed flavors from several regions. The evening news mentioned global events or locations again, and the conversation drifted to global affairs. Before bed, he brought up the World Trade Center as a reference point that still shapes how the world in general talks about risk.",mixed
17855,"In the library, he used the World Wide Web to pull up maps of global events or locations for a class project. A teacher nearby described global locations/events from a different era, pointing at borders that no longer exist. At home, his sister played a game built around globally related concepts and quizzed him with bits of historical education while stirring a simmering sauce. When the World Trade Center came up in a podcast on global affairs, the topic suddenly felt heavier than homework.",mixed
17855,"They planned a trip by scanning the World Wide Web for flights and reading about global locations/events happening that month. On the plane, a kid played a strategy game that hinted at globally related concepts, and the in-flight channel offered historical education segments between movies. After landing, a headline about global events or locations scrolled across the airport screens. That night, the hostel common room turned quiet when someone mentioned the World Trade Center while discussing the world in general.",mixed
17855,"A chef streamed a lesson on the World Wide Web and explained how a familiar dish changes across regions, tying it to globally related concepts in culinary practices. While chopping, she talked about global locations/events that influenced ingredient routes and family traditions. Her partner pulled up a list of global events or locations for a trivia night game and read them aloud. The conversation shifted to global affairs and, briefly, the World Trade Center as a moment people still reference when talking about the world in general.",mixed
17855,"He used the World Wide Web to follow live updates about global events or locations, watching markers appear on an interactive map. His roommate studied historical education notes that connected those global locations/events to earlier conflicts. Later, they played an online game built around globally related concepts and argued over which regions mattered most. When a documentary segment mentioned the World Trade Center in the context of global affairs, the match paused without anyone saying why.",mixed
17855,"In class, the teacher projected the World Wide Web on the screen to show how quickly sources spread across countries. Students compared global locations/events from different decades and pinned global events or locations to a shared map. After school, they played a card game that sneaks in globally related concepts and ended up talking through historical education by accident. The day ended with a discussion of the World Trade Center and global affairs that made the world in general feel smaller.",mixed
17855,"She started with the World Wide Web, searching for global locations/events to match photos in an old scrapbook. Her brother joined in with a game that teaches globally related concepts and turned it into a quick round of historical education. A breaking alert highlighted global events or locations, and they watched the footage in silence. When the anchor referenced the World Trade Center while discussing global affairs, the room felt suddenly too quiet.",mixed
17855,"They hosted a dinner where each course was inspired by different regions, and the talk naturally shifted to globally related concepts in culinary practices. Between dishes, someone used the World Wide Web to pull up stories about global events or locations that shaped migration. Another guest shared memories from visiting global locations/events and compared them to what history classes emphasized in historical education. A late conversation touched on the World Trade Center and global affairs, then widened to the world in general as plates were cleared.",mixed
17855,"He clicked through the World Wide Web and fell into a rabbit hole of articles about global events or locations, one link leading to the next. A sidebar suggested a history course, and soon he was watching historical education videos about global locations/events that redefined borders. During a break, he played a world-spanning game that leans on globally related concepts and noticed how it borrowed from real conflicts. The last tab he closed was a piece mentioning the World Trade Center in a discussion of global affairs and the world in general.",mixed
17855,"On a rainy weekend, they used the World Wide Web to plan a virtual tour of landmarks and read about global locations/events. The tour guide paused on global events or locations that changed travel patterns, and the chat filled with questions from students doing historical education assignments. Afterward, they played a trivia game packed with globally related concepts and laughed at how often food and geography overlapped. The mood shifted when someone referenced the World Trade Center while talking about global affairs and the world in general.",mixed
22011,"The designer opened the content manager and swapped the homepage banner without touching the code. A new theme was installed, then the menu and footer links were rearranged in the visual editor. After publishing, the analytics panel showed which pages visitors actually read. A backup was scheduled before the next round of updates.",single
22011,"He spun up a staging site to test a plugin before pushing changes live. The hosting dashboard made it easy to add SSL and point the domain to the new server. In the editor, he adjusted headings, image alt text, and internal links to improve search visibility. When the page speed report flagged heavy scripts, he replaced them with lighter assets.",single
22011,"She built a portfolio with a template kit and customized it using a drag-and-drop builder. The media library organized photos into folders, and a form tool routed inquiries to the right inbox. She set roles so collaborators could write drafts but not publish. The version history let her undo a mistake in seconds.",single
22011,"They migrated the blog and watched the import tool map old categories to new ones. A sitemap generator updated automatically after each post went live. With a security scanner running, suspicious logins were blocked and reported. The team documented the workflow so anyone could add pages consistently.",single
22011,"After the final round, his name climbed two places on the leaderboard. He watched the points update and realized one more win would push him into the top bracket. A single mistake in the last match cost him the tiebreaker, and the ranking page made it painfully obvious. He queued again because the season reset was close.",single
22011,"She measured her progress by the rating number, not by how good she felt. Each victory added a small bump, while one loss erased a week of work. The competitive ladder forced her to face stronger opponents as she improved. When she finally hit her target tier, she stopped playing for the night.",single
22011,"Their team tracked performance across a series of tournaments and compared results to rivals. Consistent finishes mattered more than one spectacular day because the standings rewarded stability. They reviewed stats, fixed weak routines, and aimed to move up before qualifiers ended. The higher their position, the tougher the next field became.",single
22011,"He cared about being ahead of the people he practiced with, even if nobody said it out loud. The chart showed who was rising and who was slipping, and it changed how they talked after games. A close result still counted, but the ranking only remembered the final score. He set a personal goal to stay in the top group all month.",single
22011,"The whistle started the match and the crowd immediately picked a side. Their opponent pressed hard, forcing rushed touches and quick clearances. At halftime, the score was level and both teams looked tense. A late strike decided it, and the handshake line felt colder than usual.",single
22011,"They met again in the cup, and the rivalry brought out a sharper edge in every challenge. The other side defended deep and waited for a counter, so patience became the main weapon. One set piece swung momentum and the stadium roared. When it ended, both squads looked exhausted but satisfied.",single
22011,"The coach reminded them that an opponent is easiest to beat when you stay disciplined. The game plan was simple: win duels, keep shape, and punish mistakes. The contest stayed tight until a sudden break created a clear chance. They finished it cleanly and held on under pressure.",single
22011,"She played the away fixture with noise in her ears and defenders at her heels. The opposing team targeted her early, hoping to disrupt rhythm. She absorbed the contact, kept the ball moving, and waited for the right opening. When the final whistle came, the result felt earned rather than lucky.",single
22011,"He started at right back and was told to stay narrow when the ball was on the far side. When the winger received it, he stepped out to slow the attack and forced the pass inside. A midfielder dropped to cover, allowing him to press higher on the next sequence. The shift in positioning turned a dangerous moment into a turnover.",single
22011,"The captain kept pointing, pulling the line up and telling the nearest player to close down. In transition, the striker drifted into the channel to drag a marker away. A third-man run arrived late at the top of the box, perfectly timed. The move worked because every action matched the role each player held.",single
22011,"They switched to a higher press and the front two coordinated their angles to block the easy outlet. The ball carrier hesitated, so the nearest midfielder jumped to intercept. A quick pass followed, then a diagonal run split the back line. The sequence looked effortless, but it was built from precise choices on the field.",single
22011,"In the final minutes, the team defended a narrow lead by compacting the space between lines. The winger tracked back, the fullback stayed connected, and the center backs held their positions. When the ball broke loose, a single touch pushed it into a safer area. The decision-making was as important as the tackles.",single
22011,"The box arrived with length, width, and height printed clearly on the label. He grabbed a tape measure anyway to confirm it would fit under the shelf. The difference between 38 and 40 centimeters mattered more than he expected. When it slid into place perfectly, he finally relaxed.",single
22011,"She compared two tables by reading the dimensions, not the pictures. One was slightly deeper, which meant the chair would no longer tuck in fully. The product page listed thickness and clearance, so she sketched a quick plan on paper. The right measurements saved her from an expensive return.",single
22011,"The carpenter marked the board and cut it to an exact length, checking twice before the final pass. A small error in angle would throw off the entire frame, so he used a square and level. When the pieces met, the joints sat flush without force. Good work showed up in millimeters, not in talk.",single
22011,"He packed the suitcase by thinking in proportions and space. The carry-on limit was strict, and the airline would measure it at the gate. He chose a smaller toiletry kit to keep the profile within bounds. The trip started smoothly because the dimensions were right.",single
22011,"After practice, the coach asked the assistant to update the club site with the result and a short recap. She logged into the dashboard, uploaded photos, and scheduled the post for the evening rush. The players checked the standings to see how the win affected their ranking, then replayed the key moments where their positions and runs created the chance. In the shop section, new jerseys went live with chest measurements and sleeve lengths so supporters could pick the right size.",mixed
22011,"He built a simple page for the weekend tournament, complete with brackets and a live leaderboard widget. When the first match kicked off, the opponents traded attacks and forced quick saves. Later, he wrote about how the midfield rotation and defensive shape controlled the second half. The merch table asked for exact hoodie dimensions, so he added a sizing chart before publishing.",mixed
22011,"The team manager used a website builder to post the schedule, maps, and registration form. During the main game, the opponent targeted the left side, so the fullback adjusted positioning and shut down the lane. The win nudged them up the rankings, and everyone refreshed the table to confirm it. Afterward, a new order of training cones arrived, labeled by diameter and height for the equipment room.",mixed
22011,"She maintained the club’s site and spent the morning fixing broken links and updating the roster page. By afternoon, they faced a stubborn opponent and the match turned into a tense battle for small advantages. A tactical switch moved the winger inside, opening space for overlapping runs that changed the flow. When she posted the highlight clip, she also updated the store listings with inseam lengths and waist measurements.",mixed
22011,"They launched a new landing page for season tickets and tested it on multiple browsers before going live. That night’s game was against a direct rival, and the pressure felt higher than usual. The coach emphasized positioning, telling the midfielders when to step and when to hold. After the final score, the updated rankings spread through group chats, and the ticket page listed seat section dimensions for the premium boxes.",mixed
22011,"The volunteer posted a match report through the content editor and tagged it with the correct category. On the pitch, the opponent pressed aggressively, forcing quick decisions under pressure. A smart run from the striker and a well-timed pass from midfield created the winning moment. Fans ordering scarves asked about length and width, so the product description was updated with precise numbers.",mixed
22011,"He used the hosting panel to roll back a faulty update after the site briefly went down. At the same time, the team was in a tight contest against an opponent that refused to sit back. Players kept adjusting their positions, calling out marks and tracking runners to protect the middle. When the result posted, the rankings shifted, and the equipment order was checked against exact bag dimensions to fit the storage rack.",mixed
22011,"The club’s webmaster added a gallery and embedded a form for away-trip signups. The match itself was scrappy, with the opponent challenging every touch and turning it into a contest of will. A disciplined back line held shape, and coordinated pressing actions created a turnover for the decisive goal. Later, she wrote up the updated ranking points and confirmed the bus luggage limits by measuring suitcase dimensions.",mixed
22011,"They designed a clean page for the league table and made sure it loaded quickly on phones. In the derby, the opponent took an early lead, so the team reorganized and tightened spacing between lines. The equalizer came from a planned movement, with a runner arriving from deep as the forward drifted wide. After the game, the club store posted exact glove sizes and palm measurements for winter sales.",mixed
22011,"A new plugin added event listings, so he posted the match time and a preview in minutes. The opponent played a high line, and their defenders had to judge positioning carefully to avoid being caught by long balls. The contest ended with a narrow win, and the ranking update felt like a small reward for the effort. Before shipping prizes, he checked package dimensions against courier limits and adjusted the boxes.",mixed
22011,"She updated the site’s banner to promote the next fixture and set the page to publish automatically. The opponent arrived with a strong record, so the atmosphere carried extra tension. Players followed roles closely, switching marks and making runs that pulled the defense apart. When the standings changed after full time, she also corrected the product listings to include exact frame measurements for the new posters.",mixed
22011,"The team’s social lead wrote a recap in the editor and embedded a video without breaking the layout. On the field, the opponent tried to overload one side, but the midfield shifted and blocked the passing angles. A late counter worked because the striker timed the run and the winger chose the right action at the right moment. Fans buying a commemorative print could choose between sizes, each with listed width and height.",mixed
22011,"He rebuilt the navigation menu so visitors could find the schedule and results faster. During the match, the opponent kept switching play, demanding constant communication and smart positioning. The win pushed them above a rival in the rankings, and the locker room celebrated the new spot. In the equipment closet, he measured the new storage bins to ensure the dimensions matched the shelving.",mixed
22011,"They set up a simple website for the league and gave each team a page for stats and news. In their next sports competition, the opponent played physical and slowed the tempo. The coach highlighted how the back four held their positions and how the midfield pressed in sync to regain control. Afterward, the store page was updated with exact sock sizes and calf measurements.",mixed
22011,"The administrator added a password-protected section to share tactics documents and training plans. On game day, the opponent’s early chances forced quick adjustments, and players shifted positions to close gaps. The final score improved their ranking, and the table reflected it within minutes. A shipment of commemorative medals came with diameter specifications, which he recorded for display cases.",mixed
22011,"She refined the website layout so the match report would read well on mobile screens. The opponent defended deep, so the team relied on movement, with players rotating positions and timing runs into the box. When the winning goal arrived, it felt like the product of patience rather than chaos. The post ended with a store note listing the exact dimensions of the limited-edition flag.",mixed
22011,"He configured a form tool to collect RSVPs and send automatic confirmation emails. The sports competition that followed was tight, with the opponent matching intensity and refusing to give space. Players stayed organized, calling out positions and choosing actions that kept the shape intact. After the ranking points were added, he packaged trophies and checked height and base width to avoid damage.",mixed
22011,"They used a template to rebuild the club site and added a section for standings and upcoming fixtures. Facing a fast opponent, the coach demanded disciplined positioning and quick recovery runs. The match ended in a win, improving their competitive ranking and changing the mood instantly. In the same update, they posted a sizing guide with measurements for shirts and jackets.",mixed
22011,"A small team maintained the website and kept resources organized in a shared media folder. On the pitch, the opponent forced a tough fight, but coordinated pressing actions created the key mistake. The result shifted their place in the rankings, and everyone noticed the jump right away. Later, they labeled new training hurdles by height and spacing to keep setup consistent.",mixed
22011,"He fixed the site’s broken stylesheet and then posted a preview for the big match. The opponent arrived unbeaten, and the contest felt like a test of nerve. Players adjusted positions constantly, tracking runners and choosing when to step out or hold the line. After the final whistle, the ranking table updated, and the club store added exact dimensions for the new duffel bag.",mixed
24156,"The little coastal town felt welcoming the moment the train doors opened. Cafés spilled onto the sidewalk, and strangers gave directions without being asked. In the evening, the harbor lights reflected softly on the water and made everything look calmer. She left thinking it was the kind of place you return to.",single
24156,"He booked the cabin because the photos promised quiet and it delivered. The lake was clear, the trails were easy to follow, and the air felt clean after the city. Each day ended with simple food and a slow sunset that never seemed to hurry. By the time he left, the trip felt like a reset.",single
24156,"They chose the island for a short break and immediately noticed how effortless it was to relax there. The beach was close, the streets were easy to walk, and nothing demanded urgency. Even the small museum felt like a pleasant surprise rather than an obligation. When the ferry pulled away, nobody wanted to check their phone again.",single
24156,"She described the resort as easy to love because everything worked without fuss. The staff remembered names, the pool stayed warm, and the morning pastries were always fresh. A short path led to a quiet viewpoint that made the day feel longer in the best way. The whole stay carried the sense that rest was the default.",single
24156,"The arena buzzed long before the first note, and the crowd never stopped moving. People jostled for space, shouted lyrics, and argued about who had the best spot. Heat rose in waves, and the energy stayed sharp instead of fading. When the lights finally dropped, the room erupted like it had been waiting all day.",single
24156,"The street market was packed so tightly that walking became a slow shuffle. Vendors called out prices, scooters squeezed through gaps, and every corner felt like a contest for attention. The noise bounced off the buildings and turned into a constant roar. He left with a full bag and the strange feeling of having survived something.",single
24156,"The match day neighborhood was loud from noon, with chants echoing between bars and buses. Every conversation seemed to be about who would win and how hard it would be. Lines formed, tempers flared, and the pace stayed relentless. Even after it ended, the intensity lingered in the streets.",single
24156,"The conference hall ran at full speed from the first session to the last. People rushed between rooms, compared notes, and tried to outpace the schedule. Debates turned competitive, and questions came fast and pointed. By the end, his head was tired in the same way his legs felt after a sprint.",single
24156,"The old library had a steady, quiet dignity that made voices drop automatically. Sunlight fell through tall windows and landed in neat rectangles on the floor. The place felt unchanged by decades, like time behaved differently inside. He stayed longer than planned because the mood encouraged patience.",single
24156,"The festival weekend gave the town a different personality than the rest of the year. Streets closed, stages appeared, and the ordinary routines vanished behind crowds and music. Even the sky seemed to cooperate, bright and clear through the afternoon. She remembered it as a time when everything felt slightly amplified.",single
24156,"The hotel lobby was modern but not cold, with warm lighting and soft corners. Check-in was quick, and the hallway carpets muffled footsteps. At night, the building felt calm despite being in the center of everything. It was the kind of place that made travel feel simpler.",single
24156,"The winter morning gave the park a stillness that summer never had. Frost clung to the grass, and the lake looked like a sheet of glass. Breath hung in the air for a moment before disappearing. He walked slowly, letting the hour do what it wanted.",single
24156,"The room smelled faintly of cedar and something sweet from the candle on the table. When she sat down, the chair fabric felt rough under her fingertips in a familiar way. Outside, rain tapped the window in uneven rhythms that kept changing. She closed her eyes and listened until the sounds blurred together.",single
24156,"Hot air rose from the kitchen and carried the scent of garlic into the hallway. The floor tiles were cool against his bare feet, and the refrigerator hummed steadily. Somewhere in the building, a door clicked shut and echoed briefly. He poured a glass of water and tasted the sharp chill.",single
24156,"The morning fog beaded on his jacket and left tiny cold spots along the sleeves. Wet leaves stuck to the soles of his shoes, making each step slightly heavier. A distant dog barked, then silence returned in a thick layer. He brushed past a hedge and felt droplets scatter onto his hands.",single
24156,"The subway platform vibrated as the train approached, and the air shifted before the doors opened. Metal screeched, announcements crackled, and a warm draft rushed out. The smell of rubber and brake dust mixed with perfume and coffee. She stepped in and gripped the pole, feeling the faint tremor in it.",single
24156,"The café was cozy enough that strangers didn’t feel like strangers for long. He sank into the corner seat and noticed how the warm light made the rainy street look softer. The chatter stayed gentle, like everyone had agreed to keep the world outside. When he left, the place still felt friendly behind him.",single
24156,"The hallway looked sterile at first, but the low lamps made it oddly soothing. Her footsteps barely made a sound, and the quiet felt intentional rather than empty. The whole building carried a calm, controlled atmosphere. Even bad news would have sounded quieter there.",single
24156,"The bar was lively without being chaotic, and laughter kept bubbling up from every table. Music stayed at the perfect volume for talking, so nobody had to shout. It felt upbeat, like the night wanted to last. He ordered another drink because leaving seemed unnecessary.",single
24156,"The abandoned house had a gloomy, uneasy presence that made him slow down. Shadows pooled in the corners, and every creak sounded louder than it should. The air felt heavy, as if the building remembered too much. He walked back outside and felt relieved by ordinary daylight.",single
24156,"The hotel lounge felt elegant in a quiet, effortless way. Soft chairs, muted colors, and steady service made the space feel polished. Even the conversations sounded calmer there. She could have stayed for hours without needing a reason.",single
24156,"They drove into the seaside town and immediately noticed how pleasant everything looked for a weekend away. The streets were bright and inviting, with small shops that made it easy to wander. At the same time, the central square was lively and intense, packed with performers and people pushing for a view. Salt air, street food, and live music blended into a sensory blur, and the whole place felt cheerful and electric at once. By sunset, the weekend had its own distinct character, turning the town into something warmer than it probably was on a normal day.",mixed
24156,"The mountain village was a good place to slow down, with clean trails and friendly cafés. That afternoon, a downhill race brought a high-energy crowd that made the main road feel like a boiling stream of bodies. The air smelled of pine and hot chocolate, and skis scraped loudly on the snow near the lifts. Even the cold hour before dusk carried a crisp, special quality that changed the mood. The atmosphere stayed bright and spirited long after the winners were announced.",mixed
24156,"He arrived at the old city during a holiday week, and the setting felt charming for a short escape. In the central plaza, a heated street tournament drew loud cheers and a competitive edge from everyone watching. Bells rang from a nearby tower while smoke from roasted chestnuts drifted between stalls. The night itself felt different from ordinary evenings, as if the calendar had flipped the town into festival mode. The overall ambiance was festive and slightly wild, the kind that keeps you walking even when you’re tired.",mixed
24156,"The lakeside resort looked like an easy place to rest, with wide porches and slow mornings. By noon, a busy regatta turned the shoreline into a high-activity scene full of rival crews and shouting spectators. Water slapped against docks, sunscreen mixed with diesel in the air, and flags snapped sharply in the wind. The day had a clear identity, sunny and purposeful, built around the race schedule. The vibe stayed upbeat and charged, even for people who never touched a boat.",mixed
24156,"They chose the desert town because it promised a pleasant weekend and clear skies. A crowded night festival made the center feel intense, with drummers competing for attention and crowds surging toward the loudest corner. Warm dust coated their shoes, grilled meat scented the air, and fireworks rattled the windows. The evening had its own quality, louder and brighter than the quiet afternoons they expected. Somehow the atmosphere felt both welcoming and relentless, like the town was daring them to keep up.",mixed
24156,"The coastal promenade was lovely in the morning, calm enough for coffee and a long walk. Later, a packed beach volleyball event made the sand feel highly competitive, with cheering, whistles, and constant motion. The sun reflected off the water so brightly it hurt, and the sound of waves never stopped underneath the crowd noise. The whole afternoon carried a summer quality that made hours pass too quickly. By night, the place felt playful and warm, the kind of ambiance that makes strangers talk.",mixed
24156,"The historic district had a positive charm that made them slow their pace and look up at balconies. Around the corner, a crowded street parade turned everything into a high-intensity rush of drums, chanting, and people squeezing through narrow lanes. The smell of incense and sweat hung in the air while confetti stuck to damp skin. That particular hour felt unique, like the city had switched into a different mode for a brief window. The vibe was jubilant and rowdy, but still somehow affectionate.",mixed
24156,"He picked the river town because it seemed like a pleasant place to spend two days. A regional finals event filled the bars and streets with high activity and competitive chatter. Cold air tasted metallic near the water, and the bridge thrummed with footsteps as fans crossed back and forth. The weekend itself had a clear quality, focused and celebratory, shaped by the game schedule. The atmosphere stayed lively and proud, even after the last whistle ended the arguments.",mixed
24156,"The countryside inn felt like a good hideaway, peaceful and friendly from the first greeting. That evening, an auction in the main hall became strangely intense, with bidders treating every raise like a challenge. Old wood creaked under shifting chairs, and the room smelled of wax and strong tea. The night had a particular quality, half tradition and half spectacle, as if the building knew the routine. The mood stayed cozy but charged, a comforting tension that kept everyone awake.",mixed
24156,"They visited the city for a leisure trip and found the waterfront surprisingly pleasant. A packed food fair nearby ran at full speed, with vendors competing loudly and crowds pressing forward in waves. Spices stung their noses, music vibrated through the pavement, and the heat from grills followed them down the row. The afternoon had a distinct character, busy and bright, made for wandering without a plan. The ambiance felt festive and slightly chaotic, the kind that leaves you smiling and tired.",mixed
24156,"The island harbor was a positive place to arrive, with calm water and easy smiles at the docks. By night, a crowded dance party pushed the energy into something intense, with people moving shoulder to shoulder and trying to outdo each other on the floor. Bass thumped in the chest, salt air mixed with perfume, and laughter kept breaking over the music. The evening had its own quality, like summer concentrated into a few hours. The overall feel stayed playful and electric, impossible to ignore.",mixed
24156,"He checked into the small hotel because the neighborhood felt pleasant and walkable. Outside, a busy street race made the area highly active, and the competitiveness showed in every shouted split time. Rubber smelled sharp near the starting line, and the crowd’s noise rose and fell like surf. The morning had a crisp, purposeful quality that made even bystanders stand straighter. The atmosphere was energized and focused, as if the whole district had a single heartbeat.",mixed
24156,"They went to the spa town for an easy break, expecting quiet and comfort. Instead, a packed chess open filled the lobby with intense concentration and competitive whispers. Coffee and paper scents mixed with the faint chlorine from the pool, and clocks clicked in fast, nervous bursts. The day had a distinctive quality, slow in the halls but sharp at the tables. The mood felt calm yet tense, a strange ambiance that made even casual conversations softer.",mixed
24156,"The old port city felt pleasant for wandering, especially along the stone quay. A crowded rowing challenge turned the riverfront intense, with rivals shouting instructions and spectators leaning over rails. Water splashed against pilings, wet rope smelled sour, and gulls screamed over the commotion. The late afternoon had a special quality, gray and dramatic, matching the pace of the race. The vibe ended up spirited and gritty, like the city was showing its tougher side.",mixed
24156,"She chose the forest lodge for leisure, and the setting felt positive the moment she stepped inside. That night, a packed trivia tournament made the dining room highly active, with teams treating every question like a contest. The fireplace crackled, mugs clinked, and the air smelled of smoke and cinnamon. The evening had a clear identity, cozy but competitive, shaped by the rounds and scores. The ambiance stayed warm and animated, like a friendly storm indoors.",mixed
24156,"They arrived during a cultural week, and the town felt pleasant despite the crowds. A busy debate event in the theater turned the atmosphere intense, with speakers trying to outshine each other and the audience reacting instantly. Velvet seats felt rough, voices echoed off the ceiling, and the lobby smelled of damp coats. The night had its own quality, formal and excited, as if everyone was dressed for importance. The mood remained vibrant and theatrical, even on the walk back to the hotel.",mixed
24156,"The seaside cliff path was a positive surprise, gentle enough for a slow afternoon. In town, a crowded surf competition made the beach highly active, with riders chasing every wave like it was a personal duel. Salt spray hit their lips, wet sand stuck to ankles, and whistles cut through the wind. The day carried a bright quality that made the horizon look closer than usual. The vibe was sunny and competitive, a lively atmosphere that pulled everyone toward the water.",mixed
24156,"He visited the capital for a leisure weekend and found a pleasant corner near the park. A packed street basketball run made the square intense, with players arguing calls and spectators cheering each move. The air smelled of rain on asphalt, sneakers squeaked sharply, and a nearby food cart hissed with steam. The evening had a distinct quality, restless and social, like the city refused to slow down. The mood felt energetic and urban, a gritty kind of ambiance that suited the lights.",mixed
24156,"The village square looked pleasant at first, with soft lamps and quiet benches. A crowded firework competition drew people in close, and the intensity rose as each team tried to outdo the last display. Smoke drifted into throats, sparks popped overhead, and the ground vibrated with each burst. The hour had a particular quality, suspended between celebration and chaos. The ambiance stayed festive and slightly eerie, bright noise against a dark sky.",mixed
25929,"The tenant called a locksmith after the front door jammed in the rain. A van arrived with new cylinders and a small toolkit, and the old lock was swapped out on the spot. The invoice listed the call-out fee and the replacement parts in plain terms. Before leaving, the technician tested the latch twice and handed over two new keys.",single
25929,"A guttering company came by to clear the downspouts before winter. They set up a ladder, scooped out wet leaves, and flushed the line with a hose until the water ran clean. The crew pointed out one loose bracket and tightened it without making a fuss. By afternoon, the roof edge looked neat again and the splash marks were gone.",single
25929,"We booked a deep-clean for the apartment before the move-out inspection. The cleaners wiped skirting boards, scrubbed the oven glass, and polished the bathroom taps until they shone. They left the windows streak-free, which made the rooms feel brighter than they had in months. The letting agent walked through later and signed off without raising issues.",single
25929,"The property manager arranged a routine fire-safety check for the building. An inspector tested the alarms in each hallway and logged the readings on a tablet. A faulty detector was replaced immediately, and the disposal slip was added to the report. The updated certificate was emailed that evening to everyone on the lease.",single
25929,"The jacket feels light on the shoulders, but it blocks wind better than expected. The zipper runs smoothly and never snags the lining when you pull it up. Even after a long walk, the fabric stays quiet and doesn’t rustle loudly. The overall look is clean and understated, which makes it easy to wear anywhere.",single
25929,"Her voice stayed calm when the meeting got tense, and it steadied the room. She listened without interrupting and answered questions with a direct, patient tone. Small details never slipped past her, even when the discussion moved fast. By the end, everyone trusted her judgment more than before.",single
25929,"The coffee tastes bright and sharp, with a crisp finish that lingers. It smells fresh the moment the mug hits the table, and the aroma fills the kitchen. The texture is smooth, not watery, and it holds warmth well. After the last sip, the mouthfeel stays clean rather than heavy.",single
25929,"That old bridge has a quiet elegance when the fog rolls in. The lines are simple, yet the shape feels confident from every angle. At night, the lights give it a gentle glow without looking flashy. Even with traffic passing, it carries a sense of steadiness and grace.",single
25929,"The antique watch belongs to my grandfather, and his initials are etched inside the case. A local jeweler confirmed the movement is Swiss and the dial is original. The leather strap was replaced years later, but the hands and gears are still the first set. When I wind it, the ticking feels like a small piece of family history.",single
25929,"This sauce comes from a recipe my neighbor learned in Naples. The base is tomatoes, garlic, and olive oil, simmered until the edges turn sweet. A pinch of oregano goes in near the end, and the chili flakes are added last. The result tastes like it was built from simple parts that fit together perfectly.",single
25929,"The laptop was assembled from a new battery, a refurbished motherboard, and a second-hand screen. The technician said the overheating came from a cracked heat pipe, so that component was swapped out first. Afterward, the fan curve was adjusted to match the new hardware. It now runs smoothly, even under heavy loads.",single
25929,"A familiar melody appears in the track, sourced from a 1970s soul recording. The producer kept the original vocal texture but layered it under a modern drum pattern. You can hear the sample’s grain in the background, like a fingerprint of where it came from. That borrowed fragment ties the new song to its earlier roots.",single
25929,"I signed up for the local running club and got added to the weekly email thread. On the first night, the captain introduced me to the group and paired me with someone my pace. After a few sessions, my name showed up on the roster for the weekend relay. The sense of being included made it easier to keep showing up.",single
25929,"She was elected onto the neighborhood committee after years of volunteering. With that role, she gained access to the shared documents and the monthly planning calls. People started asking her to vote on decisions rather than just give input. The new responsibility made her feel like a real member of the team.",single
25929,"At the gym, the membership card finally worked after the front desk updated my account. I was given access to the members-only training room and the early-morning classes. The trainer greeted me by name and pointed out the lockers reserved for regulars. Walking in felt different once I officially belonged there.",single
25929,"The choir added two new voices this season, and I was one of them. During rehearsal, the director handed me a folder and assigned my spot in the line. I learned the warm-up routine and the small cues everyone already knew. By the concert, I felt like part of the ensemble rather than a guest.",single
25929,"Only some of the tickets were released online, so the queue moved fast at first. A handful of seats remained near the front, but most of the good spots disappeared quickly. I managed to grab one of the last pairs before the page refreshed. The rest of the evening was spent watching the confirmation email like it might vanish.",single
25929,"Half of the water spilled when the bottle tipped in the bag. A few drops soaked the notebook, while most of the mess pooled at the bottom. I saved the pages by blotting them with a towel and letting them air out. By morning, part of the ink had faded, but the notes were still readable.",single
25929,"Three of the cookies cracked as they cooled on the rack. The others held their shape, but a couple edges crumbled when I lifted them. I kept the broken ones for tasting and packed the intact batch for the trip. Later, only a small piece of each was left on the plate.",single
25929,"A slice of sunlight reached the floor through the blinds, while the rest of the room stayed dim. Most of the dust floated in that bright strip, turning slowly as if underwater. I opened the window a little, and some of the air warmed immediately. The quiet felt like a portion of the day set aside for nothing.",single
25929,"The condo association hired a property maintenance service to repaint the stairwell after scuffed move-ins. Members of the board argued about the finish, praising a matte look for its calm quality but worrying it would show marks. The contractor said the paint was made from a low-odor binder and a tougher resin component, sourced from a local supplier. Only some of the floors would be done this week, with the rest scheduled after the holidays.",mixed
25929,"During the rental turnover, a locksmith and a plumber arrived back-to-back to get the unit ready for the next tenant. The manager kept complimenting the new fixtures for their sturdy feel and neat design. Replacement valves came from the building’s original parts catalog, and the faucet head was a compatible component from the same line. A few of the neighbors who are members of the residents’ committee stopped by, and only part of them agreed on the final checklist.",mixed
25929,"Our housing cooperative booked a roof inspection and shared the report in the members’ chat. The inspector described the shingles as durable but noted a brittle quality near the venting points. The damage traced back to flashing sourced from a cheaper batch, and one corroded bracket was identified as the failing component. Some of the apartments will get temporary tarps today while the rest wait for a full repair slot.",mixed
25929,"At the community center, the property management service set up a table to explain the new lease support program. A long-time member of the tenants’ union asked pointed questions about the service’s reliability and responsiveness. The representative showed where the funding comes from and which components of the plan are paid by municipal grants. Only a portion of the attendees signed up on the spot, while the rest took the brochures home.",mixed
25929,"The real estate agent scheduled a viewing and brought along a stager to adjust the rooms before buyers arrived. Everyone commented on the apartment’s bright quality, especially the way the hallway felt open. The kitchen’s countertop was cut from stone sourced in northern Italy, and the sink assembly is a component that matches the original brand. A member of the building’s owners’ group reminded us that only some of the shared storage is included in the sale.",mixed
25929,"After a burst pipe, the emergency repair service shut off the water and started drying the floors. The supervisor praised the dehumidifiers for their quiet quality, which kept the residents calmer overnight. Replacement fittings came from the building’s supply cabinet, and one damaged connector was replaced as the missing component. The tenants’ association members agreed to cover part of the cost, but only a few of them wanted to raise fees.",mixed
25929,"The homeowners’ association contracted a landscaping service to handle winter pruning around the property. A committee member insisted the shrubs should keep a tidy quality without looking over-trimmed. The gardener explained the mulch comes from chipped local branches and that the soil mix includes a compost component from the city program. Some of the courtyards will be finished first, and the rest will be done once the truck returns.",mixed
25929,"In the apartment lobby, a cleaning service polished the tiles before the annual inspection. The manager liked the glossy quality at first, then worried it looked slippery under the lights. The detergent was sourced from an industrial supplier, and the wax component was chosen to meet the building’s safety spec. Only some of the residents showed up to the meeting, even though every member of the association was invited.",mixed
25929,"A chimney sweep visited the townhouse and logged the work for the insurance file. The sweep commented on the flue’s condition and the solid quality of the masonry, then pointed out one loose cap. The replacement piece came from the original manufacturer, and the sealant component was added to prevent leaks. A few of the neighborhood group’s members watched the process, and only part of them asked for quotes.",mixed
25929,"The short-term rental host paid for a pest-control service after guests reported noise in the walls. The technician explained the traps have a humane quality compared with the old models. The bait is sourced from a regulated vendor, and the sensor unit is the key component that triggers the alert system. Some of the rooms were cleared for treatment, while the rest stayed open for the next booking.",mixed
25929,"A property appraisal required a certified inspector to check the heating system and note any needed repairs. The report highlighted the boiler’s efficient quality but flagged a rattling sound from one side. The issue came from a worn pump sourced from a discontinued line, and a gasket component had to be ordered separately. Only a few of the co-op members attended the debrief, so the minutes covered the rest.",mixed
25929,"The landlord arranged a window-repair service after a storm cracked the outer pane. The glazier admired the frame’s sturdy quality and said it was worth saving rather than replacing. The glass was sourced through the insurer’s partner network, and the spacer component matched the existing double-glaze unit. Some of the tenants waited inside, while the rest stood with a member of the building committee to ask about timelines.",mixed
25929,"At the monthly board meeting, the property management service presented options for new hallway lighting. Members cared about the warm quality of the bulbs and whether the fixtures looked cheap. The electrician said the drivers are sourced from the same factory as the current units, and each lamp includes a heat-sink component to prevent failures. Only some of the corridors will be retrofitted this quarter, with the rest pushed to next year.",mixed
25929,"A moving company scratched the stair rail, so the building ordered a carpentry service to sand and refinish it. The carpenter talked about the smooth quality you get when the final coat cures properly. The varnish comes from a marine supplier, and the brush set is the main component that determines the texture. A few members of the residents’ group offered to help, but only part of the volunteers actually showed up.",mixed
25929,"For the new apartment listing, the agent hired a photographer and a minor repair service on the same morning. The photos emphasized the home’s airy quality, especially the way the light played on the walls. The cabinet handles are a component from the original hardware set, and the flooring was sourced from reclaimed oak. Some of the amenities belong to the building rather than the unit, which the owners’ association members kept repeating.",mixed
25929,"A drainage company inspected the property after water pooled near the basement door. The technician praised the gravel’s filtering quality and then traced the blockage to a collapsed pipe section. The replacement tube was sourced from the supplier down the road, and the coupling component had to be the exact diameter. Only a portion of the yard needed digging, while the rest remained untouched to keep access open for residents’ group members.",mixed
25929,"The apartment complex arranged a security service to upgrade entry codes and check camera angles. Residents liked the safer quality of the new system but complained about the louder buzzer. The cameras were sourced as a bundle, and the recorder component was installed in a locked cabinet. Some of the building’s association members volunteered to test it, and the rest waited for the final notice.",mixed
25929,"A heating contractor offered a seasonal tune-up service for the row houses on the street. The technician described the system as reliable in quality when filters are changed on time. The replacement filters come from the manufacturer’s stock, and the thermostat module is the component most likely to fail first. Only some of the homeowners joined the neighborhood group, so part of the street got the discount and the rest paid full price.",mixed
25929,"Before the open house, a handyman service patched small holes and fixed a sticky door. Buyers praised the place for its well-kept quality and the quiet feel of the rooms. The door hinge came from the original hardware set, and a new latch component was installed to stop the scrape. A member of the owners’ committee noted that only some of the storage cages transfer with the apartment.",mixed
25929,"The landlord’s maintenance service replaced a broken smoke alarm and updated the compliance log. The new device had a sharper alert quality, which surprised everyone during the test. The unit was sourced through the approved vendor list, and the mounting plate component fit the existing holes perfectly. Some of the tenants’ association members asked for the same upgrade, while the rest just wanted the work finished quickly.",mixed
26939,"Patch 1.0.7 fixed the crash that occurred after pressing F2 on the load screen. The notes used short labels like CPU, GPU, and UI, with colons and parentheses to clarify each change. In the same update, matchmaking timers dropped from 90s to 45s, which players noticed immediately. A brief headline later summarized it as a quiet but important stability win.",single
26939,"The motherboard manual warns: do not connect the 12V header while the switch is on. It references ports like JUSB1 and SYS_FAN2, and it uses arrows, dashes, and commas to keep steps compact. A small table shows 3.3V, 5V, and 12V ranges next to each pin. Even the troubleshooting section reads like a news ticker, with clipped phrases and tidy punctuation.",single
26939,"In last night’s esports recap, the scoreline read 2–1 and the crowd count was listed as 18,402. The article jumped between player tags, team acronyms, and quick side notes in brackets. A single semicolon separated the turning point from the final result, which made it feel brisk. By the end, the whole piece looked like it was written to fit on one phone screen.",single
26939,"The console displayed an error code, E105, right after the firmware update to v3.2. The support page used abbreviations and short clauses joined by and or but to keep the instructions moving. A line with slashes and commas explained what to reboot, what to unplug, and what to leave alone. After I followed it, the next boot prompt showed OK.",single
26939,"The label on the skin gel mentions salicylic acid and niacinamide in small print. It warns that irritation may occur if the concentration is too high for daily use. A separate insert describes the formula as non-comedogenic and notes a pH range suitable for sensitive areas. After a week, the redness eased and the texture felt more even.",single
26939,"The technical sheet lists sodium chloride as the base and describes the solution as isotonic. It specifies storage at 2–8°C and notes that contamination can alter the chemical stability. A caution line refers to sterile handling and proper disposal of the container. The language feels closer to a lab bench than a marketing brochure.",single
26939,"The inhaler instructions mention micrograms per dose and list the active compound in full. It advises rinsing the mouth afterward to reduce the risk of candidiasis. A short paragraph explains how the propellant delivers the medication into the airway. When used correctly, breathing becomes easier within minutes.",single
26939,"The sunscreen description highlights zinc oxide and titanium dioxide as physical filters. It claims broad-spectrum coverage and recommends reapplication after sweating or swimming. A note about photostability sits next to the ingredient panel, almost like a safety spec. The cream leaves a faint cast, but it stays gentle on the skin.",single
26939,"We met at the corner café near the central station, where the platforms hum behind the walls. After coffee, we walked toward the old harbor and watched ferries slide past the docks. A narrow street led us to a small gallery tucked between two bookstores. By sunset, the city lights reflected in the canal like a second skyline.",single
26939,"The trail begins at the park gate and climbs toward the ridge in steady switchbacks. At the top, a lookout point frames the lake and the farms below. We rested beside a stone marker that tourists keep photographing. On the way down, the scent of pine followed us back to the parking lot.",single
26939,"The museum sits across from the cathedral, and the entrance opens into a wide marble hall. One room overlooks the square where street musicians gather every afternoon. I spent an hour in the sculpture wing and then stepped outside to the quiet garden. The whole place felt like an island in the middle of traffic.",single
26939,"She gave me directions to the clinic on Maple Avenue, two blocks past the library. The building is easy to spot because the pharmacy sign faces the roundabout. Inside, the waiting area looks out over a small courtyard. When I left, the rain had cleared and the street smelled clean.",single
26939,"For dinner, you can choose pasta, rice, or potatoes, and the kitchen will adjust the sauce. The server offered chicken with herbs, fish with lemon, or a vegetarian plate with beans. I hesitated between the spicy option and the milder one, then picked the middle ground. By the time the meal arrived, the choices already felt like a small adventure.",single
26939,"The email asked whether I preferred Monday, Tuesday, or Wednesday for the call. It also suggested morning, afternoon, or evening, depending on my schedule. I replied with two options and added a third as a backup. The thread grew longer with every new comma and conjunction.",single
26939,"At checkout, the screen offered delivery to the door, pickup at the store, or drop-off at a locker. It then asked for standard shipping, express shipping, or weekend shipping. I clicked through the options and watched the total change each time. In the end, the simplest choice won.",single
26939,"The coach told us to bring water, a towel, and a change of clothes for practice. If we forgot something, we could borrow a bottle from the desk or buy one from the kiosk. I packed everything and still double-checked the list in my head. The routine felt comforting because it left little room for surprise.",single
26939,"The invitation listed speakers as Dr S Patel, Prof L Nguyen, and a guest from the Intl Sci Soc. A short note referenced a panel on the docuseries City of Night, credited to JR on the program. Even the venue was shortened to St Hall, as if everyone already knew the full name. By the time I finished reading, the page felt like a collage of clipped identities.",single
26939,"A message arrived from MK, who signed off on behalf of the Org Comms team. It mentioned a screening of The Last Voy, with tickets reserved under the name R and Co. The thread also referenced a partnership with Univ Labs, though the exact campus was left implicit. I had to piece together the full names from the fragments.",single
26939,"The article quoted AB as the spokesperson for the Natl Transit Auth. It referenced a short clip from the series River St, but the title was cut off mid-word in the caption. Next to the quote, the byline read SJ, which didn’t help much. The whole page leaned on abbreviations as if detail were optional.",single
26939,"On the poster, the band name appeared as The Midn Parl, and the venue was listed as Ctr Arena. A small line credited the opener to KD, with no further explanation. In the corner, the sponsor logo showed only the initials of the organization. The shorthand made it feel like an insider event.",single
26939,"At Gate B12 in Copenhagen, the display flashed Flight 428 delayed 25 min, then switched to a news alert about a major game patch v2.3. The update notes used acronyms like GPU and UI, with commas, dashes, and parentheses to pack in details. While waiting, I read a leaflet for a throat spray that listed benzocaine and menthol, plus a warning about dosage. The kiosk offered water, tea, or coffee, and a poster nearby credited Dr RS for the campaign under the Natl Health Org.",mixed
26939,"In a hotel lobby in Berlin, the TV ran a headline about an esports final, 3–0, and the ticker kept throwing in team abbreviations and quick punctuation. My phone opened the device manual for the router: ports, LEDs, and error codes were separated by colons and slashes. On the desk sat a bottle labeled isopropyl alcohol 70% with a note about flammability and skin contact. The concierge suggested Museum Island, the zoo, or the riverwalk, and the city map had clipped names like St Pl and Univ Sq.",mixed
26939,"Outside the clinic on Maple Avenue, a flyer advertised a new health app, v1.9, compatible with iOS and Android. The brochure explained dosage reminders for metformin and described the active ingredient list with chemical precision. Across the street, a billboard mentioned the film Night Runn, credited to JK and produced by Intl Media Grp. I checked a local guide that listed parks, cafés, and galleries, then followed the arrows and commas to the nearest tram stop.",mixed
26939,"On the train to Aarhus, I skimmed a tech article that compared CPU temps at 65°C vs 82°C and used parentheses to cite the source. The next page described a hand sanitizer with ethanol and glycerol, calling out concentration and storage conditions. At the next station, the announcement board showed Platform 4; Track 2; Exit A in quick, clipped lines. A seatmate suggested music, podcasts, or the series Deep Harb, and he said it was hosted by TN from the Org Studio team.",mixed
26939,"In the gaming café near Central Station, the owner posted a sign: Patch 1.0.4 tonight, servers down 00:30–01:15. The printed sheet used abbreviations, numbers, and tight punctuation like it came straight from a hardware changelog. At the counter, a sore-throat lozenge box listed menthol, eucalyptus oil, and a caution about daily limits. A tourist map on the wall highlighted the harbor, the cathedral, and the old fort, while a poster promoted The City Rev, sponsored by the Natl Arts Assn.",mixed
26939,"At the museum entrance in Rome, a guide handed us tickets numbered 0142 and 0143 and pointed to Hall C, then Hall D. I opened a review that talked about a camera firmware update, v4.1, using acronyms and semicolons to keep the pacing sharp. In my bag, a small tube of hydrocortisone cream had a label full of medical terms and dosage advice. The audio tour offered English, Italian, or French, and the credits listed only fragments like Dr F and the Intl Hist Inst.",mixed
26939,"The press release read like a patch note: version 3.5, fixes, known issues, and a short line of punctuation-heavy disclaimers. It also included a product insert for an antiseptic wipe, naming chlorhexidine and noting contact time in seconds. The event took place at Riverside Center, a venue two stops past City Hall. The schedule listed talks, demos, and screenings, and the speakers were shortened to AL, MQ, and reps from the Org Dev Lab.",mixed
26939,"In a small pharmacy by the harbor in Oslo, the clerk explained that ibuprofen can interact with certain medications. The receipt printed as Item#204, Qty 1, Tax 25%, and the terminal showed an error code before rebooting. Outside, a newsstand carried a gaming magazine with headlines full of acronyms and numbers. I chose a bus, a tram, or a ferry from the route list, then followed signs marked St Brg and Univ Gate.",mixed
26939,"During the conference at Expo Hall 7, the badge scanner beeped and flashed ID: 009381, then synced after a quick restart. A keynote slide compared RAM, SSD, and GPU performance, using commas and conjunctions to jam points into one line. The sponsor booth handed out a lotion sample listing niacinamide and salicylic acid with a pH note. Between sessions, we picked lunch from sandwiches, soup, or salad, and the program credited Prof V at the Intl Tech Org.",mixed
26939,"The city guide to Lisbon suggested the castle, the riverfront, and the tiled market, all on one folded map. My friend kept refreshing a news post about a shooter game update, v2.0, and the headline used hyphens and abbreviations like it was written for insiders. At a kiosk, I bought a gel described as antiseptic, with ethanol content and handling cautions. The itinerary offered bus, metro, or walking routes, and the tickets were under the name AS from the Org Travel Desk.",mixed
26939,"At the stadium in Manchester, the scoreboard showed 1–1 and the announcer rattled off team initials between cheers. A nearby screen played a segment about new console firmware 5.02, with punctuation-heavy tips and short abbreviations. Someone passed around a menthol inhaler and read aloud the micrograms per dose printed on the side. Later we debated the pub, the station, or the hotel, while a poster credited the documentary Fan St, produced by RP for the Natl Sports Net.",mixed
26939,"In the lab at Building 3, Room 214, the equipment log used serial numbers, commas, and abbreviations to track every swap. A troubleshooting note said: if E07 appears, reboot, wait 10s, and retry the test. On the bench, a buffer solution was labeled sodium chloride and noted as isotonic, with storage at 2–8°C. The delivery form listed the downtown site, the airport site, and the harbor site, signed by MH for the Org Ops team.",mixed
26939,"At the café on King Street, the table tent advertised Wi-Fi: SSID GuestNet, PW 7391, and a note about 5GHz vs 2.4GHz. I flipped over a box for a topical gel that mentioned lidocaine and a warning about broken skin. A tourist brochure pointed to the palace, the bridge, and the old theater, each marked with neat dots and commas. On my phone, a clipped review from SD praised the series Night Shad, published by Intl Stream Co.",mixed
26939,"The weather board at the ferry terminal read 6°C, wind 12 m/s, and it used tiny abbreviations to save space. A gaming news post beside it mentioned patch 1.12 and listed fixes with colons, semicolons, and short conjunctions. My travel kit included a sunscreen labeled zinc oxide and titanium dioxide, with notes about reapplication. I picked a seat, a snack, and a route, while the loudspeaker thanked Dr K and the Natl Safety Org for updated signage at the pier.",mixed
26939,"In the old town square, a street screen showed Breaking: 2 injured; roads closed; detour via Exit 3. The same feed ran a quick hardware warning about battery temps and a firmware roll-back to v1.8. At the corner shop, a hand cream listed urea and glycerin and described skin barrier repair in medical language. We chose the tower, the market, or the river steps to visit next, and the brochure credited AM from the Intl City Assn.",mixed
26939,"At the airport hotel in Dublin, the elevator panel flashed 7, then 12, then briefly showed ERR before resetting. I read a one-page quick start guide full of abbreviations, punctuation, and short conjunctions, as if it were written for technicians. In the minibar, a cough syrup leaflet mentioned dextromethorphan and a maximum daily dose. The shuttle schedule listed Terminal 1, Terminal 2, and City Ctr, and the confirmation email was signed JL from Org Travel.",mixed
26939,"On the tram stop sign, the route numbers 5 and 16 were printed next to arrows and commas that pointed toward the waterfront. A blog post about a new graphics driver, v31.0, used acronyms and tight punctuation to describe performance changes. In my pocket, a blister pack listed acetaminophen and warnings about liver toxicity at high doses. The tour guide offered museums, parks, or cafés, and she introduced herself only as Dr N from the Intl Guide Guild.",mixed
26939,"In the cinema near the river, the pre-show slide showed Start 19:40, Ad 5 min, then a short line of punctuation-heavy notices. The trailer reel included a clip credited to The Trav Docu, produced by Natl Film Org. In the lobby, a sanitizer dispenser had a label naming ethanol and benzalkonium chloride, with handling instructions. We debated seats in the front, the middle, or the back, then walked out past signs for St Pier and Univ Blvd.",mixed
26939,"At the tech store on Market Road, the demo console looped an update screen: v2.6, 68%, do not power off. The sales rep spoke in abbreviations and numbers, sprinkling in commas and and/but as if reading specs aloud. Next to the register, a cold sore cream listed acyclovir and advised a strict application schedule. I chose a cable, a case, or a controller, then followed directions to City Ctr where a poster credited PS from the Intl Retail Assn.",mixed
26939,"At the visitor center in Stockholm, the map highlighted the palace, the archipelago pier, and the art district with neat comma-separated labels. My phone buzzed with a push alert about a competitive match, score 4–2, written in clipped, punctuation-heavy style. A nearby stand sold a balm described with medical terms, listing menthol and camphor and warning about eye contact. The brochure listed tours, workshops, and screenings, and the presenter names were shortened to AJ, Dr E, and reps from Natl Culture Org.",mixed
28227,"The courier handed me a box and asked me to confirm the weight before signing. I read the label: 3.8 kilograms, with dimensions of 42 by 28 by 16 centimeters. The inner foam insert was cut to a depth of 6 centimeters, so the item sat flush and didn’t rattle. On the form, I wrote the exact numbers and circled the measurement units to avoid any mix-ups.",single
28227,"At the warehouse intake, I measured each plank with a tape and wrote down the length to the nearest millimeter. The batch ranged from 1.96 to 2.04 meters, which mattered for the cutting plan. I also checked thickness with calipers and noted a consistent 18.2 millimeters. When the supervisor asked why I was being so precise, I pointed at the tight tolerances on the project diagram.",single
28227,"The lab notebook had a blank table for mass, volume, and temperature. I weighed the sample, recorded 12.47 grams, and poured exactly 25 milliliters into the beaker. The thermometer climbed steadily and settled at 21.9 degrees after a minute. With those numbers in place, the next step was straightforward and didn’t depend on any guesswork.",single
28227,"Before packing the bike, I measured the wheelbase and the handlebar width to make sure it fit the case. The wheelbase came out to 100.5 centimeters, and the bars were 44 centimeters end to end. I lowered the seatpost until the overall height dropped under 80 centimeters. The checklist only needed the figures, so I wrote them clearly and moved on.",single
28227,"The apartment listing felt vague until I started checking the actual dimensions. The ceiling height was 2.52 meters, and the bedroom window was 1.2 meters wide. I measured the alcove where a desk would go and got 87 centimeters. With those measurements, I could picture how the space would work without relying on photos.",single
28227,"In the weekly review, the analyst pulled up a dashboard and started reading off the measurements. The average order value rose, but the cost per acquisition also ticked upward. She highlighted the change in conversion rate and pointed to a higher refund rate as a drag on performance. When we compared the numbers to last month, the trend was obvious even before anyone offered an explanation.",single
28227,"The operations report broke everything down into clear measurements that could be tracked over time. We looked at shipment volume, processing time, and the rate of late deliveries. A small increase in unit cost showed up alongside a bigger jump in output, which made the trade-off easier to accept. By the end of the meeting, the plan was based on the measurements, not on who argued the loudest.",single
28227,"During the sprint retrospective, the team didn’t debate feelings first; they opened the chart of measured outcomes. Build time had dropped, but error rate was up, and the performance score on the load test fell below the target. The product manager also flagged the price adjustment and how it affected the amount of revenue per customer. Decisions were made by tracing each change back to the measurement that moved.",single
28227,"The coach asked for a simple summary of what the training block produced. I showed average pace, heart-rate level during intervals, and the number of completed reps. We compared the measured improvement to the previous block and noticed that performance gains plateaued when recovery days were skipped. Even the equipment spend was captured as a cost so the full picture stayed grounded in measurable outcomes.",single
28227,"At the store planning session, we reviewed measured results rather than anecdotes. The manager called out a higher rate of returns and a lower average basket size. We also tracked stock levels, total units sold, and the cost of expedited shipping. Once the measurements were on the table, the next week’s targets practically wrote themselves.",single
28227,"After the tournament, the site posted the standings and everyone refreshed the page obsessively. I had twelve points, which put me in fifth place, and my rating nudged up by a few points. A friend teased me about the grade I’d earned in the opening quiz at the venue, as if it mattered more than the rank. By the time traffic spiked on the results page, the comments were already sorting players into tiers.",single
28227,"The teacher returned the exams with a single number in red ink at the top of each page. My score was high, but the class average was lower than expected, so the grading curve shifted. Later that day, the school portal displayed our rank within the year group, and the chatter in the hallway changed instantly. Even students who never talked about points suddenly cared about where they stood.",single
28227,"The streamer glanced at the analytics panel and sighed. View count was fine, but chat activity dropped and the follower total barely moved. When the platform updated the popularity chart, his channel slid down a few spots in the rankings. He changed the thumbnail and title, hoping the traffic would pick up before the next hour.",single
28227,"Our fantasy league app turned the season into a set of numbers everyone argued about. Each match awarded points, and the leaderboard updated within seconds. One late substitution cost me a place in the rank table, and my friend wouldn’t stop mentioning it. The whole week was shaped by those scores, not by how entertaining the games actually felt.",single
28227,"The restaurant’s online profile lived or died by small numerical signals. A dip from 4.7 to 4.5 stars changed where it appeared in the local rank list. Foot traffic stayed steady, but reservations slowed after the rating shift. The owner kept asking what number would get them back into the top results.",single
28227,"I opened the product page and treated it like a spec sheet instead of an advertisement. The casing was described as aluminum, finished in matte black, and the size was given down to millimeters. The brochure even listed tensile strength and a summary of performance under load. After comparing the color options and material notes, I finally felt sure I knew what I was buying.",single
28227,"The new detergent came with a detailed label that read more like a lab report than a household item. It listed chemical composition, highlighted the active ingredient percentage, and warned about mixing it with certain cleaners. The bottle included size, recommended dilution, and a performance claim tied to stain removal. I chose it because the properties were clear, not because of the slogan on the front.",single
28227,"At the hardware shop, I asked to see the drill bits that matched the job requirements. The clerk showed me a set with a coating meant for harder material, plus a chart of strength and wear resistance. I checked the size markings and picked the one that fit the anchor holes exactly. Even the finish color helped me keep the bits sorted in my kit later.",single
28227,"The bike tire box had more useful information than most reviews. It named the rubber compound, gave the exact width and bead type, and described how the sidewall was reinforced. There was a small table about puncture strength and rolling performance on different surfaces. I bought it because the attributes matched what I needed for winter roads.",single
28227,"When the espresso machine arrived, the manual started with a list of properties. It specified stainless steel for the boiler, the size of the portafilter, and the capacity of the water tank. A separate section described performance limits and how temperature stability was tested. Those details made the machine feel real in a way glossy photos never could.",single
28227,"On payday, I looked at the slip and checked every financial figure. Gross wages were higher because of overtime, but deductions pulled the net amount down. The payroll note mentioned a revised hourly rate and a change to the pension contribution. Seeing the numbers laid out like that made the month’s budget feel less uncertain.",single
28227,"The commodity report was blunt about what had changed. Oil prices climbed, and the futures curve shifted enough to affect expected returns on a short-term trade. A colleague mentioned the premium we’d pay for faster shipping if we locked in supply early. By lunch, everyone was recalculating costs based on the updated market values.",single
28227,"When we renewed the insurance policy, the agent didn’t talk in generalities. She compared last year’s premium to the new one and explained which rate factors moved. The total amount due was manageable, but the increase still changed how I planned my expenses. I signed after I understood the financial metrics behind the quote.",single
28227,"The loan offer looked attractive until I ran through the financial numbers carefully. The interest rate was lower than my current deal, but the fees raised the overall cost. I modeled the monthly amount over the full term and checked the break-even point. Once the calculation was done, the decision felt obvious.",single
28227,"At the end of the quarter, my manager walked me through the compensation update. The base salary rose, and there was a bonus amount tied to performance targets. She also explained the commission rate for new accounts and how it translated into expected earnings. I left the meeting with a clear understanding of the financial figures, not just a vague promise.",single
28227,"I was restocking shelves when the manager asked me to help with a quick audit. We weighed a boxed appliance and confirmed its dimensions so it could be shipped safely. In the office, a dashboard showed measured changes in cost per order, processing rate, and overall performance for the week. A printed sheet on the wall listed points and rank for the sales contest, which explained why everyone kept checking the leaderboard. Back on the floor, I compared material, size, and strength details between two similar products before placing them. Later, payroll updated and the wage amounts and hourly rates hit everyone’s accounts, ending the day with money on people’s minds.",mixed
28227,"Before the presentation, I checked the sample crate and wrote down its weight and length so the freight label would be accurate. The team meeting opened with charts covering prices, rates, and performance numbers from the last release. During the Q&A, someone bragged about their rank on the internal scoreboard and the points they’d earned for closing tickets. In the lab corner, a technician pointed out the product’s chemical composition and the color-coded parts that needed careful handling. When finance joined, they updated us on salary amounts, premium costs, and expected returns for the quarter.",mixed
28227,"The online order looked simple until the shipping calculator asked for exact dimensions and mass. After entering the measurements, I reviewed a report summarizing costs, rates, and other tracked statistics from recent deliveries. The vendor page showed a popularity score, traffic count, and a rank badge that seemed designed to pressure buyers. I clicked into the specifications to confirm material, size, and strength because the item had to survive outdoor use. When the invoice arrived, the amounts, price adjustments, and fees were detailed enough that I could reconcile them against the budget.",mixed
28227,"At the gym, I logged the weight of the kettlebell and the distance on the rower so the training notes stayed precise. Later, my coach compared my measured pace, recovery rate, and overall performance against last month’s results. A friend in our club group chat posted the leaderboard with points and rank after the weekend challenge. On the way home, I stopped to buy a replacement bottle and checked its material and size because it needed to fit the bike cage. That evening, I reviewed my bank statement and saw the wage amount posted alongside a small insurance premium charge.",mixed
28227,"The museum shop had a fragile sculpture that required careful packing. I measured its height and width and confirmed the weight before choosing a box. The shipping clerk pulled up statistics on delivery times, cost bands, and error rates to pick the best service level. On the wall, a poster listed donor tiers by rank and the points needed to reach each status level. The item’s tag described the material, color, and composition in surprising detail for a souvenir. At checkout, the receipt broke down price, taxes, and the total amount charged to my card.",mixed
28227,"During the home renovation, I measured the doorway and the cabinet depth so the delivery wouldn’t become a disaster. The contractor shared a spreadsheet tracking costs, rates, and performance milestones for each week of work. In the neighborhood forum, people compared traffic numbers and argued about which street had the highest rank for noise complaints. I chose a countertop after reading about its chemical composition, strength, and finish color. When the final invoice arrived, it included labor amounts, material prices, and a premium for weekend scheduling.",mixed
28227,"At the flea market, I brought a scale and a ruler to verify the weight and size of a vintage lamp. The seller claimed it was a bargain, but I also kept notes on the prices I saw across different stalls. A nearby booth ran a little contest where buyers earned points, and the top rank won a discount. I inspected the lamp’s material and the color of the wiring insulation to judge condition. When I got home, I calculated what I’d spent and compared the total amount to my weekly budget.",mixed
28227,"The school robotics team started by measuring the chassis length and the wheel diameter to ensure the build matched the rules. Our mentor then showed us tracked statistics on battery performance, current draw, and replacement costs over the season. When the regional results posted, everyone checked their rank and the points separating first from second. We swapped parts after reviewing material strength and the exact size of the brackets. The sponsor confirmed the funding amount and explained how the money would be paid out over time.",mixed
28227,"At the bakery, the new oven arrived with a checklist that began with physical numbers: width, depth, and total weight. The owner was more interested in the energy report, which summarized operating cost, usage rate, and performance readings from the first test day. A local food critic had posted a ranking list, and the staff kept mentioning where the shop sat in the popularity table. I read the manual’s notes on stainless material, heat tolerance, and component sizes before starting the first batch. After closing, we counted the cash amount and compared it to the day’s sales totals.",mixed
28227,"The parcel depot asked me to confirm the package dimensions before they accepted it. Once it was scanned, an email arrived with delivery statistics, including cost options and service levels by rate. I noticed the carrier’s app also displayed a score and rank for my neighborhood based on delivery success. Back at my desk, I reviewed the item’s specifications: material type, size, and strength rating for the casing. The invoice listed the amount due and showed the exact price used for the shipment.",mixed
28227,"In the engineering lab, I started by weighing the test piece and recording its thickness and length. The project lead compared measured performance values and other tracked numbers from last week’s trial, focusing on changes in rate and efficiency. A noticeboard showed a ranking of teams by points for completed tasks, which kept everyone competitive. We selected a replacement part after confirming its chemical composition, color code, and strength requirements. At the end of the day, finance sent an update about budget amounts, unit prices, and the premium charged for rush orders.",mixed
28227,"Before the hike, I checked my pack weight and measured the water bottle capacity so I wouldn’t run short. Afterward, my watch summary displayed statistics like pace, elevation gain, and performance trends across the month. In our club, someone posted a rank table with points from the weekend route challenge. I bought a new jacket and looked closely at the fabric material, size, and performance rating for wind resistance. When I reviewed my expenses, the total amount included the jacket price and a small insurance premium I’d forgotten about.",mixed
28227,"The charity run required a gear check, so I wrote down the bike’s overall length and the weight of the tool kit attached to it. The organizer emailed a report of measured participation numbers, cost breakdowns, and performance benchmarks for timing. Results went live and everyone argued about rank, points, and who had moved up in status since last year. I picked up a replacement chain after reading the specs on material hardness and size compatibility. Later, I transferred an amount to cover the entry fee and noticed my salary deposit had arrived the same afternoon.",mixed
28227,"At the aquarium store, the clerk asked for the tank dimensions before recommending a stand. I noted the length and volume so the setup would be safe. He then showed me a chart tracking filter performance, flow rate, and replacement costs over time. On a screen near the register, the shop displayed a popularity ranking for the most bought items, complete with points for each purchase. I compared two heaters by material type, size, and power rating. When I paid, the receipt listed the amount, price per item, and the total cost after tax.",mixed
28227,"I was prepping for a move and started by measuring the couch width and the stairwell clearance. The moving company sent a quote that included service levels, rates, and other measurable details about timing and performance guarantees. My building’s resident app had a silly leaderboard showing rank and points for recycling compliance. While packing, I checked product labels for material composition and strength so fragile items got better protection. After the deposit and fees posted, I reviewed the amounts and adjusted my budget for the month.",mixed
28227,"The sports shop let me try two rackets, but I still pulled out a ruler to confirm grip size and overall length. At home, I compared measured stats from recent matches, including error rate and performance under pressure. Our league table updated with points and rank, which changed who we’d face next weekend. I also checked the frame material, stiffness rating, and finish color because durability mattered. When I ordered replacement strings, the invoice showed the amount due and the price difference between options.",mixed
28227,"At the farmers market, I picked produce by weight, checking the scale before handing over cash. The vendor chatted about last week’s numbers, mentioning how the price and daily sales amounts changed with the weather. A nearby stall had a board showing top sellers by points, like a playful rank system for jam flavors. I bought a cutting board after reading about the wood material and its thickness and finish. Later I totaled the amounts in my wallet and realized I’d spent more than planned.",mixed
28227,"The clinic mailed my test results with precise figures, including weight, blood pressure, and other numeric readings. In a follow-up call, the nurse discussed measured statistics and how certain rates had improved since the last visit. My health app also tried to gamify progress with points and a rank badge for streaks, which felt oddly competitive. I replaced my water filter after checking material compatibility and the size of the cartridge. When the bill came, the amount and listed prices were detailed enough to submit to insurance.",mixed
28227,"At the repair shop, I measured the replacement screen so it would match the device frame exactly. The technician showed me a log of measured failures, part costs, and performance outcomes for similar fixes. On the wall, a monthly contest listed rank and points for technicians based on customer feedback scores. I chose a part after checking its material quality, thickness, and color tint. The final receipt included the labor amount and the price of the component, plus a small premium for same-day service.",mixed
28227,"We started the camping trip by weighing the shared food bag and measuring the tent footprint to pick a site. After dinner, someone pulled up a spreadsheet tracking fuel usage, cost per day, and other measured totals from previous trips. In our group chat, the organizer posted a playful leaderboard with points and rank for who completed chores fastest. I checked the stove’s metal material and the size of the burner ring before lighting it. When I transferred money to settle expenses, the amounts lined up neatly with what we’d logged.",mixed
28227,"The delivery driver asked me to confirm the package height and weight before he carried it upstairs. Inside, I found a report printout from work with costs, rates, and performance figures highlighted in yellow. My phone buzzed with a notification that my team’s rank and points had updated on the monthly scoreboard. As I unpacked, I read the product label describing material composition, size, and strength limits. Later that night, I saw my wage amount hit the bank along with a small premium charge for insurance.",mixed
28227,"At the bike fit appointment, the technician measured my inseam and recorded saddle height to the millimeter. He then showed charts of measured power-zone time and performance trends from recent rides, plus a note about average speed changes. In the club, riders compared points and rank from the weekly segment challenge like it was a real championship. I inspected a new saddle and checked its material, width, and rail strength before buying. When I paid, the amount included the saddle price and a service fee that was clearly listed.",mixed
28227,"The conference badge printer asked for exact nameplate dimensions and the weight limit for lanyards. In the planning room, we reviewed tracked statistics on attendance numbers, cost per head, and performance of last year’s schedule. A sponsor board in the lobby ranked exhibitors by points based on visitor scans, which made the crowd patterns obvious. One vendor handed me a brochure listing material, size, and strength ratings for their products. Afterward, I submitted an expense report with amounts, prices, and a premium travel reimbursement line.",mixed
28227,"I was comparing two shipping crates, so I measured their internal length and checked the maximum supported weight. The logistics portal displayed measured statistics on delivery times, service rates, and how performance changed by route. In a sidebar, the platform ranked carriers with points and status levels that buyers seemed to trust. I chose the crate with better material thickness and stronger corners, even though it looked less stylish. The purchase order recorded the amount and price per unit, which made accounting happy.",mixed
28227,"At the end of the season, we weighed the team equipment and measured each bag so travel packing would go smoothly. The coordinator shared a summary of measured costs, training rates, and performance outcomes across the year. A final message in the group chat announced points totals and rank positions for awards night. I inspected the new jerseys and checked fabric material, size range, and stitching strength before signing off. When the stipends were paid, the amounts and wage rates were included in a clear breakdown.",mixed
28452,"The hotel lobby smelled of lilies, and every detail looked prepared for an exceptional evening. A host guided us to a reserved table with place cards and a handwritten note. The menu had a special tasting course that wasn’t offered to regular guests. When the string quartet began, the whole room settled into the quiet formality of a celebration.",single
28452,"They booked the private dining room because the anniversary deserved something more than a normal night out. The staff treated the party like a formal occasion, with coordinated service and polished timing. A special dessert cart rolled in at the end, complete with a small sparkler and a custom message. Even the check arrived in a sealed envelope as if it were part of the ceremony.",single
28452,"The theater announced a one-night performance with a benefit reception afterward. Guests arrived in tailored suits and gowns, and the foyer buzzed with that not-everyday energy. After the show, a special cocktail service opened in the mezzanine for ticket holders. It felt like the venue was offering an exceptional version of itself for a single evening.",single
28452,"For the graduation dinner, the family chose the restaurant’s special service package. The table was dressed with crisp linens and a small arrangement that matched the school colors. The staff brought a course that wasn’t on the public menu, timed perfectly between speeches. By the end, the event felt not only celebratory but carefully elevated.",single
28452,"The cruise brochure described a formal night as the highlight of the itinerary. Passengers were invited to dress up, and the dining room switched to an exceptional menu with a sommelier making rounds. A special toast was poured at every table at the same moment, like choreography. The evening made the whole trip feel larger than its schedule.",single
28452,"She introduced herself as a researcher, but her work was tightly defined. Her area of focus was computational linguistics, and she could explain it without drifting into unrelated topics. When someone asked about marketing, she redirected gently and stayed within her expertise. By the end of the conversation, everyone knew exactly what field she belonged to.",single
28452,"At the meetup, he didn’t try to sound like he knew everything. He spoke clearly about his specific field of focus, which was supply chain analytics. When the discussion shifted to medicine, he listened and asked questions instead of pretending. His expertise showed up in the precision of what he chose to claim.",single
28452,"The consultant’s profile listed a lot of past projects, but one theme stood out. Her area of expertise was privacy compliance, and she framed every recommendation through that lens. She could point to concrete cases without drifting into broad buzzwords. People trusted her because the scope of her focus stayed consistent.",single
28452,"In the first lecture, the professor set boundaries about what the course would cover. His field of focus was modern political philosophy, not history in general. When students tried to pull the discussion into unrelated events, he brought it back to the central texts. The clarity of that expertise made the seminar feel purposeful.",single
28452,"The workshop sign-up asked participants to choose a track. I picked the area of expertise I actually needed: time series forecasting. The instructor stayed inside that field, using examples that matched the track title. Whenever someone asked about computer vision, she suggested a different session rather than derailing the focus.",single
28452,"The shop window displayed a limited holiday candle with a label that looked hand-printed. Each one had a slightly different swirl of wax, as if it had been poured slowly rather than stamped out by a machine. The owner said this edition only appeared in December and would not be restocked. I bought it because it felt like a small, notable event you could carry home.",single
28452,"A friend brought me a small box wrapped in brown paper and twine. Inside was a hand-crafted ornament made for a winter release, with tiny details you could only notice up close. The tag called it a special edition and listed the batch number. Hanging it on the tree felt like placing something rare into a familiar tradition.",single
28452,"The bakery announced a one-day run of a holiday loaf with a new spice blend. People lined up early because the edition was limited and every loaf was shaped by hand. The crust had a stamp that marked it as a notable seasonal item. When I sliced it at home, it felt like I was eating the calendar.",single
28452,"The game studio dropped a unique winter event that lasted only a weekend. Players unlocked a special edition skin that wouldn’t return after the holiday. The art looked hand-crafted compared to the usual mass of cosmetic items. Even those who rarely logged in showed up because the event itself felt notable.",single
28452,"At the craft fair, one table had a holiday series of mugs with small imperfections that made each one distinct. The artist explained that the glaze behaved differently in every firing, so the edition could never be perfectly repeated. I chose a mug with a deep blue rim and a tiny star pressed into the handle. It was a notable object, but it also worked as an everyday cup.",single
28452,"The new app update didn’t just change the icon; it added enhanced features that immediately improved daily use. Search results loaded faster, and the filters finally worked the way the help page promised. A redesigned settings panel made the whole product feel more polished. After a week, it was hard to remember how clumsy the old version had been.",single
28452,"He bought the upgraded headphones because the enhanced characteristics were practical, not flashy. The noise cancellation was stronger, and the battery lasted long enough for an entire travel day. The hinge felt sturdier, and the controls responded without lag. It was the same category of product, just clearly improved.",single
28452,"The hotel rolled out a revised service tier that came with real upgrades. Check-in was faster, the room had better soundproofing, and a small concierge chat handled requests smoothly. The enhanced offering wasn’t about luxury words; it was about fewer friction points. I left feeling like the service had been engineered rather than improvised.",single
28452,"The camera company released a model with enhanced capabilities aimed at working photographers. Autofocus tracked movement more reliably, and the sensor handled low light without turning everything into grain. The grip was redesigned so long sessions didn’t hurt the wrist. The features made sense the moment I tried it.",single
28452,"They replaced the old subscription plan with one that actually felt improved. The new tier included expanded storage, better sharing controls, and a clearer audit trail. Support response times dropped dramatically, which changed how safe the service felt to rely on. Those enhanced characteristics mattered more than any marketing tagline.",single
28452,"The news briefing focused on the appointment of a special counsel and what it meant for the investigation timeline. Later, a parent at the cafe talked about special education services and the paperwork required for accommodations. At work, a colleague mentioned a special economic zone being considered for new factories. By evening, the word kept showing up in different contexts, each with its own weight.",single
28452,"The hearing room was tense, and the attorneys spoke carefully about the special counsel’s authority. On the drive home, I listened to an interview with a specialist who explained how special education evaluations are conducted. The radio host then pivoted to special economic measures proposed for a struggling region. It was strange how one adjective could connect such separate worlds in a single day.",single
28452,"She asked for a specialist because the symptoms weren’t resolving with basic advice. In the same week, her brother mentioned working with a special counsel on a case that had become public. At dinner, someone else brought up special economic incentives being offered to attract jobs. The conversation kept landing on that word, but every time it pointed to a different kind of seriousness.",single
28452,"The school meeting included a counselor, a teacher, and a specialist who knew how accommodations are structured. Afterward, the parents read an article about a special counsel and how the role operates under scrutiny. Later, a business newsletter discussed special economic policies aimed at reducing unemployment. The overlaps were accidental, but the repetition made the week feel oddly themed.",single
28452,"He introduced himself as a specialist and explained exactly what he handled, without trying to cover everything. In the background, the television mentioned a special counsel speaking outside a courthouse. A coworker then forwarded a memo about special economic adjustments to import duties. By the end of the shift, the word had shown up in law, education, and policy without anyone planning it.",single
28452,"The conference opened with an exceptional gala dinner, complete with formal seating and a special course that only ticket holders received. At my table, a speaker described her area of expertise and stayed anchored in that field even when the conversation wandered. Between sessions, vendors sold a holiday special edition item that looked hand-crafted and was limited to the weekend. One booth demonstrated a product with enhanced features that made the upgrade feel immediately worthwhile. In the closing remarks, an organizer referenced a special counsel in the news and thanked the specialists supporting special education outreach for attendees’ families.",mixed
28452,"For the award night, the venue offered an exceptional service package, with a formal reception and a special menu designed just for the event. I chatted with a guest whose area of expertise was environmental economics, and she spoke with calm focus amid the noise. On the gift table, there was a unique holiday edition notebook, hand-crafted with embossed initials. The sponsor showcased an updated device with enhanced characteristics that solved a complaint everyone remembered from last year. During the speeches, someone mentioned the headlines about a special counsel, then shifted to praising the specialists who run special education programs in the community.",mixed
28452,"At the winter fundraiser, the organizers leaned into formality, turning dinner into an exceptional occasion with a special toast at every table. A panelist introduced himself by naming his area of expertise, which made his advice feel grounded rather than performative. I bought a small holiday special edition candle that had clearly been hand-poured, and the maker signed the label. In the hallway, a demo station highlighted enhanced features of a new service tier that reduced waiting time dramatically. Over coffee, a lawyer discussed the role of a special counsel while a teacher beside her described special education support and the specialists involved.",mixed
28452,"The hotel promoted a special weekend that made the stay feel exceptional, from the formal welcome to the curated dinner offering. In a workshop room, an instructor clarified her area of expertise and kept the session tight and practical. A pop-up shop sold unique holiday editions of prints, each hand-crafted with slight variations. I tested an upgraded gadget there, and the enhanced characteristics were obvious in the first minute of use. Later, the lobby TV covered a special counsel announcement, and a guest mentioned special economic incentives and the specialists advising schools on special education needs.",mixed
28452,"A family wedding turned into an exceptional evening when the venue added a special service that paced the meal perfectly. I ended up seated next to someone who spoke about his area of expertise in cybersecurity and never drifted into vague claims. The couple’s favors were a holiday special edition sweet, hand-crafted and stamped with the date. The photographer showed off a camera with enhanced features that made low-light shots look effortless. During the late-night conversation, guests swapped news about a special counsel while a parent described special education planning with the specialists at their child’s school.",mixed
28452,"The charity banquet felt unusually formal, and the catering team presented a special course that wasn’t available on ordinary nights. A keynote speaker described her area of expertise in public health with a focus that cut through small talk. In the lobby, volunteers sold a unique holiday edition ornament, hand-crafted and numbered. The event app had enhanced features this year, including faster check-in and better seating navigation. Near the exit, a television replayed a clip about a special counsel, and a donor mentioned special economic proposals alongside the specialists supporting special education initiatives.",mixed
28452,"They advertised the concert as a special engagement, and the night lived up to it with an exceptional atmosphere and formal touches. During intermission, I met a composer who spoke about his area of expertise as if it were a craft you could practice daily. The merch stand offered a holiday special edition vinyl pressed in a limited run, and the sleeve looked hand-finished. A booth nearby promoted a streaming service with enhanced characteristics like higher fidelity and cleaner recommendations. On the ride home, the radio discussed a special counsel development and then interviewed specialists about special education funding and special economic planning.",mixed
28452,"The museum hosted a formal evening tour that felt exceptional, ending with a special tasting table in the atrium. A docent shared her area of expertise in restoration and explained why certain pigments age differently. In the gift shop, a holiday special edition print was sold in a small batch, hand-crafted on thick paper. The audio guide had enhanced features this season, and the captions actually synced correctly. A visitor mentioned a special counsel case in passing, and another talked about special education services and the specialists who coordinate accommodations.",mixed
28452,"At the company retreat, the organizers staged an exceptional dinner with formal seating and a special menu that highlighted local ingredients. I sat with a colleague whose area of expertise was forecasting, and he kept returning to concrete examples. The welcome bag included a holiday special edition snack, hand-crafted by a nearby bakery. We also got access to an upgraded internal tool, and its enhanced features made approvals less painful. Later, someone brought up the news about a special counsel, while HR discussed specialists supporting special education leave policies and a memo about special economic adjustments in a partner region.",mixed
28452,"The graduation ceremony ended with a special reception that made the evening feel exceptional rather than routine. I talked with a professor about her area of expertise, and the conversation stayed focused even as the room grew louder. A classmate gifted me a holiday special edition pen, hand-crafted with a small engraving. The student portal had enhanced characteristics after the redesign, and navigation finally felt intuitive. On the walk home, we overheard a podcast about a special counsel, then a segment about specialists in special education and the impact of special economic incentives on hiring.",mixed
28452,"A restaurant offered a special chef’s table night that turned dinner into an exceptional, formal event. Across from me, a guest introduced his area of expertise in trade law and answered questions carefully. The server presented a holiday special edition dessert that was hand-crafted and available only that week. Their reservation system had enhanced features too, sending clear updates instead of confusing texts. Afterward, the bar TV mentioned a special counsel filing, and someone at the counter discussed special education specialists and a proposal for a special economic zone nearby.",mixed
28452,"The festival opened with an exceptional kickoff reception, and the organizers treated it as a formal occasion with a special welcome address. I attended a talk where the presenter stated her area of expertise and stayed within it, which made the session feel clean and useful. At a craft stall, I bought a holiday special edition scarf that was hand-crafted and tagged with the maker’s name. The festival app had enhanced features like live queue updates that actually worked. In a quiet corner, people debated the appointment of a special counsel while others talked about specialists in special education and special economic measures for local artists.",mixed
28452,"The theater ran a special benefit night that felt exceptional, right down to the formal attire and the curated service. During the reception, I met an engineer who described his area of expertise in acoustics and explained why the hall sounded so clear. A vendor sold a holiday special edition poster, hand-crafted with slight ink variations. The lighting crew showed off enhanced features in the new control system that made scene changes smoother. Later, someone mentioned a special counsel statement on the news, and a volunteer talked about special education specialists and special economic grants that fund accessibility.",mixed
28452,"A cruise line advertised a special sailing with formal dinners, and the atmosphere truly felt exceptional. I joined a lecture where the host explained her area of expertise in marine biology with careful boundaries. In the onboard shop, a holiday special edition bracelet was sold in small numbers and looked hand-crafted rather than mass-produced. The cabin TV interface had enhanced characteristics after an update, making it easier to request services. On the final day, passengers discussed a special counsel headline, and a teacher described special education specialists while another guest talked about special economic policy debates back home.",mixed
28452,"The community center hosted an exceptional fundraiser with a formal program and a special meal prepared by local chefs. I sat near a guest who spoke about his area of expertise in education policy and kept his points precise. A raffle prize included a holiday special edition quilt that was hand-crafted and stitched with a winter motif. The ticketing system had enhanced features this year, so check-in moved quickly. In the hallway, a TV played coverage of a special counsel hearing, and parents exchanged notes about special education specialists and special economic support for after-school programs.",mixed
28452,"They planned a special anniversary evening, and the restaurant made it exceptional with formal service and a custom course. A friend at the table explained her area of expertise in nutrition and answered questions without drifting into fads. The gift I brought was a holiday special edition tea blend, hand-crafted and sealed with wax. The new kettle I gave them had enhanced characteristics that held temperature more accurately. As the night wound down, the conversation touched on a special counsel in the headlines and then shifted to special education specialists and special economic concerns in the neighborhood.",mixed
28452,"The university held a special alumni gala that felt exceptional, with a formal program and carefully timed service. On a panel, a guest speaker stated his area of expertise and kept the discussion anchored in that field. The bookstore sold a holiday special edition notebook, hand-crafted with stitched binding and a small run number. Their new campus app had enhanced features that finally made maps and schedules reliable. During dessert, people mentioned a special counsel investigation, and a dean spoke about special education specialists and special economic partnerships supporting scholarships.",mixed
28452,"A boutique launched a special opening night, turning shopping into an exceptional, formal event with reserved entry times. I met the designer, who described her area of expertise in textile work with quiet confidence. She presented a holiday special edition jacket that was hand-crafted, with tiny details that didn’t repeat across pieces. The store also demonstrated enhanced features in their fitting service, like precise measurements and faster alterations. In the lounge area, a podcast about a special counsel played softly while customers talked about special education specialists and special economic changes affecting imports.",mixed
28452,"The city hosted a special commemorative dinner that felt exceptional, complete with a formal speech and a curated service flow. A historian beside me defined her area of expertise and stuck to it even when the table tried to jump topics. The gift on each plate was a holiday special edition chocolate, hand-crafted and stamped with the event year. An upgraded badge system had enhanced characteristics that made entry smoother and lines shorter. After the program, attendees discussed a special counsel update and then turned to special education specialists and special economic incentives announced for local businesses.",mixed
28452,"A choir performed at a special holiday service that made the night feel exceptional and formal. Afterward, I spoke with the conductor about her area of expertise in vocal training and the specific techniques she teaches. In the lobby, volunteers sold a holiday special edition CD with a hand-crafted cover insert. The venue had enhanced features this year, including clearer signage and better accessibility routing. In the parking lot, someone mentioned a special counsel story on the news while another discussed special education specialists and special economic support for arts programs.",mixed
28452,"The resort offered a special package for New Year’s, and the stay felt exceptional with formal dinners and a set program. At breakfast, a guest explained his area of expertise in finance and kept his comments tightly scoped. The lobby shop sold a holiday special edition candle that was hand-crafted and numbered. Their room service app had enhanced features that made ordering straightforward. Later, the lounge TV covered a special counsel briefing, and a couple nearby discussed special education specialists and special economic policy changes affecting their work.",mixed
28452,"A nonprofit hosted an exceptional awards night, with a formal schedule and a special reception for donors. I listened to a speaker describe her area of expertise in child development with careful, specific language. The auction included a holiday special edition ceramic bowl that was hand-crafted and signed underneath. The event platform had enhanced characteristics this year, so bids updated instantly without glitches. At the bar, people discussed a special counsel investigation while others compared notes on special education specialists and a proposal for special economic relief in the region.",mixed
28452,"The restaurant ran a special winter menu night, and the atmosphere felt exceptional with formal table settings. I sat with someone whose area of expertise was software reliability, and he explained failures in concrete terms. The dessert was a holiday special edition pastry, hand-crafted and served only for that weekend. Their updated booking system had enhanced features that prevented double reservations. As we left, the television mentioned a special counsel press conference, and a parent nearby talked about special education specialists and special economic pressures on school budgets.",mixed
28452,"The gallery held a special opening for a new exhibit, turning it into an exceptional evening with formal pacing and attentive service. I spoke with an artist who described her area of expertise in printmaking and the tools she relies on. A small table sold a holiday special edition set of cards that were hand-crafted and slightly different from one another. The gallery’s audio tour had enhanced features, including clear captions and better navigation. In the coat check line, someone brought up a special counsel headline while another mentioned special education specialists and special economic changes affecting grant funding.",mixed
28452,"A hotel hosted an exceptional charity brunch with formal seating and a special course served at the same moment across the room. I met a lawyer who stated his area of expertise and stayed within it, even when asked broader questions. The takeaway gift was a holiday special edition jar of jam, hand-crafted and labeled with the batch date. The hotel’s service desk had enhanced characteristics this year, with faster responses and clearer coordination. As people departed, conversations drifted to a special counsel case, then to special education specialists and special economic proposals being debated in city hall.",mixed
28452,"They organized a special retirement dinner, and it felt exceptional with formal speeches and a carefully planned service. A colleague talked about her area of expertise in logistics and how she approaches difficult planning constraints. The retiree received a holiday special edition watch strap, hand-crafted and engraved with initials. The slideshow system had enhanced features this year, so videos played smoothly without awkward pauses. After the final toast, someone mentioned a special counsel update on the news, and another guest discussed special education specialists and special economic incentives at their workplace.",mixed
28636,"I set the pickup pin to 57.0480, 9.9190 so no one wandered around the square. The note said to meet by the red door at Østerågade 12, not the front entrance on the corner. When I arrived, the bakery sign was half-lit and the smell of cinnamon drifted outside. A cyclist rolled up and said the address finally made sense once he saw the canal.",single
28636,"The invitation listed 'Harbor Coffee, Nyhavn 4' and a table by the window. I still typed the street name twice, worried I had mixed it up with a similar one nearby. The barista pointed at a small map on the wall and confirmed the spot without hesitation. Walking there, the place-name felt like a landmark rather than just text on a screen.",single
28636,"My phone kept insisting the museum was 'two minutes away' even though the blue dot floated in the wrong block. I read the directions aloud, including the building name and the side street, until the taxi driver nodded. He dropped me beside the exact entrance marked on the sign, not the gift-shop door around back. The whole problem had been a tiny mismatch between the listed location and the actual doorway.",single
28636,"The parcel service rejected my form until I added the apartment letter and the exact postcode. Once the full address was there, the route planner stopped looping me in circles. I taped the label on the box and double-checked the line with the shop name, because there were two stores with the same chain logo. The delivery finally went to the right building on the first try.",single
28636,"We agreed to meet at the old cinema, but the city has two of them with almost identical names. I asked for the precise intersection, and she replied with the cross street and a photo of the neon sign. That detail saved me from waiting outside the wrong entrance in the rain. When I arrived, the exact place she meant was obvious.",single
28636,"I posted a question and refreshed the thread every few minutes, watching new replies stack underneath. Someone quoted my sentence line by line and challenged the assumption I had made. A moderator stepped in to remind everyone to stay on topic, then split the argument into a separate discussion. By the end, the original post had turned into a long back-and-forth with links and edits.",single
28636,"The comment chain started polite and then drifted into sarcasm as more users piled on. A helpful reply got buried until another person bumped it with a short follow-up. I used the 'search this topic' box to find older threads where the same issue had come up. It felt like a public conversation that never really ends, just grows new branches.",single
28636,"A newcomer revived a years-old thread, and half the replies were people annoyed by the notification. One user pasted a screenshot, another demanded a source, and the original poster returned to clarify. Likes and downvotes shifted the tone faster than the words did. Reading through it was like watching a crowd decide what counted as acceptable.",single
28636,"I wrote a detailed response, hit submit, and immediately noticed a typo in the first line. After editing, the page showed a small marker that the post had been changed. Someone replied with a single sentence that derailed everything into a side debate. The conversation kept moving even after I logged out, as if it had its own momentum.",single
28636,"The thread had dozens of nested replies, each one replying to a tiny sliver of the previous message. People posted time stamps, jokes, and corrections, turning a simple question into a mini archive. A user with a familiar avatar summarized the whole debate in one calm post. That summary became the top reply and quieted the argument for a while.",single
28636,"At closing, the agent mentioned that part of the sale proceeds would be held back for taxes. The buyer signed a form acknowledging a percentage would be withheld before the seller received the full amount. The escrow officer explained that the withheld money would be sent to the tax authority, not kept by the bank. Only after the paperwork was stamped did everyone relax.",single
28636,"The purchase agreement looked straightforward until the section about mandatory withholding caught my eye. My attorney said the law can require a slice of the sale price to be remitted to the government when certain conditions apply. The title company prepared a separate transfer so the tax payment would go out on the same day as the deed. I left the meeting with fewer cash worries and more forms than I expected.",single
28636,"We calculated the net proceeds twice because the tax holdback changed the numbers. The broker warned that ignoring the withholding requirement could create a liability for the wrong person. A clerk printed instructions for where the withheld percentage had to be filed and paid. The final settlement statement showed the money leaving in two different directions.",single
28636,"The seller expected the full wire to hit his account that afternoon, but the amount was lower than he thought. The escrow email pointed to a required withholding that had to be taken from the sale price. It was not a penalty, just a tax payment routed through the transaction. When the confirmation arrived that the remittance had been sent, the confusion faded.",single
28636,"During the walkthrough, we talked about paint and appliances, but the real surprise came in the closing packet. A page spelled out a duty to withhold a percentage of the proceeds and forward it to the tax office. The title agent said this step protects compliance when property changes hands. I initialed the page and watched the numbers on the statement shift.",single
28636,"At the dinner table, everyone compared rent, and the gap between neighborhoods sounded like a different country. One friend described working full time and still choosing between groceries and heating. Another talked about investments as if they were inevitable, not optional. The conversation turned quiet when we realized the same city was offering radically different lives.",single
28636,"The report showed that pay raises had clustered at the top while entry wages barely moved. In the meeting, a manager called it 'market reality' and someone else called it unfair. People shared stories about who gets opportunities and who gets overlooked. By the time we left, the numbers felt personal rather than abstract.",single
28636,"She had two jobs and still couldn't cover the surprise dental bill, while her cousin booked a last-minute holiday without blinking. The difference wasn't effort, it was the starting line each of them had been given. When they talked, one sounded tired and the other sounded certain. Listening to them made the imbalance hard to ignore.",single
28636,"The neighborhood park had new benches on one side of town and broken swings on the other. Parents joked about it at first, then started listing the services their kids never see. A teacher explained how resources follow wealth, not need. The complaint ended with a simple question about why some people always have to make do.",single
28636,"He showed me his payslip and laughed at the number, but it wasn't a happy laugh. Meanwhile, the executive newsletter celebrated record bonuses with glossy photos. The contrast made the office feel split into two worlds sharing the same hallway. Even small talk started to carry an edge after that.",single
28636,"I swapped the old hard drive for an SSD and the boot time dropped from minutes to seconds. After updating the operating system, I spent the evening tweaking a small website so the pages loaded cleanly on mobile. I wrote a short review of the new mechanical keyboard, mostly about the feel of the switches. Later, I added a quick recap of the weekend match because it was too chaotic to forget.",single
28636,"The graphics card ran hotter than expected, so I cleaned the fans and replaced the thermal paste. Once the machine was stable, I installed a new editor and rebuilt my personal site with a simpler layout. I ended up writing about my running habit in the blog section, partly to test the comments feature. The post turned into a mix of product impressions and a summary of the local race.",single
28636,"I spent Saturday migrating my files to a new laptop and reinstalling the software I actually use. In the afternoon, I published a small page that listed my projects and embedded a photo gallery. I also typed up a review of the earbuds I bought last month, focusing on battery life and comfort. By Sunday night, the site doubled as a diary of my hobbies and the week’s events.",single
28636,"My friend asked why my computer was so loud, so I showed him the case airflow and the settings in the control panel. He suggested a different browser extension, and we ended up talking about building a simple portfolio website. After dinner, I wrote a brief review of the espresso machine I had been testing. I closed the note with a quick summary of the concert we went to, because the set list was still in my head.",single
28636,"The new monitor arrived and I tested it with a few games to check for flicker and dead pixels. While everything was on the desk, I cleaned up my code repo and pushed a redesign of my website. I wrote an anecdote about learning to solder after ruining a cable, then added a short product review of the iron I used. The page ended with a tidy summary of the week so I could remember what I had actually done.",single
28636,"I posted the property address and the GPS pin in a thread so the other buyers could see exactly which building I meant. Replies poured in, and one person warned that the closing statement might include a required withholding where a percentage of the sale price gets remitted to the tax authority. Another commenter turned the conversation toward how first-time buyers get squeezed while wealthier investors shrug at the same fees. After reading through, I updated my laptop and drafted a small webpage to organize the documents, adding a quick note about the router I just replaced. By evening, the thread had become a messy mix of practical advice, frustration, and tech chatter.",mixed
28636,"Outside the café on Frederiks Torv, I checked the coordinates I had copied from the listing to be sure I was at the right entrance. While waiting, I scrolled a long discussion thread where strangers argued about what buyers must withhold and remit from a home sale. Someone posted charts about the gap between incomes and housing costs, and the replies got sharper with every quote. I took a break to troubleshoot my overheating laptop and then pushed a clean layout update to my personal site. The whole day felt like juggling a place on a map, a comment storm, and a stack of transaction rules.",mixed
28636,"The seller texted the exact street address of the apartment and the name of the title office, so I would not show up at the wrong door. On the community board, a pinned post explained that certain sales require the buyer to withhold a percentage of the proceeds and send it to the tax office. A side argument erupted about how those requirements hit small sellers harder than people who can float the cash, and the disparities in who gets to own property kept coming up. I spent the afternoon installing updates and writing a short review of a budget printer while I built a simple webpage for tracking receipts. By the time I returned, the thread had been locked and the location details were the only calm thing left.",mixed
28636,"I walked to the storefront at Vesterbro 31 because the message included both the address and the shop name. A heated thread online debated a real estate rule that forces a slice of the sale price to be withheld and remitted through the closing process. In between replies, people started comparing salaries, inheritance, and who can absorb a surprise deduction without missing rent. I opened my laptop, adjusted the fan curve, and published a brief recap of the meetup on my website. Later I went back to read the newest comments and realized the arguments were spreading faster than the facts.",mixed
28636,"The listing had the neighborhood, the exact building number, and even a landmark across the street, so finding it was easy. What was harder was sorting a forum argument about whether the buyer or the escrow agent handles withholding and remitting the required percentage to the government. Someone complained that the rule is another reminder of how uneven the system is for people without savings. I distracted myself by configuring a new drive and writing a short product review of the enclosure I used. When I refreshed, the thread had turned into a running summary of grievances, paperwork tips, and location screenshots.",mixed
28636,"At the open house I saved the address and dropped a pin in my map app, then snapped a photo of the sign above the gate. That night, I joined an online discussion where posters traded stories about deals falling apart over required tax withholding and remittance at closing. A few replies drifted into a blunt conversation about inequality, especially between cash buyers and everyone else. I upgraded my desktop, rebuilt the landing page on my site, and wrote a quick review of the new mouse to test the layout. By the time I logged off, the thread read like a crowded room with too many agendas.",mixed
28636,"We met at the courthouse steps because the email included a specific location and the official building name. While waiting for the clerk, I skimmed a thread where homeowners explained how a percentage of the sale price can be withheld and sent to the tax authority. The comments kept circling back to who gets hurt when extra costs show up, and the talk of disparities sounded more like exhaustion than politics. I used the downtime to patch my system and post a short summary of my weekend project on a small website. The mix of coordinates, compliance details, and personal stories was oddly consistent.",mixed
28636,"I navigated to the escrow office using the posted address and the suite number, which mattered because the complex had multiple entrances. In a forum thread about selling a condo, someone warned that the buyer may have to withhold part of the proceeds and remit it as tax through the transaction. Another person replied with a rant about wealth gaps, arguing that small sellers feel every percentage point while others barely notice. I tinkered with my PC build notes and published a product review of a cheap CPU cooler on my site. When I checked again, the discussion had doubled in size and split into arguments and advice.",mixed
28636,"The courier could not find the house until I added the exact coordinates and the name of the corner shop nearby. Later, in an online thread, people debated a rule that requires withholding a percentage of the property sale price and remitting it to the tax office. One commenter insisted the policy is fair, another pointed to widening financial disparities in the same neighborhoods being discussed. I spent the evening fixing a software bug on my website and writing a short review of the headset I used while coding. The thread ended up reading like a messy map of both places and positions.",mixed
28636,"I stood outside the gym on Strandvejen, checking the street number because two buildings shared the same logo. In a long forum discussion about a recent sale, users posted settlement screenshots showing a tax withholding line and the remittance amount. The conversation slid into who can afford surprises and who cannot, with examples that made the social gap feel immediate. I came home, installed drivers, and added a small page to my site to archive notes from my hobbies. By the time I wrote a quick event recap, the thread had new replies arguing over the same numbers.",mixed
28636,"The message said to meet at the pharmacy next to City Hall, and it included both the address and a photo of the storefront. While waiting, I read a forum thread where a buyer described withholding a percentage of the sale price and remitting it to tax authorities at closing. Another user replied that rules like that land differently depending on whether someone has a cushion, and the talk became a sharp lesson in disparities. I killed time by benchmarking my laptop and drafting a cleaner page on my website for a product review I owed a friend. When I finally looked up, the location details were still the only part everyone agreed on.",mixed
28636,"I drove to the address on the contract, but the street had two similar house numbers on different sides, so I checked the coordinates. In an online discussion, someone explained that the buyer might need to withhold a slice of the sale proceeds and remit it, even if the seller insists everything is settled. Replies kept mentioning how unequal the market feels when fees appear only to those who cannot negotiate. I spent the evening reconfiguring my desktop and posting a short summary of the whole mess on a simple webpage I maintain. The thread, like the map, became clearer only after I zoomed in on details.",mixed
28636,"The venue changed last minute, so the organizer sent the new location with a full street address and the name on the door. During the train ride I read a forum argument about property sales where a percentage gets withheld and remitted as tax before the seller sees the money. Someone pointed out that the same rule is barely noticed by people with assets but hits harder for anyone living paycheck to paycheck. I edited my website on the ride, adding a quick review of a used laptop I had just bought. Later I wrote a short recap of the day and found the thread still running.",mixed
28636,"I pinned the restaurant location from the message, including the exact address and the nearby landmark, because the area is confusing at night. On a forum I follow, a long discussion broke down tax withholding at real estate closing and how the withheld percentage gets remitted to authorities. The replies wandered into talk about inequality in housing and who gets priced out, and the tone shifted from advice to frustration. Back home, I updated my operating system and published a tidy summary of my week with a small product review embedded. The jumble of logistics, money, and tech felt like a normal day online.",mixed
28636,"The real estate agent sent the office address and asked me to arrive ten minutes early, which mattered because parking was limited. In a forum thread, several people compared settlement statements and pointed to the line where a percentage was withheld and remitted for tax. The debate quickly widened into stories about wage gaps and how unequal the city feels when one person can absorb costs that break another. I distracted myself by swapping RAM sticks and rewriting a page on my website that reviews gadgets from my hobbies. When I returned to the thread, someone had summarized the whole argument in three blunt sentences.",mixed
28636,"I met my friend at the bookstore on Algade, and the message even included the floor and the door facing the square. In a forum thread I checked during coffee, a buyer described how the closing agent withheld a percentage of the sale price and remitted it to the tax office. Replies argued about whether those rules deepen the divide between people with savings and people without. After lunch I fixed a driver issue, pushed a website update, and typed a quick review of a budget microphone. Later, the same thread had turned into a running commentary on both neighborhoods and numbers.",mixed
28636,"The contract referenced the property by address and by a local place name, and the double description stopped confusion immediately. Online, a discussion thread unpacked a requirement to withhold part of the sale proceeds and remit it as tax, with users swapping personal experiences. Someone tried to steer the conversation toward broader disparities in housing access, and the replies alternated between empathy and annoyance. I spent the evening assembling a small PC upgrade and posting a simple event summary on my site alongside a short product review. The practical details of place and paperwork were the only parts that stayed stable.",mixed
28636,"I followed the coordinates to a small office behind the supermarket, not the main building on the street, and the sign confirmed I had it right. In an online forum, people debated why a real estate sale can trigger withholding of a percentage that must be remitted to the tax authority. The thread kept looping into who gets to build wealth and who gets stuck renting, turning compliance into a story about disparities. I opened my laptop, built a quick webpage to track the documents, and added notes about the hardware I used to scan everything. By midnight the thread was still alive and my browser had too many tabs.",mixed
28636,"The pickup point was listed as 'Blue Gate Studio' with the full address, so I could not mistake it for the shop next door. Later, a long forum conversation broke down how buyers sometimes withhold a slice of sale proceeds and remit it as tax during property transfers. One commenter connected it to financial inequality, pointing out how fees land harder on families without spare cash. I went home, updated my software, and wrote a short review of the cheap scanner I used to digitize the paperwork on my website. When I returned to read more, someone had added a summary of the debate and the link count had doubled.",mixed
28636,"The seller handed me directions with the street name, building number, and a note about the entrance near the courtyard. That evening, a forum thread about the same kind of transaction included screenshots showing a required tax withholding percentage and the remittance proof. People compared those costs to stagnant wages, and the talk of disparities became more pointed with each example. I spent a couple hours fixing my desktop and publishing a short recap of my projects on a small website. The place was easy to find, but the arguments online were harder to navigate.",mixed
28636,"I arrived at the address early and waited under the sign of the small clinic across the street, exactly as the message described. A forum discussion I read on my phone explained how some property sales involve withholding part of the price and remitting it to tax authorities, even when everyone wants a clean sale. The comments quickly turned to unequal outcomes, with people comparing who gets help and who gets stuck with the bill. Back home, I replaced a failing hard drive and posted a concise summary of the day on my website, including a quick product review of the external case. By bedtime, the thread had new replies but no new agreement.",mixed
28636,"The delivery driver called because he was at the right street but the wrong building, so I gave him the exact coordinates and the shop name on the corner. Later, I read a forum thread where a buyer described withholding a percentage from the sale price and remitting it as required tax through escrow. Someone replied that the rule is easy when you are wealthy and crushing when you are not, and the disparity stories piled up. I spent the evening tuning my PC fans and pushing a website update that included a review of the cooler I installed. The thread ended up as much about money gaps as it was about paperwork.",mixed
28636,"I met the agent at a location that sounded generic until she added the full address and the name on the door. On the forum, a long-running thread outlined how closing can include withholding a slice of proceeds and remitting it to the tax authority, with users correcting each other’s numbers. The debate veered into the social divide between people who own multiple properties and those who cannot get approved for a lease. I distracted myself by fixing a software issue and writing a small summary post on my website with a quick product review attached. By the time I checked again, the thread had become a timeline of edits and arguments.",mixed
28636,"The form asked for the property location in painful detail, down to the unit number and the official name of the building. While filling it out, I read an online thread about withholding requirements where a percentage of the sale price is remitted to tax authorities through the transaction. Several replies compared the burden across income levels, and the talk of disparities grew sharper with each example. I took a break to install updates and publish a short hardware review on my website to clear my head. When I returned to the form, the location field seemed easy compared to the rest.",mixed
28636,"I walked to the address on the flyer and recognized the place immediately because it included the café name and the side entrance description. In a forum thread that night, sellers traded stories about buyers withholding a percentage from the sale and remitting it for taxes at closing. The replies were packed with complaints about how uneven the system feels when one person has cushions and another has none. I rebuilt my site’s navigation, wrote a quick product review of a secondhand laptop, and added a short summary of the week’s events. The online argument kept going, but my page at least looked tidy.",mixed
288,"When the boiler failed, the landlord’s office forwarded me to the after-hours support line. A calm voice walked me through shutting the valve and setting a temporary heater safely. They scheduled a technician and texted a reference number so I would not have to repeat the story. The next morning, the same team called to confirm the issue was resolved.",single
288,"I arrived at the clinic without an appointment, and the front desk connected me to a patient assistance desk. The coordinator explained what paperwork to bring and which service could cover the fee. She stayed on the phone while I filled out the form, correcting small mistakes. By the time I left, I had a plan and a number to call if things went wrong again.",single
288,"My laptop would not start, so I opened the manufacturer’s help chat and described the blinking light pattern. The agent asked for the serial number and guided me through a reset that brought the screen back. They also emailed a short checklist in case the problem returned. It felt like having someone steady in the room, even though it was only messages.",single
288,"After the accident, I called the roadside assistance number on the insurance card. The dispatcher verified my location and sent a tow truck without asking for a long explanation. While I waited, she checked in and offered a nearby service station option. The relief came from the small, practical steps they handled for me.",single
288,"I got stuck on a form that kept rejecting my payment, so I contacted customer support through the app. The representative reset my account, confirmed the new status, and stayed until the transaction finally went through. She also pointed me to a help center page that matched my exact error message. The problem ended with a simple confirmation email.",single
288,"The opening paragraph needed a stronger hook, so I rewrote the first two sentences three times. I tried starting with a vivid image, then with a short confession, and the tone changed each time. Once the first section felt right, the rest of the chapter flowed more easily. I printed the page just to see if the beginning carried the weight it should.",single
288,"I kept returning to the first page because the beginning sounded flat. The story only came alive when I let the opening line introduce the setting with a small detail. After that, the next sentences felt less forced and more natural. Editing the start took longer than writing the ending.",single
288,"The essay’s introduction had to do two jobs: invite the reader in and make the claim clear. I cut a long preface and replaced it with a short scene that hinted at what was coming. The first section became tighter, and the rest stopped feeling like an apology. When I read it aloud, the beginning finally had a rhythm.",single
288,"I wrote a draft and realized the beginning gave away too much too soon. The first section should have raised a question instead of answering it. After moving one sentence and deleting another, the opening felt sharper. The work was mostly about those first few lines.",single
288,"The first chapter began with a quiet morning, but the opening lacked tension. I added a small interruption in the second sentence and trimmed the description that followed. Suddenly the beginning had a pulse, and I could feel the reader being pulled forward. Everything after that depended on those opening moments.",single
288,"The app store page looked convincing until I read the feature list carefully. It promised offline mode, custom alerts, and cloud sync, but the reviews suggested half of it was locked behind a subscription. I compared the listed options to what I actually needed for travel. The decision came down to two features I refused to compromise on.",single
288,"In the brochure, the available models were laid out with a neat list of features beside each one. I traced a finger down the column for battery life, ports, and warranty length. The salesperson pointed to a line about included accessories that I had missed. By the end, the list mattered more than the shiny photos.",single
288,"The website had a section that spelled out what the service includes. It listed add-ons, storage tiers, and the specific tools available on each plan. I clicked through the options until the differences were obvious. The list was dull, but it prevented an expensive mistake.",single
288,"I opened the settings menu and found a page that enumerated everything the device could do. Some features were toggles, others were greyed out until an update arrived. Reading the list made it clear the cheaper version was missing one crucial option. I stopped debating and chose the model that had it.",single
288,"Before buying, I asked for a full list of what comes in the package and what costs extra. The reply included the available features, the paid upgrades, and the limits on each tier. Seeing it written out changed my expectations immediately. I saved the list so I could hold the company to it later.",single
288,"The festival posted the full lineup the night before tickets sold out. I scanned the list of performers and circled the two acts I wanted to see most. Friends argued about the order, as if placement on the list was a kind of status. By the time we met at the gate, the lineup had become our shared plan.",single
288,"The match program included a list of both teams and the starting players. I looked for the captain’s name first, then checked the bench to see who might come on late. A kid next to me asked about one unfamiliar player and his dad read from the list to answer. The paper roster made the game easier to follow.",single
288,"At the trade show, the organizer handed out a sheet with every exhibitor and booth number. The list of products was so long that I highlighted only the brands I cared about. When the hall got crowded, the list kept me from wandering aimlessly. I crossed items off as I found them.",single
288,"The charity run sent an email with the schedule and a list of events for the weekend. It included check-in times, the kids’ race, and the main start, all in a simple order. I pinned the list to my fridge so I would not miss the early slot. The list turned a chaotic weekend into something manageable.",single
288,"Before the season started, the league published a list of all teams and their home grounds. I used it to plan which away days I could afford and which trains I would need. The list looked official, but it also felt like anticipation in a spreadsheet. Seeing every team named made the season real.",single
288,"The bank approved a revolving line of credit, but the limit was lower than I hoped. I could draw funds for the renovation and pay it back as invoices came in. The advisor explained how interest accrues on the amount actually used, not the full limit. It felt flexible, but not free.",single
288,"Our supplier offered financing with a credit line tied to monthly orders. The paperwork spelled out the draw period and the minimum payment schedule. When cash flow tightened, that line of credit kept the business from missing payroll. I watched the balance like a hawk until it was back down.",single
288,"I applied for a credit facility to smooth the gap between shipping costs and customer payments. The approval came with a rate, a cap, and a requirement to report revenue each quarter. Using the credit line was simple, but closing it required a phone call and a final statement. The financing solved a timing problem, not a profitability problem.",single
288,"The contractor asked for a deposit I did not have on hand, so I negotiated a short-term credit line with my bank. They treated it differently from a loan because I could borrow and repay repeatedly. The fees were small, but the terms were strict if I missed a payment. I signed because the timing mattered more than comfort.",single
288,"The letter said I had been pre-approved for a line of credit and listed the maximum amount. I knew it was a tool, not extra income, so I read the fine print on interest and late charges. When the car repair bill hit, I drew only what I needed and paid it back fast. The financing was useful precisely because it was temporary.",single
288,"I rewrote the beginning section of the brochure until the opening paragraph sounded like a clear invitation. On the next page I added a list of available features for the ticketing app so buyers could compare plans. The coordinator sent a list of performers and set times, and that list told us when the busiest rush would hit. When the portal froze, customer support stayed with me on chat until it loaded again. I paid the venue deposit by drawing from a line of credit and planned to repay it after ticket revenue arrived.",mixed
288,"The first paragraph of my proposal felt weak, so I reshaped the opening section before touching the rest. Then I inserted a list of products and features we could deliver within the budget. A separate attachment contained a list of teams for the tournament weekend, which helped me estimate staffing. I called the help desk when the submission form rejected my file, and they fixed the permission issue quickly. To cover the upfront print bill, I used a revolving line of credit for a few weeks.",mixed
288,"I kept tweaking the introduction because the beginning needed to explain the goal in one breath. After that, I built a list of available features for the membership platform and marked the ones that were included. The venue emailed a list of events and speakers, and I highlighted the sessions where our demo had to fit. When the billing screen threw an error, support walked me through a reset and confirmed the receipt. The early invoices went onto a credit line that I can draw and repay as cash flow settles.",mixed
288,"The document opened with a short story, but the beginning section ran long, so I tightened the first lines. Right after, I attached a list of product features and add-ons so the committee could see options at a glance. The organizer shared a list of performers and a running order for the night, which dictated when we could set up. A support agent helped me recover the account after a lockout. I financed the equipment rental with a line of credit and cleared it once sponsorship money landed.",mixed
288,"I drafted the opening paragraph on the train, then rewrote the beginning section in the lobby to match the client’s tone. Next I pasted a list of available features for the service package, with a note about what costs extra. The confirmation email included a list of events and teams for the weekend, so we could plan coverage. When the QR scanner would not sync, help and support staff pushed an update while I waited. I bridged the gap with a revolving credit line instead of draining savings.",mixed
288,"I adjusted the introduction so the beginning did not sound like a sales pitch. Then I laid out a list of products and features that fit the project timeline. The festival’s email arrived with a list of performers and set times, and we used it to plan breaks. I contacted customer support because the checkout page mispriced fees, and they corrected it on the spot. The deposit was paid from a line of credit that we pay down monthly.",mixed
288,"The opening section of the guide was bland, so I rewrote the first paragraph to start with a real example. After that, I included a list of available features in the portal so users would know what to expect. The venue provided a list of events and speakers for the launch day, and I matched our staffing to that schedule. When my upload failed, the support line opened a ticket and stayed until the file appeared. We used a credit line to cover the initial order and repaid it once payments cleared.",mixed
288,"I read the draft aloud and realized the beginning section needed a stronger hook, so I rewrote the first two sentences. Next I created a list of product features and options for the client to compare. The organizer sent a list of teams and match times, and that list shaped our delivery plan. When the registration tool broke, customer support guided me through a fix and sent a confirmation email. The shortfall was covered through a revolving line of credit until reimbursements arrived.",mixed
288,"I focused on the introduction because the beginning sets trust more than any chart does. Once it was right, I added a list of available features for each subscription tier. The schedule came as a list of events and performers, and it showed exactly when we needed extra staff. I called the help desk to resolve a login issue, and they stayed on the line until it worked. The catering invoice went on a credit line that I can repay after the weekend.",mixed
288,"The first section of the application had to be concise, so I tightened the opening paragraph and cut the fluff. Then I attached a list of products and features we were requesting funding for. The committee also wanted a list of sessions and speakers for the public showcase, so I included the lineup they sent. When the portal rejected my submission, support reopened the form and verified the timestamp. I drew from a line of credit to cover travel costs until the grant reimbursement.",mixed
288,"I rewrote the beginning section of the contract summary so the introduction stated the scope clearly. After that, I inserted a list of available features and services included in the quote. The event manager sent a list of performers and times, and the lineup forced us to keep setup tight. When the vendor site would not accept our payment, customer support fixed the account settings. We relied on a revolving credit line to bridge the gap until the final invoice was paid.",mixed
288,"The introduction of the newsletter was too formal, so I rewrote the beginning to sound like a welcome. Under it I placed a list of product features for the new portal, with the most requested ones at the top. The email thread also contained a list of events and teams for the month, and it helped people plan attendance. Support reset several accounts after a password issue spread. I covered the extra printing cost with a small line of credit and paid it back quickly.",mixed
288,"The opening paragraph of my pitch was only four lines, but I edited the beginning section for an hour anyway. Then I showed a list of features the tool includes, because the audience wanted specifics. A separate message contained a list of performers and the running order, and it made the timing constraints obvious. When the livestream tool refused to connect, a support technician stayed with me until it worked. I financed the extra equipment using a revolving credit line for a short period.",mixed
288,"I wrote the introduction last, then moved it up so the beginning section guided the reader into the details. After that I formatted a list of products and features for procurement to compare. The venue sent a list of events and speakers, and the schedule determined when deliveries had to arrive. When a document upload failed, customer support corrected the permissions and confirmed receipt. We used a credit line to smooth the cash flow until the purchase order was reimbursed.",mixed
288,"I replaced a vague opening with a clear first paragraph, because the beginning section needed to earn attention fast. Next I inserted a list of available features for the service plan we were proposing. The organizer attached a list of performers and set times, and we planned staffing around the busiest blocks. A help agent answered when the dashboard hid a key setting and guided me to it. The advance payment came from a line of credit that we can draw and repay as needed.",mixed
288,"The first paragraph sounded uncertain, so I rewrote the beginning section to start with the outcome we promised. Then I attached a list of product features and upgrades, keeping the language simple. The coordinator shared a list of events and sports teams for the weekend, and that list showed which day would be crowded. When the payment page froze, customer support escalated the case and called back with a fix. We paid the deposit using a revolving credit line and cleared it after the first payout.",mixed
288,"I kept the opening section short and direct, trimming the introduction until it felt natural. After that I added a list of available features for the app so the client could see exactly what was included. The schedule arrived as a list of acts and times, and we used it to plan breaks and staffing. Help and support staff fixed a billing error while I watched the confirmation screen. I used a line of credit to cover the invoice until the next transfer arrived.",mixed
288,"The beginning section of the proposal was cluttered, so I rewrote the introduction in plain sentences. Then I created a list of products and features that fit the client’s requirements. The organizer forwarded a list of events and speakers for the conference, and it helped us choose the best demo slot. When the system locked me out, customer support verified my identity and restored access. We leaned on a revolving credit line to pay vendors while waiting for reimbursements.",mixed
288,"I wrote a stronger opening paragraph to anchor the beginning section of the report. Next I pasted a list of features and options for the platform we planned to use. The attachment also included a list of teams and fixtures for the season opener, which guided our timing. Support resolved a strange error message in the signup flow and sent steps for avoiding it. The initial spend went onto a credit line that we pay down each week.",mixed
288,"The introduction felt like a lecture, so I revised the beginning section to start with a small scene. Then I provided a list of available features and products so readers could choose without guessing. The program arrived as a list of performers and activities, and the names helped us plan crowd flow. I contacted the support line when the printing portal rejected the file, and they stayed until the upload succeeded. I covered the print run with a line of credit and repaid it after sales came in.",mixed
288,"I refined the opening section until the first paragraph sounded confident rather than cautious. After that, I attached a list of product features with checkboxes so nothing was missed. The organizer’s email included a list of events and performers, and the timing forced us to keep the setup fast. Customer support helped me correct a configuration error in the ticket system. I used a revolving credit line to pay the deposit and then cleared it from the first week’s revenue.",mixed
288,"I edited the introduction so the beginning section explained who the guide is for and what it solves. Then I inserted a list of features and included services for each plan. The venue sent a list of speakers and the session order, and that list dictated our rehearsal times. A support agent fixed my account when the login kept failing. I financed the short-term gap with a line of credit instead of delaying the launch.",mixed
288,"The first paragraph of the brief was too long, so I tightened the beginning section to two clean sentences. Next I added a list of products and features required for the rollout. The sports desk shared a list of teams and match times, and we aligned deliveries to that schedule. Support answered quickly when the vendor portal would not accept our documents. We used a revolving credit line to cover the bulk order until the client’s payment arrived.",mixed
288,"I rewrote the beginning section of the script so the introduction set the stakes without overexplaining. After that, I built a list of available features for the tool we were about to demo. The organizer posted a list of events and performers, and we picked the slot that would draw the biggest crowd. When the rehearsal platform crashed, help staff reopened the room and confirmed it was stable. I drew from a credit line to cover the rental and paid it back after the show.",mixed
288,"The opening section had to feel human, so I adjusted the introduction to sound like a direct message. Then I included a list of product features and options, because the client wanted concrete details. The venue forwarded a list of acts and set times, and we planned staffing around the peaks. I called customer support when the checkout button disappeared, and the agent stayed until it returned. I covered the gap with a revolving line of credit and reduced the balance as soon as invoices cleared.",mixed
30319,"The tightness in my chest started halfway up the stairs, and I could hear the wheeze with every breath. I sat on the landing and reached for my quick-relief inhaler from the side pocket of my backpack. After two puffs, the air finally moved in and out without that sharp hitch. I waited a minute before standing, listening for the rasp to fade. When I walked again, I kept my pace slow until my breathing felt normal.",single
30319,"Cold air hit my lungs as soon as I stepped outside, and my cough turned into a familiar squeeze. I leaned against the brick wall and used my quick-relief inhaler, counting my breaths between puffs. The relief came in waves, first easing the panic and then loosening the tight band around my ribs. I sipped water and stayed still until the wheeze softened. By the time my friend returned with the car, I could speak in full sentences again.",single
30319,"During the run, my breathing suddenly turned shallow, like I was pulling air through a straw. I stopped near the park bench and used my quick-relief inhaler, keeping my shoulders relaxed. The medicine kicked in fast enough that the dizziness passed before it became scary. I watched people stroll by while I recovered, letting my heart rate settle. After a few minutes, I headed home instead of pushing the workout.",single
30319,"I woke up at night with a whistle in my chest and that prickly feeling that my lungs were closing. In the dark, I felt around the nightstand until my quick-relief inhaler was in my hand. Two quick puffs, then slow breaths, then another pause to see if the pressure would lift. The room stopped spinning once I could draw a full breath again. I stayed propped up on pillows until the episode fully passed.",single
30319,"The dust from moving old boxes set my chest off almost immediately. I stepped out to the hallway and used my quick-relief inhaler, trying not to cough too hard. The wheeze loosened, and the sharp edge of every inhale dulled to something manageable. I went back in with a mask and kept the windows open. Every few minutes, I checked that my breathing stayed steady.",single
30319,"At the small cemetery, I traced the carved letters on a headstone and read the name out loud under my breath. An older woman nearby nodded and told me it was her grandfather, then shared a story that made the dates feel less distant. Later that day, I opened an online obituary and saw familiar names in the guestbook, each message signed like a quiet handshake. The repetition of names made the town feel stitched together, even across decades. I closed the page and sat with the strange intimacy of it.",single
30319,"In the museum archive, a curator slid a folder toward me with a neatly typed label and several signatures in ink. Each page carried another name, some famous, some clearly ordinary, all tied to the same event in different ways. On the train home, I read a news piece that quoted three people, their names anchoring the story like pins on a map. I kept thinking about how a simple name can carry grief, pride, and reputation at once. By the time I reached my stop, the list had turned into a chorus in my head.",single
30319,"The community center hung a memorial banner with dozens of names printed in careful rows. I watched people point, pause, and whisper as they found someone they knew. A volunteer handed me a program that included short biographies, each one beginning with a full name and ending with a date. Later, I searched those names online and found business profiles, art show listings, and old mentions in local history. It felt like walking through a town made of words.",single
30319,"My grandfather kept a scrapbook of clippings, and every article was marked with a circle around the name that mattered to him. One page held an obituary, another held a report about a factory opening, both connected only by the people named in them. At dinner, he recited those names like they were neighbors he could still visit. I could tell which ones meant something by the way his voice softened. When he closed the book, the silence felt respectful.",single
30319,"The gallery brochure listed the artists in bold, and I found myself repeating each name as I moved from piece to piece. A placard beside a painting mentioned a business sponsor and two donors, their names polished into the narrative of the room. On my phone, I pulled up a historical account of the building and saw those same names appear in older roles. It was strange how the same letters could belong to a person, a family, and a legacy all at once. I left the gallery feeling like I had met people without ever shaking their hands.",single
30319,"Fei leaned over the table and asked if the soup was too salty, then laughed when I said I had no idea because my tongue was numb from hot tea. She told me about her morning commute, acting out the crowded bus with quick little gestures. When my phone buzzed, she waited without making it awkward, tracing a circle on the coaster while I replied. I apologized, and Fei waved it off, asking me what I wanted to do this weekend. The conversation slid back into place like it had never been interrupted.",single
30319,"I ran into Fei in the hallway outside the meeting room, and she greeted me like we had spoken yesterday. She asked how my project was going and listened closely, nodding at the parts that worried me. When I hesitated, she filled the gap with a light joke that made the stress drop a notch. I told her I hadn’t slept much, and Fei offered to grab coffee after work. By the time we parted, my shoulders felt lower.",single
30319,"Fei texted first, sending a photo of a crooked street sign and asking if I knew where it was. I replied with a guess, and she wrote back immediately, teasing me for being confidently wrong. In the afternoon, we met near the station, and Fei kept bumping my elbow whenever she spotted something funny. She talked about a book she was reading, then asked what I was listening to these days. Walking beside her felt easy, like the city had slowed down for us.",single
30319,"At the café, Fei chose the seat facing the window and spent a minute people-watching before she spoke. She asked why I seemed distracted, and the question was gentle enough that I answered honestly. Fei didn’t rush to fix anything; she just stayed present, letting me talk until the knot in my chest loosened. When I finally stopped, she changed the subject with a story about her neighbor’s loud dog. I laughed more than I expected to.",single
30319,"Fei called during my walk home and started describing her day before I even said hello. I could hear traffic behind her voice, and she kept pausing to let a siren pass. She asked if I had eaten, then scolded me lightly when I admitted I’d skipped lunch. Fei told me to stop by the store and promised she’d wait on the line while I did. By the time I reached my door, I felt oddly taken care of.",single
30319,"The bank representative asked me to confirm the account name letter by letter, as if the spelling itself carried risk. I signed the paperwork and watched my signature sit beside the company name on the final page. Later, I opened the app and saw a new rewards tab with a program name and a neat membership number under it. The confirmation email arrived with the same names repeated in bold, stamped across subject lines and footers. It was all clean, official, and slightly intimidating.",single
30319,"In the legal office, the receptionist slid a clipboard toward me with my name already printed at the top. The document packet inside had business names on every corner, along with disclaimers that sounded absolute. After the meeting, I checked my wallet and found a loyalty card from the same company, its program name glossy under the lights. I tapped the card against my phone case, amused at how the same brand could feel both friendly and formal. On the train, I reread the agreement and kept noticing how often names did the heavy lifting.",single
30319,"The invoice looked simple until I saw how many corporate names were stacked in the fine print. I called customer support, and the agent repeated the company name twice before asking for my details. When the charge was reversed, a confirmation message arrived with the bank’s name, the merchant’s name, and my account name all in a tidy row. Later, a loyalty offer popped up promising points if I kept spending with the same brand. It felt like my life was being indexed by names and numbers.",single
30319,"I stood at the checkout while the cashier asked which rewards program I belonged to. She read the program name off the screen and told me it had changed since last year. After I entered my details, a finance approval notice appeared with a company name I didn’t recognize, and I had to ask what it meant. The explanation was quick, but the new name stuck in my mind like a label on a file. When I got home, the receipt showed three different business names for the same purchase.",single
30319,"The contract packet was thicker than I expected, and each page carried a business name in the header like a warning. My advisor explained the difference between the brand on the storefront and the legal name on the documents. After signing, I received a welcome email inviting me to enroll in a loyalty program with its own polished title. The whole process felt like stepping through nested doors, each one labeled with another name. I tucked the copies into a folder and hoped I’d never need to read them again.",single
30319,"The invitation card had a raised floral pattern that caught the light when I tilted it, as if the paper itself were blooming. In the corner, a brand name sat in crisp letters, modest but unmistakable. I ran my fingertip over the texture and felt the petals press back against my skin. Under the lamp, the pattern looked deeper, almost embossed like a stamp. I kept the card on my desk because it made ordinary paper feel ceremonial.",single
30319,"In the boutique, a handbag display used a raised floral pattern on the lining, and the texture made the fabric feel expensive. A small brand name tag was stitched near the seam, quiet but confident. I pressed the material between my fingers and watched the pattern spring back into shape. The salesperson said the design was meant to echo old wallpaper, and I could almost see it on a vintage wall. I left without buying anything, but the feel of that pattern stayed with me.",single
30319,"The wallpaper sample arrived rolled tight, and when I uncurled it the raised floral pattern stood out like sculpted foam. A brand name was printed along the edge, partly hidden by the tube’s shadow. I held it against the wall and watched the bumps cast tiny outlines in the afternoon sun. Each flower seemed to shift as I moved, turning flat color into something dimensional. I understood why people pay extra for texture.",single
30319,"A notebook on the shelf had a raised floral pattern pressed into the cover, and it looked like a garden trapped under lacquer. The brand name was stamped below the spine in shiny letters. I opened it and heard the soft crack of a new binding, then closed it just to feel the cover again. The pattern made the book feel heavier, even though it wasn’t. I bought it because it felt like a small luxury I could touch every day.",single
30319,"The packaging for the perfume was simple until I noticed the raised floral pattern wrapping around the box like a hidden relief. A brand name sat centered on the front, sharp against the soft texture behind it. I turned the box in my hands and let the light skim the raised petals. It was the kind of design that makes you slow down before you even open the lid. For a moment, the box itself felt like the product.",single
30319,"At the airport gate, a man beside me reached for his quick-relief inhaler when the dry air made him wheeze. While he recovered, I glanced at a newspaper with an obituary page open, names lined up like quiet headlines. A woman named Fei sat across from us and started chatting with the attendant about a delayed connection. Over the loudspeaker, a loyalty program announcement repeated a brand name and a finance partner name I recognized from my bank’s emails. When boarding began, I noticed the airline’s premium ticket sleeve had a raised floral pattern pressed into the paper around the logo.",mixed
30319,"The museum hosted a memorial evening, and the wall of names near the entrance made everyone speak more softly. Halfway through the speech, someone behind me coughed and used a quick-relief inhaler, the sound small but urgent in the quiet room. Fei leaned in and whispered a question about the artist, then pointed to a plaque where donors’ business names were engraved beside legal acknowledgments. The invitation booklet had a raised floral pattern around the brand name, the texture catching the spotlight each time it moved. Outside, a staff member offered extra points for scanning a loyalty code, repeating the program name like it was part of the ceremony.",mixed
30319,"In the hotel lobby, Fei handed me a program for the charity gala, and the cover had a raised floral pattern that felt like embossed petals. I flipped through and saw a long list of honorees and memorial mentions, each name paired with a short note about their work. A guest at the next table paused mid-sentence to use a quick-relief inhaler, then apologized as if breathing were a social mistake. At check-in, the clerk asked whether I wanted to link my stay to a loyalty program and confirmed the business name that would appear on the payment authorization. Later, the news feed on the lobby screen scrolled past another familiar name from the program, now in a headline about finance.",mixed
30319,"Fei and I stopped by a courthouse café after her appointment, and the counter display advertised a rewards program with a shiny brand name. At the next table, a lawyer read from a document that repeated company names and personal names with careful precision. A man nearby suddenly reached for a quick-relief inhaler, and the barista quietly offered him water without staring. On the wall, framed newspaper clippings and old obituaries covered local history, each one anchored by bold names. The café menus were printed on thick stock with a raised floral pattern that made the place feel fancier than it was.",mixed
30319,"The bookstore hosted a talk about a local historian, and the poster listed names from old news reports and memorial records in big, confident letters. Fei arrived late and slid into the seat beside me, whispering an apology and offering me a mint. During the Q&A, someone in the front row used a quick-relief inhaler and then continued asking their question as if nothing happened. At the checkout, I paid and got a receipt showing the store brand, a separate legal entity name, and an invitation to join a loyalty program for points. The tote bag they sold had a raised floral pattern around the printed brand name, making it feel like a keepsake.",mixed
30319,"We toured a renovated theater where a memorial plaque listed donors’ names in a tight grid by the entrance. Fei teased me for reading every line, then pointed out a company name she recognized from a finance app. In the foyer, a volunteer offered a sign-up link for the theater’s loyalty program and asked me to confirm my name exactly as it would appear. A patron paused near the coat check to use a quick-relief inhaler, then thanked the staff for keeping the air filters running. The program booklet had a raised floral pattern pressed into the cover, framing the brand name like a decorative border.",mixed
30319,"At the art fair, the first booth I visited displayed prints with raised floral patterns you could feel through the varnish, each labeled with a brand name at the corner. Fei greeted an artist she knew, introducing me with my full name as if we were in a formal meeting. A nearby stand sold memberships, and the vendor explained the loyalty program while a finance partner name scrolled across the payment terminal. Behind us, a couple browsed an obituary collection book, tracing names like they were searching for family. When the crowd thickened, I heard the familiar click of a quick-relief inhaler and watched someone step aside to breathe.",mixed
30319,"The community center held a fundraiser dinner, and the place cards showed everyone’s names in elegant script. Fei sat across from me and kept the conversation light, asking about my week between bites. Midway through the meal, a guest excused themselves to use a quick-relief inhaler in the hallway, returning with a calmer face. The silent auction sheets listed business sponsors and legal names next to the bid lines, and a loyalty program sign promised points for donations. Even the table numbers were printed on thick paper with a raised floral pattern around the event’s brand name.",mixed
30319,"I picked up a glossy brochure at the bank, and its cover had a raised floral pattern framing the institution’s brand name. Fei called while I waited, talking me through the paperwork and asking if I’d eaten lunch. On a nearby chair, someone skimmed a newspaper obituary section, pausing at a familiar surname. The advisor returned and explained why the legal entity name on the contract differed from the name on the debit card, then asked whether I wanted to enroll in the loyalty rewards. When I stepped outside, a passerby used a quick-relief inhaler and kept walking as if it were part of the street noise.",mixed
30319,"At the train station kiosk, a clerk offered a loyalty deal and read the program name aloud while tapping through finance screens. Fei stood beside me, joking that my face looked like I was signing a treaty. Behind us, a commuter held a booklet of memorial notices and obituaries, names jumping off the page in bold. A few steps away, someone coughed, pulled out a quick-relief inhaler, and waited for their breath to settle before joining the line again. The ticket sleeve I received had a raised floral pattern pressed into it, with the brand name shining at the center.",mixed
30319,"The antique shop smelled like old paper, and Fei immediately drifted toward a shelf of framed newspaper clippings. I leafed through a binder of historical accounts and obituaries, noticing how often the same names resurfaced across decades. A customer at the counter used a quick-relief inhaler after laughing too hard, then resumed bargaining like nothing happened. The owner rang up my purchase under a business name that didn’t match the storefront sign and asked if I wanted to join a loyalty program for discounts. When she wrapped the item, the gift paper had a raised floral pattern that made the plain brand name look ornate.",mixed
30319,"Fei invited me to a corporate open house, and the welcome packet had a raised floral pattern pressed into the cover around the brand name. A wall display featured founders’ names, along with excerpts from old news reports that treated them like legends. During a tour, an employee stepped aside to use a quick-relief inhaler and returned to the group with an easy smile. At the registration desk, I signed a form listing the company’s legal name and a finance partner name, then received a loyalty card with a program title I’d never heard before. On the way out, I saw a memorial photo table with more names, smaller and more personal than the ones on the wall.",mixed
30319,"The charity run ended in a tented pavilion where volunteers handed out drinks and asked runners to scan a loyalty code for rewards. I heard Fei calling my name from across the crowd, waving her phone like a beacon. Near the medical table, someone used a quick-relief inhaler, breathing slowly until the wheeze eased. A sponsor board listed business names and legal names in tiny print, and a local newspaper had a memorial insert honoring a coach, names filling an entire page. The finisher ribbon came in a sleeve with a raised floral pattern framing the sponsor’s brand name.",mixed
30319,"Fei and I attended a lecture at the gallery, and the first thing I noticed was the raised floral pattern stamped into the brochures. The speaker opened with a story about a painter whose name appeared in old obituaries and newspaper reports, then pointed to a list of patrons on the wall. A couple rows ahead, someone took out a quick-relief inhaler during the applause and waited for their breath to catch up. At intermission, the cashier explained that the charge would show a different business name because of a finance processor, then offered a loyalty membership for discounts. Fei teased me for reading the fine print before buying a postcard.",mixed
30319,"The restaurant hosted a memorial dinner, and every menu included a page of names with short tributes. Fei sat beside me and whispered translations when the older guests switched languages mid-story. A guest across the room used a quick-relief inhaler discreetly, turning their chair toward the wall until the tightness passed. When the bill came, it listed a business name different from the sign outside, and the server asked if I wanted to apply my loyalty points. The menu cover had a raised floral pattern around the brand name, and my fingers kept finding the texture while I listened.",mixed
30319,"At the conference check-in, I received a badge printed with my name and a booklet full of speakers’ names in bold. Fei walked up as I flipped pages, greeting two people like old friends before introducing me. A participant nearby used a quick-relief inhaler, then laughed about the venue’s dry air as if it were a minor inconvenience. The sponsor page listed business names, legal entities, and a finance provider, and a booth offered a loyalty program for attendees who visited enough stands. Even the lanyard card had a raised floral pattern embossed behind the event’s brand name.",mixed
30319,"Fei joined me at the boutique launch, where the brand name appeared everywhere, from the signage to the loyalty kiosk by the door. The invitation cards had a raised floral pattern that felt like carved petals, making the paper seem thicker than it was. A slideshow played on the wall with names of designers and patrons, mixing art credits with business acknowledgments like a news report turned into décor. When the crowd grew dense, someone stepped outside to use a quick-relief inhaler and returned once their breathing steadied. At checkout, the receipt displayed a legal entity name and a finance partner name that didn’t match the storefront, and I suddenly understood why people keep paperwork.",mixed
30319,"In the library’s local history room, I read obituaries and old newspaper columns, noticing how certain names kept reappearing as if the town couldn’t let them go. Fei sat across from me, quietly turning pages and occasionally pointing at a name she recognized. A man at the next table wheezed, used a quick-relief inhaler, and then asked the librarian for help finding a file. When we paid for photocopies, the terminal flashed a business name and a finance processor name before asking if we wanted to join a loyalty program. As we left, I picked up a souvenir bookmark with a raised floral pattern and the library’s brand name pressed into the surface.",mixed
30319,"Fei and I stood in line at the theater while volunteers handed out programs embossed with a raised floral pattern around the logo. Inside, a memorial slide listed names of past performers, and the crowd applauded as each name appeared. The person next to me used a quick-relief inhaler during the intermission rush, then joked about needing to avoid the fog machine. At the bar, the payment screen showed a different business name than the one on the marquee, followed by an offer to join a loyalty program for points. Fei nudged me when I started reading the legal fine print instead of choosing a drink.",mixed
30319,"The fundraiser auction catalog was heavy with names, from honorees to sponsors, some drawn from old news stories and some from local businesses. Fei circled a few entries with a pen, whispering which ones she thought would bid high. A guest near the stage paused to use a quick-relief inhaler, then returned to the crowd with a glass of water. The checkout desk asked for my name exactly as it appeared on my bank account, and the receipt included the legal entity name and a finance partner. The catalog cover had a raised floral pattern framing the brand name, and it felt oddly comforting under my thumb.",mixed
30319,"At the craft market, Fei stopped at a booth selling journals with raised floral patterns pressed into the covers, each stamped with a small brand name. A vendor told us the designer’s name and mentioned it had appeared in a recent news profile about local artists. Nearby, a table displayed memorial cards for a community member, names printed in soft gray and set beside candles. When the crowd shifted, someone used a quick-relief inhaler and waited near the exit until the air felt clearer. At payment, the terminal listed a different business name and offered loyalty points, and Fei laughed when I asked why there were so many names for one purchase.",mixed
30319,"Fei and I walked through the hotel corridor to a reception where the walls displayed framed obituaries and historical articles about the building’s founders. The reception desk asked for my name, then confirmed the corporate name that would appear on my finance statement. A guest by the doorway used a quick-relief inhaler after climbing the stairs, then smiled and rejoined the conversation. On the cocktail table, the napkins were embossed with a raised floral pattern around the hotel’s brand name, making even paper look expensive. Fei ran her fingers over the texture and said it reminded her of old wallpaper.",mixed
30319,"In the courtroom lobby, I saw a long roster of names on a screen, each tied to a case and a time slot. Fei whispered that we’d be waiting a while and offered me a snack from her bag. A man nearby used a quick-relief inhaler, then folded his documents with shaking hands until his breathing calmed. The paperwork I held repeated a business name and a legal entity name, and the clerk mentioned a finance fee that would show up under a separate name. Even the visitor badge had a raised floral pattern behind the official seal, like someone tried to make bureaucracy decorative.",mixed
30319,"At the book launch, the host read out names of editors, patrons, and local historians, and the applause rose and fell with each introduction. Fei leaned against the wall beside me, amused by how formal everyone suddenly became. Someone in the front row used a quick-relief inhaler between questions, then continued speaking clearly once the tightness eased. The signing table offered a loyalty program for future events, and the sign explained that payments processed under a different business name for finance reasons. The author’s tote bags had a raised floral pattern pressed into the fabric around the brand name, and they looked more like art than merchandise.",mixed
30319,"Fei met me at the bank café, where the menus were printed on thick paper with a raised floral pattern around the logo. A TV in the corner ran a local news segment, and the anchor repeated names of people and companies as if they were the whole story. At the next table, an older man read an obituary section and traced a familiar name with his finger. A customer at the counter used a quick-relief inhaler after laughing at a joke, then pulled out documents covered in business names and legal terms. When I paid, the terminal offered loyalty enrollment and flashed a finance processor name before approving the charge.",mixed
31286,"When you open the toolbox, you should check that the latch is fully locked before you lift it. If you feel resistance while turning the knob, you can pause and realign the parts instead of forcing them. You will get a smoother result when you keep the pressure steady all the way through. After you finish, you should wipe the surface so you don’t carry grit into the next step. If you follow the sequence, you’ll spend less time fixing mistakes later.",single
31286,"You can start the setup by plugging the cable in before you press the power button. When you see the first screen, you should select the option that matches your region so the defaults make sense. If you choose the wrong setting, you can go back without losing the rest of your progress. You’ll know it’s saved when the confirmation message appears at the bottom. Once you close the window, you can begin using the tool right away.",single
31286,"If you want the paint to dry evenly, you should keep the room warm and avoid touching the surface too soon. You can test the edge with a fingertip, but you shouldn’t press hard enough to leave a mark. When you notice dull patches, you can add a thin coat rather than piling it on. You’ll get cleaner lines when you pull the tape away at an angle. After that, you can step back and check the finish under brighter light.",single
31286,"You should tighten the strap until it feels secure, but you shouldn’t cut off circulation in your wrist. If you see the indicator light blinking, you can hold the button down for three seconds to reset it. You’ll get better readings when you keep the sensor flat against your skin. When you’re done, you can rinse it briefly and let it air-dry. If you store it dry, you won’t get that sour smell later.",single
31286,"When you choose the advanced mode, you can access extra options without changing the basic layout. You should read the short note under each switch because it tells you what will happen immediately. If you don’t like the result, you can undo it before you exit the menu. You’ll save time if you test one change at a time instead of flipping everything at once. After you confirm, you can continue with the same workflow as before.",single
31286,"You keep saying you’re fine, but your voice drops whenever you mention the deadline. If you want, you can call me after dinner and we can talk while you walk home. You don’t have to explain everything in order; you can just start with what feels loudest in your head. If you get stuck, you can pause and I’ll wait without filling the silence. When you’re ready, you can decide what to do next.",single
31286,"You left your keys on the table again, and you didn’t even notice until you were halfway to the door. If you’re going to rush, you can at least take one second to check your pockets. You always think you’ll remember, and then you end up texting me from the stairwell. If you want, you can put a small bowl by the entrance so you have one place to drop them. Next time you’ll thank yourself when you’re not sprinting back upstairs.",single
31286,"You look tired, and the way you’re scrolling makes it seem like you’re hoping the screen will solve something for you. If you’re hungry, you can eat first and then decide whether the problem still feels urgent. You don’t have to respond to every message the second it arrives. If you want a break, you can put your phone down and sit with me for five minutes. You’ll still have time afterward, even if it doesn’t feel like it right now.",single
31286,"You said you’d be here at six, and it’s already dark outside. If you got delayed, you can just tell me instead of pretending the train wasn’t late. You don’t need an excuse that sounds perfect; you just need to be honest. If you want, you can call when you’re two stops away so I can start the oven. When you arrive, you can drop your bag and breathe for a second before we talk.",single
31286,"You might think nobody noticed your effort, but I saw you staying late and cleaning up after everyone left. If you want recognition, you can ask for it without feeling guilty. You can also decide that you’re done overextending and start saying no. If you keep absorbing extra work, you’ll end up resenting the people you’re trying to help. You deserve a pace that doesn’t drain you.",single
31286,"You can get 20% off today if you sign up before the timer runs out. When you enter your email, you’ll unlock free shipping and early access to the next drop. You don’t need to guess your size because you can use the fit guide on the product page. If you change your mind, you can return it within the window listed at checkout. You’ll see the discount applied as soon as you hit confirm.",single
31286,"If you want your coffee delivered faster, you can switch to the subscription and skip the extra fee. You’ll get a reminder before each shipment, so you can adjust the date when life gets busy. If you choose the larger bag, you can save more per cup without changing the flavor you like. You can cancel anytime, and you won’t be stuck with a long contract. You’ll notice the savings the first month.",single
31286,"You’ve looked at the same jacket three times, so you might as well claim the offer while it’s still in stock. If you add it to your cart now, you can lock in the price before it changes. You can also bundle it with the matching pants and get an extra discount automatically. If you’re unsure, you can check the reviews from people your height. You’ll know within minutes whether it’s the one.",single
31286,"You can upgrade your plan today and get priority support whenever you need help. When you switch, you’ll keep your current settings, so you won’t lose the work you’ve already done. You can try the premium tools for a week and decide if they actually fit your routine. If it’s not for you, you can downgrade without paying extra. You’ll see the new features appear immediately after purchase.",single
31286,"If you want a simple gift, you can choose the bundle and have it wrapped for you. You’ll get a tracking link the moment it ships, so you won’t have to guess when it arrives. If you add a note, you can personalize it without spending extra time. You can pick the delivery day at checkout, which helps if you’re traveling. You’ll finish the whole thing in less than five minutes.",single
31286,"When you reach the settings screen, you can choose whether you want notifications on or off. You should read the brief description under the toggle so you know what changes immediately. If you select the quiet mode, you can still receive critical alerts without constant buzzing. You’ll see a preview of how it behaves before you save. After you confirm, you can return to the main page and continue.",single
31286,"You can start the process by selecting the file and waiting for the progress bar to finish. If you see an error message, you can tap the help link and follow the suggested fix. You should avoid closing the window until the final checkmark appears. When you’re done, you can review the output and rename it to something you’ll recognize later. You’ll have everything in place for the next step.",single
31286,"If you want to replace the filter, you should turn the device off before you open the cover. You can slide the old piece out and check for dust along the edges. When you insert the new one, you should press until you feel it click into place. You’ll know it’s seated correctly when the indicator stops flashing. After that, you can power it back on and let it run.",single
31286,"You can adjust the brightness by dragging the slider until the text looks comfortable. If your eyes feel strained, you can switch to a warmer tone without changing the layout. You should test it in the room where you usually use it, because lighting changes everything. When you find a setting you like, you can save it as a preset for later. You’ll notice the difference the next time you read for a while.",single
31286,"When you pick the default option, you can still customize later without starting over. You should follow the prompts in order, because skipping ahead can hide the buttons you need. If something doesn’t match what you see, you can refresh and try again. You’ll get a confirmation message once the change is applied. After that, you can move on with the rest of your work.",single
31286,"You can follow the guide on the screen to connect the device, and you should keep it nearby while it pairs. If you don’t see it listed, you can tap refresh and wait a few seconds. You’ll know it worked when the status switches from gray to green. Once it’s connected, you can choose the tools you want and ignore the rest. If you get stuck, you can open the help panel and read the short explanations.",mixed
31286,"If you want a faster checkout, you can save your details so you don’t retype them next time. You should read the note under the button so you know what will be stored and what won’t. When you see the confirmation banner, you’ll know the change is active. If you decide you don’t like it later, you can turn it off in settings without losing your account. You’ll still be able to browse the same way either way.",mixed
31286,"You can start by selecting the option on the left, and you should wait until the loading circle disappears before clicking again. If you’re following along, you’ll notice the screen changes as each step completes. You can also take the offer at the bottom if you want extra features, but you don’t have to decide right now. If you choose it, you’ll see the discount applied immediately at checkout. You can come back later and change your plan without redoing the setup.",mixed
31286,"When you open the box, you can scan the card and you’ll land on a page that walks you through the first steps. You should keep the device close, because you’ll need to press a button when the prompt appears. If you want to extend coverage, you can add the protection plan while it’s still discounted. You’ll get a message as soon as registration completes, and you can save the receipt to your email. If anything feels confusing, you can tap help and read the short explanation under each option.",mixed
31286,"You can choose the basic mode if you want something simple, and you can switch later without losing your work. You should read the small labels under the toggles because they explain what changes right away. If you decide to upgrade, you’ll get the promotional price shown on the banner at the top. You can cancel the upgrade later if it doesn’t fit, and you won’t be stuck with it. When you’re done, you can return to the main screen and keep going.",mixed
31286,"If you want to get started quickly, you can follow the prompts in order and you’ll be finished in a few minutes. You should keep an eye on the status line, because it tells you when it’s safe to move on. If you choose the limited-time deal, you’ll unlock the extra tools without changing the layout you’re used to. You can test those features and decide later whether they’re worth it. When you’re satisfied, you can confirm and continue with your normal routine.",mixed
31286,"You can tap the icon to open the tutorial, and you should watch the small animation so you know where the buttons moved. If you’re interested, you can claim the offer that shows up afterward and save a bit today. You’ll get a confirmation the moment it’s applied, and you can keep using the app like before. If you change your mind, you can revert the setting without losing your data. You can finish the whole flow without leaving the page.",mixed
31286,"When you arrive on the first screen, you can pick the option that matches what you’re trying to do. You should wait for the checkmark before you close anything, even if it feels slow. If you want the premium add-on, you can select it at the end and see the price drop automatically. You’ll still be able to undo it later if it doesn’t help. Once you confirm, you can move on to the next task immediately.",mixed
31286,"You can follow the on-screen steps to connect everything, and you should keep the cable plugged in until the process finishes. If you don’t see the device listed, you can refresh and try again without panicking. You’ll get a prompt offering an upgrade with a discount, and you can accept it or skip it depending on what you need. If you take it, you’ll see new options appear right away. When you’re done, you can return to the dashboard and start using it.",mixed
31286,"If you want fewer interruptions, you can turn on quiet mode, and you’ll still get the important alerts. You should read the brief note under the switch so you know what counts as important. If you’re curious, you can also try the paid version that’s being promoted on the same screen. You can cancel later if it doesn’t feel useful. Once you save, you can go back and keep working without the menu popping up again.",mixed
31286,"You can start by clicking continue, and you should keep going even if the screen flashes for a second. If you’re offered an extra bundle, you can take it and the discount will show at the end. You’ll know the system accepted your choice when the banner appears at the top. If you don’t like the result, you can undo the change before you exit. When you finish, you can close the window and carry on.",mixed
31286,"When you open the guide, you can see the steps laid out in a way that keeps you moving forward. You should check the small status text, because it tells you whether the last action actually saved. If you want to add the promoted feature, you can do it from the same page and keep everything in one place. You’ll get confirmation immediately, so you won’t wonder if it worked. If you later decide it’s unnecessary, you can switch back without restarting.",mixed
31286,"You can choose the tool you want from the menu, and you should read the short description so you don’t pick the wrong one. If you’re tempted by the sale, you can activate the upgraded option and see what changes. You’ll get a message as soon as it’s enabled, and you can keep using your old settings. If it doesn’t help, you can disable it in a few clicks. When you’re done exploring, you can return to what you were doing.",mixed
31286,"If you want to finish quickly, you can follow the prompts and you’ll be guided through each decision. You should keep the window open until the final confirmation appears. If you decide to take the promotional plan, you’ll see the reduced price before you commit. You can still change your mind later without losing your progress. Once it’s done, you can get back to the main screen and continue.",mixed
31286,"You can begin by selecting your preference, and you should pause if the app asks for permission before proceeding. If you see a banner offering a discount, you can claim it and unlock more options. You’ll get an immediate confirmation, and you can start using the added tools right away. If you find it unnecessary, you can turn it off later in settings. When everything is set, you can leave the menu and carry on.",mixed
31286,"When you click the help button, you can read a short explanation that tells you what each option does. You should follow the steps in order so you don’t miss the confirmation screen. If you want, you can also accept the promotional upgrade that appears at the end of the flow. You’ll see the discount applied before you finalize anything. After you confirm, you can go back to your work without revisiting the tutorial.",mixed
31286,"You can start by connecting the device, and you should keep it close until the pairing finishes. If the prompt doesn’t appear, you can retry without resetting everything. You’ll be offered an upgrade with a sale price, and you can accept it or skip it depending on your needs. If you take it, you’ll see new controls immediately after checkout. Once the status shows ready, you can continue with the task you came for.",mixed
31286,"If you want to personalize the experience, you can adjust the settings and see the preview update as you move the slider. You should save after each change so you don’t lose what you liked. If you’re interested in the offer, you can activate the promoted plan and access the extra tools right away. You can cancel later if you decide it’s not worth it. When you’re done, you can return to the main page and keep going.",mixed
31286,"You can follow the setup prompts, and you should wait for the confirmation banner before you close anything. If you want to try the premium tools, you can accept the promotional price shown during the process. You’ll see the new options appear as soon as the purchase completes. If it doesn’t fit your routine, you can revert to the basic plan later. Once everything is saved, you can start using it immediately.",mixed
31286,"When you reach the final screen, you can review what you chose and make changes before you confirm. You should read the small notes so you understand what happens right away. If you take the sale offer, you’ll unlock extra features without changing your current layout. You can still disable them later if they don’t help. After you press confirm, you can return to the dashboard and continue.",mixed
31286,"You can start the guide, and you should keep an eye on the status line as it updates. If something looks wrong, you can back up a step without losing everything. You’ll see a promotional upgrade option appear, and you can choose it if you want the extra tools. If you decide later it isn’t worth it, you can downgrade without hassle. When the final checkmark appears, you can move on with your day.",mixed
31286,"If you want to avoid mistakes, you can follow the instructions on screen and you’ll be prompted at each step. You should wait for the save message before you exit the menu. If you accept the promotional deal, you’ll see the discount applied instantly and the extra options unlocked. You can try them out and decide later whether to keep them. Once you’re finished, you can return to the main screen and continue working.",mixed
32177,"Part three of the newsletter landed in my inbox right after breakfast, and the heading promised a deeper dive than part two. The signup page offered a first option for beginners and a second option for people returning after a break. I chose the third track because it started at level two and moved fast. By the end of the week, the fourth installment was already assigned.",single
32177,"The training portal unlocked level one on Monday and level two on Wednesday, so the pace felt relentless. I skimmed the second article in the series to catch up before the quiz opened. There were three options for the final project, and the first sounded too easy. I committed to the third option and saved part five for the weekend.",single
32177,"The guide was split into four parts, and I was asked to summarize the second part for our meeting. A note at the top warned that level three required completing level two first. When I clicked the menu, the first option was greyed out because I had skipped part one. I went back and finished the first section before moving on to the third.",single
32177,"Our coach labeled the plan as week one, week two, and week three, each with a different focus. The first week was all basics, but the second week introduced harder drills. I kept rereading the third module because it explained what changed between level one and level two. When the fourth week arrived, the choices for advanced sessions finally made sense.",single
32177,"I wrote a numbered list on a sticky note and started with the first item before the kettle boiled. The second item was to call the dentist, so I did it quickly to avoid overthinking. I crossed out the third item once the email was sent. By the fourth item, the page looked calmer than my morning felt.",single
32177,"On the whiteboard, the first line said to shut the door, and the second line reminded us to silence our phones. The third line was a quick check of attendance, so we moved down the list together. Someone skipped the fourth line and the teacher pointed back to it. When we reached the fifth line, the room was finally settled.",single
32177,"My to-do list had ten entries, and the first one was the smallest on purpose. The second and third were errands that could be done on the same street. I saved the fourth for later because it needed a password I could not remember. The fifth item stayed untouched until the evening.",single
32177,"She handed me a printed list with the first name circled in pen. The second name had a note in the margin, and the third had a question mark. I scanned down to the fourth to see where my friend landed. The fifth line was blank, as if the list had been cut off mid-thought.",single
32177,"The receptionist told me to take the second hallway and stop at the third door on the right. I counted slowly because every corridor looked identical. A small plaque confirmed I was on the fourth floor, not the third. When I finally found the second waiting area, my name was already called.",single
32177,"Our group was split into three teams, and I was placed in the second team with the quietest people. The coach asked the first team to start, then waved the second forward. We met near the fifth station on the track, right beside the third cone. By the time the fourth round ended, everyone knew where to stand.",single
32177,"The apartment listing said the unit was on the sixth floor, but the elevator buttons only went to the fifth. A neighbor explained that the sixth was labeled as the fifth plus one in this building. I walked to the second stairwell and climbed to the third landing. The fourth door there had the correct nameplate.",single
32177,"Directions to the museum said to enter through the first gate, then turn left at the second courtyard. The exhibit I wanted was in the third gallery, tucked behind the fourth arch. A map on the wall marked it as the fifth stop on the route. I followed the order and arrived without backtracking.",single
32177,"In the race results, he took first place and I landed in third, which stung more than I expected. The second-place finisher kept shrugging as if it was no big deal. After the medals, we lined up in order for the photo, and the third spot felt suddenly important. When the announcer read the rankings again, the crowd clapped louder for first than for anyone else.",single
32177,"The librarian told me the mystery novels were on the second shelf, and the first shelf was reserved for new releases. I reached for the third book in the row because its cover looked worn in a comforting way. The fourth title was missing, leaving a gap that made the order obvious. I checked out the third and left the others in place.",single
32177,"At the tasting, the first cheese was mild, the second was sharp, and the third had a smoky edge that lingered. I wrote quick notes so I could remember the order later. The fourth sample reset my palate with something clean and grassy. By the fifth, I was confident the third was my favorite.",single
32177,"The seating chart put me in the fifth chair, but the usher insisted I was in the fourth row. I counted from the aisle and realized the first chair was not where I assumed. The third seat ended up by the window, not the middle. Once the order clicked, everyone stopped shuffling.",single
32177,"Step 1 said to preheat the oven, so I turned the dial before touching anything else. Step 2 told me to whisk the eggs until they foamed, and my arm started to ache. Step 3 was to fold in flour gently, which felt like a warning not to rush. By step 4, the batter looked smooth enough to trust.",single
32177,"The manual began with step one: unplug the device and wait ten minutes. Step two instructed me to remove the back panel with a small screwdriver. I followed step three to reseat the cable, even though it felt too simple to matter. Step four was to power it on and watch the light turn green.",single
32177,"The lab protocol listed step 1 as labeling tubes, and I double-checked every cap. Step 2 required adding reagent slowly, so I counted each drop under my breath. Step 3 was a five-minute incubation that made the room feel silent. Step 4 ended with a quick spin in the centrifuge.",single
32177,"Her directions came as steps rather than advice, and the first step was to breathe before speaking. The second step was to ask one clear question instead of three messy ones. The third step was to listen without interrupting, even when I wanted to jump in. The fourth step was to repeat back what I heard to be sure I got it right.",single
32177,"The course email said the material was split into three parts and that part two unlocked only after finishing level one. I copied a numbered list of tasks and started with item 1 before I walked to the second building and the third room. Our cohort was the fourth group on the roster, and I took the fifth seat in the first row when I arrived. The handout gave step 1 through step 4 for the exercise, and later the instructor ranked our drafts as first, second, and third.",mixed
32177,"Our guidebook came in four parts, and the first option for assignments was only available at level two. A printed list on the table numbered the supplies, so I grabbed number three and left number four for my partner. The sign on the door said to meet at the second hallway, third door, because our group was the second team for the session. The setup followed step 1, step 2, and step 3 in order, then we compared results and marked the first and fifth entries as the best and worst.",mixed
32177,"I was reading the third installment of a multi-part report when a message asked me to choose between the first option and the second option for the demo. The agenda was a numbered list, and my slot was item 2 right after item 1. The meeting room was on the third floor, and I found it by taking the second stairwell to the fourth door with our team name on it. The checklist was written as step 1 to step 3, and afterwards we sorted issues in order and agreed the first fix beat the second and third.",mixed
32177,"The training plan ran in levels, and level three was introduced in part two of the handbook as the advanced track. I wrote a numbered list of drills and started with the first one while our coach placed us in the third group near the second cone. He told me to stand at the fourth marker, the one after the third, so I would not drift. The routine had step 1 and step 2 on a card, and when it ended he called out rankings and said I was second today instead of third.",mixed
32177,"A workshop series was labeled part one through part five, and part four offered a third option for people who finished level two early. At the desk, a numbered list of attendees had my name on the fifth line, which felt oddly official. The volunteer pointed to the second table in the third row and said our group was the first cluster seated near the window. The instructions were step 1 through step 4, and when we presented, the facilitator placed our proposal first and another team fourth.",mixed
32177,"Our class syllabus had level one notes in part one and level two notes in part two, with a first option and second option for the final. I opened a numbered list of questions and answered the third before returning to the first. The room assignment said second corridor, third door, and our group was the fourth section in the seating plan. The quiz instructions were step 1 to read carefully and step 2 to check the fourth answer, then we compared papers and ordered them from first to last.",mixed
32177,"The onboarding packet was divided into three parts, and part two only applied after level one safety training was completed. The supervisor wrote a numbered list on the board and told us to start with item 2, not item 1. My badge placed me in the second cohort, and we lined up at the third station on the fourth floor. The procedure was written as step 1 to scan in and step 2 to confirm, and later the tools were arranged in order with the first wrench missing from the set.",mixed
32177,"I picked the second module of the program, but the site warned that module three was locked until part one was finished at level one. I made a numbered list of errands for the day and crossed off the first two before lunch. The receptionist told me the lab was the third door on the left and that our group was the first team scheduled for the afternoon. The protocol read step 1 to label, step 2 to mix, and step 3 to wait, and when results came in we ranked them with the best as first and the weakest as fifth.",mixed
32177,"The newsletter arrived as part two of a series, and the footer teased part three with a first option for subscribers and a second option for guests. In my notebook I wrote a numbered list of talking points, and the fourth point was circled for emphasis. The meeting was held in the second room, and I took the third seat in the fourth row beside the fifth chair that was already reserved. The voting rules were step 1 to raise a hand and step 2 to stay silent, and the final tally put the first proposal ahead of the others.",mixed
32177,"The training app displayed level two content in part three, and it asked me to choose a first option or a second option for the practice set. A checklist beside the treadmill was numbered, so I ticked off item 1 and item 2 before starting. The gym map said our group met at the second rack, third pillar, and I stood by the fourth station to wait. The coach demonstrated step 1 to hinge and step 2 to lift, then the scoreboard showed me in third place behind the first and second.",mixed
32177,"Our reading assignment was split into four parts, and part one ended by recommending level one exercises before moving on to level two. I copied a numbered list of citations and looked up the fifth reference after the second. The librarian directed me to the third shelf, second aisle, and I pulled the first book from a row arranged by publication order. The instructions for the database search were step 1 to filter and step 2 to sort, and I ended up ranking sources from first to last by credibility.",mixed
32177,"The cooking class had levels, and level two started in part two of the booklet right after the first option for sauces. The instructor posted a numbered list of ingredients and told us to measure the third item twice. She placed our group at the second counter, third position, and I stood in the fourth spot near the sink. The recipe was step 1 to whisk, step 2 to fold, and step 3 to bake, and later we lined up loaves in order and picked a first and second favorite.",mixed
32177,"The team briefing referenced part two of a rollout plan, saying level three approvals would come later if the first option failed. I wrote a numbered list of checks and read them aloud from 1 to 4 while everyone watched. The server rack was labeled by position, and I needed the second slot in the third chassis, not the first. The restart procedure was step 1 to drain connections and step 2 to switch over, and then we ordered the incidents by severity from first to last.",mixed
32177,"The lecture series had five parts, and part five promised level two case studies that built on the first module. I followed a numbered list of reminders and moved from item 1 to item 3 without skipping. The campus map led me to the second building, fourth floor, third classroom, where our group was the third section in the roster. The exercise was step 1 to read the prompt and step 2 to write, and when we shared, the teacher arranged responses in order and praised the first one most.",mixed
32177,"Our coach handed out a plan with parts labeled one through four and explained that level one came before level two no matter which option you preferred. He wrote a numbered list of drills and pointed to number two as the warmup. We met at the third gate, and he lined us up so the first runner was on the left and the second was behind. The technique card said step 1 to relax and step 2 to accelerate, and the finish board listed me fourth out of five.",mixed
32177,"The software tutorial was divided into parts, and part two introduced level two settings after the first lesson. I kept a numbered list of shortcuts, and the third one saved me when the fourth step kept failing. The support desk told me to go to the second counter, then the third window, and sit in the first chair until called. The reset guide was step 1 to verify identity and step 2 to confirm email, and afterwards I ordered the receipts from first to last to match the log.",mixed
32177,"The conference track was split into three parts, and part one offered a first option for beginners and a second option for the advanced room at level two. The registration sheet was a numbered list, and I was entry number four after three earlier names. A volunteer walked us to the second hall and pointed at the third door where our fifth group would meet. The session opened with step 1 to introduce yourself and step 2 to swap notes, and later the moderator ranked suggestions and called mine second.",mixed
32177,"The art class handbook was organized in parts, and part three said level one techniques should be practiced before trying the second option for shading. I made a numbered list of supplies and circled the first pencil and the fourth brush. The studio had easels arranged in order, and I took the third spot in the second row near the fourth window. The teacher demonstrated step 1 to sketch and step 2 to blend, then the critiques ended with a list of pieces ranked from first to fifth.",mixed
32177,"The volunteer orientation came in two parts, and part two only applied after finishing level one training with the first option for roles. A signboard showed a numbered list of stations, and I reported to station 3 as assigned. The coordinator told our second group to wait by the third door on the fourth floor until the first group finished. The checklist ran step 1 to check badges and step 2 to log names, and at the end we arranged the donated boxes in order from first to last by size.",mixed
330,"I traced the photo back through old messages until I found the first person who shared it. The caption claimed it came from a local paper, but no one could name the publication. A quick search showed the same image credited to a different site. The real source turned out to be a small archive with a watermark in the corner.",single
330,"The antique dealer handed me a folder that listed the object’s provenance in careful handwriting. One line named the first owner, and the next named the second collector who bought it decades later. The chain of custody mattered more than the shine on the brass. Without a clear origin, the price suddenly felt negotiable.",single
330,"When the stew tasted strangely sweet, I checked the label on the tomatoes. They were packed in one country but grown in another, and the supplier name was buried in fine print. I called the shop to ask where their produce came from. The cashier read the source off the invoice as if it were a secret.",single
330,"The rumor spread fast, but nobody could say who started it. One coworker blamed a friend of a friend, while another insisted it came from management. I asked for the original message and got three different screenshots. The lack of a clear source made it hard to take seriously.",single
330,"The river looked calm near town, but my grandfather always talked about its source in the hills. He described a spring that bubbled out from under a flat stone, cold enough to sting your fingers. We hiked until the trail narrowed and the sound grew louder. Standing at the origin made the whole map feel simpler.",single
330,"During the debate, she cited a statistic and paused when someone asked where it came from. The slide had no footnote, only a bold number. Later she sent a link showing the data source was a survey with a tiny sample. Once the origin was known, the argument lost its bite.",single
330,"The scarf felt soft, but I wanted to know what factory made it. The tag mentioned a brand, not the workshop or the materials supplier. I wrote to customer support asking about the origin of the wool. Their reply named a cooperative in the north and a mill that spun the yarn.",single
330,"I downloaded the dataset and immediately looked for the documentation. The file had columns but no explanation of how the values were collected. After some digging, I found a note describing the source as public records from a specific agency. Knowing the origin helped me trust the numbers.",single
330,"The painting arrived with a certificate that tried to sound official. It listed an origin story that felt too perfect, full of famous names and vague dates. I asked the gallery for supporting documents and they hesitated. That hesitation told me more about the provenance than the certificate did.",single
330,"My friend sent me a recipe and said it was from her grandmother. I asked where her grandmother learned it, and she laughed because she did not know. Later she found a torn magazine page tucked in a cookbook. The source was a regional paper from the 1980s.",single
330,"The supplier meeting opened with a question about where the parts were manufactured. The manager wanted a clear source for every component, not just the final assembly location. A spreadsheet showed one item sourced from three countries depending on the month. That shifting origin explained why the quality kept changing.",single
330,"When the package arrived late, the tracking page listed a facility I had never heard of. I looked up the address and found it was the source warehouse, not the local depot. The timeline made sense once I separated the origin scan from the transfer scans. Everything after that was just movement.",single
330,"The story claimed to be eyewitness, but the narrator never said how they knew. A detail about the time was wrong, and another detail matched a blog post word for word. I followed the trail of phrasing until I found the original post. The true source was a forum thread, not a witness.",single
330,"At the wine shop, the clerk asked if I cared about provenance or just the price. He pointed to a label that named the vineyard and the hillside where the grapes grew. Another bottle only named a bottler in the city. The clearer origin made the choice easy.",single
330,"The museum plaque described the sculpture as coming from a private collection. That sounded tidy until I asked when it entered the collection and where it had been before. The curator pulled out a file showing the earliest record was a shipping receipt. The origin was still a guess, just better documented.",single
330,"The new intern shared a chart in the group chat, and everyone reacted as if it were official. I asked for the source, and the response was a shrug and a meme. A minute later someone posted the link they had copied it from. The origin was a marketing blog selling the same conclusion.",single
330,"I tried to settle an argument by finding where the quote was first published. The line was attributed to a famous author, but it did not appear in any of their books. I eventually located it in a speech transcript from someone else entirely. The correct source changed how the quote sounded.",single
330,"She offered me honey and promised it was local. I asked which farm produced it, and she named a beekeeper outside town. The jar had a batch code that matched the beekeeper’s website. The origin made the flavor feel more personal.",single
330,"The investigation hinged on a single document, but its source was unclear. The header looked copied, and the signatures were oddly cropped. A colleague found the original file on an old server with a creation date from years earlier. Once the origin was verified, the rest of the timeline lined up.",single
330,"The app kept recommending articles, so I checked where the links were coming from. Many were reposts with different headlines, and the same text showed up on multiple domains. I searched for the earliest publish date and found the original outlet. Knowing the source made it easier to ignore the clones.",single
330,"The journalist arrived with a photo and asked who first published it. The editor demanded the original source before running a correction. A researcher on the call traced the image back to a small municipal archive and confirmed its provenance with a dated stamp. Once the origin was clear, the story shifted from accusation to explanation.",mixed
330,"I bought a used guitar and the seller swore it came from a famous tour. The shop owner asked for provenance, not stories, and wanted to see where it was sourced. We found an old receipt that named the original store and the first buyer. That paper turned the vague origin into something solid.",mixed
330,"The chef planned a tasting menu and insisted on knowing the source of every ingredient. The fishmonger explained the catch area, while the farmer described the origin of the herbs from a specific greenhouse. A guest asked about the wine’s provenance, so the sommelier pointed to the vineyard and the bottling date. By the end of the night, the menu felt like a map of origins rather than a list of dishes.",mixed
330,"During the meeting, a chart appeared on the screen with no citation. Someone asked for the data source, and the presenter admitted it was forwarded without context. We tracked the numbers back through shared drives until we found the original report and its publication date. With the origin identified, the team rewrote the conclusion to match what the source actually said.",mixed
330,"My grandmother showed me a ring and claimed it had been in the family for generations. I asked where it came from, and she described its origin as a wedding gift from a town she no longer visited. Later we found a document that listed provenance through two owners before it reached her. The story became richer once the source stopped being a mystery.",mixed
330,"A customer returned a jacket and said it was not the material promised. The manager checked the invoice to see the source mill and the origin country for the fabric. The supplier had switched provenance mid-season without telling anyone. When the paperwork exposed the origin change, the refunds made immediate sense.",mixed
330,"The documentary used a dramatic quote, and a viewer challenged where it came from. The producer paused, then opened the research binder to show the original source interview. A second researcher added provenance notes about the translation and the date. With the origin documented, the criticism faded into a technical footnote.",mixed
330,"We found a stray dog with a collar tag that looked homemade. The vet asked for the dog’s origin, and we started calling shelters to find the source of the registration number. A small rescue confirmed the provenance and told us which neighborhood it came from. That tiny trail brought the dog back home by evening.",mixed
330,"The auction listing described a vase as nineteenth century, but the provenance section was thin. I asked where it was sourced and got a vague answer about an estate sale. A week later, a new document appeared that traced the origin to a modern workshop replica. The price fell as fast as the story had risen.",mixed
330,"The science blog shared a bold claim, and my friend forwarded it like a fact. I asked for the source, then looked for the origin of the study it referenced. The link led to a preprint that cited a dataset with unclear provenance. Once we understood the chain of sources, we stopped repeating the claim at parties.",mixed
330,"A coworker praised a new supplier because the parts arrived fast. The quality lead asked about the source of the bearings and the origin plant for the alloy. The vendor produced paperwork that mapped provenance across three subcontractors. That transparency saved us from a costly recall.",mixed
330,"The travel guidebook listed a legend about a statue, but it never named the source. A local historian explained the origin of the tale as a newspaper hoax from decades ago. He showed provenance for the claim through archived clippings and a recorded interview. The story stayed fun, but it stopped being treated as history.",mixed
330,"My tea tin claimed rare leaves, and the marketing copy felt too poetic. I asked the seller for the source farm and the origin region, and they sent photos of the harvest. A separate certificate documented provenance through a cooperative and a shipping lot number. The paperwork made the aroma feel earned.",mixed
330,"The manager read an alarming email and wanted to know who it came from. We checked the header, traced the source domain, and found it was spoofed. The origin of the message was a phishing kit hosted on a compromised site. Knowing the true source stopped the panic instantly.",mixed
330,"A friend posted a throwback picture and wrote that it was from a famous concert. Someone asked for the source, and the comments turned into a hunt for the origin. A fan page had reposted it, but the provenance led back to the photographer’s own gallery. The credit was fixed once the source was found.",mixed
330,"The lab received samples with labels that did not match the shipment note. The technician asked for the source batch and the origin freezer location, because mixing them would ruin the results. A supervisor pulled the provenance log and found a swap during transport. Once the origin was corrected, the tests could finally proceed.",mixed
330,"I tried to learn where a family saying came from, because it sounded older than any of us. My uncle said the source was our great-grandfather, but he could not name the origin story. A cousin later found the phrase in a popular radio show transcript. The provenance turned out to be entertainment, not ancestry.",mixed
330,"The bookstore displayed a quote on a chalkboard without attribution. I asked the clerk for the source, and she admitted she copied it from a social post. We searched for the origin and found it was misattributed, lifted from a contemporary essay. Correcting the source made the quote feel less magical and more honest.",mixed
330,"A mechanic replaced a part and handed me a box with no branding. I asked where it was sourced and whether the origin was OEM or aftermarket. He showed the invoice and the provenance chain from distributor to manufacturer. With the source clarified, I stopped worrying about the repair.",mixed
330,"I opened a secondhand book and found an inscription dated decades earlier. The seller claimed it came from a professor’s library, but there was no note about where it was acquired before that. I traced the bookplate back to a small university archive and confirmed the provenance in their catalog. Once the origin was documented, I stopped wondering if the story was invented.",mixed
16554,"The headline that morning was about a surprise charity concert that sold out in minutes. I still remember standing in the crowd as the singer thanked the city by name and laughed at a fan’s handmade sign. After the final song, strangers high-fived and talked about how they would tell their friends they were there. On the train home, I replayed the moment in my head and felt lighter than I had in weeks.",single
16554,"A friend texted that the underdog team had finally won, and the whole group chat erupted. I watched the highlights later and kept smiling at the captain’s grin when the trophy was lifted. The next day, even the local radio host sounded genuinely proud while recapping the match. It felt like one of those rare wins that turns into a story everyone repeats for years.",single
16554,"The film premiere turned into a small celebration when the director walked out and greeted the audience. People clapped before the opening credits even finished because the mood was already warm. Afterward, I told my sister it was the best night out I’d had all season, and she immediately asked for the title. Walking past the posters outside, I caught myself humming the theme music.",single
16554,"The evening news ended with a feel-good segment about a community library reopening with a new children’s wing. The reporter interviewed families who had donated books, and everyone looked proud rather than performative. I recognized a familiar name in the story and felt oddly happy for someone I’d never met. By bedtime, I’d already decided to visit the place next weekend.",single
16554,"The invoice model showed a 12.4% increase in monthly recurring revenue compared to last quarter. A new pricing tier reduced churn by 0.8 points while raising average contract value at the same time. The team tracked latency, throughput, and error rates until the service stayed under 200 ms at peak load. By the end of the review, the plan was backed by clean margins and measurable capacity.",single
16554,"The budget spreadsheet balanced only after the fixed costs were separated from variable expenses. A small change in interest rate assumptions shifted the forecast by thousands, so the sensitivity table was rebuilt. The system design doc specified memory limits, CPU allocation, and a clear rollback strategy. Once the numbers aligned with the constraints, the proposal finally looked defensible.",single
16554,"A procurement call focused on unit economics, with emphasis on gross margin and payback period. The analyst walked through the conversion funnel and pointed out where the drop-off rate spiked. A technical note clarified that the data pipeline would batch requests to avoid throttling. When the meeting ended, the decision hinged on cost per acquisition and expected lifetime value.",single
16554,"The deployment report listed 47 passed checks and two warnings tied to configuration drift. A quick patch lowered the retry count and stabilized the queue depth under sustained traffic. Finance wanted a clear break-even estimate, so the team compared operating expense against projected revenue. The conclusion was simple: scale only after the metrics stayed consistent for a full cycle.",single
16554,"The conference badge read Copenhagen 2024, and the hall sign pointed to Room 12 for the keynote. I noted the address on my phone so I could find the venue again after lunch. Later, the schedule sent us to Gate B7 for the shuttle, and the volunteer repeated the route twice. By dusk, the city names and event numbers blurred together, but the landmarks made it easy to navigate.",single
16554,"The ticket showed Seat 18C and a departure from Terminal 3, so I followed the signs without thinking. Outside, the bus stop marker listed two routes and a single platform number that matched my notes. When I arrived, the building name was printed in huge letters, impossible to miss. The whole day felt like hopping between proper nouns and digits that decided where I should stand.",single
16554,"The invitation mentioned Hall 5 at the Expo Center and included a registration ID that I had to present at the door. A map highlighted the riverfront district and the exact street where the reception would start. Someone kept referencing a famous monument as a meeting point, which turned out to be the easiest landmark of all. Even without a guide, the place names and numeric details kept everything ordered.",single
16554,"The itinerary listed two cities, one festival name, and a hotel check-in time that I didn’t want to miss. At the venue, the staff directed everyone to Entrance 2 and repeated the event title over the loudspeaker. I wrote down the organizer’s name and the booth number so I could return later. By the end, the trip notes looked like a chain of locations tied together by identifiers.",single
16554,"I exported the clip as an MP4 and set it to 1080p so it would upload quickly. The platform auto-generated a lower-resolution preview, but the audio drifted until I re-encoded the file. After switching the format settings, the playback controls finally felt responsive on mobile. Once the share link worked, the whole process looked smoother than it had an hour earlier.",single
16554,"The app warned that the original video was too large, so I reduced the bitrate and tried again. A progress bar crawled while the service processed the file into multiple resolutions. When the upload finished, the embedded player stuttered until I disabled an experimental setting. The moment the stream stabilized, the user experience changed from frustrating to effortless.",single
16554,"A friend asked for the raw footage, so I used a file-sharing site that supports big uploads. The service recommended converting the file to a standard container to avoid playback issues. I tested the link in two browsers and noticed the 4K version took longer to buffer. After tweaking the settings, the same clip started instantly and looked crisp.",single
16554,"The editor saved the project in a format that the video platform didn’t like, so the first upload failed. I converted it to a more common file type and chose a resolution that matched the source. The interface offered captions, thumbnails, and privacy controls in one tidy flow. Once everything published, the video played cleanly and the page felt polished.",single
16554,"I renewed the pet wellness plan after the vet explained what the monthly fee covered. A new bag of kibble arrived with a coupon, and the delivery was faster than expected. Later, I compared grooming services and picked one that included nail trimming. The routine felt easier once the products and support were set up.",single
16554,"The hardware store helped me choose a paint primer that would stick to old drywall. I rented a sander for the weekend and grabbed replacement screws in the same aisle. At home, the improvements started to look real once the tools were in my hands. By Sunday, the room felt refreshed without hiring anyone.",single
16554,"My laptop kept overheating, so I replaced the thermal paste and cleaned the vents. After that, I upgraded the SSD and noticed the boot time dropped immediately. A new router improved the Wi-Fi coverage, which made video calls more stable. Small electronics fixes ended up saving me from buying a whole new machine.",single
16554,"I ordered a smart plug and a basic sensor kit to monitor energy use at home. The setup guide walked me through pairing everything with my network in a few minutes. Once the devices were configured, the dashboard made it easy to see what was drawing power. It felt like a practical mix of home improvement and computing in one purchase.",single
16554,"After the match, Nora posted a short recap that sounded like a real headline, upbeat and proud. She included a few numbers about attendance and ticket revenue so the story felt grounded. The post also tagged the stadium location and the exact kickoff time to help latecomers understand what happened. Then she attached a highlight clip as an MP4 in 1080p and shared it through a familiar video platform. Before logging off, she mentioned buying a new dog harness and a replacement laptop charger on the way home.",mixed
16554,"I walked out of the cinema buzzing, still thinking about the lead actor’s name and the crowd’s applause. On the way, I checked the event listing to confirm the theater address and the start time for tomorrow’s screening. The newsletter added a brief revenue figure and a technical note about streaming capacity that surprised me. At home, I uploaded my reaction video, picked a smaller file size, and let the site generate multiple resolutions. While it processed, I compared prices on a cordless drill and a bag of cat food.",mixed
16554,"The sports radio segment was unusually cheerful, celebrating a comeback and praising the coach by name. A graphic flashed the final score alongside a few business metrics about sponsorship growth. They also referenced the city where the next fixture would be played and the match number in the schedule. I later searched for the official replay, choosing the best available format and a crisp resolution so it looked right on my screen. Before bed, I added a new keyboard and some pet treats to my cart.",mixed
16554,"Mina sent a link to a breaking news clip, and the tone was surprisingly positive for once. The article quoted a spokesperson and included a small table of figures tied to budget and rollout timelines. It also listed specific place names and an exact date for the public event. I saved the video locally, converted it to a common file type, and re-uploaded it to a sharing service that plays smoothly on phones. The same browser session ended with me booking a grooming appointment and checking prices for a refurbished monitor.",mixed
16554,"A concert announcement made the group chat explode, and everyone kept repeating the artist’s name like it was a password. Someone posted the venue location with a street number and a reminder about doors opening time. Another friend added a quick cost breakdown and a note about ticket tiers and service fees. I offered to upload the rehearsal footage, choosing a platform that handles large files and lets viewers switch resolutions. While waiting, I priced out a new router and a dog bed to replace the worn one.",mixed
16554,"The newspaper profile of a young athlete felt like a rare piece of purely good news. It mentioned the athlete’s hometown and the event title along with a specific finishing time. A sidebar listed sponsorship amounts and a technical explanation of how timing chips work. I later watched an interview on a video site and noticed the player was clearer at higher resolution after I changed the settings. Right after, I ordered a replacement laptop battery and a flea collar for my cat.",mixed
16554,"A TV host closed the show with a feel-good story from the arts scene, name-checking the director and the festival. The segment flashed a few numbers about donations and capacity limits for the venue. It also highlighted the neighborhood and the date of the next performance so viewers could find it. I clipped the broadcast, encoded it into a standard format, and shared it through an online service with a clean playback interface. Once that was done, I searched for a paint sprayer and compared pet insurance options.",mixed
16554,"My friend wrote a cheerful recap of a local tournament and dropped the team names like everyone already knew them. He included the scoreline plus a quick note about the prize money and registration costs. The post pinned the location, listed the field number, and referenced the organizer’s name. I attached a short highlight reel, chose an MP4 export, and let the platform compress it for faster viewing. Afterward, I checked deals on RAM upgrades and a new leash.",mixed
16554,"The entertainment site posted a positive review, calling out the actor’s performance by name. The article also cited viewership figures and a small technical detail about how ratings are calculated. A map widget pointed to the premiere location and the exact date of the red-carpet event. I uploaded my own behind-the-scenes clip, selected a lower bitrate, and confirmed the streaming quality in two browsers. Then I booked a pet grooming slot and bought a basic tool kit for home repairs.",mixed
16554,"A sports journalist described the win as historic and quoted the captain in full. They added a few revenue numbers tied to merchandise sales and broadcast rights. The piece referenced the city, the stadium name, and the matchweek number so the context was obvious. I downloaded the official highlight package, converted the file, and re-shared it through a platform that supports multiple resolutions. While it rendered, I compared prices on a refurbished laptop and a cat scratching post.",mixed
16554,"The morning feed was full of uplifting headlines, and one story kept repeating a celebrity’s name in every paragraph. It attached a small chart with percentages, budgets, and a technical note about measurement error. The story also listed a venue address and the date of a public appearance in plain text. I uploaded a commentary clip, chose a standard format, and tested playback quality before sending the link. Then I ordered a replacement power supply and some dog shampoo.",mixed
16554,"At the café, the TV showed a cheerful segment about a community sports fundraiser. The chyron displayed totals raised and a few performance stats, mixing finance with simple technical metrics. They mentioned the city park, the event name, and the hour the races started. I later posted the recorded footage, selected 1080p, and let the service optimize the stream for mobile. After that, I looked up a local hardware store and bought a new pet water bowl online.",mixed
16554,"The film podcast sounded unusually upbeat, praising a director and joking about a famous actor’s cameo. They quoted box office numbers and talked about encoding formats as if everyone cared. The hosts also mentioned the festival location and the screening time, down to the minute. I uploaded my own reaction video and adjusted resolution settings until the player stopped buffering. While the upload finished, I browsed for a new mouse and a set of dog nail clippers.",mixed
16554,"A local news anchor ended with a positive update and name-checked the charity behind it. The segment showed donation totals and a short technical explanation of how the online payment system scales. It also referenced the neighborhood where the event took place and the building number on the banner. I saved the clip, converted it to MP4, and shared it through a service with a simple interface and fast previews. Then I ordered a small vacuum part and refilled my cat food subscription.",mixed
16554,"The sports recap felt like a celebration, listing player names and replaying the winning moment twice. A graphic added attendance counts, ad revenue, and a few timing metrics from the tracking system. They pointed out the next city on the tour and the match number on the calendar. I uploaded a short montage, set the output to a common format, and verified that the 4K option wasn’t wasting bandwidth. Afterward, I compared prices on a new SSD and a sturdy dog crate.",mixed
16554,"A headline about an awards night was surprisingly wholesome, and the presenter’s name was everywhere. The article sprinkled in figures about sponsorship packages and a technical note about live broadcast delay. It also specified the venue, the city district, and the date for the rerun. I shared a fan-cam clip, chose a smaller file size, and watched the platform generate different resolutions for slower connections. Once done, I ordered a replacement router cable and a grooming brush for my dog.",mixed
16554,"My friend’s newsletter opened with a positive story from the music scene and mentioned the band by name. It included subscriber counts, a cost estimate, and a brief note about server capacity planning. A separate paragraph listed the tour stop location and the venue’s seating number for our section. I uploaded the rehearsal video, picked the right container format, and checked that the player controls worked well on mobile. Then I bought a new set of screwdrivers and a kitten toy bundle.",mixed
16554,"The sports site ran a celebratory piece that read like a victory lap, quoting the coach and naming the opponents. It reported the final score and a few business numbers about merchandise and ticket sales. It also highlighted the stadium location and referenced the event date in bold. I clipped the interview, exported it in a standard format, and posted it to a sharing platform with smooth playback options. While it uploaded, I shopped for a laptop stand and a dog coat.",mixed
16554,"A feel-good news clip featured a well-known presenter and a surprise guest from a popular show. The segment added a few figures on fundraising targets and explained the tech behind the streaming donation tracker. It also identified the city square, the event name, and the time the stage opened. I uploaded my recording, chose 1080p for compatibility, and watched the service compress the file without ruining the audio. Then I renewed my pet supply subscription and compared prices on a used graphics card.",mixed
16554,"The entertainment blog described a great night out and kept repeating the venue name as if it were iconic. It included ticket price ranges and a small technical aside about audio levels and mixing. The post also listed the street address and a date for the next show. I shared a short video clip, converted it to a common format, and checked the platform’s preview before sending the link to friends. After that, I ordered a new monitor cable and some dog treats.",mixed
16845,"I set a timer for [15] minutes and walked away so I wouldn’t hover. The note said to wait for [2] hours before checking again, which made the delay feel official. Later, I scribbled “of [3] batches” in the margin so I could keep track without doing math. By the end of the day, the square brackets turned vague timing into something concrete.",single
16845,"The form asked for [4] items, and I nearly missed it because the bracketed number looked like an afterthought. I wrote “for [1] person” at the top of the page to stop myself from over-preparing. The reminder “of [7] steps” helped me pace the work instead of rushing. Once I followed the brackets, everything stayed consistent.",single
16845,"I promised to do it for [30] seconds only, just to test the idea. The instructions also mentioned of [5] attempts, which made the limit feel fair. When I reread the message, the bracketed quantities were the only parts my eyes kept catching. It was oddly calming to have the numbers framed that way.",single
16845,"The note beside the schedule read for [3] days, which stopped me from guessing. Someone else added of [12] pages, and the task suddenly looked manageable. I kept the brackets exactly as written so the quantity wouldn’t get misread later. That small formatting choice prevented a lot of confusion.",single
16845,"If anything seems unclear, the details are listed in the help center at the bottom of the page. A short line points readers to the appendix for additional information without interrupting the main flow. I followed the reference to the troubleshooting section and found the exact answer tucked under a subheading. After that, I bookmarked the place where the extra notes live so I could return quickly.",single
16845,"The poster included a small line directing people to the program guide for additional information. I checked the reference and found a page number that led to the full schedule and terms. The next time someone asked, I sent them straight to that location instead of trying to explain it myself. Having a clear place to look made the follow-up effortless.",single
16845,"The email ended with a pointer to the FAQ page for additional information. I clicked through and found a section that explained the policy in plain language. Later, I used the same location to confirm the deadline when I couldn’t remember it. The extra details were exactly where the message said they would be.",single
16845,"A short caption said “see documentation” and included a location where the full explanation could be found. I opened that page and noticed a sidebar full of related links for deeper reading. When I got stuck again, I returned to the same spot and used the search field there. It felt like a reliable place to get answers without guessing.",single
16845,"The site lets you create an account, reset your password, and manage notification settings from one dashboard. I used the filter controls to narrow results, then saved the page to revisit later. A toggle switched the view to dark mode, and the interface immediately felt easier on my eyes. After that, I shared the link using the built-in button instead of copying it manually.",single
16845,"On the platform, a single menu handles uploads, downloads, and permission settings for shared items. I tried the search bar with a keyword and watched the suggestions update instantly. The profile page also has a privacy section where you can disable public visibility. Once I learned where those functions lived, the site felt intuitive.",single
16845,"The webpage includes a “save for later” function that keeps items in a personal list. I clicked the sorting option to arrange results by newest, which changed the order immediately. A small icon opened a settings panel where language and layout could be adjusted. It all worked smoothly without any extra tools.",single
16845,"The online portal provides a status tracker that updates as your request moves through each stage. I used the help chat function to ask a quick question and got an automated response right away. There’s also a simple export button that downloads your data in one file. Those built-in functions made the process feel controlled.",single
16845,"I mixed the batter, poured it into the pan, and baked it until the top set and the edges pulled away slightly. After it cooled, I covered it and left it in a refrigerator so the texture could firm up. The next day, the slice held together cleanly without crumbling. I served it cold with a quick drizzle on top, and it tasted brighter than it did warm.",single
16845,"The dough went into the oven until it turned a deep golden color and smelled toasted. Once it came out, I let it cool completely before wrapping it tightly. It rested in a refrigerator overnight so the flavors could settle. When it was time to eat, I cut it into neat portions and served it straight from the chilled tray.",single
16845,"I simmered the mixture until it thickened, then poured it into a dish to set. After it reached room temperature, I placed it in a refrigerator for a few hours to finish. The texture changed from loose to silky as it chilled. I served it with a spoon while it was still cold, and the sweetness felt more balanced.",single
16845,"I baked the filling until it stopped wobbling in the center, then turned off the heat and let it cool slowly. When the dish was no longer warm, it went into a refrigerator to chill until firm. A clean slice was easier after the rest, and the surface stayed smooth. I served it cold with a simple topping and kept the leftovers chilled.",single
