unit,text,label
27166,"The nurse asked about the rash before looking at the photos on my phone. This morning the spots had spread across my arms and felt hot under my sweater. After a quick exam, she ordered a blood test and told me to stay home from work. By afternoon the fever eased, but the itching kept me awake anyway.",single
27166,"During the appointment, the doctor pointed to the scan and explained why the pain kept flaring up. A small tear had formed, and the swelling was pressing on a nerve. Medication helped for a few days, then the symptoms returned when I tried to lift a grocery bag. The next step was a short course of physiotherapy and a follow-up in two weeks.",single
27166,"He thought it was just a stubborn cold until his breathing turned tight on the stairs. At the urgent care, they measured his oxygen and listened for wheezing. The inhaler worked within minutes, but the clinician still wrote a plan for flare-ups. He left with clear instructions on what signs meant he should come back immediately.",single
27166,"The ultrasound room was quiet except for the printer spitting out a grainy photo. The midwife measured twice, frowned briefly, and then relaxed as the numbers lined up. A later blood draw was scheduled to confirm everything was on track. On the way out, the couple stopped in the hallway to reread the appointment card.",single
27166,"The quarterfinal started under bright lights with both teams pacing like they had been waiting all week. A single turnover swung momentum, and the crowd got loud enough to drown out the whistle. In the final minute, a defender blocked the shot that would have tied it. When the horn sounded, the players collapsed on the floor and stared at the scoreboard.",single
27166,"The bracket was taped to the gym door, and everyone kept checking it between matches. One upset early in the day forced a rematch that nobody expected. The semifinal went to overtime, and the coach burned the last timeout to settle the nerves. After the handshake line, the winners posed for a photo with the tournament banner.",single
27166,"Rain slicked the field, but the playoff game still felt fast from the first kickoff. A late goal changed the whole stadium, and the away section went silent. The referee added extra time, and every clearance looked like a miracle. When the final whistle came, the home fans surged toward the railing, chanting the player’s name.",single
27166,"They traveled two hours for the regional meet and still ended up running the first heat at dawn. The relay exchange nearly failed, but the baton stayed in hand by a fingertip. By the last event, everyone knew the points were close and every place mattered. The awards ceremony felt longer than the races because the results took forever to confirm.",single
27166,"The training portal unlocked a new module after I finished the quiz on spreadsheets. It showed a dashboard that tracked progress, deadlines, and the badges tied to each lesson. When I upgraded the plan, the platform added templates and an export button that saved everything in one click. By the end of the week, I could build a simple report and share it with my team.",single
27166,"The small business switched invoicing tools and immediately noticed fewer late payments. The new software sent automatic reminders and grouped customers by their usual purchase patterns. A clean analytics page highlighted which products were slipping and which were growing. After one month, the owner stopped juggling spreadsheets and started planning cash flow with confidence.",single
27166,"She signed up for a digital marketing course because her store’s ads were wasting money. The lessons were short, but each one ended with an exercise inside a practice workspace. After adjusting the targeting settings, the campaign finally reached people who lived nearby. The first weekend after the change, the checkout line felt different.",single
27166,"The product demo promised faster onboarding, and it delivered with a guided setup that took ten minutes. A built-in chat widget answered questions before anyone had to email support. The team liked the permission controls because they could limit who edited what. When the trial ended, the decision came down to price versus how much time the tool saved.",single
27166,"The bookstore clerk held up the new edition and pointed out the added chapter at the back. The cover looked familiar, but the typesetting was cleaner and the footnotes were expanded. I bought it anyway because my old copy had coffee stains on half the pages. On the train home, I compared the first paragraph line by line.",single
27166,"He hunted for a revised printing because the earlier version had a mistake in the map. The publisher had quietly corrected it and changed the ISBN by a single digit. When the package arrived, the spine still gleamed like it had never been opened. He slipped the book into a protective sleeve as if it were a collectible.",single
27166,"They played cards at the kitchen table while the stew simmered, cutting the deck with exaggerated seriousness. One player kept bluffing big, and the others started calling just to test him. A lucky draw flipped the mood, and laughter replaced the groans. By midnight, the chips were gone, but nobody wanted to stop.",single
27166,"The card night turned competitive when someone suggested a high-stakes final hand. She watched the tells, waited through the long pause, and then pushed her stack forward. The reveal made everyone shout at once because the outcome felt impossible. Afterward, they replayed the hand from memory like it was a famous moment.",single
27166,"The argument began quietly over a missed deadline and then sharpened into accusations. Voices rose until people in the next room stopped talking to listen. One chair scraped back hard enough to leave a mark on the floor. When the manager stepped between them, both sides suddenly remembered where they were.",single
27166,"They squared up in the ring, gloves tapping once before the bell. The first round was all jabs and footwork, but the tension kept building. A clean hook landed in the second, and the crowd reacted like a single body. After the stoppage, the winner raised his arms while the other fighter stared at the canvas.",single
27166,"The patrol moved through the alley in tight formation, scanning doors and windows. A sudden clatter sent everyone to cover, and a shouted command echoed off the brick. For a few seconds, it was only breath and footsteps and the click of gear. When it ended, they regrouped and checked that everyone was still there.",single
27166,"The rivalry had been friendly for years, but that night it turned hostile. Someone shoved first, and the rest followed without thinking. Drinks spilled, and a glass shattered near the doorway. Security arrived fast, but the damage was already done.",single
27166,"After the clinic visit for a stubborn cough, she stopped by the sports hall where a local playoff was drawing a crowd. Between matches, her colleague showed her a finance app that tracked ticket sales and sent payouts to vendors automatically. In the lobby, a vendor promoted a new edition of a popular book while a few fans played cards at a small table. When a disputed call sparked shouting in the stands, staff stepped in quickly to keep it from turning into a fight.",mixed
27166,"He limped out of physiotherapy and headed straight to the tournament venue to watch his brother’s semifinal. At the entrance, a volunteer scanned QR codes using a platform that logged attendance and generated a simple revenue report. Near the snack bar, someone was flipping through a collector’s edition while two strangers dealt a quick card game to pass the time. A heated argument over seating escalated until a guard separated the men before anyone swung.",mixed
27166,"The hospital fundraiser was hosted at a packed arena on the night of the championship game. A sponsor booth offered free trials for business software that promised easier payroll and better analytics. In the concourse, a small stall sold a revised printing of a memoir, and a few donors played cards for prizes. When a drunk fan started looking for trouble, the staff moved him out before the confrontation spread.",mixed
27166,"She checked her phone for lab results while the quarterfinal match played on the big screen at the bar. A friend across the table explained the new training subscription his company bought, bragging about the platform’s templates and automation. Someone nearby showed off a second edition with extra chapters, turning pages carefully as if it might tear. The night shifted when a pair of rivals began arguing and had to be pulled apart.",mixed
27166,"On the drive to the regional finals, he kept swallowing to calm his sore throat from the weekend’s illness. The team manager reviewed expenses in a budgeting tool and mentioned a course that taught better reporting skills. At the hotel, the lobby shop displayed a special edition novel, and teammates killed time with a card game. Later, a scuffle broke out in the hallway over noise, and security ended it in seconds.",mixed
27166,"The clinic cleared him after the incident and told him to avoid stress for a few days. That evening he attended a tournament match, watching the scoreboard like it was a heartbeat monitor. During halftime, a sales rep pitched a platform that streamlined billing and promised measurable benefits in weeks. In the corner, an older man compared two editions of the same book while teenagers played cards and laughed too loudly. The laughter stopped when an argument flared and nearly turned violent.",mixed
27166,"She left the pharmacy with new medication and walked into the stadium just as the playoff began. A pop-up booth invited fans to try a digital skills course, offering a free month to anyone who signed up. By the merch stand, a limited edition book was displayed beside a table where people were playing cards for discounts. When tempers rose after a controversial play, the crowd’s anger felt close to a brawl.",mixed
27166,"The medical alert on his watch had been a false alarm, but it still sent him to get checked earlier that day. He met friends afterward to watch the tournament, and the conversation drifted to a business tool that helped one of them manage clients. A fan behind them bragged about owning the first edition of a classic and refused to let anyone touch it. The mood broke when two strangers started pushing each other near the exit.",mixed
27166,"She volunteered at the event because the cause supported people recovering from serious conditions. The organizers ran everything through a platform that tracked sponsors, seats, and payments without paper. Between tournament games, a quiet corner hosted a card game, and a vendor sold a newly updated edition of a biography. When a drunken shout turned into a threat, staff intervened before the conflict became physical.",mixed
27166,"He sat with an ice pack after the minor incident and watched the championship unfold in front of him. A coworker opened a laptop to show off a training site that taught finance basics and offered certificates. On a nearby bench, someone read from a revised edition while two friends shuffled cards for a quick round. The cheers turned harsh when fans argued over a call and security had to form a line.",mixed
27166,"The doctor’s note was folded in her pocket as she entered the arena for the evening’s tournament. A sponsor handed out flyers for business software, promising better cash-flow visibility and fewer manual steps. In the lounge, a display case held a special edition book, and a few guests played cards while waiting for the next match. A shouting match over a spilled drink nearly became a fight until staff stepped between them.",mixed
27166,"He finished a follow-up appointment and went straight to the playoff watch party. Someone at the table was enthusiastic about a platform that bundled training videos with a slick reporting dashboard. Across the room, a collector argued about which edition was the real original, holding a hardcover like evidence. When a taunt from one fan to another got too personal, the confrontation drew a circle of onlookers.",mixed
27166,"The health scare earlier in the week made her notice every ache as the tournament started. The organizers used a payment system that split revenue instantly between teams and vendors, which impressed the sponsors. A group by the door played cards under a poster advertising a new edition release at the bookstore. When rival supporters began shoving, the friendly night turned into a brief burst of chaos.",mixed
27166,"After the incident at work, he still had to attend the championship game for his nephew. In the lobby, a trainer promoted a digital course on budgeting and software workflows for small businesses. A nearby kiosk displayed a revised edition of a famous novel, and people lingered to play cards while waiting for the doors to open. When tempers exploded over line-cutting, security intervened before anyone threw a punch.",mixed
27166,"She read the test results on her phone, then looked up as the semifinal tipped off. A teammate’s parent talked about switching to a new platform that automated invoices and taught staff how to use it. At the same time, a vendor showed off a limited edition hardcover while two kids played cards for spare change. A sudden argument over seats escalated until the ushers separated the group.",mixed
27166,"He kept thinking about the diagnosis even as he cheered during the playoff game. Between periods, a booth offered free trials of business software with a feature that tracked subscriptions and delivered reports. Nearby, someone flipped through a second edition, pointing out the changed chapter order, while others shuffled cards. A loud insult sparked a confrontation, and the atmosphere felt like it could turn violent.",mixed
27166,"She volunteered for the medical charity and ended up watching the tournament from the edge of the stands. The event ran on a platform that handled registrations, digital payments, and sponsor perks without any paperwork. In the hallway, a small crowd debated which book edition was best while a card game played out on a folding table. When a frustrated fan tried to start a fight, volunteers called security immediately.",mixed
27166,"His ankle still hurt from the earlier incident, but he refused to miss the championship. A friend showed him a training site that promised to teach business reporting in a few evenings, complete with built-in tools. At the break, he bought a revised edition as a gift and noticed a group nearby playing cards for fun. The night got tense when two supporters started arguing and one tried to swing.",mixed
27166,"She picked up medication and met friends at the arena for the tournament’s final. A sponsor demoed a platform that managed ticket revenue and offered short digital skills lessons to volunteers. In the lounge, a collector showed off an early edition while a couple played cards to decide who bought the next round. When someone started provoking others, the situation edged toward a fight before it was stopped.",mixed
27166,"He left the medical ward calmer than he’d been all week and decided to join the playoff crowd downtown. Over drinks, a colleague explained how their business adopted new software and trained everyone through an online portal. At the next table, someone read from a new edition while friends played cards and argued about rules. The room fell quiet when a confrontation started near the door and staff rushed in.",mixed
27300,"This phone feels lighter than last year’s model, and that surprised me the moment I picked it up. These speakers are louder than I expected, but those bass notes still get muddy at high volume. I tested this camera in dim light, and that shot came out sharper than it should have. After a week, I’d keep this one and return that other option without hesitation.",single
27300,"This jacket handled wind better than I thought, and that made the morning ride less miserable. These pockets are placed perfectly, but those zippers snag if you rush. I wore this in light rain, and that water beaded off for a while before soaking through. If you’re choosing between two, this is the one I’d buy again.",single
27300,"This café wins on atmosphere, and that matters when you plan to sit for hours. These pastries look incredible, but those croissants were a little dry by afternoon. I ordered this latte twice, and that second cup tasted even better than the first. For the price, this place beats that chain down the street.",single
27300,"This mouse fits my hand in a way that makes long sessions easier, and that’s not common for me. These side buttons are useful, but those clicks can feel loud in a quiet office. I tried this on glass and on a mat, and that tracking stayed consistent. After comparing them, I’d recommend this over that alternative.",single
27300,"This is the part that caught everyone off guard: the deadline moved forward by two weeks. That means the team has to deliver the draft before the holiday break. This also explains why the calendar suddenly filled up with meetings. That’s the update, and it changes how the next month will look.",single
27300,"This is what happened after the patch went live: the crashes stopped, but the login flow became slower. That was the trade-off nobody mentioned in the announcement. This is why support tickets spiked overnight, especially from older devices. That’s the summary I wish I had before updating.",single
27300,"This is the takeaway from the report: sales dipped early, then recovered once the new pricing rolled out. That shift wasn’t obvious until the last page where the segments were broken out. This is the reason the forecast got revised, even though the headline number looks steady. That’s what the data actually says.",single
27300,"This is the new information everyone needed: the route is closed after the storm. That forces the buses to detour, and the commute will run longer than usual. This is also why the station is crowded, with staff repeating the same message. That’s the situation for the rest of the afternoon.",single
27300,"That corner looked harmless on the map, but it tightened unexpectedly on the second lap. This section of the track punished anyone who braked too late, and that mistake showed up in every split time. These grandstands shook when the leader passed, and those flags blurred in the wind. After leaving this circuit, I understood why that location has a reputation.",single
27300,"We stayed at a small harbor, and this town felt quieter than the guidebook promised. That cliff path was steeper than it appeared, but this view made the climb worth it. These streets were easy to get lost in, and those tiny signs didn’t help. By the time we left this place, that sunset was the only thing on our minds.",single
27300,"The race started in bright sun, and this straightaway invited reckless speed. That hill after the bridge forced the pack to spread out, and this gap never closed again. These spectators leaned over the barrier, and those cheers followed the riders into the turn. When we returned to this finish line, that early move finally made sense.",single
27300,"We drove toward the coast, and this road kept twisting through pine forests. That village café was the first warm stop, and this soup tasted like it had been simmering all day. These viewpoints were marked poorly, and those directions led us in circles twice. Still, this destination felt worth it, and that memory stuck.",single
27300,"This award went to the smallest team in the room, and that surprise drew the loudest applause. These judges praised the design, and that recognition instantly changed how the company was seen. This expansion and that new partnership were mentioned in the same speech as if they were inevitable. By the end of the night, these announcements and that trophy felt linked in everyone’s mind.",single
27300,"This policy update and that new guidance arrived on the same day, which left departments scrambling. These forms were rewritten, and that change forced managers to retrain staff quickly. This decision and that exception were both buried in the fine print. After the meeting, these questions and that uncertainty lingered in the hallway.",single
27300,"This promotion and that internal reorg were announced back-to-back during the all-hands call. These new roles came with higher expectations, and that pressure was obvious in the chat. This milestone and that award were framed as proof the strategy was working. In the recap email, these wins and that momentum were repeated like a slogan.",single
27300,"This recognition and that press coverage arrived just as the quarterly numbers were released. These results looked stronger than last year, and that shift was credited to a new product line. This change and that update to the handbook were pitched as part of a broader reset. In the end, these headlines and that board vote set the tone for the next quarter.",single
27300,"They launched the device last month, and this was the first week it showed up in stores. That rollout confused some customers, so this guide tries to make the steps clear. These settings control battery life, and those options affect performance more than people expect. When you adjust them, this behavior changes, and that result is easy to test.",single
27300,"We talked about the proposal earlier, and this paragraph explains why it stalled. That committee wanted more evidence, so this section adds the missing numbers. These assumptions drive the conclusion, and those details matter when someone challenges it. If you follow them carefully, this outcome stops feeling random, and that skepticism fades.",single
27300,"The manual described the feature, and this example shows it in practice. That tool relies on a small shortcut, so this explanation focuses on the exact steps. These inputs determine the output, and those edge cases are where people usually get stuck. Once you see it, this process becomes straightforward, and that confusion clears.",single
27300,"They mentioned the incident in passing, and this is the part that deserves attention. That sequence of events explains the decision, so this section lays it out without drama. These people weren’t guessing, and those logs back up their claims. After reading it through, this conclusion feels unavoidable, and that earlier doubt seems misplaced.",mixed
27300,"This is what I noticed after trying the new earbuds for a week: the fit is comfortable, but that bass boost can be too much on some tracks. These were the notes I wrote down, and those details made the summary easier to share later. At the race in town, this corner of the course decided everything, and that final sprint happened right in front of these seats. That award and this policy update were both announced during the same weekend, and those messages kept coming up when people asked why the sponsor was there.",mixed
27300,"This kettle heats fast, and that alone made my mornings easier, but these buttons feel cheap compared to those on the older model. This is the headline from the newsletter: the company changed direction, and that shift explains the new roadmap. On my trip to the coastal circuit, this straight made the cars look unreal, and that location felt louder than any stadium. These recognitions and that new regulation were celebrated in one press event, and this explanation kept pointing back to the earlier announcement.",mixed
27300,"This is the quick update: the store restocked, and that’s why the queues disappeared. In my review, these shoes gripped well, but those seams started rubbing after a long walk. At the marathon, this hill split the field, and that landmark church became the meeting point for everyone afterward. These awards and that policy revision were mentioned in the post-race speech, and this note clarified what they meant for next year.",mixed
27300,"This vacuum is quieter than I expected, and that matters in a small apartment, but these attachments are the real reason I kept it over those competitors. This is what changed overnight: the timetable shifted, and that explains the crowd at the station. On the trip south, this bridge and that tunnel were the two landmarks everyone used when giving directions to the track. These honors and that business expansion were announced together, and this explanation kept circling back to the same press release.",mixed
27300,"This is the summary I sent my friend: the update fixed the bugs, and that made the app usable again. In the comparison, these headphones had clearer vocals, but those earcups felt warmer after an hour. At the rally, this gravel section rewarded patience, and that finish line in the valley looked closer than it was. These policy changes and that industry award appeared in the same news cycle, and this message explained why the timing mattered.",mixed
27300,"This blender crushed ice easily, and that performance stood out when I compared it with those cheaper options. This is what happened next: shipping delays hit, and that’s why the emails became urgent. At the stadium race, this final bend decided the podium, and that crowd noise rose right where these flags were hung. These awards and that new compliance rule were announced at the sponsor dinner, and this explanation referred back to the earlier memo.",mixed
27300,"This is the key point: the plan shifted, and that’s why the schedule looks strange. In my write-up, these monitors were sharp, but those speakers were an afterthought. While traveling to the lakeside venue, this road sign was the only hint you were close, and that location felt remote even with a crowd. These recognitions and that policy update came up during the keynote, and this explanation tied them to the company’s new direction.",mixed
27300,"This is the new information from the call: the rollout starts Friday, and that changes everyone’s tasks. In the product review, these controls were intuitive, but those defaults were annoying until I tweaked them. At the cycling race, this climb broke the group, and that village square became the spot where these fans waited. These announcements and that award were delivered together, and this explanation pointed to the same set of metrics.",mixed
27300,"This coffee maker tastes consistent, and that’s why I stopped buying pods, even though these settings took time to learn compared with those simpler machines. This is the situation today: trains are delayed, and that explains the empty platform screen. On my trip to the circuit, this straightaway and that hairpin were the two places everyone warned me about. These business updates and that policy change were celebrated with an award, and this explanation kept referencing the earlier statement.",mixed
27300,"This is what stood out in the report: revenue dipped, and that prompted a quick response. In my comparison, these tablets were fast, but those accessories felt overpriced. At the seaside race, this crosswind section punished mistakes, and that lighthouse was the landmark for spectators finding these seats. These recognitions and that regulatory update were mentioned in the same press briefing, and this explanation clarified the wording people misunderstood.",mixed
27300,"This is the update that matters: the rules changed, and that affects everyone. In the review, these lenses were sharp, but those autofocus hunts annoyed me in low light. While traveling to the mountain stage, this village was the last stop, and that location looked tiny until you saw these crowds. These awards and that new policy were presented together, and this explanation referenced the earlier guidance.",mixed
27300,"This is what I told my coworker: the feature works, and that’s why support tickets dropped. In the product comparison, these chargers ran cooler, but those cables frayed faster than expected. At the track, this chicane and that long straight shaped the whole race, and these signs helped visitors find the right entrance. These honors and that business announcement landed the same day, and this explanation kept pointing to the official statement.",mixed
27300,"This is the takeaway from the review: the keyboard is solid, and that typing feel beat those spongy rivals. These notes were easy to summarize, and that made the recommendation straightforward. At the travel stop near the arena, this station was packed, and that location became the meetup point for these friends. These awards and that policy change were referenced on stage, and this explanation made it clear what would change next.",mixed
27300,"This is what happened after I tried the new router: speeds improved, and that solved the streaming issues. In my comparison, these plans were cheaper, but those hidden fees changed the real cost. At the race weekend, this hillside viewpoint and that bridge were where these photos were taken. These recognitions and that regulatory update were announced together, and this explanation tied them back to the same timeline.",mixed
27300,"This is the summary I posted: the restaurant impressed, and that’s why I’d go back. In the detailed review, these starters were great, but those desserts felt rushed. On the trip to the city race, this tram stop was the closest access point, and that location shaped where these crowds gathered. These awards and that policy revision were mentioned in the news after, and this explanation kept referencing the organizer’s statement.",mixed
27300,"This is the update: the contract was signed, and that’s why the roadmap changed. In the product review, these earbuds blocked noise well, but those touch controls misfired sometimes. At the sporting event, this final section of the course and that finish arch were where these fans screamed the loudest. These recognitions and that policy update were celebrated on stage, and this explanation pointed back to the same set of figures.",mixed
27300,"This is the new information that arrived this morning: the guidelines changed, and that’s what the email was about. In the comparison, these bags held up, but those straps slipped until I adjusted them. During travel to the race, this ferry crossing and that harbor street were the landmarks everyone referenced to find these hotels. These awards and that business expansion were announced together, and this explanation kept referring back to the original press note.",mixed
27300,"This is what I learned from using the app: the shortcut saves time, and that’s the only reason I recommend it. In the review, these screens were bright, but those reflections were brutal outdoors. At the circuit, this corner and that bump were the spots drivers talked about, and these signs helped tourists find the stands. These honors and that policy change were bundled into one announcement, and this explanation made the chain of events clear.",mixed
27300,"This is the recap: the release went well, and that surprised the skeptics. In the product comparison, these cameras were strong, but those batteries drained too fast. On the trip to the stadium, this metro line and that exit number were how these visitors navigated the city. These recognitions and that policy update were highlighted in the closing remarks, and this explanation referenced the earlier summary.",mixed
27300,"This is what stood out after testing the subscription: the features are useful, and that value beat the cheaper tier. In the review, these tutorials helped, but those prompts felt repetitive. At the race location, this climb and that descent shaped the results, and these landmarks guided people back to their hotels. These awards and that new rule were announced together, and this explanation referred to the earlier documentation.",mixed
21878,"The chef dimmed the lights and set out bowls of warm ramen for the class. Everyone practiced slicing scallions thin and timing the soft-boiled eggs. When the broth finally turned silky, the room smelled like ginger and toasted sesame. The instructor sent people home with a short list of markets to try next weekend.",single
21878,"On Friday night, the group booked the small bistro that only serves a rotating tasting menu. The waiter described a charred leek starter and a lemony fish stew that arrived in a cast-iron pot. Someone insisted on ordering the house dessert, a fig tart with whipped cream. They stayed late arguing about whether the sauce needed more salt.",single
21878,"A friend invited me to a cooking workshop focused on sourdough. We fed the starter, learned how to stretch and fold, and watched the dough rise in a warm proofing box. The instructor cut open a finished loaf so the crumb could be inspected. The crackling crust made everyone reach for another slice.",single
21878,"The new café opened with a short menu and a long line. I ordered an herby omelet and a plate of roasted potatoes that came out sizzling. The barista offered a sample of their spicy tomato soup, claiming it was the best pairing with the bread. I left with a note of what to try next time.",single
21878,"She stood in front of the mirror debating between a tailored blazer and a softer cardigan. After changing twice, she settled on the outfit that felt sharp without being stiff. At the counter, she added a small bottle of conditioner to her basket. The clerk suggested a gentle serum for winter dryness.",single
21878,"The salon appointment started with a quick consultation about color and maintenance. The stylist trimmed the ends, blended a few highlights, and recommended a heat-protectant spray. On the way out, I grabbed a face wash marketed for sensitive skin. The receipt had a coupon for a future brow service.",single
21878,"He ordered a new pair of running shoes and a pack of plain white socks online. The sizing chart looked straightforward, but the first shipment still felt tight. He exchanged them for a half size up and added a deodorant stick to the order. The second package fit perfectly.",single
21878,"She stopped at the pharmacy for shampoo, hand cream, and a small razor refill. The shelves were full of bright boxes promising volume, shine, and repair. She chose the unscented lotion because her skin had been irritated lately. At home, she tossed the old empty bottles into recycling.",single
21878,"The closing agent warned that selling the property would trigger extra paperwork because the owner lived abroad. A portion of the sale proceeds had to be held back until the tax filing was handled. The buyer wanted reassurance that the withheld amount would not delay the deed transfer. Everyone signed anyway, and the escrow account did exactly what it was designed to do.",single
21878,"He had moved overseas years ago and assumed the home sale would be simple. Instead, the settlement statement showed a mandatory holdback tied to non-resident tax rules. The agent explained that it was taken from the sale price, not added on top. He emailed the accountant before authorizing the final disbursement.",single
21878,"When the offer was accepted, the seller celebrated too early. The title company flagged the seller as a non-resident and calculated a percentage to withhold for taxes. The seller asked why the government needed money before any return was filed. The closing date stayed the same, but the net payout shrank.",single
21878,"A Danish couple buying a holiday home got confused by a line item labeled withholding. The attorney clarified that non-resident sellers can face a required retained portion of the proceeds for tax compliance. The escrow officer showed where the withheld funds would sit until the reporting was complete. After that explanation, the buyer stopped worrying about last-minute surprises.",single
21878,"At the meeting, junior staff noticed their proposals were ignored until a manager repeated them. The budget discussion made it clear who had leverage and who was expected to accept less. One colleague quietly listed how pay bands differed across departments. By the end, the room felt heavier than when it started.",single
21878,"The neighborhood council argued about whose streets got repairs first. Wealthier blocks had fresh pavement while poorer ones still had broken sidewalks. A resident asked why the same people always had to fight for basic services. No one answered directly, but everyone understood the imbalance.",single
21878,"The documentary followed families working two jobs while executives spoke about record profits. Viewers pointed out how decisions were made far from the people who carried the consequences. A teacher explained how power concentrates when options disappear. The comments section turned into a debate about fairness and influence.",single
21878,"In the classroom, students compared how scholarships were distributed across schools. Some districts offered laptops to every child, while others relied on shared devices. The teacher called it a gap created by resources and political clout. A few students started planning a petition after class.",single
21878,"The website kept timing out whenever she tried to upload new images. After checking the hosting panel, she realized the storage limit had been reached. She compressed the files, cleared a cache plugin, and updated the theme. The homepage finally loaded without the spinning icon.",single
21878,"He installed a fresh copy of the software, but the license key still would not validate. A quick look at the system clock showed it was set to the wrong year. After fixing the time and restarting, the activation succeeded. He wrote down the steps so the helpdesk would not have to guess later.",single
21878,"The new domain pointed to the wrong server, so visitors saw a blank page. She logged into the DNS settings and corrected the A record. Then she tested the form and found the email notifications were failing. A plugin update fixed the issue in minutes.",single
21878,"His laptop fan ran loudly every time he opened the design tool. Task Manager showed the app eating memory after the latest update. He rolled back to the previous version and disabled an unnecessary startup service. The machine went quiet again, and his files stopped crashing.",single
21878,"After the cooking class, she posted photos of handmade dumplings on the restaurant’s new webpage, but the upload kept failing. While the site was down, a customer asked about a skincare bundle and a winter coat advertised in the shop window. At the same time, her cousin called from abroad about selling a small apartment and why the closing statement showed a required tax holdback. Over dinner, the table drifted into an argument about who gets opportunities when money and influence are unevenly distributed. By midnight she had fixed the DNS settings, saved the recipe, and promised herself a quieter week.",mixed
21878,"He booked a table for spicy seafood stew, then spent the afternoon debugging a checkout plugin that kept rejecting payments. His partner tried on a new jacket and picked up a hair mask while waiting for him to finish. During the meal, their friend explained that selling a house from overseas meant part of the sale price would be withheld for taxes at closing. The conversation shifted when someone joked that only certain people ever get a fair shot, and the room went silent for a beat. They ended the night with dessert and a working website.",mixed
21878,"The boutique held a pop-up with makeup samples and a small rack of tailored shirts. In the back, a chef demonstrated how to sear scallops and balance a citrus sauce. A man at the counter complained that he was losing money because the escrow company had to withhold a percentage when he sold his property as a non-resident. Someone muttered that rules like that always land hardest on people without power, and the clerk pretended not to hear. Later, the owner stayed late updating the online catalog after the site crashed again.",mixed
21878,"She learned to bake flatbread at a community kitchen and left smelling like garlic and smoke. On the bus home, she ordered moisturizer and a new scarf from her phone. A voicemail from her realtor explained that the proceeds from her overseas sale would be reduced by a mandatory withholding line item. When she opened her laptop, the page builder refused to load, and she wondered why everything from software to housing felt easier for people with more money. Dinner was simple, but the questions lingered.",mixed
21878,"The coworking space hosted a lunch talk with bowls of curry and fresh naan from a nearby restaurant. At a table of laptops, one team fought a server error while another compared prices on grooming kits and dress shoes. A guest speaker mentioned selling real estate as a non-resident and the surprise of having funds held back for tax purposes at closing. The Q&A turned into a sharp exchange about who controls resources and who just follows rules. Afterward, the organizer sent everyone a link to the fixed website and the recipe.",mixed
21878,"He tried to recreate a famous ramen bowl and kept adjusting the broth until it tasted right. Between stirs, he answered messages from his accountant about an overseas home sale and the required withholding on the proceeds. His sister asked if he could pick up a conditioner and a new belt on the way to dinner. When his laptop froze during an update, he cursed the software and restarted everything. At the table, the conversation slipped into a debate about inequality and who gets to bend systems in their favor.",mixed
21878,"The restaurant’s kitchen tour ended with a spoonful of chocolate mousse and a handshake from the head chef. Outside, a friend showed off a new haircut and the face cream the stylist recommended. Another friend was stressed about closing on a property sale while living abroad, because a percentage of the sale price would be withheld for taxes. Back at the office, the website dashboard threw an error and refused to publish the event photos. Someone remarked that money always decides who can fix problems quickly, and nobody disagreed.",mixed
21878,"She signed up for a pasta workshop and spent two hours rolling dough until her arms ached. On her way out, she browsed a display of perfumes and picked one that smelled like cedar. A call from the title company explained the holdback on her overseas sale, framed as a standard tax obligation for non-residents. At home, her content management system updated and broke the theme, forcing her to troubleshoot late into the night. The next day, a news story about widening gaps in wealth made the whole week feel connected.",mixed
21878,"He ran a small food blog and wrote up a review of a new brunch spot with perfect pancakes. The site went offline right after he uploaded photos, so he spent an hour checking plugins and server logs. His roommate asked for advice on a skincare routine and whether a particular jacket looked too formal. Later, a friend vented about selling property while living abroad and losing immediate access to part of the payout because of required withholding. The night ended with a debate about who gets protected by systems and who gets squeezed by them.",mixed
21878,"At the fundraiser, volunteers served steaming bowls of lentil soup and bread baked that morning. The organizer wore a crisp suit and complimented a donor’s new lipstick, keeping the mood light. In a quiet corner, a recent immigrant described selling a flat from abroad and watching a chunk of the proceeds withheld for taxes at closing. When the projector failed, someone hurried to fix the presentation software and the event page on the website. A speaker closed by calling out power gaps that decide who gets heard in the first place.",mixed
21878,"She learned knife skills from a chef who made every onion dice look effortless. After class, she bought a small bottle of shampoo and a pair of tights for an upcoming interview. Her phone buzzed with an email explaining that her overseas property sale would include a mandatory holdback for tax compliance. The next hour vanished into troubleshooting a broken login page on her site. By evening, she was arguing with friends about why wealth seems to buy both time and forgiveness.",mixed
21878,"The street festival smelled like grilled corn and fried fish, and a booth offered quick cooking lessons on open flames. Another stall sold scarves, lotions, and small grooming kits in neat stacks. A man complained that selling his home while living abroad meant a percentage would be withheld for taxes before he ever saw the money. Nearby, activists handed out flyers about unequal pay and who holds power in the city. When the event map app crashed, the volunteer team scrambled to fix the website link and reload the software.",mixed
21878,"He tested a new recipe for butter chicken and invited friends to judge the spice level. One friend arrived wearing a fresh outfit and talked about switching to a gentler face cleanser. Another friend was on speakerphone with a lawyer about a foreign home sale and the required withholding amount. Halfway through dinner, the group drifted into an argument about why some people can absorb costs and others cannot. After everyone left, he stayed up repairing a broken plugin that had knocked his site offline.",mixed
21878,"The cooking class ended with everyone sharing a slice of olive cake and swapping restaurant recommendations. On the walk home, she stopped to buy mascara and a pair of gloves. An email from the escrow officer explained that her overseas sale would include withheld funds for tax purposes, listed as a percentage of the price. At home, her laptop refused to connect to the hosting panel, and she spent an hour fixing the settings. The next morning, she read an article about power imbalances and felt the same tightness in her chest.",mixed
21878,"She reserved a seat at a tiny restaurant where the chef cooks in front of the guests. After the meal, she helped her friend choose a blazer and a hair product for a job interview. A third friend joined late, upset that a non-resident home sale meant part of the proceeds would be withheld at closing. The group tried to lighten the mood, but the talk turned to who gets stuck paying fees and who can ignore them. Back home, the reservation site broke, and she spent an hour fixing the settings in the admin panel.",mixed
21878,"He spent the morning tweaking his website’s layout and fighting a stubborn error message. At lunch, he took a break for a bowl of pho and scribbled notes about how to recreate the broth at home. On the way back, he picked up deodorant and a new shirt because his wardrobe was overdue for help. A call from his aunt in another country covered her home sale and the percentage being withheld for taxes at closing. Later, he complained that inequality shows up everywhere, even in who can afford a good accountant.",mixed
21878,"The new cooking studio offered a class on regional Italian sauces, and the air smelled like tomatoes and basil. During the break, people browsed a small display of soaps, creams, and aprons for sale. One attendee mentioned selling property from overseas and the surprise of a required withholding line item that reduced the payout. Another person replied that the whole system feels built for those with money and connections. When the booking page crashed, the instructor restarted the router and updated the website software before the next group arrived.",mixed
21878,"She ran a charity dinner where volunteers plated roasted chicken and herb potatoes from a local restaurant. Sponsors posed for photos, showing off new suits and carefully styled hair. A board member discussed selling a condo while living abroad and how a chunk of the sale price would be withheld for taxes until paperwork was done. In the hallway, staff argued about funding gaps and who always ends up making the decisions. After the event, the online donation page failed, and she stayed late fixing the site settings and updating the software.",mixed
21878,"He tried to film a recipe video for spicy noodles, but the camera battery died halfway through. While it charged, he ordered a beard trimmer and a bottle of moisturizer online. A message from his realtor explained that his overseas property sale would involve a mandatory withholding percentage at closing. When he finally uploaded the video, the website threw an error and corrupted the post. He muttered that people with real power never seem to spend their evenings fighting broken tools and unfair rules.",mixed
24347,"The newspaper compared the budgets of two neighboring countries and traced how each responded to rising energy prices. One side leaned on subsidies while the other raised interest rates to cool spending. Commentators argued that the political system shaped every economic move. By the end of the piece, the contrast felt less like numbers and more like ideology.",single
24347,"During the debate, the host asked why one government recovered faster than another after the same shock. A policy analyst pointed to debt levels, trade exposure, and the stability of institutions. The opposing panelist blamed leadership and party incentives. Viewers were left weighing which system handled pressure with fewer fractures.",single
24347,"The report laid out two markets side by side, noting how inflation behaved under different rules. It highlighted decisions by central banks and the political fallout that followed. Analysts used the same indicators but reached different conclusions about what mattered most. The comparison ended with a warning about repeating old mistakes.",single
24347,"A professor explained how two regions can share a currency but still diverge economically. Tax policy, labor laws, and election cycles pushed them in opposite directions. The lecture linked those choices to everyday prices and wages. Students argued afterward about whether the divide was inevitable.",single
24347,"She held two jars of pasta sauce and compared the ingredient lists carefully. One had fewer additives but cost more per ounce. The other was cheaper, yet the flavor was noticeably sweeter. She chose the one that seemed like the better tradeoff for the week.",single
24347,"The coach timed two sprinters and noted the split-second difference at the finish. One athlete had cleaner form, while the other relied on raw power. The team reviewed video to see where each gained and lost speed. The comparison made the training plan obvious.",single
24347,"In the workshop, they tested two batteries under the same load and watched the voltage drop. One model stayed steady longer, but the other recharged faster. The engineer wrote down the differences and circled the better fit for field work. Nobody argued once the numbers were on the board.",single
24347,"He compared two apartments by walking through them twice. One had more light and a quieter street, while the other offered extra storage. The rent gap was small, but the commute times were not. He chose the place that matched his daily routine better.",single
24347,"The dataset lived in a folder named after the project, and every file had a clear purpose. A README explained where the raw inputs came from and how the processed tables were derived. She checked the column meanings and confirmed the timestamps were in the same timezone. Only then did she run the pipeline again.",single
24347,"The lab notebook listed where each sample was stored and why it was collected. Labels recorded temperature, location, and the intended analysis method. A new assistant almost mixed up two containers until the notes made the difference obvious. The samples stayed organized because the details were explicit.",single
24347,"He traced the path of an order from the website to the warehouse. Each step had a purpose, from validation to packing to shipping confirmation. When delays appeared, he pinpointed the stage where items waited the longest. Fixing that chokepoint improved the whole flow.",single
24347,"The map showed the equipment room on the lower level and the server rack in the back corner. A sign explained which cables belonged to which network segment. She documented the layout so the next technician would not guess. The clarity saved time during the next outage.",single
24347,"The brochure described a cleaning service that offered weekly visits and eco-friendly supplies. It listed what was included, how long appointments typically ran, and what add-ons cost. The tone made the service sound dependable rather than flashy. He signed up after reading the fine print twice.",single
24347,"The product page promised noise cancellation, long battery life, and a compact case. Reviews mentioned comfort during long flights and quick pairing with phones. A small chart showed the difference between the standard and premium plan. She bought the model that matched her commute.",single
24347,"The ad described a meal kit subscription with pre-portioned ingredients and step-by-step recipes. It highlighted delivery windows and the option to pause anytime. A short testimonial talked about saving time on weeknights. The offer sounded designed for busy households.",single
24347,"The mechanic explained the service package in plain terms: inspection, oil change, and brake check. He pointed to the warranty details and the estimated turnaround time. The customer appreciated that nothing sounded hidden. The car was ready earlier than promised.",single
24347,"She wrote, and then she rewrote, because the announcement had to sound right. The sentence needed both clarity and a warm rhythm, so she leaned on small connecting words to keep it moving. When the result came in, she added a simple congratulations line without making it dramatic. The final message read smoothly from start to finish.",single
24347,"He packed early, because the trip started before dawn, and he did not want to rush. After the meeting, he posted that the certification was completed, and the team replied with congratulations. The short note used ordinary connectors like and, but, and for, yet it felt polished. He saved it as a template for the next milestone.",single
24347,"The instructions were brief, but they relied on careful wording. She used prepositions to show where things belonged and conjunctions to show what happened next. After the build succeeded, she wrote a quick achievement update and thanked everyone. The small words did most of the work.",single
24347,"The store sign said ready for pickup, and the email said delivered, so he checked both twice. He drafted a note that started with congratulations on the launch and ended with a clear next step. Between those lines, he used simple connectors to keep the message readable. The team understood immediately what to do.",single
24347,"Two cities faced the same shock, yet their economies bent in different directions, and commentators argued about which political system handled it better. In the meeting, she compared two forecasts and showed the difference in error, then pointed to where the data came from and what each processing step was meant to do. The vendor pitched a service package and described what was included, while the slide deck used and, but, and for to connect every point. After the numbers finally matched, someone said congratulations, and the room relaxed. The contrast between the two approaches stayed on the screen long after the call ended.",mixed
24347,"The article set one country against another, linking policy choices to inflation and public trust. On a whiteboard, he contrasted two options, noting which was larger, which was faster, and why the gap mattered. She opened a folder of logs to show where the data lived, what each table represented, and how the pipeline moved from raw to cleaned. A salesperson described a monitoring service in crisp sentences, and the presenter stitched everything together with and, or, and because before ending with congratulations on the rollout. Everyone left with a clear sense of what differed and what stayed the same.",mixed
24347,"A panel compared two systems of government and traced how each shaped currency and jobs. In the lab, she compared two models by pointing out the difference in latency and the contrast in accuracy. She then showed where the inputs were stored, what each transformation was for, and which output table belonged to which report. The vendor described the subscription plan and its features, while the email announcement used simple connectors like and, but, and after, ending with congratulations to the team. The room felt calmer once the comparisons were concrete.",mixed
24347,"He read a report that compared two regions and argued that politics, not geography, drove the economic divide. At work, he contrasted two suppliers, describing differences in cost and reliability with quick examples. The engineer explained where the telemetry data was collected, what each stage of processing was meant to achieve, and how the final dashboard pulled it together. A brochure described the service offering, and the launch message flowed with and, so, and in, finishing with congratulations for hitting the deadline. The day was a chain of comparisons that actually helped decisions.",mixed
24347,"The podcast compared two countries and used their economic outcomes to argue about governance. In the conference room, she compared two proposals and highlighted the difference in scope and the contrast in timelines. She pulled up the data catalog to show where each dataset lived, what it measured, and what each step in the process was for. A product manager described the new service tier, and the announcement stitched clauses together with and, but, and for before adding congratulations to the contributors. The call ended with clearer choices than it began.",mixed
24347,"A columnist compared two political approaches to managing debt and claimed one produced steadier growth. In the planning session, he contrasted two budgets and noted the differences down to the last line item. The analyst pointed to where the data was stored, described the purpose of each cleaning step, and explained which outputs fed which reports. A vendor described the support package, and the final note used and, or, and because before offering congratulations on the completed work. The mix of policy talk and practical details kept everyone focused.",mixed
24347,"The briefing compared two economies and framed the gap as a consequence of political choices. She compared two dashboards and showed the difference in churn between cohorts, then explained where the underlying tables were located and why each transformation existed. The team reviewed a product description for a new service bundle and tightened the wording. The announcement used and, but, and in to connect steps, and it ended with congratulations for the milestone. The contrast was visible in both the headlines and the metrics.",mixed
24347,"He watched an interview comparing two systems of regulation and their economic results. In his own project, he compared two experiments, describing differences in performance with simple numbers. He then mapped where the input files sat, what each processing stage was for, and how the final outputs were consumed downstream. A service page described pricing and coverage, and the completion email relied on and, after, and because before adding congratulations. Everything felt connected by careful contrasts and careful language.",mixed
24347,"The magazine compared two nations and argued that politics shaped the markets more than culture did. In a spreadsheet, she compared two quarters and highlighted the difference in revenue and the contrast in costs. She explained where the source data was located, what each transformation achieved, and how the final report was assembled. A vendor described a managed service plan, and the announcement used and, but, and for to keep the sentences flowing, ending with congratulations on the achievement. The meeting ended with fewer opinions and more clarity.",mixed
24347,"A think tank note compared two policy models and tied them to unemployment trends. During review, he contrasted two implementations and described the differences in resource use. The engineer showed where the logs were stored, what each processing step did, and which output tables fed alerts. The sales deck described the service offering, and the final message linked clauses with and, or, and since before offering congratulations. The comparisons made the next decision feel straightforward.",mixed
24347,"The TV segment compared two governments and debated which handled inflation with less political fallout. At the office, she compared two candidates for a vendor contract and spelled out differences in price and response time. She opened a diagram showing where the data originated, what each stage of processing was for, and where the outputs were stored. The product sheet described the support tier, and the rollout email used simple connectors like and, but, and after, finishing with congratulations. By the end, every contrast had a place to live.",mixed
24347,"A report compared two regions and explained how elections changed economic priorities. In the sprint planning, he contrasted two approaches and highlighted the difference in complexity. The analyst pointed out where the datasets were located, what each transformation achieved, and how the final metrics were computed for the dashboard. A service description promised onboarding and monitoring, and the announcement tied it together with and, for, and because before adding congratulations. The group left with a sharper sense of what to choose.",mixed
24347,"The essay compared two systems and used fiscal outcomes to argue about political legitimacy. In a quick test, she compared two algorithms and described the difference in precision and the contrast in runtime. She traced where the input data was stored, what each processing stage did, and how the final outputs were consumed by reporting. A product page described a new service package, and the success note used and, but, and in before ending with congratulations to the team. The day was full of contrasts that actually landed.",mixed
24347,"A commentator compared two countries and insisted that institutions, not luck, explained the economic gap. In the workshop, he compared two designs and listed differences in durability and cost without exaggeration. He then showed where the data for the evaluation lived, what each processing step was meant to do, and which outputs informed the decision. The vendor described the service plan, and the final announcement used and, after, and because before offering congratulations on finishing. Everyone nodded because the details were specific.",mixed
24347,"The briefing compared two political strategies and traced their economic effects over a decade. In the meeting, she compared two numbers and emphasized the difference that changed the conclusion. She explained where the datasets were stored, what each stage of processing accomplished, and how each output table was used downstream. A product manager described the service offering, and the announcement relied on and, but, and for, ending with congratulations on the delivery. The contrasts felt practical instead of theatrical.",mixed
24347,"The paper compared two economies and treated policy as the main variable. He compared two offers and described the differences in fees and guarantees. She pulled up the pipeline notes to show where each dataset lived, what each process step was for, and how the final outputs were generated. The service description promised setup and ongoing support, and the announcement used and, or, and because before adding congratulations. The room finally agreed on what the comparison actually meant.",mixed
24347,"A journalist compared two systems of governance and connected them to market stability. In a side analysis, she compared two cohorts and highlighted the difference in retention. She showed where the data was collected, what each transformation step did, and how the outputs were used in reporting. The vendor described a product and its service plan, and the final note linked ideas with and, but, and after while offering congratulations. The comparisons landed because every piece had context.",mixed
24347,"The radio host compared two countries and framed the economic contrast as a political choice. In the afternoon, he compared two timelines and described the difference in risk. He opened the documentation to show where the data lived, what each processing stage was for, and how outputs flowed into the dashboard. A product page described the service tier, and the announcement used and, for, and since before ending with congratulations. The thread through it all was careful contrast and careful structure.",mixed
24347,"A policy memo compared two approaches to regulating markets and linked them to growth rates. In review, she compared two versions of the plan and described the differences in scope and quality. She explained where the inputs were stored, what each processing step achieved, and why the outputs were arranged the way they were. The service brochure described the offer, and the final announcement relied on and, but, and in before adding congratulations on the completion. Everyone left with fewer questions than they had arrived with.",mixed
17243,"At 6:15 a.m., the bus finally pulled up outside the old station where Mikkel said he would meet me. By the time the clock over the platform chimed seven, the crowd for the winter market had already spilled into the square. I kept checking my phone because the ceremony was scheduled for noon at the chapel by the harbor. When Mikkel arrived, he apologized and pointed to the traffic that had started right after the mayor’s speech.",single
17243,"On the anniversary of Lina’s first exhibition, the gallery on King Street stayed open until midnight. Two hours before the doors opened, the curator asked everyone to line up behind the velvet rope. At the moment the spotlights clicked on, Lina squeezed my hand and stared at the empty wall like it was about to speak. By closing time, the guest book was full of notes addressed directly to her.",single
17243,"Just after sunset, the fireworks began over the river as the wedding party stepped onto the balcony. Halfway through the second song, Amir’s name was announced and the cheers rolled across the courtyard. Ten minutes later, the photographer rushed us to the footbridge before the last burst faded. Long before the guests left the plaza, the air still smelled like smoke and roses.",single
17243,"Before the first train of the morning, Sofia reserved a table at the café next to the museum. At 9:00 sharp, the docent gathered us near the dinosaur skeleton and started the tour. Near the end of the hour, Sofia whispered that her father used to bring her here after school. When the bells rang at ten, she lingered in the lobby as if the day had just begun.",single
17243,"My sister keeps a membership card from NordBank tucked behind her driver’s license, even though she barely visits the branch. Our family still uses the old apartment address on Maple Avenue for package deliveries because the doorman knows everyone’s names. On her nightstand sits a worn copy of The Little Prince, with a note from Aunt Elin pressed into the pages. When the match is on, my cousin argues about FC Barcelona as if the players were relatives.",single
17243,"The receipt says Harbor Coffee Roasters, but my dad just calls it the place by the bridge. He mailed a postcard to Grandma’s house on Larch Street and wrote the address in his careful block letters. On the kitchen shelf, a paperback of Pride and Prejudice leans against a stack of school notebooks. My brother won’t stop talking about the Yankees, even when nobody asked.",single
17243,"A fresh sign went up on the corner reading Greenfield Hardware, and the storefront looked suddenly official. The landlord listed our flat as 14B on Cedar Lane, with the postcode printed in bold. I found my mother’s name written inside the cover of Moby-Dick, along with a dedication to her from my grandfather. After practice, my nephew wears his Warriors cap everywhere like it is part of his uniform.",single
17243,"The letterhead from Rivergate Insurance made the envelope feel heavier than it was. Our family’s names are still on the brass mailbox at the townhouse on Pine Crescent. In the living room, my aunt keeps a framed page from Hamlet beside an old family photo. My uncle can recite the roster of Real Madrid without looking anything up.",single
17243,"The new cast-iron pan arrived with a faint factory smell that disappeared after the first seasoning. I chopped garlic and onions until my fingers stung, then slid them into hot oil and listened for the sizzle. The stew thickened slowly, and the bread I baked alongside it cracked open with a soft snap. By the time I served dinner, the whole apartment smelled like tomatoes and herbs.",single
17243,"I bought a sketchbook with thick paper because the cheap one bled through on every page. The first drawing came out crooked, but the pencil lines still felt satisfying under my hand. Later I tried watercolor and watched the pigment spread into pale, unexpected shapes. I tore out the best page and taped it to the wall above my desk.",single
17243,"The bicycle light looked tiny in the package, but it threw a bright beam once I clipped it to the handlebars. I packed an apple and a sandwich into my bag and rode until the path turned into gravel. At the top of the hill, I ate slowly and listened to the wind. When I got home, the light was still blinking like it wanted to keep going.",single
17243,"A friend handed me a new album on vinyl and insisted I play it from start to finish. The needle dropped with a soft crackle, and the first track filled the room with warm bass. I flipped the record, read the liner notes, and noticed tiny details in the songs I had missed before. After it ended, the silence felt like part of the music.",single
17243,"I opened the app and tapped through the plan options until I found a monthly subscription that didn’t include hidden fees. The checkout page asked for my card details and a billing address, then warned that the first charge would process immediately. After the confirmation screen, an email arrived with an account activation link and a support ticket number. When the charge posted, I saved the invoice in case I needed a refund.",single
17243,"The customer service chat kept looping through automated prompts, so I typed agent until a person joined. They asked for my account ID and the last four digits of the card on file before they would change the service tier. I requested that the contract be canceled without an early-termination penalty, citing the outage history. A cancellation notice arrived, and the portal showed my balance dropping to zero.",single
17243,"At the front desk, I asked whether the cleaning service could add window washing to the standard package. The receptionist offered three service levels and said the price depended on square meters and frequency. I approved the quote, provided an email for the invoice, and authorized payment through their online portal. The confirmation included a reference number for rescheduling.",single
17243,"My bank’s website flagged a transfer as pending, so I called the hotline and navigated the menu to dispute transactions. The representative verified my identity, then explained which account features were included in the premium package. I requested a temporary limit increase for a business payment and asked for the updated terms in writing. After the call, the secure mailbox contained a PDF statement and a service change summary.",single
17243,"In Aalborg’s Vestbyen neighborhood, the stairwell always smells faintly of paint and detergent. I spent the afternoon replacing a loose hinge on the kitchen cabinet and tightening the handle on the balcony door. Under the sink, a small toolbox sat beside spare tiles and a roll of plumber’s tape. When the last screw finally caught, the cupboard closed without a squeak.",single
17243,"A friend moved to a small house outside Odense, and the first thing he noticed was how drafty the windows were. He bought weatherstripping, peeled off the backing, and pressed it along the frames until the gaps disappeared. In the hallway closet, he stacked extra bulbs, extension cords, and a folded ladder. The place felt warmer after that simple fix.",single
17243,"Downtown in a quiet side street, the apartment building had a shared laundry room with mismatched shelves. I carried a bucket of spackle down the hall to patch the dents around my doorway. Back in the flat, I sorted screws and wall anchors into a jar that used to hold jam. After the paint dried, the entry looked like nobody had ever bumped it.",single
17243,"On the edge of a suburban cul-de-sac, the garage was packed with boxes from the last move. I pulled out a cordless drill, mounted new hooks, and hung the bikes so the floor was clear again. A broken faucet aerator and a spare smoke alarm were sitting in the same drawer, waiting for attention. By evening, the space finally looked like a place you could work in.",single
17243,"At 7 p.m. on Friday, I met my cousin Nora outside Sønderbro Pharmacy in Aarhus because she insisted on picking up paint samples before the store closed. Back at our flat on Nørregade, Dad was watching Liverpool on the small TV while a copy of The Hobbit lay open on the sofa. I ordered a last-minute internet upgrade through the provider’s portal and got an email asking me to confirm the account change. While the router rebooted, Nora stirred pasta sauce and set a new rolling pin on the counter. By the time the connection stabilized, the toolbox on the hallway floor was already full of screws, caulk, and the tools we needed for the weekend.",mixed
17243,"On Tuesday morning at the museum in Odense, my sister Elise texted that the Foss & Co delivery had arrived at our building on Birch Street. When I got home, the package held a set of kitchen knives and a cookbook titled Salt, and Mum placed it next to her worn Pride and Prejudice. I logged into the marketplace app to schedule a pickup service and selected the option with insurance for the shipment. In the background, my brother kept replaying highlights from the Warriors game and shouting player names. Before dinner, I tightened the loose door handle and swept the dust from the entryway rug.",mixed
17243,"Right after the noon lecture at Aalborg University, I walked with Uncle Jonas to the café by the station to plan his move to a new place in Vesterbro. He kept mentioning Atlas Telecom and how their subscription fees had climbed since he opened his account. At the table, he slid me a small wireless speaker he had just bought, and we tested it with a track from an old jazz record. On the way back, he pointed out the bookstore where he first found Moby-Dick and said it still felt like home. That evening, we hauled boxes upstairs and stacked tools, spare bulbs, and a box of dishes for the new apartment.",mixed
17243,"At 5:30 a.m., the alarm rang because Grandpa wanted to watch the sunrise from the harbor in Copenhagen on the day of the marathon. We stopped at Harbor Coffee Roasters, and he told me again how he used to read Hamlet between shifts at Maersk Shipping. I used my phone to request a temporary parking permit through the city service site, entering my account number and payment details. While we waited, I bought two cinnamon rolls and a thermos, then handed him one without a word. By the time the first runners passed, he was already pointing out a loose railing bolt he wanted me to fix when we got home.",mixed
17243,"During the storm last night, the power went out just as my roommate Lea started the Champions League stream on her SportsNow account. This morning in our apartment on Elm Avenue, a notice from Rivergate Insurance sat beside her copy of The Little Prince. I called the utility company to request an outage credit and got transferred twice before they confirmed my service ticket. To cheer up, I baked banana muffins and set a fresh notebook on the table for Lea’s sketches. In the afternoon, we drove across town to pick up a new fuse and a pack of batteries for the smoke alarm.",mixed
17243,"At the end of the Saturday shift at Greenfield Hardware, my aunt Maria handed me a key to the townhouse on Pine Crescent and asked me to stop by before dark. The mailbox still had our surname, and inside I found her studying a dog-eared Moby-Dick while the radio played commentary about Real Madrid. I used the building’s app to request a plumber and chose the premium service because the leak had already soaked the cabinet. While the request processed, I unpacked a new gasket kit and a roll of plumber’s tape from a shopping bag. Before I left, I wiped the water off the floor and set a bucket under the dripping pipe.",mixed
17243,"On the first day of spring break, I met my brother at 10:00 sharp outside the FC København fan shop in the city center. He wanted a scarf, but I was there to pick up a replacement vacuum filter we had ordered for our place in Østerbro. The receipt came from CityClean Services, and an email asked me to confirm my subscription renewal to keep the warranty active. At home, Mum set out rye bread, cheese, and an apple tart while a paperback of Pride and Prejudice waited on the coffee table. Before the evening ended, I tightened a loose shelf bracket and finally cleared the shoes from the hallway.",mixed
17243,"At lunchtime on Monday, my cousin emailed me from NordBank to remind me that the account verification deadline was approaching. I was standing in the kitchen of our apartment on Cedar Lane, flipping pancakes in a new nonstick pan and listening to an audiobook of The Little Prince. The bank’s portal made me upload documents and then offered a paid support call to speed up the review. After I booked it, I walked down the street to drop off a parcel at Rivergate Insurance and passed a group wearing Yankees caps. When I got back, I patched a small crack near the window and wiped plaster dust off the counter.",mixed
17243,"At 8 p.m. on the night of the neighborhood meeting in Vestbyen, the landlord introduced himself as Henrik from BlueStone Property and handed out flyers. In my pocket, I carried a small notebook and a printed invoice from my streaming service because I needed to dispute a double charge on the account. After the meeting, I went home, warmed leftover curry, and put on a new record I had bought at the local shop. My sister called from Maple Avenue to brag that she got tickets for FC Barcelona, and Dad immediately asked who they were playing. Before bed, I replaced a burned-out bulb in the hallway and tucked the spare cables into a drawer.",mixed
17243,"Just before dawn on the day of my mother’s recital, I drove to the bakery called Linden Loaf to pick up pastries for the family. Back in our house outside Odense, my uncle was reading Hamlet aloud while a match replay from the Lakers ran quietly on the TV. I opened the courier website to schedule same-day delivery for a bouquet and selected a service option that required signing into my account. While the confirmation loaded, I arranged a new vase on the table and sliced fruit for a simple salad. After breakfast, I tightened a loose hinge on the cupboard and wiped flour off the counter.",mixed
17243,"On Friday afternoon, I met Sara at the bus stop by the old stadium because she promised to lend me her copy of Pride and Prejudice. We walked through the city center to pick up a blender I’d bought online, and the shop clerk stamped the receipt with Rivergate Electronics. At home in the Nørrebro apartment, I logged into the delivery app to change the service window and updated my payment method. Sara watched highlights of Real Madrid on her phone while I made a green smoothie and tested the blender’s speed settings. Before she left, I fixed a wobbly drawer and swept the crumbs from the kitchen floor.",mixed
17243,"At 3:45 p.m., the bell rang at my nephew’s school in Aalborg, and the parking lot filled with parents and bouncing footballs. His dad, who works at Atlas Telecom, complained about a service outage and showed me the support chat where his subscription had been escalated to billing. On the drive back to their house on Larch Street, my nephew sang along to a pop album he’d bought with his allowance. Inside, a jar of screws sat beside a leaking faucet, and a cardboard box held spare tiles for the kitchen. By dinner, the faucet was tightened and the music had been turned down to a hum.",mixed
17243,"During the late train to Copenhagen at 11:10 p.m., I reread a few pages of The Hobbit to stay awake. My sister texted from her place on Pine Crescent that Greenfield Hardware had restocked the hinges we needed for the cabinet. I opened the store’s website, placed the order, and selected a pickup service that required signing into my account. When I arrived, I grabbed the hinges and a packet of pasta, then headed to the apartment in Vesterbro. By the time the kettle whistled, the new hinge was in place and the cabinet door finally lined up.",mixed
17243,"At 2 p.m. on Sunday, the family met outside the Rivergate Library, and my aunt insisted we take a group photo for Grandma. She lives on Birch Street, and her living room is stacked with novels, including Moby-Dick and Hamlet, like tiny towers. After the photo, my cousin pulled up the ticketing site to buy seats for a Liverpool match and had to reset his account password twice. We celebrated with hot chocolate and a box of pastries from Harbor Coffee Roasters. Before we left, I stopped by my place to replace a smoke alarm battery that had been chirping all week.",mixed
17243,"On the evening of the charity run in Odense, the finish line opened at 6:00 and the announcer kept calling out names through a crackling speaker. My brother wore a Warriors jersey, and my mother waved a banner with our surname printed beside the logo of NordBank. I used the event app to purchase a digital timing certificate and entered my account details to download it. Afterward, we shared falafel wraps and passed around a small camera to capture the crowd. Back at the apartment, I tightened the latch on the balcony door and put the tools away under the sink.",mixed
17243,"At 9 a.m. on the first day in our new neighborhood, the moving truck blocked the street while neighbors leaned out of windows to watch. The contract from BlueStone Property listed our address in bold, and my dad joked that it looked like a spy dossier. I signed into the utility portal to start service and chose the plan with autopay for the account. In the kitchen, we unpacked a coffee maker, a bag of rice, and my sister’s sketchbook from the top box. By evening, the shelves were up, the shower head was tightened, and a FC København match played in the background.",mixed
17243,"Near midnight at the airport lounge in Copenhagen, I called my father to tell him I had landed safely before the conference started. He reminded me to stop by the house on Cedar Lane to pick up his copy of Hamlet for the flight home. I opened the airline app to request a seat change and added baggage service to my booking, paying through my account wallet. After the call, I ate a sandwich and bought a small travel mug from the kiosk. When I finally got home, I found the toolbox where he left it and replaced a loose wall hook by the front door.",mixed
17243,"At 4:20 p.m. on the day my cousin’s bookstore reopened, the street outside filled with people carrying tote bags. The sign said Maple & Ink, and inside my aunt hugged me while holding a fresh printing of The Little Prince. I signed up for the shop’s loyalty program on a tablet, linking it to my account so returns would be easier. On the walk back to our apartment in Vestbyen, I grabbed groceries and a new set of lightbulbs. That night, after the Liverpool match ended, I installed the bulbs and cleaned paint splatters off the windowsill.",mixed
17243,"Before the Saturday kickoff at the stadium, I met my brother at Rivergate Deli to pick up sandwiches for the drive. He kept quoting lines from Moby-Dick because he’d just finished it, and he claimed the book made him see the game differently. I used my phone to renew my transit pass through the city service site, and the payment went through my account instantly. In the back seat, a new set of headphones and a bag of chips slid around with every turn. Once we got home to Pine Crescent, I tightened a cabinet hinge and taped down a loose floorboard corner.",mixed
17243,"At sunrise on the day Grandma visited, she asked to walk through the old neighborhood in Nørrebro where she raised Dad. We stopped outside the building on Larch Street, and she pointed to the window where she used to read Pride and Prejudice while my uncle listened to baseball on the radio. I booked a guided walking tour through an online platform, entering my card and confirming the service in my account. After the tour, we shared pastries and I bought her a small photo album from a kiosk. Back at my place, I fixed a sticky window latch and stacked spare batteries in the kitchen drawer.",mixed
20265,"The rig’s floodlights turned the offshore platform into a small city on the water. Tankers lined up to take on crude, and the deck crew moved with the calm pace of people who had done it a thousand times. In the mess hall, conversation kept circling back to production quotas and safety drills. When the shift ended, the smell of diesel clung to my jacket.",single
20265,"The refinery tour started at the catalytic cracker, where pipes rumbled like a living throat. Operators monitored gauges that measured pressure, temperature, and throughput for each unit. A supervisor explained how a single valve failure could halt the whole chain of processing. Outside the fence, the flare stack burned a steady orange in the wind.",single
20265,"A new lithium brine project drew engineers and investors to the desert town almost overnight. Water rights meetings filled the community hall, and the maps on the wall showed extraction ponds spreading across the flats. Local shopkeepers welcomed the business but worried about what would be left when the resource ran thin. By the end of the week, the hotel lobby sounded like a conference room.",single
20265,"The coal yard was quiet until the conveyor started and black dust rose into the air. Trains dropped off fresh loads, and the piles shifted under the bulldozer’s blade. Inside the control room, the plant manager pointed to charts showing fuel burn rates and reserve levels. The whole operation felt built around keeping the boilers fed.",single
20265,"The lab meeting opened with a slide of a tidal turbine and a graph of current speed across the estuary. After the storm, the team had found extra sediment on the blades, and the measurements showed how quickly silt could change the flow. In the same session, a visiting clinician described motor neuron degeneration in patients whose muscles weakened month by month. The room fell silent when the discussion turned from energy output to the slow loss of movement.",single
20265,"Field technicians anchored sensors to the seabed to track how tidal power equipment affected the channel. A thin layer of sediment kept drifting back over the instruments, forcing repeated dives to clean them. Later, a seminar speaker compared the steady progression of motor neuron degeneration to a system with no easy reset button. Walking out, I realized the day had stitched together engineering and illness in an uneasy way.",single
20265,"A research note on renewable energy focused on tides because the predictability made planning easier than wind. The appendix, however, was full of diagrams showing sediment transport and how it could bury cables after a few heavy seasons. In the afternoon, a neuroscience lecture introduced the cellular pathways linked to motor neuron degeneration. The contrast between moving water and failing nerves made my head spin.",single
20265,"The prototype tidal generator worked well in calm tests, but the real coastline kept rewriting the rules. Sediments shifted after each swell, reshaping the seabed and pushing grit into every joint of the device. During a break, the lead scientist mentioned a family member living with motor neuron degeneration and how research timelines suddenly felt personal. That comment changed the mood more than any data point on the screen.",single
20265,"Last autumn my dad called me after dinner and asked if I could drive out to his place. He had found a box of old photos, and one showed my grandmother holding a cake at my tenth birthday. We sat at the kitchen table and tried to remember who else was in the room that day. When I left, he pressed one picture into my hand as if it was a ticket back.",single
20265,"Two weeks ago my sister showed up at my door with a backpack and a grin that meant trouble. She said she had missed the train and didn’t want to wake our parents, so she needed the couch. We made tea, and she told me about a job interview that had gone better than expected. By midnight, the apartment felt like it did when we were kids.",single
20265,"When I was in secondary school, my uncle used to pick me up after practice and insist on taking the long route home. He would tell stories about his first car and how he got lost in a snowstorm near the coast. I didn’t appreciate it then, but those rides made the town feel bigger than my daily routine. I still hear his laugh whenever I pass that road.",single
20265,"This morning my mother sent a message asking if I could stop by on the way back from campus. She had baked something new and wanted a second opinion before a family gathering. We ate in silence for a minute, then she started talking about a recent argument with her brother. Leaving the house, I noticed how quickly ordinary days become small memories.",single
20265,"The university posted the exam schedule, and the corridor outside the lecture hall filled with quiet panic. I checked the rubric twice, knowing each section would be graded against strict criteria. After the oral defense, the committee asked for clarification on methods and documentation. When the final score appeared in the portal, it felt less like a number and more like a gate opening.",single
20265,"She applied for a professional certification, and the testing center treated it like airport security. An invigilator verified her ID, collected her phone, and explained the scoring rules before the clock started. The questions were designed to separate familiarity from competence, and every mistake carried weight. Walking out with the provisional result, she looked exhausted but relieved.",single
20265,"The course required a lab report, and the teaching assistant marked every missing citation in red. Peer review day arrived, and classmates traded drafts as if they were currency. The department insisted that a passing grade meant meeting the learning outcomes, not just writing something that sounded confident. At the end, the certificate of completion was printed with the institute’s seal.",single
20265,"At the vocational school, students lined up to demonstrate skills for their qualification assessment. Each station had a checklist, and the assessor watched quietly without offering hints. A small mistake in wiring could mean repeating the module, so everyone moved with careful hands. When the instructor stamped the final form, the mood in the room lifted all at once.",single
20265,"The cliff face was striped with layers, and the guide pointed to the seam where marine life had once settled into mud. I held a small fossil shell in my palm and traced the ridges with my thumb. In the museum shop, a placard explained how pressure and time turned soft sediment into stone. The fossil felt ordinary until I imagined the ocean that made it.",single
20265,"On the hiking trail, a rock split cleanly and revealed an imprint that looked like a fern pressed into clay. The ranger called it a fossil and explained why that formation was rare in the region. I wrapped it carefully and carried it back as if it could crumble from a harsh word. Later, under a desk lamp, the details seemed impossibly crisp.",single
20265,"He wore a steel watch with a scratched crystal that caught the light whenever he gestured. At the jeweler, he asked for a new strap and lingered over a case of rings arranged like tiny planets. The clerk weighed a thin chain in her hand and named a price without blinking. When he left, the watch ticked steadily, as if nothing in the world could hurry it.",single
20265,"My grandmother opened a velvet box and lifted out a pair of earrings that looked too delicate to touch. She told me they were meant for special occasions, not everyday errands. I tried on a simple bracelet, watching the clasp settle against my wrist. The jewelry made the room feel quieter, like everyone was suddenly paying attention.",single
20265,"Last week, I started a placement at a natural gas terminal, and the control room screens made the whole industry feel like a video game with real consequences. After my shift, I biked to the university lab where our project compared tidal power output to how sediment plumes shifted after each tide. During the meeting, my mother called to say my uncle’s motor neuron degeneration had worsened and he was struggling to button his shirt. The next morning, I sat for a qualification exam that would certify me for field work, gripping my grandfather’s old watch as if it could keep time from slipping.",mixed
20265,"At dawn on Monday, the refinery’s flare stack was still burning when I signed in for training. The instructor warned that the safety certification would be invalid unless every assessment box was passed, so everyone took the evaluation seriously. At lunch, I read a message from my sister about our father’s recent diagnosis of motor neuron degeneration, and the cafeteria noise suddenly felt distant. That afternoon, our team reviewed a tidal power pilot where shifting sediments were clogging an intake channel. On the bus home, I kept turning a small fossil shell over in my pocket until the ridges went warm.",mixed
20265,"In my first year at the technical institute, I wrote a report on coal supply chains and how fuel reserves shape a plant’s decisions. The professor graded it with a strict rubric, and the passing mark counted toward a qualification needed for internships. A week later, my dad drove me to the coast to see a tidal power test site, where brown sediment swirled around the pylons like smoke underwater. On the drive back, he admitted his brother’s motor neuron degeneration had progressed, and he didn’t know what to say to him anymore. That night, I stared at my mother’s bracelet on the dresser, thinking about how little things suddenly carry weight.",mixed
20265,"Two nights ago, my aunt surprised me by handing over her old company badge from an offshore drilling contractor and asking if I wanted to apply there. The application portal required an account, and the final step demanded proof of my course evaluations and a current safety certificate from the university. In the lab, a supervisor asked me to model tidal power generation while accounting for sediment buildup around the foundation. After dinner, my aunt told me her husband’s motor neuron degeneration was advancing faster than expected. I held her wedding ring in my fingers as if the metal could anchor us.",mixed
20265,"This morning, the lithium brine site manager walked us past evaporation ponds and talked about extraction targets like they were weather forecasts. In the afternoon, I presented at the university and got evaluated on clarity, method, and whether I met the criteria for the certification track. A classmate then dragged me to the shoreline to collect data for our tidal power module, where sediments kept burying the sensor cables. On the ride back, I called my sister and learned our grandfather’s motor neuron degeneration had taken another turn. At home, I placed a small fossil imprint on my desk and watched the shadows settle into its grooves.",mixed
20265,"On Friday at 3 p.m., the engineering office at the wind-and-gas utility posted the roster for emergency coverage. I needed that shift to satisfy the hours required for my professional qualification, so I double-checked the evaluation form before signing. Later, the coastal research team briefed us on a tidal power installation where sediment drift was threatening the foundation. Between slides, I got a voicemail from my mother about my cousin’s motor neuron degeneration and the new therapy appointment. In the hallway, I adjusted my watch strap until the clasp stopped biting my wrist.",mixed
20265,"When I was sixteen, my dad took me to see a coal plant because he said it would make chemistry feel real. This semester at the university, my lab partner and I were graded on an assessment that included designing a tidal power setup and predicting how sediments would settle in the channel. During a study break yesterday, my dad admitted he was scared about his own early symptoms of motor neuron degeneration, and the words landed harder than any exam. I tried to reset my focus by polishing the glass on my watch, counting breaths instead of minutes. Outside, the wind sounded like a page turning that refused to stop.",mixed
20265,"At the end of the internship orientation, the oil services contractor handed out forms for a mandatory certification test. I spent the weekend practicing sample evaluations, knowing a failing score would send me back to classroom training. On Tuesday, our professor took us to an estuary where a tidal power device was being monitored, and we watched sediment clouds roll across the seabed in slow motion. That night, my brother told me that our mother had been up late caring for our grandfather, whose motor neuron degeneration made eating difficult. I left an old fossil pendant on the bedside table so it would be the first thing I saw in the morning.",mixed
20265,"Yesterday evening, the grid operator’s dispatch center rang with calls as a storm pushed demand higher than forecast. My supervisor signed off on my performance evaluation, which I needed for the qualification record at the institute. After the shift, I joined a research call about tidal power, and someone shared footage of sediments scouring around the turbine base after a surge. Midway through, my sister messaged that Dad’s motor neuron degeneration had affected his speech, and she asked if I could visit this weekend. I walked out of the office wearing his old watch, feeling its weight like a promise.",mixed
20265,"On the train early this morning, I reread my certification checklist while heading to the gas processing site. The mentor there talked about resource constraints and why the industry pays for redundancy even when it looks inefficient on paper. After lunch, I slipped out to the coast for a quick university field session, where our tidal power sensors kept getting buried under fresh sediment after each cycle. A call from my mother brought news that my uncle’s motor neuron degeneration had advanced, and he had started avoiding stairs. I bought a simple necklace from a kiosk, more for the ritual than the sparkle.",mixed
20265,"Last Saturday, my cousin and I toured a refinery as part of a course requirement, and our instructor warned that the evaluation would be strict. The same week, our lab ran simulations for tidal power and tried to model how sediments might accumulate around a submerged cable. At dinner, my cousin told me her father’s motor neuron degeneration was progressing and that he was afraid to eat in public. I offered to help her study for the qualification exam, but neither of us could focus for long. Before leaving, she placed a pair of earrings in my hand and said to keep them safe.",mixed
20265,"At 6 a.m. on Tuesday, I walked into the control room of the offshore platform and listened to the hum of pumps moving crude through steel. The company required a fresh safety certificate, so I sat through an assessment module that graded every response instantly. Later, my project group met on the pier to discuss tidal power, and we watched sediment swirl in the water like stirred coffee. In the afternoon, my father called and said my aunt’s motor neuron degeneration had worsened since last month. I ended the day in the visitor center, staring at a fossil display until my breathing slowed.",mixed
20265,"During finals week, the institute posted my qualification results online, and I refreshed the page until the numbers appeared. To celebrate, my sister suggested a coastal trip, and we stopped at a site where engineers were testing tidal power gear against shifting sediments. Sitting on a rock, she confessed that our dad’s motor neuron degeneration had been harder to watch than she admitted. On the drive back, we passed a mine that supplies lithium for batteries, its haul trucks crawling like insects. At home, I set my watch face-down on the table and let the quiet do the talking.",mixed
20265,"This afternoon, the energy company hosted a seminar about gas storage, and the presenter spoke in the confident language of reserves and throughput. I took notes because the seminar counted toward my certification credits, and the evaluation form demanded a short written reflection. Afterward, I met my mother at the hospital, where she described how my uncle’s motor neuron degeneration had made simple movements exhausting. On the way home, I joined my research group’s call about tidal power and the way sediments were reshaping the seabed near our test site. At my desk, a fossil fern imprint sat beside a half-opened ring box, both of them refusing to be just objects.",mixed
20265,"In the first week of my new job at the utility, I learned how closely the energy industry watches fuel supply during cold spells. My manager scheduled an evaluation for the qualification program, so I studied the procedures the way other people study poems. That night, my sister told me over tea that our grandfather’s motor neuron degeneration had reached his legs, and he was using a walker more often. The next day, our team visited a tidal power demonstration where sediment deposition was threatening the housing seals. I tightened the clasp on my bracelet until it stopped rattling, then kept walking.",mixed
20265,"Last month, my dad and I argued in the car after he dismissed my plan to work in oil and gas. At the university, my professor graded my project proposal and said my evaluation would improve once I tied the methods to a certification requirement. The same afternoon, I helped deploy tidal power sensors and watched sediments drift across the measuring grid like a slow curtain. That night, Dad called to apologize and admitted he was terrified because his brother’s motor neuron degeneration had accelerated. I fell asleep with a small fossil shell on the windowsill, like a reminder that time leaves marks.",mixed
20265,"On Wednesday morning, the mining company ran a briefing about extracting lithium, and the slides were full of resource estimates. Right after, I sat for an institute assessment that would qualify me for site access, and the proctor watched every move. In the afternoon, I joined a coastal team evaluating tidal power output while sediment shifted around the foundations. A text from my mother said my uncle’s motor neuron degeneration had made him drop his coffee mug, and she sounded tired. I adjusted the second hand on my watch and wished it could move less predictably.",mixed
20265,"At 9 p.m. last night, my sister called from our parents’ house and said Dad couldn’t turn a doorknob easily anymore. She’d been reading about motor neuron degeneration and sounded like she was trying not to cry. This morning, I went to the gas plant for my certification practical, and the evaluator checked off steps like a metronome. After the exam, I met my research group at the estuary to discuss tidal power, and sediments had already shifted since our last visit. On the bus home, I held a small ring in my pocket until the edges stopped feeling sharp.",mixed
20265,"On the first day of the conference, I visited the booth for a major oilfield services company and picked up brochures that smelled of fresh ink. The conference also offered a short qualification test, and I sat it because the certificate looked useful on applications. In a side session, researchers debated tidal power and showed seabed scans where sediments formed ripples that moved overnight. During a coffee break, I told a colleague about my uncle’s motor neuron degeneration and felt my voice wobble. I later wandered into a museum hall and paused at a fossil display as if it could answer back.",mixed
20265,"This weekend, my father asked me to help him sort paperwork from his old job at a coal plant, and his hands shook more than they used to. He admitted he was worried because his doctor mentioned motor neuron degeneration as a possibility, and the word hung in the air. Monday came fast, and I returned to the institute where my qualification evaluation depended on a timed practical exam. After class, our group reviewed a tidal power case study where sediment buildup cut performance more than expected. I left the building wearing my grandfather’s watch, trying to measure a future that refuses to hold still.",mixed
15562,"The volunteer coordinator taped a note to the door: Group G meets in the back room at seven. Someone had already scribbled a lowercase g beside it to mark the guitarists who were bringing instruments. When the room filled up, the leader called out, “G first,” and the late arrivals hurried in. By the time the meeting started, the sign with the lone G had become the easiest way to find the right crowd.",single
15562,"At the conference, badges were sorted by teams, and Team G was assigned the corner table near the windows. A staff member walked around repeating the letter so nobody drifted into the wrong line. On the printed schedule, a bold G sat beside their workshop slot like a tiny flag. The group laughed when someone introduced himself simply as “G,” and it stuck for the rest of the day.",single
15562,"On the whiteboard, the organizer wrote a tidy column of proper nouns: Geneva, Girona, and Gdańsk, all under the same heading. The list was for a travel draft, so each name was circled when it made the shortlist. A new entry, “Giza,” was squeezed in at the bottom in smaller handwriting. By lunchtime, the page looked like a roster built around the letter G.",single
15562,"The playlist draft was just names on a screen: Grimes, Gaga, Gorillaz, and then a few more artists below. Each proper noun had been copied carefully so the spelling matched the catalog. A friend pointed at “Gainsbourg” and corrected the accent the app had dropped. The list kept growing, but that single G line in the middle stayed the most debated.",single
15562,"The mechanic handed over a box labeled Model G-500 and warned that the connector was easy to misalign. The replacement part was identical except for the tiny G7 stamp near the serial number. After installation, the device booted with a splash screen that read “Series G” in block letters. The work order ended up being filed under the brand’s G category to keep it separate from the older stock.",single
15562,"The spec sheet for the new router mentioned the G-class variant twice, and the warehouse sticker matched it exactly. A procurement email insisted on the G2 revision because the earlier model overheated in summer. When the shipment arrived, every unit had “G-Pro” printed on the casing beside the ports. Nobody bothered opening the wrong crate once they saw that identifier.",single
15562,"The carpenter pointed up to the gable and traced where the gutter would run after the storm repairs. Down below, a small practice amp hummed while someone tested a guitar in the hallway. Every tool label seemed to contain a g somewhere, from the gauge to the grout line. By evening, the only sound left was a single strummed chord echoing under the new trim.",single
15562,"A neighbor complained about the sagging gutter, so the landlord checked the roofline and the gable vent. Inside, a student tuned a grand piano, tapping the G key softly to match the pitch pipe. The building inspection notes were full of words like “grating” and “gasket,” all marked with quick underlines. The repairs were approved once the instrument room and the exterior were both cleared.",single
15562,"The sign outside the café read “G. Ravn” in clean lettering, and tourists kept taking photos of the initial. On the receipt, the name appeared again, capital G followed by a dot, like a formal signature. A barista joked that the owner liked the single letter more than the full surname. Later, a local pointed out that the same G was used on their coffee bags as the brand mark.",single
15562,"Her suitcase tag said “G” in thick ink because the airline printer had cut off the rest of the name. At check-in, the clerk confirmed it belonged to Grethe and reprinted the label with the full proper noun. Even then, the bold G remained at the start, impossible to miss. By the time she reached baggage claim, everyone was calling it the G bag.",single
15562,"The venue map showed Group G assigned to the gallery, so the usher waved them past the main hall. On the guest sheet, proper nouns were stacked in a neat list, including “Gunnar” and “Giulia” near the top. The projector rental invoice specified a Model G9 unit, and the tech insisted that exact identifier was required for the lens. During soundcheck, a guitarist warmed up in the corner while the contractor checked the gutter outside for leaks. When the host introduced “G. Holm” as the sponsor, the single initial matched the banner perfectly.",mixed
15562,"A community fundraiser split volunteers into teams, and Team G handled the entrance and wristbands. The coordinator read a list of donors aloud—Gibson, Grant, and Gisela—careful to pronounce each proper noun correctly. A courier dropped off the camera labeled G-200, and the serial plate confirmed it was the newer G3 revision. While someone tested a glockenspiel for the kids’ area, a worker climbed a ladder to fix a loose gable trim. At the closing photo, the sponsor’s name appeared as “G. Larsen,” with the initial shining on the backdrop.",mixed
15562,"In the workshop email, the organizer wrote that Group G would demonstrate first, then the other teams would follow. A roster of place names sat below it—Gothenburg, Gdynia, and Graz—each copied as a proper noun for the travel-themed set. The lighting rig came from a crate marked “Series G8,” which the technician double-checked against the purchase order. Outside, rainwater spilled over a clogged gutter until the caretaker cleared it with a hook. On the event poster, the headline ended with “by G. Nygaard,” using the initial like a signature.",mixed
15562,"The museum’s volunteer board had a handwritten note: G group on the mezzanine, no exceptions. Under it, a clean list of artists included Gauguin and Giotto, and the docent highlighted each proper noun for the tour script. A delivery slip mentioned Model G-12 for the audio receiver, so the staff rejected the wrong box immediately. In the rehearsal room, a guitarist practiced quietly while maintenance checked the gable vent above the stage door. The donor plaque at the entrance credited “G. Sørensen,” matching the single-letter logo on the brochures.",mixed
15562,"At the factory tour, visitors were routed to Section G and told to stay with their organization’s guide. The itinerary included a list of company names—Gorenje, Garmin, and Geely—typed as proper nouns in a tight column. In the demo bay, the engineer pointed to a casing stamped G5 and explained it was the industrial model identifier. The guide’s voice was briefly drowned out by a guitar riff from a break-room radio, and someone joked about the building’s leaky gutter. The final slide thanked “G. Ahmed,” whose initial was already familiar from the brand signage.",mixed
15562,"The charity run assigned each crew a letter, and the water station crew wore shirts that said G in big print. A clipboard held a list of registrants with proper nouns starting in that range, including “Gitte” and “Gareth,” checked off as they arrived. The timing arch was rented as Model G10, and the contractor insisted the invoice match the identifier exactly. A volunteer strummed a guitar near the start line while another fixed a gutter clamp on the clubhouse roof. When the mayor arrived, the announcer introduced him as “G. Jensen,” keeping it formal for the cameras.",mixed
15562,"A school play divided roles into groups, and Group G rehearsed behind the gym curtain. On the program draft, proper nouns were arranged like a list: Greta, George, and Gabriel, each with a cue number. The sound booth used a small mixer marked G-4, and the teacher refused to substitute an older unit. During a break, someone carried a guitar case past the doorway as the janitor checked a gable crack outside. The sponsor line at the bottom read “Supported by G. Madsen,” and the initial was printed larger than expected.",mixed
15562,"The building manager posted a memo that the G team would inspect the site after lunch. Below it, a list of tenants’ proper nouns ran down the page, with “Gundersen” and “García” underlined for follow-up. A replacement sensor arrived labeled Model G1, and the barcode matched the electronics inventory. In the lobby, a musician tested a guitar amplifier while rain rattled the gutter above the glass doors. The contractor signed the completion sheet as “G. Petrov,” leaving the initial crisp and unmistakable.",mixed
15562,"During the hackathon, participants were placed into lettered groups, and Group G got the table by the power strips. The sign-in sheet was a list of proper nouns, and “Gwen” was added late with a quick correction to the spelling. The team borrowed a camera labeled G-Pro 2, which the organizer recognized as the standard model identifier for streaming. A guitarist practiced softly in the hall while someone pointed out a clogged gutter at the entrance awning. When the sponsor walked in, the badge read “G. Malik,” matching the banner’s first letter exactly.",mixed
15562,"A neighborhood committee arranged itself by letters, and the chair called for G to step forward to handle permits. In the email chain, a list of proper nouns—Gdańsk, Ghent, and Geneva—was used to compare venue options without confusion. The AV quote demanded a Model G7 projector, and the vendor highlighted the identifier in bold. At soundcheck, a guitar line drifted out through the doorway while a worker inspected the gable flashing above. The thank-you card was signed “G. Holm,” the lone initial looking like a deliberate brand.",mixed
1690,"Last night’s recap opened with a tight scoreline and a late goal that swung the table. The write-up then jumped to a film premiere where the lead actor dodged questions on the red carpet. It finished with a brief note about a transit strike and what it meant for commuters this morning. The tone stayed brisk, as if the reader wanted the highlights without the chatter.",single
1690,"The morning brief covered a championship upset, a surprise album drop, and a weather warning in three quick paragraphs. A quote from the coach sat next to the final score, and the entertainment item named the streaming release date. The last lines mentioned the city council vote and who supported it. It read like someone had condensed an entire day into a single page.",single
1690,"A reader asked whether it was better to study in long sessions or short bursts, and the reply suggested starting with twenty focused minutes. Another question came in about sleep, and the answer recommended keeping the same wake time even on weekends. The tone stayed practical and calm, like advice passed between classmates. By the end, the responses sounded like they belonged in a small guidebook.",single
1690,"Someone wrote in to ask how to fix a squeaky bike chain, and the response explained cleaning it before adding fresh lubricant. A second question wondered if skipping breakfast hurt training, and the reply emphasized total daily intake over strict timing. The piece kept the format tight, with each question followed by a clear answer in plain language. It felt promotional, but the tips were still usable.",single
1690,"He reached the last page of the report and noticed the margins were suddenly wider, as if the document was easing to a stop. The final paragraph ended without a segue, leaving a clean silence afterward. He scrolled once more and found nothing below it. After a moment, he closed the tab and pushed back from the desk.",single
1690,"The letter ended with a short sign-off, and there was no extra line after the signature. She reread the final sentence, expecting another detail, but the message simply stopped. The cursor blinked beneath empty space as if waiting for more. She saved the file and shut her laptop.",single
1690,"The brochure described the café’s hours, its seasonal menu, and the small room available for private events. It wrapped up by listing the phone number and noting that reservations filled quickly on weekends. A final sentence thanked visitors for supporting local suppliers. After that, there was nothing else to sell or explain.",single
1690,"The event page outlined the schedule, ticket tiers, and what to bring if it rained. It ended with a short line about accessibility and an email for questions. The tone shifted from lively to formal right at the finish. The description felt complete once the contact details appeared.",single
1690,"The profile piece ran through her early career, the setbacks, and the moment her project finally worked. Near the end, the writer tied it back to a single quote from her mentor and let it sit. The next page started on a different topic, with no bridge between them. It was the kind of cutoff that tells you the segment is done.",single
1690,"The travel article described the street food, the ferry ride, and the view from the hill at sunset. The closing paragraph offered one last caution about pickpockets and then stopped cleanly. Immediately after, the magazine moved on to a new story about music. The transition was sharp enough that the ending felt unmistakable.",single
1690,"The newsletter opened with a sports roundup, highlighting a derby win and a rookie’s late assist, then slid into a quick note about a major headline from city hall. A reader’s question about staying consistent with training was answered with simple advice about small daily targets. After the business spotlight described a new repair shop’s services, hours, and booking options, it closed with the shop’s contact email. The editor then wrapped the segment with a final line that made the page feel finished. Nothing followed except the quiet of the last sentence.",mixed
1690,"A compact update covered last night’s game, a streaming release that trended overnight, and a brief mention of a breaking local story. It then shifted to a short Q&A where someone asked how to plan meals on a budget and the response gave a straightforward method. The sponsor blurb described a winter market, its stalls, dates, and ticket info, ending with a phone number for vendors. A single closing paragraph brought the whole piece to a stop, as if turning the page. The text ended without any extra footer beyond that.",mixed
1690,"The page began with a fast recap of headlines, including a match result, a celebrity announcement, and a one-sentence update on a developing protest. Next came a question from a reader about fixing low motivation, answered with a small routine and one concrete fallback plan. A local gym advertisement described classes, pricing, and sign-up details, and it finished with a short invitation to visit. The writer concluded the segment with a neat closing line that made it clear the article was over. After that final period, there was nothing left to read.",mixed
1690,"A weekly digest summarized a tournament weekend, a new film’s opening numbers, and the latest update from a national investigation. It followed with a Q&A where a student asked how to handle exam stress and the reply suggested sleep, planning, and one realistic revision block. The business corner described a bakery’s holiday orders, pickup times, and where to place requests, then ended with the address. A brief wrap-up sentence signaled the end of the segment before the page cut off. The text stopped there, clean and final.",mixed
1690,"The report delivered a quick set of entertainment and sports highlights, then added a short current-events note about a transport delay. A reader asked whether stretching mattered after runs, and the answer gave a practical routine without getting technical. The services listing described a photography studio’s packages and availability, finishing with a booking link written out in plain words. The writer ended the section with a crisp closer that felt like the last paragraph of an article. The document ended immediately afterward.",mixed
1690,"A brief recap mentioned a last-second win, a surprise TV renewal, and a headline about a court decision. The next block used a question-and-answer style where someone asked how to start saving money and the response recommended one simple rule and a weekly check-in. The event listing described a weekend concert series, what time doors opened, and where to buy tickets, and it ended with a contact line for accessibility requests. A final closing line separated that segment from anything else, but nothing came after it. The page ended right there.",mixed
1690,"The digest covered a match report, a music chart update, and a short note on a policy change announced this morning. It then included a reader question about fixing a noisy laptop fan, answered with safe cleaning steps and when to seek help. A business blurb described a new coworking space, its amenities, membership tiers, and opening hours, closing with an email for tours. The editor finished the segment with a sentence that made it feel like the end of an article. After that, the text simply stopped.",mixed
1690,"A compact summary ran through the weekend’s headlines, from a league upset to a major festival announcement and a quick update on flooding. A reader asked how to improve focus while studying, and the reply suggested a short timer and a distraction list. The product spotlight described a commuter bike, its warranty, and where to test-ride it, ending with store hours and a phone number. The closing paragraph ended the segment like a newspaper column that’s reached its last line. There was nothing beneath it, just blank space.",mixed
1690,"The first part read like a newswire: a score update, a box-office note, and a developing political story in a few clipped lines. Then a short Q&A answered a question about dealing with sore legs after training with easy recovery advice. The business description promoted a small clinic’s services, pricing ranges, and how to book, ending with contact details. A final sentence concluded the section and made it feel like the end of the article. The text ended right after that conclusion.",mixed
1690,"A quick rundown summarized sports results, a celebrity interview headline, and an overnight update from the local airport. It shifted into a Q&A where a reader asked how to stop procrastinating and the response offered a small first step and a simple reward. The events notice described a holiday parade, its route, start time, and what families should bring, and it ended with a line for volunteer sign-ups. The writer closed the segment with a final paragraph that clearly finished the article. The page ended with that last sentence and nothing more.",mixed
14924,"After the delivery truck left, the garage was stacked to the ceiling with boxes. The inventory sheet showed a total that looked unreal at first glance. Pallets lined the hallway, and the air smelled like fresh cardboard. By evening, the workspace felt swallowed by the sheer volume. The manager double-checked the count and still couldn’t believe the quantity.",single
14924,"The donation drive ended with bins overflowing in every corner of the lobby. Volunteers kept bringing in more bags from the parking lot. The final count filled an entire whiteboard with numbers. It took two trips just to move everything into storage. Everyone stood back, surprised by how much had accumulated.",single
14924,"A single weekend of rain turned the small creek into a wide, churning flow. Mud covered the path in a continuous layer. The gauge at the bridge recorded an unusually high total. Neighbors compared photos and agreed it was more than anyone remembered. Cleanup crews hauled away pile after pile of debris.",single
14924,"The match went to a second leg, so the winner came down to the aggregate score. One team lost the first game by a goal but answered back at home. The commentators kept repeating the combined total after every chance. A late free kick swung the tally in an instant. When the whistle blew, the two-game sum settled the tie.",single
14924,"In the relay meet, the coach cared less about individual splits than the team’s overall time. Four runners handed off cleanly, and the combined result dropped below the target mark. The scoreboard listed their total alongside the other schools. Parents cheered when the final aggregate placed them first. The trophy was awarded on that single number.",single
14924,"The tournament used a points table across three rounds. A player could win a round and still fall behind on total points. After each game, officials updated the running sum on a screen by the stage. The crowd did quick math while waiting for the last results. In the end, the title went to the highest combined tally.",single
14924,"For the geography assignment, the student tried to cover all the regions required on the rubric. Most of the evening was spent tracing borders and labeling rivers. The next day, a quiz asked whether every capital had been memorized. The teacher scanned the pages and noted how much of the material had been included. The project felt complete only when nearly everything on the checklist was addressed.",single
14924,"A history group decided to read all the primary sources instead of skimming summaries. Most of them met after school to compare notes and fill gaps. One person realized an entire chapter had been missed and printed it right away. By the final draft, the citations covered nearly every key event discussed in class. Their presentation sounded confident because so much had been studied.",single
14924,"During exam revision, the student promised to finish all the practice problems in the workbook. Most nights ended with scratch paper spread across the desk. A few questions took longer, but the set kept shrinking. By Saturday, nearly every page had been worked through. The improvement showed when the mock test felt familiar.",single
14924,"The hotel advertised an all-inclusive package, and the guests expected everything to be covered. At check-in, staff confirmed the full range of meals and amenities included. Room availability was tight, so the reservation had to match the exact dates. After a long hike, the body’s recovery felt like a whole-system reset, from sore legs to steady breathing. By midnight, the building was quiet, as if the entire place had finally settled.",single
14924,"A hostel coordinator reviewed capacity before accepting a large group booking. The only way to fit everyone was to use every bed and add an extra cot. Availability changed hour by hour as cancellations came in. After a flu went around, the nurse talked about how the whole body reacts, not just the throat. The group appreciated that the accommodation plan accounted for everyone, not just a few.",single
14924,"The campsite had limited cabins, so the ranger checked whether the full weekend was still open. When a storm warning arrived, every tent spot needed to be reassigned to safer ground. The staff tried to include the entire group in the new layout so nobody was left isolated. Later, a biologist explained how an organism’s systems respond together when stressed. By the end of the night, the rebooking felt complete and fair.",single
14924,"On the workbench, most of the screws ended up in the same tray, but a few rolled under the cabinet. The technician counted the parts and saw the majority were accounted for. A missing washer delayed the repair longer than expected. After a careful sweep, nearly every small piece was recovered. The job could only finish once most items were back in place.",single
14924,"At the vote, most residents supported repainting the stairwell, while only a handful opposed it. The result wasn’t unanimous, but the majority was clear. Someone asked for a recount, and the numbers stayed the same. Afterward, most people moved on and started picking colors. The decision stood because the larger group agreed.",single
14924,"The bakery’s morning batch sold fast, and most of the loaves were gone by noon. A few specialty rolls remained in the corner basket. The cashier tallied sales and noted that the bulk of purchases were the usual favorites. By closing time, nearly everything had been bought. The shelves looked bare except for a couple of crumbs and labels.",single
14924,"The bus arrived with a huge pile of equipment cases for the away trip. At the stadium, the coach immediately checked the aggregate from last week’s first leg. On the ride back, students worked on a history worksheet and tried to answer most of the questions from memory. The team’s hotel confirmed full availability only after reshuffling rooms to include everyone. By morning, most of the snacks and tape in the kit bag had been used up.",mixed
14924,"A charity match weekend brought in a large quantity of gear, jerseys, and banners. The organizers tracked the combined score across two games because the winner depended on the aggregate. Between matches, a teacher handed out a geography packet and told the class to finish all sections before the return trip. The resort offered an all-inclusive plan, but room availability forced the group to spread across the entire floor. At checkout, most of the raffle tickets were already sold, with only a few left on the table.",mixed
14924,"The club hosted a tournament and ended up with stacks of printed brackets and passes. Winners were decided by total points over several rounds, so every goal mattered to the aggregate. In the lounge, classmates revised for a quiz and tried to cover most chapters before bedtime. The booking agent promised the full set of cabins, then warned that availability might change if weather closed roads. After packing up, most of the cones and bibs were returned, but a couple were missing.",mixed
14924,"After the final whistle, the scoreboard showed a combined tally that settled the series. The locker room was crowded with a large quantity of water bottles, tape, and spare socks. On the flight home, students finished all the reflection questions for a history project and compared answers. The hotel staff worked to include the whole squad in adjoining rooms because availability was limited. In the end, most of the luggage tags matched, with only one bag delayed.",mixed
14924,"A weekend festival filled the hall with an enormous number of people and posters. The main attraction was a two-day competition where rankings were based on aggregate points. Between rounds, a tutor ran a study session and asked everyone to attempt most exercises, not just a few. The venue offered an all-inclusive wristband, but the full capacity of seats dictated how many could enter at once. When cleanup began, most of the trash bags were full, and the entire space looked transformed.",mixed
14924,"The school trip started with a bus packed with a large quantity of supplies for the event. The coach kept calculating the aggregate after each game in the mini-tournament. Later, the group gathered in the hotel lobby to finish all parts of a geography assignment, aiming to cover most regions accurately. Staff explained that room availability was tight, so the entire group had to accept a shared arrangement. By the time they left, most of the printed tickets and wristbands were already collected.",mixed
14924,"A packed arena meant a huge total of noise, lights, and movement. The series winner depended on the combined score, so fans watched the aggregate like a hawk. During intermission, students reviewed notes and tried to learn most of the vocabulary for an upcoming test. The concession stand ran low, and the manager announced limited availability across the whole building. After the crowd cleared, most seats were empty but the entire floor was littered with programs.",mixed
14924,"The equipment room overflowed after practice because a large quantity of training gear had arrived. Coaches posted the aggregate standings for the season, combining points across matches. In the corner, a study group worked through all assigned readings for a history unit and discussed most of the key dates. The team’s lodging was advertised as all-inclusive, yet availability forced a last-minute change for the entire roster. By dawn, most of the ice packs were gone from the freezer.",mixed
14924,"A fundraiser brought in a big total of canned food and blankets in just one afternoon. The accompanying sports challenge used aggregate times from multiple heats to name a champion. While volunteers sorted donations, a student tried to answer most of the questions on a geography worksheet without looking at notes. The shelter offered accommodation for the whole group only if availability held through the night. When doors closed, most of the donation bins were filled to the top.",mixed
14924,"The camp opened with a large quantity of new participants and forms to sign. The competition portion ranked teams by combined totals, so the aggregate kept shifting. In the evening, counselors had everyone finish all pages of a learning booklet and complete most of the practice tasks. Cabin availability was limited, so the entire schedule had to adjust to fit everyone. By the last day, most of the name tags and lanyards had been collected.",mixed
14924,"A long weekend tournament produced a huge stack of score sheets. The champion was determined by aggregate points across several games, not a single win. Between rounds, students completed all required sections of a history project and tried to cover most source material. The hotel promised to include the entire group in one wing, but availability meant some rooms had to be swapped. When they packed up, most of the uniforms were accounted for, though one jersey vanished.",mixed
14924,"The marathon expo was flooded with a large quantity of brochures and samples. Team rankings were based on the aggregate time of all runners, so every second counted. In the cafeteria, classmates worked on a geography assignment and aimed to answer most prompts before curfew. The hostel offered a full-board option, but availability of beds forced the entire group into mixed dorms. After the final day, most of the wristbands were cut off and tossed.",mixed
14924,"The winter training camp received a large quantity of shipments, from protein bars to new balls. Coaches calculated the aggregate results of scrimmages to decide who advanced. During downtime, athletes finished all the modules for an online learning task and completed most quizzes on their phones. The facility tried to include the whole group in the same building, yet room availability kept changing. At checkout, most keys were returned, but one card was missing.",mixed
14924,"A school-hosted cup drew a large crowd and an even larger pile of equipment. The final depended on the aggregate across two matches, so the second game started tense. On the bus, a teacher reminded everyone to complete all questions for a history worksheet and review most of the material before Monday. The lodging was all-inclusive, but availability required splitting the entire group between two nearby buildings. After everything ended, most of the cones and bibs were found, and only a few were left behind.",mixed
15235,"The symbol on the screen flashed red, and the user stopped to wonder what it meant. The message sounded urgent, but the wording was vague. A friend asked what the warning implied for the saved files. After reading the help page, the sign finally seemed less mysterious. The moment shifted from panic to understanding.",single
15235,"When the coach said the team was “out of rhythm,” the player asked what that really meant. The comment felt sharp, so its implication lingered. Later, the player replayed the moment and tried to decide whether it was criticism or advice. The phrase carried more significance than the coach probably intended. The uncertainty stayed all the way home.",single
15235,"A quiet pause followed the announcement, and someone asked what it signified. The room had heard the words, but the meaning wasn’t obvious. People traded guesses about what the change would imply for their schedules. When the manager clarified, the tension eased immediately. The message finally landed the way it was supposed to.",single
15235,"The mechanic pointed at the engine bay and explained how the cooling cycle works. A customer asked how it does that without overheating in traffic. The answer traced the flow step by step from pump to radiator. Another question followed about why it does it differently in winter. By the end, the process sounded almost simple.",single
15235,"A student watched the vinegar foam over the baking soda and asked how it does that so fast. The teacher described the reaction and where the gas comes from. The student then asked why it does it more vigorously with warm liquid. The explanation walked through each stage without skipping details. Curiosity stayed high even after the fizz settled.",single
15235,"The drummer practiced a tricky pattern and asked how the wrist does that motion cleanly. A friend demonstrated slowly and described the sequence of small movements. The drummer repeated it and asked why it does it better with a looser grip. After a few tries, the technique began to click. The process felt learnable instead of magical.",single
15235,"Before subscribing, the customer asked whether the service actually works offline. The pricing page looked confusing, so the next question was how much it costs per month. After that, the customer wondered what the “premium” label means in practice. Support replied with a clear breakdown and a link to features. The decision became easier once the functionality and cost were concrete.",single
15235,"A traveler compared two plans and asked what the upgrade includes. The website listed features but didn’t explain what the guarantee means. Another tab showed prices, so the traveler asked how much it costs after the trial ends. The agent answered quickly and explained the key differences. The choice came down to what the service could actually do.",single
15235,"At the store, the buyer asked whether the device supports two SIM cards. The tag showed a monthly fee, so the buyer asked how much it costs to activate. A brochure mentioned “smart protection,” and the buyer asked what that phrase means. The clerk demonstrated the main functions without overselling. The buyer left knowing what was being paid for.",single
15235,"The inspector held the sample and asked whether the surface was porous. A quick test showed water beading up instead of soaking in. Someone asked what property caused that behavior. The answer pointed to the coating and its texture. The material was judged by measurable traits, not guesses.",single
15235,"A baker checked the dough and asked if it was elastic enough for shaping. The stretch test showed it tearing too easily. That led to a question about its hydration and firmness. The baker adjusted the mix based on those properties. The next batch behaved completely differently.",single
15235,"In the lab, the researcher asked whether the solution was acidic. The strip changed color immediately, confirming the property. Another measurement checked conductivity to see how ions behaved in the mix. Each question targeted a trait that could be observed. The final notes focused on properties, not opinions.",single
15235,"The buyer paused at the listing and asked, does it have the original charger. Another question followed: does it come with a receipt. The seller answered quickly and added that it has a small scratch near the corner. The buyer asked again whether it has any battery issues. The deal depended on those simple checks.",single
15235,"At check-in, the guest asked whether the room has extra towels. The receptionist replied that it does, along with a small fridge. The guest then asked whether the booking does include breakfast. A final question was whether the hotel has late checkout. Each answer changed the plan for the morning.",single
15235,"A teammate asked whether the app does sync across devices. Someone else asked whether it has a way to export data. The group then asked whether it does send notifications reliably. A screenshot showed that it has a quiet mode for meetings. They decided based on what it does and what it has.",single
15235,"A person stared at a cryptic error and asked what it meant, then asked how the system does that kind of check in the background. On the same page, a link offered a paid plan, so the next question was how much it costs and what the upgrade means. While waiting, the person wondered whether the device has enough storage to finish the update. A friend pointed to the specs and answered a property question about whether the screen is OLED. The conversation ended once each question had a practical answer.",mixed
15235,"During a support call, the customer asked what the warning implied for their account. They followed up with a process question about how the app does automatic backups. Pricing came up next, so the customer asked how much it costs and what “family plan” means. Before ordering, they asked whether the router has a modem built in. The agent also clarified a property question about whether the device is water-resistant.",mixed
15235,"At the museum, a visitor asked what the symbol on the plaque meant. A guide explained the significance and then answered how the display does its lighting transitions. The visitor asked what the ticket upgrade means and how much it costs at the door. Someone nearby asked whether the audio guide has multiple languages. The guide finished by answering a property question about whether the artifact is made of bronze.",mixed
15235,"A student read a line of poetry and asked what it meant in context. The teacher then explained how a metaphor does its work by connecting two images. After class, the student asked what the tutoring service includes and how much it costs. On the signup form, the student asked whether the subscription has a cancel button in the app. A final question asked whether the course material was a property of the author’s era or a personal choice.",mixed
15235,"In a shop, the buyer asked what the label really meant on the box. The clerk explained and then answered how the device does noise reduction during calls. The buyer asked whether the warranty service works internationally and how much it costs to extend. Before paying, the buyer asked whether the package has an adapter for EU outlets. The clerk also answered a property question about whether the casing is aluminum or plastic.",mixed
15235,"A homeowner asked what the inspection note meant and what it implied for repairs. The contractor explained how the drainage system does its job during heavy rain. When discussing options, the homeowner asked what the maintenance plan includes and how much it costs yearly. Another question was whether the contract has a clause for emergency visits. The contractor ended by answering a property question about whether the roof material was fire-rated.",mixed
15235,"A friend asked what the sudden silence meant after the announcement. Someone else asked how the microphone does feedback suppression on stage. Then came practical questions about the streaming service: what it does, how much it costs, and what the “ad-free” tier means. A quick check followed about whether the TV has HDMI 2.1 ports. The last question targeted a property of the room, asking whether the acoustics were naturally echoey.",mixed
15235,"At a clinic, a patient asked what the test result meant and whether it implied anything serious. The nurse explained how the body does clotting in simple terms. The patient then asked what the consultation fee includes and how much it costs if another visit is needed. Before leaving, the patient asked whether the insurance plan has coverage for lab work. A final question asked whether the medication had a property like being time-released.",mixed
15235,"A traveler asked what the delay message meant and what it implied for connections. The agent explained how the system does rebooking when flights change. The traveler asked what lounge access includes and how much it costs for a day pass. They also asked whether the ticket has priority boarding. Another question focused on a property of the seat, asking whether it reclines fully.",mixed
15235,"A gamer asked what the icon meant on the settings screen. A friend explained how the console does frame pacing in certain modes. The gamer then asked what the online subscription includes and how much it costs per year. Another question was whether the controller has drift protection. The last question asked whether the display’s refresh rate was a property of the monitor or the console output.",mixed
15235,"A coworker asked what the new policy meant for overtime. Someone else asked how the payroll system does tax withholding automatically. They then asked what the benefits package includes, what “flex credits” means, and how much it costs to add a dependent. Another question was whether the portal has a way to download pay slips. The discussion ended with a property question about whether the contract was fixed-term or permanent.",mixed
15235,"A reader asked what the headline meant and what it implied about the story. In the comments, someone asked how the website does moderation on new posts. Another person asked what the paid membership means and how much it costs compared to the free tier. A quick check followed asking whether the account has two-factor authentication. The thread also included a property question about whether the article was marked as opinion or reporting.",mixed
15235,"A chef asked what the timer beep pattern meant in the kitchen. The manufacturer explained how the oven does steam injection during baking. The chef then asked what the service plan includes and how much it costs to replace a part. Another question was whether the unit has a self-cleaning cycle. The chef also asked a property question about whether the interior coating was nonstick or bare metal.",mixed
15235,"At a garage, a driver asked what the dashboard message meant and what it implied for safety. The mechanic explained how the car does regenerative braking in city traffic. The driver asked what the repair service includes, what the “diagnostic” charge means, and how much it costs total. Before leaving, the driver asked whether the vehicle has a spare tire in the trunk. The mechanic also answered a property question about whether the battery was lithium-ion or a different type.",mixed
15235,"A student asked what the instructor’s comment meant on the assignment. Another student asked how the grading rubric does partial credit on multi-step problems. They then asked what the study group membership includes and how much it costs to join. A quick question followed about whether the platform has a way to track progress. The session ended with a property question about whether the exam was open-book or closed-book.",mixed
10235,"The bank officer reviewed the repayment schedule and explained how the interest rate would change if the term was shortened. A credit check was run, and the application was paused until a missing payslip could be uploaded. The conversation shifted to budgeting, with a plan to keep monthly payments under a fixed ceiling. Before leaving, a separate quote was prepared for home insurance with a higher deductible. The appointment ended with a printed summary of the loan offer and the conditions for approval.",single
10235,"A financial adviser opened a worksheet and compared a conservative portfolio to one with more exposure to equities. The discussion focused on fees, tax implications, and how rebalancing would work during a downturn. A retirement target was set, then adjusted after estimating future living costs. An emergency fund was prioritized before any additional investing was recommended. The meeting wrapped with a clear action plan and a date to review performance.",single
10235,"A bouquet arrived with a note that simply said the loss was deeply felt. The room stayed quiet while stories were shared about small kindnesses that will be missed. A hand squeezed a shoulder when words stopped coming mid-sentence. Later, a message was sent offering to help with errands in the difficult week ahead. The evening ended with a candle left burning by the window.",single
10235,"The news came in a short call, and the rest of the day felt heavier than usual. A condolence card was signed with careful, simple wording that didn’t try to fix anything. At the service, someone stood nearby in case the family needed support moving through the crowd. Afterward, a meal was dropped off without expecting a response. A final text was sent saying they didn’t have to answer, only to know they weren’t alone.",single
10235,"The coach gathered the team and pointed to the jerseys laid out on the bench, reminding everyone that our colors mattered. In the huddle, our plan was repeated so nobody hesitated when the whistle blew. After the match, our captain thanked the substitutes for staying ready. A late goal made our section of the stands erupt at once. On the bus ride home, our voices were hoarse from singing.",single
10235,"The key was hidden under the mat because our roommate had forgotten theirs again. At dinner, our conversation kept drifting from weekend plans to old jokes. When the bill arrived, our table agreed to split it evenly without fuss. A sudden downpour soaked the sidewalk, and our umbrellas flipped inside out in the wind. Back inside, our living room filled with damp coats and laughter.",single
10235,"The annual report included a line stating common stock had a specified par value and a fixed number of authorized shares. A table followed with the shares issued and outstanding as of March 31, 2024. The footnote clarified that earlier periods reflected different counts due to a recent repurchase. Another note referenced a board approval tied to the same reporting date. The section ended with a concise statement confirming the outstanding figure at that date.",single
10235,"On the capitalization page, common stock was listed alongside a date that anchored the outstanding share count. The narrative explained that the number was measured as of December 15, 2023, not the publication day. A reconciliation showed how issuances and cancellations affected that total. The document used the date to avoid confusion during the offering process. The final sentence reaffirmed the outstanding amount for common stock at the stated date.",single
10235,"A new jacket was displayed in the window, and the tag noted it was available in two cuts with matching product photos on the rack. The clerk pointed out that the black version sold out quickly, while the olive one was still in stock. A poster inside the shop showed the same look styled in a different setting, making the fabric pop under bright lighting. Directions were given to a nearby branch that still had the smaller size. The purchase was held at the counter for pickup later that day.",single
10235,"The gallery wall featured a series of portraits, and the placard said the prints were available in a limited run. A staff member explained which frames were currently in stock and which would need ordering. The lighting test made the colors look different from the online preview, so a sample was brought closer to the window. A visitor asked whether the exhibit would also be shown at the downtown space next month. The answer came with a map and a note about availability for that location.",single
10235,"After the meeting with the lender about a refinancing option, a colleague quietly shared that her father had passed overnight. The room fell still, and condolences were offered without turning it into a long conversation. Later, our HR lead drafted a short message for the team and reminded everyone about the support hotline. In the afternoon, the CFO updated the investor packet and included the line showing common stock outstanding as of April 30, 2024. Before leaving, a link was checked to confirm the new product photos for the winter collection were visible on the storefront page.",mixed
10235,"A banker called to confirm the documents for a small business credit line, and the call ended with a clear list of next steps. Right afterward, a text arrived about a funeral, and sympathy was sent back with an offer to cover a shift. In the hallway, our project manager repeated our deadline so nobody drifted into side tasks. The quarterly filing was printed later, showing the common stock outstanding figure as of June 30, 2024. At closing time, the boutique downstairs asked whether the runway images and the red dress were still available for display in the front window.",mixed
10235,"The adviser walked through insurance options and explained how premiums changed with different coverage limits. A teammate stepped out to take a call, returning with teary eyes after hearing about a loss in the family, and gentle condolences followed. On the whiteboard, our sales lead circled our targets for the week and assigned owners. An email from legal attached a cap table page listing common stock outstanding as of February 29, 2024. Before lunch, the marketing intern verified the campaign visuals were live and that the featured coat was available at the city-center store.",mixed
10235,"During a loan review, the repayment timeline was recalculated and the interest rate was locked in writing. A quiet moment followed when someone mentioned a recent death, and a few sincere words of sympathy were shared before work resumed. In the next room, our design team argued over our final draft until the fonts matched across every slide. The S-1 excerpt on the desk highlighted common stock and the number of shares outstanding as of May 10, 2024. A quick check of the lookbook confirmed the new photos loaded correctly and that the featured shoes were still available for purchase.",mixed
10235,"The call began with an investment account transfer and a reminder about transfer fees. It took an abrupt turn when the caller said he was attending a memorial later, and condolences were expressed with a promise to keep things brief. After hanging up, our assistants coordinated our schedules so deadlines didn’t collide. The finance folder contained a statement noting common stock outstanding as of January 31, 2024. In the afternoon, the team confirmed the event backdrop images were approved and that the tailored suits were available at the venue’s pop-up rack.",mixed
10235,"A mortgage pre-approval was discussed, including the paperwork needed and the estimated monthly payment. A coworker arrived late, explaining she’d been with a grieving friend, and a short message of sympathy was passed along. At the stand-up, our engineer repeated our rollout plan so every task had a clear owner. A spreadsheet for investor relations listed common stock and a count of shares outstanding as of July 15, 2024. Near the end of the day, the stylist asked if the campaign photos matched the garments that were still available in the flagship store.",mixed
10235,"An insurance agent compared deductibles and highlighted what the policy would cover in a worst-case scenario. The conversation paused when a family loss was mentioned, and condolences were offered with a simple promise to check in later. Back at the office, our team updated our shared calendar and moved the review meeting forward. A printed summary on the table showed common stock outstanding as of September 30, 2024. Before dinner, a storefront update went live with new visuals, and the last medium-size sweater was marked as available for pickup downtown.",mixed
10235,"A brokerage representative explained how a transfer would settle and when the funds would be accessible. In the same hour, a condolence email was written for a client who had lost a spouse, keeping the tone warm and unforced. The group chat filled with reminders about our presentation, and our speaker notes were tightened line by line. A filing draft in the folder referenced common stock and gave the outstanding share count as of November 1, 2024. Afterward, the creative lead checked whether the photos for the autumn line were posted and whether the highlighted scarf was available in the local shop.",mixed
10235,"The meeting started with financial advice about reducing debt and setting automatic transfers into savings. It ended softly when someone mentioned an upcoming burial, prompting a few careful words of sympathy. In the lobby, our volunteers organized our donation boxes and taped labels onto each one. A one-page cap summary showed common stock outstanding as of August 20, 2024. Before heading home, the display team confirmed the window visuals looked sharp and that the featured outfit was still available at the corner store.",mixed
10235,"A small business owner asked about a loan, and the lender explained collateral requirements and the timeline for approval. Not long after, a coworker shared sad news about a loss, and condolences were offered with a quiet promise to handle a task for her. The afternoon planning session focused on our deliverables and how our team would split the remaining work. A draft report on the desk stated common stock outstanding as of October 31, 2024. Later, an update went out confirming the new product images were live and that the limited-run bag was available at the pop-up location.",mixed
1319,"The product page listed a 512 GB drive, 16 GB of memory, and a 2.8 GHz processor in the specs box. A note explained the maximum wireless speed and the supported charging standard. The dimensions were shown in millimeters, including thickness and weight down to the gram. The warranty section clarified operating temperature and recommended storage conditions. After comparing numbers, the buyer chose the configuration with the higher refresh rate.",single
1319,"A new router advertised dual-band coverage and a peak throughput measured in gigabits per second. The manual spelled out antenna gain, supported protocols, and the maximum number of connected devices. A chart showed expected range in square meters depending on wall type. The packaging also listed power draw in watts and the adapter voltage. The installer tightened the cables and checked the link speed on the status screen.",single
1319,"A community theater announced a winter performance in the old town hall and invited families from the neighborhood. The poster mentioned the venue’s address and the nearby bus stop that drops people at the main entrance. Tickets were sold at the door, and the lobby would have a small stall for snacks. A local choir planned to sing before the curtain rose. By evening, the street outside was crowded with people arriving for the show.",single
1319,"A new café opened on the corner near the park, and the chalkboard outside promised fresh pastries. The staff described a weekend tasting event hosted inside the shop. A flyer directed visitors to the same street where the farmers’ market sets up. The atmosphere drew in passersby who recognized the neighborhood faces. After a short walk, the place felt like a familiar local stop.",single
1319,"The editor flipped through a dictionary and paused at a neat entry that included a brief origin and usage note. Nearby, an encyclopedia volume had a longer article that connected related topics with and in the middle of the sentence. The phrasing was concise, built to be scanned quickly for meaning. A margin note suggested tightening a clause so the definition read cleanly. The page was marked with a scrap of paper before the book was shelved.",single
1319,"A student copied an encyclopedia entry into notes, keeping the short, formal tone intact. The definition used and to join two closely related meanings without adding extra commentary. Cross-references sent the reader to another term on a nearby page. A small pronunciation guide sat right after the headword. The notes ended with a tidy sentence that matched the style of the printed entry.",single
1319,"The alarm was set for 06:45 so there would be enough time to catch the early train. A reminder popped up at 12:10 to call back before lunch ended. The meeting invitation specified 15:30 and warned that late arrivals would miss the introduction. At 19:05, the phone buzzed again with a message asking for a quick update. By 22:20, the lights were off and the day finally slowed down.",single
1319,"A slip of paper on the fridge read 07:25 in thick marker, like it had to be seen at a glance. The bus app showed the next arrival at 08:03 and the following one at 08:18. A call was scheduled for 13:40, leaving a narrow window to finish errands first. Dinner was planned for 18:55, timed to land just after the workout. The last note said 21:15, a gentle cutoff for screens.",single
1319,"A photographer uploaded a set of building images and kept the raw files private to protect ownership. A license request came in from a blog that wanted to use the shots in an article about modern architecture. The reply included clear terms and a requirement for credit on every page. On a separate storefront, a limited accessory design was listed online with proof of original creation. The creator watched the listings closely to make sure the work wasn’t copied elsewhere.",single
1319,"An illustrator discovered a sketch of a façade being shared without permission and filed a request to remove it. The original files were stored with timestamps and drafts that proved authorship. A small online shop offered a custom belt design, and the listing emphasized that the artwork and pattern belonged to the designer. A client asked to reuse the image for advertising, and the answer came with a paid licensing option. The issue settled once the credit line and usage limits were agreed in writing.",single
1319,"At 09:20, the coordinator checked the camera listing and confirmed it could shoot 4K at 60 frames per second with a 128 GB card. The venue in the harbor district was already buzzing with a design event, and the address matched the invitation. While waiting, a volunteer opened an encyclopedia entry and read a short definition that linked two ideas with and in a single tidy line. The photographer uploaded a set of building photos and added a note about ownership before publishing them online. By 11:05, a handmade accessory was marked available on the shop page and the first order came through.",mixed
1319,"A reminder chimed at 14:35, just in time to head toward the lecture held at the city library. In a backpack, a device manual bragged about a 2 TB capacity and a transfer speed measured in megabytes per second. The speaker handed out a printed dictionary entry, complete with a brief origin and a sentence that used and to connect two meanings. After the talk, a student posted original photos of a landmark building and stated that the images couldn’t be reused without permission. Later that evening, an online listing for a custom scarf went live and showed it as available in stock.",mixed
1319,"The schedule said 07:50, so the early setup began before the streets filled. A vendor booth at the downtown market displayed a gadget label showing 10,000 mAh capacity and a 30 W charging limit. Nearby, a museum guide pointed to a wall text that read like an encyclopedia entry and stitched clauses together with and for clarity. A designer mentioned that the architectural renderings on the brochure were copyrighted and could not be reposted freely. Before leaving the market location, someone checked the shop page and saw the new accessory marked available online.",mixed
1319,"At 16:10, a message arrived confirming the workshop would take place at the riverside studio. The registration email included a gear recommendation that cited a 24 mm lens and a maximum aperture written as a number. During a break, a participant looked up a word in a dictionary and found a definition that joined two senses with and. The instructor reminded the group that any photos of the featured building design remained the creator’s property unless licensed. When the session ended, a limited accessory drop appeared online and the item count showed it was still available.",mixed
1319,"A clock on the wall read 11:30 when the team reached the conference hall in the old quarter. The demo unit on the table listed 32 GB memory and a 1 Gbps network port under technical details. A brochure opened with an encyclopedia-style paragraph that used and to connect related facts without flair. After the presentation, a creator discussed ownership of the digital renders of a new façade and how they could be shared only with permission. On the way out of the location, a phone check showed the matching accessory was available on the web shop.",mixed
1319,"The invite specified 20:05, and the doors of the neighborhood cinema opened right on time. In the lobby, a display card for a projector bragged about 1080p resolution and a 3000-lumen brightness rating. A trivia host read a dictionary entry aloud, then added an extra line that paired two meanings with and. Someone in the audience asked about using stills from an architectural short film, and the answer stressed that the digital content belonged to the filmmaker. Before the credits rolled, the cinema’s online store updated to show a themed accessory as available for order.",mixed
1319,"At 05:55, a commuter checked the timetable and hurried toward the station venue for an early pop-up. A leaflet for a portable speaker listed 20 hours of battery life and an output measured in watts. While waiting for the train, a pocket encyclopedia entry was skimmed, and a sentence ran on with and as it connected two historical notes. A photographer reviewed a set of building shots and added a watermark to signal ownership before sharing a preview online. By 06:30, a handmade accessory was confirmed available on the seller’s page and was reserved for pickup.",mixed
1319,"The calendar alert fired at 13:15, marking the start of an exhibition at the university gallery. A placard beside a device installation described its 240 Hz refresh rate and the panel size in inches. In the reading corner, a visitor found a dictionary entry with a crisp definition and a line that used and to link synonyms. The curator explained that the digital images of the architecture models were owned by the studio and required permission for reuse online. Before leaving the gallery location, a visitor checked the shop site and saw the featured accessory listed as available.",mixed
1319,"A phone buzzed at 18:42 to confirm the reservation at a restaurant on the main square. On the table, someone compared smartwatch specs, noting a 50-meter water rating and a battery estimate in days. The conversation drifted to a trivia debate, and an encyclopedia entry was pulled up that joined two explanations with and in the same sentence. A friend showed a portfolio of building photos online and mentioned that the rights stayed with the photographer unless a license was purchased. Over dessert, a new accessory design was checked on a shop page and it still showed as available.",mixed
1319,"The notice said 10:00 sharp, and the group arrived at the coastal venue a few minutes early. A technician pointed to a spec sheet listing 5 GHz support, a maximum throughput number, and the device weight. On a side table, a dictionary entry was printed for a handout, with and connecting two related definitions in a tight line. A designer spoke about ownership of digital sketches of a building façade and the rules for posting them online. When the event ended, an accessory tied to the theme was marked available in the online store and orders started coming in.",mixed
9814,"After the lab audit, the technician wrote a short note explaining why the reagent bottles were moved to a locked cabinet. The note pointed to temperature stability and the need to prevent contamination. It also clarified why the older shelf labels were removed. The explanation was filed with the inventory log so the change wouldn’t look arbitrary.",single
9814,"The landlord replaced the hallway bulbs with LEDs and left a message on the noticeboard. It explained that the new bulbs reduce energy use and last longer, even if the light feels slightly cooler. A few tenants had complained, so the message addressed that concern directly. The change was framed as a practical reason rather than a cosmetic choice.",single
9814,"In the design review, the engineer justified the thicker casing on the prototype. She pointed to the drop tests and the way the corners cracked on earlier builds. The extra millimeters added weight, but the explanation tied it to durability. With the rationale written down, the team approved the revision.",single
9814,"A cyclist chose wider tires for winter commuting and told a friend why. He described how the extra grip helps on wet cobblestones and how punctures have been less frequent. The choice looked slower on paper, but the reasoning focused on staying upright. By the end of the chat, it sounded like a sensible tradeoff.",single
9814,"At dinner, she explained why she didn’t respond to the group chat all day. Her phone had been on airplane mode during meetings, and she wanted to avoid half-reading messages. She added that she didn’t want to promise anything before checking her calendar. The explanation eased the irritation in the room.",single
9814,"He decided not to apply for the promotion and laid out his reasoning to his mentor. The role required constant travel, and he was already stretched thin at home. He also admitted he didn’t believe the team structure would support him. The decision was less about fear and more about a considered belief about timing.",single
9814,"During the debate club, he defended his position on public transit funding. He cited ridership data and described how congestion changed after a bus lane was added. When someone challenged him, he restated the chain of reasoning calmly. The explanation made his belief sound grounded rather than emotional.",single
9814,"She skipped the weekend trip and explained the inaction to her friends. She had been feeling run down and didn’t want to push through another late night. She also believed she would enjoy the trip less while exhausted. The explanation turned a “no” into something understandable.",single
9814,"After the app update, the company posted a detailed note about what changed and why. It explained that certain features were limited to comply with regional legal restrictions. The note also mentioned security patches that were added after recent reports. Even frustrated users could see a clear justification behind the update.",single
9814,"The clinic updated its appointment policy and put a sign at reception explaining the decision. It cited health recommendations about spacing in waiting rooms and reducing crowding. The sign clarified why walk-ins would be fewer for a while. Patients grumbled, but the reasoning was hard to argue with.",single
9814,"The finance team delayed a product launch and sent a memo to stakeholders. It justified the delay by pointing to supplier risk and the cost of rushing quality checks. The memo emphasized that the decision protected long-term revenue. With the explanation in hand, the meeting stayed calm.",single
9814,"A local council announced new parking rules and included a written justification in the newsletter. It referenced accessibility needs and the way emergency vehicles had been blocked recently. The explanation also noted which streets were exempt and why. Residents still debated it, but the rationale was explicit.",single
9814,"He trained for a marathon after years of short runs and explained his motivation to his sister. He wanted a long-term goal that wasn’t tied to work performance. He also liked the quiet routine of early mornings. The reasons sounded personal, not like a brag.",single
9814,"She volunteered to mentor new hires and shared what drove her to do it. She remembered how lost she felt on her first week and wanted to spare others that feeling. The motivation was partly kindness and partly pride in the team. Her manager wrote it down as a strength in her review.",single
9814,"The painter chose muted colors for the living room and explained the intent. Bright tones made the space feel hectic, while softer shades helped it feel calm after a long day. She mentioned that guests stayed longer when the room felt less busy. The justification matched the mood she wanted.",single
9814,"He apologized for leaving early and gave his reasons without drama. A family obligation had come up, and he didn’t want to make a scene by taking a call in the middle of the show. He added that he appreciated the invite. The explanation kept the friendship intact.",single
9814,"The researcher annotated a surprising result with a short justification. A calibration step had been missed earlier, which skewed the baseline. Once corrected, the numbers aligned with the hypothesis. The explanation prevented the odd value from being treated as a mystery.",single
9814,"The coach changed the lineup and explained the thinking to the players. One striker had been carrying a minor knock, and the match schedule was tight. The coach wanted fresh legs late in the game. The justification helped the bench accept the decision.",single
9814,"A customer asked why the refund took so long, and the support agent explained the process. The bank had placed a pending hold, and the transaction needed two business days to clear. The agent outlined each step in plain language. The explanation turned annoyance into patience.",single
9814,"The project lead announced that the rollout would pause for a week and immediately gave the justification for the delay. The pause wasn’t just caution; it was motivated by a supplier warning and a desire to avoid burning the team out. One developer admitted he had left a risky bug untouched earlier, and he explained that inaction as a choice to wait for proper test data. The update note also mentioned legal restrictions in two regions and a health recommendation from the security consultant about reducing all-nighters. By the end, every belief about the plan was anchored in reasons rather than vibes.",mixed
9814,"At the family table, she explained why the old recipe card was taped to the cupboard door. She justified changing the spice mix after reading new guidance about sodium and said that was her motivation for experimenting. Her brother asked why she hadn’t joined the weekend hike, and she explained the inaction as a deliberate rest day. Later, their cousin defended his belief that the car should be sold, offering reasons about repairs and budgets. Even the group chat update about splitting costs came with a clear explanation so nobody felt accused.",mixed
9814,"The clinic sent a message about a new check-in rule, and the reason was spelled out in the first line. It cited health recommendations about crowded waiting rooms and justified moving chairs farther apart as a safety property of the space. A patient asked why the nurse wouldn’t accept a walk-in, and the nurse explained the inaction as compliance with legal restrictions on staffing ratios. The administrator added a short note about an update to billing codes and explained how it supported business decisions. Underneath it all was a simple motivation: keep care predictable for everyone.",mixed
9814,"In a code review, the engineer justified a stricter input filter and explained that it protected a fragile part of the system. She also described why she didn’t merge the feature yesterday, framing the inaction as a choice to wait for security scans. The product manager shared his motivation for tightening scope: a partner contract had legal restrictions on what could ship. A teammate defended his belief that the change would reduce support tickets, giving concrete reasons from past incidents. When the patch notes went out, the explanations were written plainly so users could follow the logic.",mixed
9814,"The teacher moved the desks into a circle and explained the reason as improving discussion flow. She justified the new seating by pointing to how quiet students participated more when they could see each other. A student asked why phones stayed in backpacks, and the teacher explained that inaction on notifications was intentional. The school newsletter later referenced health recommendations about screen breaks and legal restrictions around privacy in recordings. The class also heard the teacher’s motivation: make the room feel safer to speak in.",mixed
9814,"During the town meeting, the mayor justified the new parking limits by citing blocked ambulance routes. A resident argued against it, but his belief relied on shaky assumptions, and he was asked to explain his reasoning anyway. The council chair admitted a previous proposal had been left idle, explaining that inaction as waiting for updated traffic counts. A business owner shared her motivation for supporting the rule: turnover helped her shop survive. The published update included legal restrictions and the same explanations in writing, so the debate had something concrete to grab.",mixed
9814,"The lab supervisor explained why a sample needed a different container, pointing to material properties that prevented leaching. She justified postponing the analysis, describing the inaction as a choice to wait for a calibrated instrument. Another researcher stated his belief that the anomaly came from handling, and he backed it with reasons from the log. The compliance officer added that legal restrictions required extra documentation after a policy update. Everyone’s motivation was clear: avoid a false conclusion that could spread.",mixed
9814,"On a hiking trip, he explained why he carried a heavier stove, justifying it with reliability in wind. He also explained why he didn’t push for the summit when the weather turned, treating the inaction as a safety choice. His friend shared her motivation for coming along: she wanted to rebuild confidence after an injury. They debated whether the route should change next time, and each belief came with reasons rather than bravado. Later, a group update mentioned park restrictions and a recommendation to keep distance from nesting areas.",mixed
9814,"The startup emailed customers about removing a feature and offered a justification right away. The message explained that legal restrictions changed in one market and that an update was needed to stay compliant. It also explained why support wouldn’t override the setting, framing the inaction as policy rather than indifference. The founder shared his motivation for the shift: focusing on stability over flashy add-ons. Even skeptical users could see a consistent explanation behind the decision and the tradeoffs.",mixed
9814,"At the gym, the trainer justified lowering the weight on the bar by pointing to form breakdown. The athlete admitted he had skipped yesterday’s session and explained the inaction as protecting a sore shoulder. The trainer shared her motivation for the program: building habits that last beyond a single competition. They talked about whether stretching actually helps, and each belief was backed by reasons from experience. A posted update on the wall cited health recommendations about recovery and explained why rest days weren’t “optional.”",mixed
9814,"The editor rejected a draft and explained why the pacing felt rushed. She justified cutting two paragraphs by pointing to how the argument’s properties weakened when it wandered. The writer asked why revisions weren’t due sooner, and the editor explained the inaction as waiting for a fact-check update. The publisher mentioned legal restrictions around quoting certain material and explained the decision to paraphrase instead. Under it all was the writer’s motivation to tell the story honestly, with reasons that could stand up to scrutiny.",mixed
9814,"In the kitchen, the chef justified swapping an ingredient because the supplier’s batch had a different acidity. He explained why he hadn’t served the sauce earlier, describing the inaction as waiting for it to reduce properly. A coworker shared a belief that the change would upset regulars, and he explained his reasoning based on past complaints. The manager’s motivation was a business decision to reduce waste, and she said so directly. The menu update included allergy notes because of legal restrictions on labeling.",mixed
9814,"The mechanic explained why the brake pads had to be replaced, pointing to wear patterns as evidence. He justified recommending a different brand by talking about heat tolerance and noise. When asked why the repair couldn’t be done today, he explained the inaction as waiting on a part shipment. The shop posted an update about new disposal rules, citing legal restrictions on used fluids. The customer accepted it because the motivation and reasoning were straightforward.",mixed
9814,"She justified buying a standing desk by explaining how her back felt after long hours. She also explained why she hadn’t joined the office lunch, framing the inaction as needing quiet time to focus. Her colleague shared his belief that remote work improved productivity and offered reasons from recent sprints. The HR email about policy updates mentioned legal restrictions on data handling and a health recommendation about breaks. Underneath, her motivation was simple: make daily work less painful.",mixed
9814,"The captain explained why the boat’s route changed, citing wind direction and fuel use. He justified the choice as protecting the vessel’s properties in rough seas. A passenger asked why they weren’t stopping at the first island, and the captain explained the inaction as avoiding a closed harbor under local restrictions. The crew shared their motivation for the change: keeping schedules without risking damage. Later, the itinerary update laid out the same explanations so nobody felt misled.",mixed
9814,"The museum posted a notice explaining why photography was limited in one gallery. It justified the rule by citing the artworks’ sensitivity to flash and the need to preserve their condition. A visitor asked why staff wouldn’t make an exception, and the response explained that inaction was required by legal restrictions from lenders. The curator shared her belief that the rule improved the viewing experience, giving reasons about crowd flow. The update also mentioned health recommendations about spacing when the room got busy.",mixed
9814,"In the team retro, he justified changing the on-call rotation by pointing to burnout signals. He explained why he hadn’t spoken up earlier, describing the inaction as not wanting to derail a release week. Another teammate stated a belief that the incident rate rose after a recent update and offered reasons from logs. Management added that legal restrictions required faster response times for certain customers, and that shaped the decision. The motivations were different, but every choice had an explanation attached.",mixed
9814,"At the conference, the speaker justified shortening the workshop by citing the venue schedule. She explained why the Q&A didn’t happen at the end, framing the inaction as running out of allotted time. A slide included an update about compliance changes and mentioned legal restrictions affecting data collection. She shared her motivation for the talk: helping newcomers avoid common mistakes. In the hallway, attendees compared beliefs about best practices and explained their reasoning with concrete examples.",mixed
9814,"The parent explained why the child’s bedtime moved earlier, pointing to mornings that had become chaotic. He justified limiting screen time by referencing health recommendations about sleep quality. When asked why the child didn’t attend the late party, he explained the inaction as sticking to the new routine. A school email about an update to consent forms mentioned legal restrictions and clarified the policy. The motivation behind all of it was stability at home, stated without fuss.",mixed
9814,"After the storm, the utility company sent an update explaining why power would be restored in phases. It justified prioritizing the hospital by citing safety properties and community impact. A customer complained that crews hadn’t reached her street, and the message explained the inaction as access being blocked. The notice also mentioned legal restrictions on working hours and a health recommendation about fatigue. The reasoning and motivations were laid out so the plan felt fair.",mixed
9896,"He finished describing the test setup and the measurements that came back. So the only variable left was the cable length. He swapped in a shorter lead and watched the noise floor drop. The conclusion felt inevitable once the details were on the table.",single
9896,"She listed the errands she had already run and the time the store closed. So there wasn’t a window to pick up the package tonight. She grabbed a sticky note and planned it for the morning. The sentence landed like a clean consequence of the schedule.",single
9896,"They compared two hiking routes and noted the forecast turning in the afternoon. So they chose the shorter loop and started earlier than usual. Nobody argued because the inference followed the weather report. The decision sounded like the natural next line.",single
9896,"He explained how the login failures happened only after the latest patch. So the rollback became the simplest fix. He wrote the conclusion at the top of the incident report. The word at the start made the consequence feel immediate.",single
9896,"She described how her knee hurt after every downhill section. So she booked a physiotherapy appointment before planning the next trip. The conclusion came straight from the observation. It didn’t need extra drama to make sense.",single
9896,"The instructor walked through the steps for creating a clean dataset and showed where duplicates slip in. So the first task was to add a unique key before joining tables. The inference matched the example on the projector. Everyone copied it into their notes.",single
9896,"He told a story about missing the last bus and having to walk home in the rain. So he started keeping a spare bike light in his bag. The conclusion was tied to that experience, not a vague preference. It sounded like a lesson learned.",single
9896,"She described the new routine she tried for a month and how it changed her energy levels. So she kept the morning run and dropped the late-night scrolling. The summary felt like a personal takeaway. It was the final line after the small details.",single
9896,"The coach explained the plan for the second half and pointed out the opponent’s tired fullbacks. So the wingers were told to stay wide and run at them early. The conclusion followed the tactical description. The players nodded and moved on.",single
9896,"He reviewed the calibration curve and the residuals on the screen. So the model was underfitting at higher concentrations. He stated the inference before proposing new features. The conclusion was grounded in the plot.",single
9896,"She explained the recipe changes and how the dough behaved after more hydration. So the bake time needed to be shorter to avoid a dry crust. The inference came right after the description. It sounded like practical kitchen logic.",single
9896,"They described the itinerary, the layover length, and the tight connection at the hub. So they checked bags only if they had to. The conclusion was a simple consequence of the plan. It reduced stress without much debate.",single
9896,"He detailed the packet loss numbers and when they spiked during peak hours. So the bottleneck was likely at the edge switch. He framed it as an inference, not a guess. The sentence set up the next troubleshooting step.",single
9896,"She gave instructions on how to format the report and what to include in the appendix. So the first page needed the executive summary, not a deep dive. The conclusion followed the guidance. It helped the team align quickly.",single
9896,"He described the pattern he noticed in his spending and how subscriptions piled up. So he canceled three services and set a monthly cap. The conclusion was a practical response to the observation. It felt like closing a loop.",single
9896,"The professor summarized the experiment and the unexpected side reaction. So the yield dropped even though the catalyst was fresh. The concluding phrase pointed to the consequence. It read like a lab notebook entry.",single
9896,"She explained the steps to reset the router and what each light should do. So if the indicator stayed red, the issue was upstream. The conclusion arrived as a conditional inference. It made the troubleshooting path clear.",single
9896,"He described the symptoms, the timeline, and the fact that the fever had broken overnight. So the advice was to rest and monitor rather than rush to urgent care. The conclusion followed the description. It sounded cautious and logical.",single
9896,"They reviewed the code changes and the new dependency version. So the build failed because the API had changed. The inference came as the opening of the final sentence. It connected the explanation to the outcome.",single
9896,"She outlined the assumptions in the analysis and highlighted which ones were weakest. So the confidence interval had to be wider than the team hoped. The concluding sentence followed the technical context. It closed the discussion neatly.",single
9896,"He walked through the entire incident timeline, from the first alert to the final fix. So the conclusion was that a single configuration drift triggered the cascade. He added another inference after the graphs, noting the spikes lined up with a scheduled job. So should the job be throttled during peak hours, or moved entirely? The postmortem ended with a short technical phrase that made the consequence unmistakable.",mixed
9896,"She described her commute, the delays, and the way the train kept skipping stops. So she started leaving twenty minutes earlier and stopped trusting the app’s estimates. After she explained the change to a friend, a simple conclusion followed about how small buffers prevent big stress. So the next week she tried the same approach for appointments, too. The final sentence summed it up as a practical lesson from daily experience.",mixed
9896,"The tutor explained the problem setup, wrote the equations, and pointed out where the units canceled. So the inference was that the remaining term had to be dimensionless. He then summarized the result in plain language for the student. So the answer wasn’t a surprise, it was the only consistent outcome. The wrap-up used a crisp concluding phrase that sounded like a textbook solution.",mixed
9896,"He described the camping plan, the weather window, and the limited daylight at this time of year. So they cooked earlier and packed up before dark. After the explanation, a conclusion followed about choosing comfort over bragging rights. So when someone suggested a longer detour, the group asked whether it still fit the constraints. The conversation ended with a neat consequence drawn from the earlier details.",mixed
9896,"She explained the dataset, the missing values, and the bias introduced by the sampling method. So the conclusion was that the first model’s performance looked better than it really was. She added an inference that the validation split had leaked similar records across folds. So therefore the next run had to include grouped splitting and stricter preprocessing. The last line closed with a technical concluding phrase that made the recommendation sound unavoidable.",mixed
9896,"He laid out the steps for assembling the shelf and pointed to the one screw that people often overtighten. So the conclusion was to stop as soon as resistance increased. He followed that with a brief summary of the key mistake to avoid. So if the panel still wobbled, the instruction was to re-seat the dowels rather than force the bolt. The final sentence used a firm, consequence-first tone that left little ambiguity.",mixed
9896,"She told the story of the missed deadline, the unclear requirements, and the late change request. So the inference was that the schedule failed because scope wasn’t controlled. She summarized what she learned and what she would do differently. So the next project started with written acceptance criteria and a weekly review. The close sounded like a personal conclusion shaped by experience.",mixed
9896,"He described the measurements, the error bars, and the way the signal flattened at higher input. So the conclusion was that saturation had been reached. He added an inference about which component was limiting the response. So should the circuit be redesigned, or should the operating range be lowered? The note ended with a technical concluding phrase that linked the explanation to the consequence.",mixed
9896,"They explained the travel plan, the connection times, and the airport construction near the gate. So the conclusion was to pick seats closer to the front and avoid checking luggage. After a brief summary, another inference followed about building in extra time for unknown delays. So the next booking prioritized longer layovers even if it cost more. The last sentence wrapped the decision in a clear consequence.",mixed
9896,"She explained the symptoms, what had improved, and what still felt off. So the conclusion was to watch for a return of the fever and keep fluids up. She added an inference that the timeline fit a common viral pattern, not a sudden complication. So if breathing became difficult, the instruction was to seek care right away. The closing phrase framed the advice as a consequence of the earlier description.",mixed
9896,"He reviewed the paper, described the methods, and highlighted the limitations in the sample size. So the conclusion was that the effect was suggestive but not definitive. He added an inference about how confounders could be driving the trend. So therefore the next study needed preregistered endpoints and a larger cohort. The wrap-up used a technical concluding phrase that sounded like peer review.",mixed
9896,"She described the training session, the fatigue signs, and the tight turnaround before the next match. So the conclusion was to taper rather than add intensity. She summarized the plan with a few concrete adjustments to drills. So when a player asked for extra sprints, the answer came as a consequence of recovery needs. The last line ended with a decisive conclusion rooted in observation.",mixed
9896,"He explained how the bug appeared only when the locale was set to one language and the date format changed. So the inference was that parsing failed at the boundary case. He summarized the fix and the test he added to prevent regressions. So should the input be normalized earlier, or should the parser be replaced entirely? The report ended with a technical concluding phrase pointing to the consequence.",mixed
9896,"She described the recipe steps and the moment the sauce separated in the pan. So the conclusion was that the heat had been too high when the butter went in. She added an inference about how the acid content tipped it over the edge. So the next attempt used lower heat and a slower whisk. The ending felt like a tidy consequence drawn from the explanation.",mixed
9896,"They explained the budget, the unexpected expense, and the way small purchases kept adding up. So the conclusion was to track spending daily for a month. After that description, a summary followed about separating needs from impulses. So if the numbers still didn’t improve, they agreed to cut one major cost. The final sentence used a straightforward consequence-first phrasing.",mixed
9896,"He described the network diagram and the repeated timeouts between two services. So the conclusion was that the firewall rule was blocking the handshake intermittently. He added an inference that the issue started right after a policy change. So therefore the remediation was to roll back the rule and document the exception. The last line used a crisp technical concluding phrase that closed the loop.",mixed
9896,"She described her notes from the meeting and the mismatch between what was promised and what was written. So the conclusion was to follow up in email and get confirmation. She summarized the key points she needed in writing. So when the reply arrived vague, the next step was a clearer question. The ending sounded like an inference shaped by careful observation.",mixed
9896,"He described the lab protocol, the control results, and the contamination risk from an open bench. So the conclusion was to rerun the batch under a hood. He added an inference that the anomaly matched a known impurity peak. So should the reagent be replaced, or should the storage conditions change? The closing technical phrase framed the consequence as the only safe option.",mixed
9896,"They described the lesson plan, the students’ questions, and the confusion around the final instruction. So the conclusion was to rewrite the prompt in simpler language. She summarized the main objective before trying again. So if the same misunderstanding returned, the class would practice with a smaller example first. The last sentence ended like a consequence drawn directly from the explanation.",mixed
9896,"He explained the survey results and how the response rate dropped after the form got longer. So the conclusion was to shorten it and move optional items to the end. He added an inference about which question triggered the most abandonment. So therefore the redesign focused on clarity and speed. The last line used a technical concluding phrase that sounded like a decision memo.",mixed
9814,"The librarian moved the rare books to a new room and explained the reason to visitors. The humidity control there was better, and the shelves were built to support the heavier volumes. She justified the inconvenience by pointing to preservation needs. The explanation reassured people who thought the move was unnecessary.",single
8624,"The atlas on the library table had a crease running from Lisbon across the Bay of Biscay. She traced the coastline up past Bordeaux and stopped at the Pyrenees. A sticky note marked the border between France and Spain. Another page showed the Great Lakes with Toronto and Chicago circled. By the time she closed the book, she could picture the route in her head.",single
8624,"He grew up in a small town outside Kraków and later moved west to Berlin. On weekends he took trains through Saxony and into the Czech countryside. A postcard map on his fridge listed cities he had visited in Italy and Greece. He liked learning which rivers cut through which regions. The names felt like landmarks even when he wasn’t traveling.",single
8624,"The weather report covered northern Jutland, then shifted to the capital region and the islands. On the side panel, a small inset showed Sweden and Norway with the same storm band. The presenter pointed out how the front would cross the North Sea overnight. She mentioned Aalborg, Aarhus, and Copenhagen in quick succession. By morning the system would be over Germany and Poland.",single
8624,"Their history project compared empires across North Africa and the eastern Mediterranean. The map highlighted Cairo, Alexandria, and the coastline up toward Anatolia. In the margins, they wrote down country names and the neighboring states. Someone asked where the Sahara ended and the Sahel began. The answer depended on region more than on a clean line.",single
8624,"After reading the draft, she replied with two questions and a quick suggestion for the ending. She asked him to score the clarity from one to ten and explain the number. When he sent his notes back, she thanked him and requested one more round of feedback. A day later she followed up, asking whether the tone felt too sharp. The exchange stayed focused on improving the text.",single
8624,"The app popped up a prompt asking for a rating right after the purchase confirmation. He selected four stars but added a comment about the packaging. A second screen invited him to suggest one change that would make the experience better. He wrote that the instructions could be simpler for first-time users. Before closing, he checked the box to be contacted about his feedback.",single
8624,"In the meeting, the designer paused and asked everyone to critique the layout honestly. The product manager requested a quick thumbs-up or thumbs-down on the new onboarding flow. One engineer offered a short list of issues and then proposed a fix. The team lead asked for a final verdict and a confidence level. They ended by agreeing to gather more reviews after the next release.",single
8624,"She posted the photo and invited people to evaluate it in the comments. Within minutes, friends were leaving small notes about lighting and framing. Someone recommended cropping the left edge and trying a warmer tone. She asked for a blunt rating and a reason, not polite compliments. By evening, she had enough feedback to edit the next version.",single
8624,"The clinic on Main Street offers walk-in vaccinations every weekday morning. Across town, the community center runs evening language classes for newcomers. In the harbor district, a repair shop specializes in bicycles and does same-day fixes. A local website lists which pharmacies are open late in the city. People often choose based on which neighborhood the service is closest to.",single
8624,"In downtown Osaka, several cafés advertise quiet work tables and reliable Wi-Fi. Near the university, tutoring services post schedules on bulletin boards by the station. A friend told him the best ramen spot is in Namba, while another insisted the one in Umeda is faster. The question wasn’t whether the service existed, but where to find it. He planned the day around the districts that had what he needed.",single
8624,"The tourist office in Reykjavík shares a calendar of guided walks leaving from the main square. Outside the city center, thermal pools offer different admission times and changing facilities. A bus company lists routes that connect smaller towns along the south coast. When she asked locals about options, they answered by naming neighborhoods first. Availability depended on the exact place, not just the country.",single
8624,"In the suburbs, a daycare had open spots only for afternoons, while the one near the metro had a long waiting list. The gym by the river included sauna access, but the one near the mall offered cheaper monthly fees. He compared the services in each area before choosing. Friends recommended checking community groups for updates in the same neighborhood. It mattered which part of town he was talking about.",single
8624,"He checked his bank account twice before agreeing to the trip. Last year, his savings grew steadily, but this season the bills rose faster than expected. At dinner, his cousin talked about paying off debt while a friend boasted about buying a new car outright. The contrast made the table awkward for a moment. When the check arrived, he suggested splitting it evenly to keep things simple.",single
8624,"The report showed that one group’s income increased while another group’s stayed flat. A chart compared household spending on rent, food, and transport across neighborhoods. In the comments section, people argued about whether the gap was widening or narrowing. She focused on the numbers rather than the opinions. The conclusion pointed to clear differences in economic security.",single
8624,"He used to feel comfortable financially, but the job market shifted and his hours were cut. Meanwhile, his partner’s company offered bonuses that changed their household balance. They talked about budget limits and what could be postponed without stress. A friend mentioned that some colleagues were thriving while others were struggling to keep up. The comparison helped him decide to apply for better-paid roles.",single
8624,"At the reunion, conversations drifted toward salaries and the cost of living. One classmate had started a business and spoke about cash flow like it was weather. Another admitted they were living paycheck to paycheck despite working long hours. She noticed how differently people talked about money depending on their situation. The evening ended with promises to stay in touch, but the economic gap lingered.",single
8624,"The old laptop kept freezing whenever he tried to restore a large backup from an external drive. He swapped the failing SSD and reinstalled the operating system from a USB stick. After that, he configured automatic cloud sync so the files would copy reliably between devices. A small script verified checksums to confirm the transfer hadn’t corrupted anything. When it finally worked, he stopped worrying about losing data again.",single
8624,"She built a simple website and connected it to a database for storing user sign-ups. During testing, the server ran out of disk space and the logs vanished. She set up nightly backups and added a recovery step that could rebuild the database from snapshots. After a few tries, uploads and downloads completed without timing out. The setup felt sturdier once the storage and restoration plan was clear.",single
8624,"His desktop tower had plenty of RAM, but the network card was unstable and dropped connections mid-transfer. He replaced the driver and updated firmware, then tested copying large folders over the local network. To protect the project files, he mirrored the directory to a second drive and kept an offsite backup. When the main drive failed a month later, he restored everything in under an hour. The hardware lesson was expensive but effective.",single
8624,"The studio’s workflow depended on moving large video files between machines without errors. They upgraded to faster storage and configured a shared server with proper permissions. After every edit session, the system pushed changes to a remote repository and kept versioned backups. One afternoon, a corrupted folder appeared, but a previous snapshot restored it cleanly. The team stopped arguing about whose machine had the “real” copy.",single
8624,"She was comparing cities on the coast and inland regions for a possible move. A friend described the local job market and warned that salaries differed a lot between neighborhoods. She opened a community forum to see what services were available near the train station and which clinics had short wait times. Before deciding, she asked several residents to rate the area and share honest feedback about daily life. Later that night, she updated her laptop storage and backed up the notes so she wouldn’t lose the research.",mixed
8624,"The travel blog post listed countries and then narrowed down to a few specific towns. In the comments, readers were asked to score the itinerary and point out anything unrealistic. Someone replied that certain tours only operate in that region during summer and suggested alternatives nearby. Another reader compared costs between the capital and smaller cities, noting how quickly budgets change. The author saved everything to a local drive and uploaded a copy to cloud storage for safekeeping.",mixed
8624,"He mapped out a route across states and marked each stop with a pin. The plan depended on whether the same-day courier service existed in those districts. When the estimate came back, he compared fees across providers and realized the premium option would drain his budget. He sent the draft schedule to coworkers and asked them to rate its practicality and flag risks. After collecting replies, he rebuilt the spreadsheet site and restored the previous version from a backup.",mixed
8624,"A guidebook described the region’s border towns and the larger city nearby. She checked which medical and transport services operated in each place, since opening hours varied by district. The forum thread quickly turned into a debate about affordability, with people contrasting income levels and rent across different areas. She asked users to leave a clear rating of the guidebook’s accuracy and explain any corrections. Once finished, she archived the notes on an external drive and synced them to her home server.",mixed
8624,"The newspaper article mentioned several countries and the industrial zones inside them. A sidebar listed what public services were available in each city, from libraries to late-night buses. Readers argued about economic policy and compared how wealthy different groups were becoming. The editor posted a request for feedback, asking the audience to rate the coverage and submit corrections. After publication, the newsroom copied the files to redundant storage and tested the restore process.",mixed
8624,"He had a list of cities taped above his desk, each one a candidate for relocation. For each location, he checked which providers offered reliable internet and repair services in the neighborhood. The costs looked different depending on whether he compared rent alone or the full monthly budget. He asked friends who lived there to rate the vibe and send blunt advice. To keep everything organized, he built a small site and backed up the database before making edits.",mixed
8624,"A regional map lay open while she planned meetings across several towns. She needed to know where the service centers were, since some only handled returns in specific districts. The finance team sent a note comparing spending across departments and warning about a tighter quarter. She forwarded the plan to stakeholders and requested a quick rating of the schedule’s realism. Afterward, she transferred the updated files to a secure drive and verified the backup could be restored.",mixed
8624,"The brochure highlighted a coastal city, then listed nearby regions worth visiting. In the fine print, it explained which services were included in that area and which required separate booking. He calculated whether the upgrade made sense by comparing his available savings against the total cost. Before paying, he asked the group chat to rate the package and share any red flags. When the receipt arrived, he stored it on his laptop and synced a copy to an encrypted archive.",mixed
8624,"She was writing about a country’s capital and the smaller cities surrounding it. The draft included notes on where to find certain services, like coworking spaces and clinics, depending on the district. A colleague pointed out that the section on affordability needed clearer comparisons between income levels and prices. She sent the updated draft around and asked everyone to rate it for clarity and usefulness. After the final edits, she exported the site files and backed them up before pushing changes live.",mixed
8624,"The itinerary jumped from one state to the next, with exact city names in bold. He checked local listings to confirm which services were actually offered near each stop. When he ran the numbers, he compared what different groups would pay if they split costs in different ways. He asked the organizer to rate the plan and provide feedback on timing. Finally, he copied the documents to a new SSD and tested restoring them from the backup folder.",mixed
8624,"A community thread discussed life in several regions and compared the feel of their main cities. People listed which services were easy to access in each neighborhood and which required long commutes. The conversation shifted to economic pressure, contrasting homeowners with renters and pointing out widening gaps. The moderator asked participants to rate the usefulness of the thread and suggest improvements to the resource list. Later, the site admin migrated the server, moved stored data carefully, and confirmed the restore points worked.",mixed
8624,"He pinned a map showing countries, then zoomed into specific cities where interviews might happen. For each place, he researched what support services existed nearby, like transit passes and temporary housing offices. Looking at his accounts, he compared what he could afford now versus what would be risky. He messaged mentors asking them to rate his plan and critique the weak spots. When he finished, he uploaded the documents to a repository and kept a local backup in case of data loss.",mixed
8624,"The article opened with a tour through famous cities and then described the surrounding regions. A table below it listed what services were provided in each location, including emergency numbers and local help desks. Commenters debated economic inequality and compared the financial stability of different groups. The author replied asking readers to rate the piece and provide corrections where needed. Behind the scenes, the website team upgraded storage and verified that archived pages could be restored after deployment.",mixed
8624,"She considered two countries and narrowed it down to one coastal region with a medium-sized city. The deciding factor was whether essential services were available within walking distance in that area. She compared her budget to local prices and also contrasted costs between districts people mentioned. Before committing, she asked contacts to rate the neighborhood and share candid feedback. Then she saved screenshots, uploaded them to cloud storage, and tested the download to ensure nothing was missing.",mixed
8624,"He organized his notes by state and then by city, trying to keep the geography straight. Each entry included a quick check of services offered locally, such as gyms, transit, and clinics. When he reviewed the numbers, he compared his financial runway against the average costs others reported. He posted the summary and asked readers to rate its accuracy and usefulness. Finally, he migrated the files to a new machine and restored everything from a verified backup.",mixed
8624,"A friend sent a list of regions with a few recommended cities under each heading. She looked up which services were available in those places, since some options only existed in larger hubs. The decision came down to money, and she compared what different groups paid for similar apartments. She asked the friend to rate each suggestion and explain why it ranked where it did. Afterward, she built a small webpage to track the choices and backed up the data nightly.",mixed
8624,"The spreadsheet started with country names and then broke down to city-level details. Next to each city, he wrote what services were easy to access, from late buses to repair shops. A separate sheet compared costs and highlighted big differences between people on salaries and people on hourly contracts. He sent the file out and requested a rating for readability along with specific feedback. When replies came in, he synced the updated version and kept an offline restore point.",mixed
8624,"She watched a documentary that moved from one city to another across several regions. Curious, she searched what public services were offered in each place and how residents described them. The discussion boards focused on economic realities, with commenters comparing wealth across groups and arguing over fairness. She posted a question asking others to rate the documentary’s accuracy and share corrections. Later, she stored the collected links on a drive and set up a recovery plan in case the folder got corrupted.",mixed
8624,"His new site displayed a map with cities highlighted across different countries. The content pages listed services available in each location, tailored to the neighborhood being viewed. He ran a budget analysis and compared spending patterns between different customer groups. Before launch, he asked beta users to rate the experience and leave pointed feedback about navigation. After deployment, he duplicated the database, tested exports, and confirmed he could restore the system from backups.",mixed
8624,"The group chat filled with place names as they argued over which region to visit. Someone checked local listings to see what services were offered in each city, from tours to rentals. Another person compared everyone’s budgets and pointed out that costs would hit some people harder than others. They asked the organizer to rate the options and summarize the feedback so a decision could be made. When the plan was set, the organizer saved everything on a laptop and backed it up to an external drive.",mixed
8757,"He woke up early to catch the first train so he could arrive before the office opened. The whole trip was planned to avoid the rush-hour crowd. He carried the documents to finalize the application and bring everything to a close. The detour existed only to reach the meeting on time. When he stepped onto the platform, he felt the purpose of the morning click into place.",single
8757,"She joined the course to learn enough statistics to handle her research data confidently. Every practice session was designed to build speed without sacrificing accuracy. She stayed late to review the mistakes and to correct the steps that kept tripping her up. The goal was clear, and her routine supported it. By the end of the week, the work had moved her closer to passing the exam.",single
8757,"The fundraiser was organized to cover the repair costs for the community hall. Volunteers showed up to set tables and to welcome guests at the door. The schedule existed to keep the evening running smoothly. Even the music was chosen to encourage people to stay and donate. When the final number was announced, the reason for all the effort felt justified.",single
8757,"He saved the receipts to prove the expenses during the audit. The backup copy was made to prevent any loss if the laptop failed. A checklist was printed to keep the process consistent across teams. The meeting was called to decide what to do next. Everything in the plan pointed toward finishing the project on schedule.",single
8757,"She walked to the corner store and then to the post office before heading home. The bus was heading to the airport, while the next one went to the central station. He turned left to reach the river path and followed it to the bridge. A note on the fridge reminded him to take the keys to the neighbor later. By noon, he had been to three places without noticing the distance.",single
8757,"They drove to the campsite through narrow roads and stopped to take photos along the way. The guide told them to stay close to the marked trail to avoid getting lost. After lunch they hiked to a lookout point and watched clouds roll in. The return route took them to a small village with a bakery. By evening, everyone was ready to go to sleep.",single
8757,"She sent the package to her sister and then walked to the pharmacy to pick up a prescription. He moved the chair to the window so the plant could get more light. A courier came to the building and carried the forms to the reception desk. The message asked him to reply to the manager by Friday. Nothing about the day was dramatic, just one place and task leading to another.",single
8757,"He went to the museum to see the new exhibit and to meet a friend afterward. The sign pointed to the north entrance, but the ticket line was faster to the side door. A staff member directed them to the second floor and explained where to find the audio guide. They stayed to read the plaques carefully, not rushing the rooms. Later they walked to a café and planned the next visit.",single
8757,"The purpose of the new policy was to reduce late deliveries. The reason for the change came from repeated complaints and missed deadlines. Management explained that the goal was to improve reliability for customers. Even small details, like updated labels, served that purpose. After a month, the results matched the original intent.",single
8757,"Her reason for declining the offer was simple: the commute would eat the day. The purpose of her search was to find work with flexible hours. She explained that the motivation came from wanting time for family and health. The team understood the rationale without arguing. In the end, her decision matched the reasons she had set from the start.",single
8757,"The museum expanded its hours for one reason: the evening crowds kept growing. The purpose of the renovation was to make the entrance safer and less cramped. A sign described the motivation behind the new exhibit in plain language. Visitors could see the reasoning in how the rooms flowed. The changes made sense once the reasons were spelled out.",single
8757,"He bought the extra storage for a specific purpose, not as a luxury. The reason was that his files kept piling up and the computer slowed down. He explained the rationale to his roommate, who thought it was unnecessary. After showing the constant warnings, the decision looked sensible. The purchase matched the goal he had in mind.",single
8757,"She mailed the invitation to her grandparents and sent a copy to her aunt. The scholarship was awarded to a student who had helped the community for years. He handed the keys to the landlord and kept a spare to himself. A letter arrived to the office addressed to the new director. Each item had a clear recipient and a clear destination.",single
8757,"He walked to the bank to deposit a check and then carried the receipt to his accountant. The flowers were delivered to the hospital room with a small card attached. She forwarded the email to the team lead because it needed approval. A neighbor brought soup to the couple next door after hearing the news. The day was full of small transfers from one person to another.",single
8757,"The train to Hamburg was delayed, so he took a bus to the next station. She shipped the handmade mug to a customer who lived overseas. He gave the folder to the assistant and asked for it back after copying. The donation went to a shelter that needed winter supplies. Everything moved along paths with endpoints that mattered.",single
8757,"He promised to bring the book to her tomorrow and then actually showed up. The card was addressed to his teacher, and he slipped it into an envelope. She carried the report to the meeting room and placed it on the table. A package waited to be collected at the front desk. Each action had a destination, even when it was just across the hall.",single
8757,"Start by washing the rice to remove excess starch, then set it aside to drain. Heat a small pot and add oil to coat the bottom, stirring in onions until they soften. Add the rice and toast it briefly, then pour in broth to cover and lower the heat. Let it cook until tender, then taste to adjust salt before serving. Finish with a squeeze of lemon to brighten the bowl.",single
8757,"Chop the vegetables to roughly the same size so they cook evenly. Put a pan on medium heat and add butter to melt, then stir in garlic until fragrant. Add the vegetables and sauté, then splash in water to steam and cover for a few minutes. Remove the lid and cook until the edges brown, then season to taste. Serve it hot with bread to soak up the juices.",single
8757,"Preheat the oven to the right temperature and line a tray with parchment. Mix flour and sugar, then add eggs to bind the dough and stir until smooth. Fold in chocolate chips and scoop portions to the tray, leaving space between them. Bake until the centers set, then cool before moving to a plate. Store them in a tin to keep them soft.",single
8757,"Slice the chicken thinly to help it cook fast and marinate it briefly. Heat a skillet and add oil to shimmer, then lay the pieces in without crowding. Flip after browning and add sauce to glaze, letting it reduce slightly. Take it off the heat and rest it for a minute before cutting. Serve with rice to catch the extra sauce.",single
8757,"He took the early bus to the market to buy ingredients for a new recipe. The whole trip was timed to avoid crowds and to get the freshest produce before noon. At the stall, he handed cash to the vendor and asked the seller to pack everything carefully for the ride home. He explained the reason for choosing these spices was to match the dish’s purpose of being comforting but not heavy. Back in the kitchen, he followed steps to chop, stir, and cook, then plated the meal and brought a portion to his neighbor.",mixed
8757,"She went to the clinic to drop off forms and to ask whether the appointment could be moved earlier. On the way out, she mailed the paperwork to the insurer because it had to reach the right department by Friday. Her reason for being so careful was simple: the process existed to unlock the coverage she needed. Later she stopped at home to start dinner, mixing ingredients to make a quick sauce and tasting it to adjust the balance. By night, she felt relief that every task had a destination and a purpose.",mixed
8757,"He drove to the coast to meet a friend and to deliver a borrowed camera. The reason for the trip was that the friend needed it for a project meant to capture the sunrise. After handing it over to the right person, they walked to a café and planned what to do next. When he got back, he cooked a simple meal, cutting vegetables to keep the prep quick and heating the pan to finish before the evening call. The day felt structured, each stop serving a goal.",mixed
8757,"She sent the invitation to her parents and then walked to the venue to check the seating. The purpose of the visit was to confirm the layout so the event could run smoothly. On her phone, she mapped the route to the nearest parking lot and noted the entrance to direct guests later. Back at home, she followed a recipe to mix batter, pour it into a tin, and bake it to serve at the gathering. She smiled because every step had a clear reason and a clear recipient.",mixed
8757,"He went to the station to catch the train to the city, carrying a folder to hand to the recruiter. The interview existed for one purpose: to see whether the role matched his long-term goal. After the meeting, he mailed a follow-up letter to the hiring manager and sent a copy to his mentor for review. At home, he cooked to unwind, simmering broth and adding noodles to finish a quick bowl. The day moved from destination to destination with reasons attached.",mixed
8757,"She walked to the hardware store to pick up supplies and to ask about a repair service. The clerk gave the receipt to her and pointed to the aisle that had the right parts. Her reason for buying the kit was that the fix would enable the shelf to hold more weight without wobbling. Afterward she stopped at the market to get ingredients and followed steps to wash, chop, and cook until dinner was ready. When she delivered leftovers to a friend, it felt like the final point on a purposeful route.",mixed
8757,"He traveled to a nearby town to return a library book and to visit his aunt. The gift was addressed to her, so he carried it carefully to make sure it arrived intact. The reason for the visit was to celebrate her new job, and the purpose was to make her feel supported. Before leaving, he cooked a small batch of cookies, mixing dough, shaping pieces, and baking them to share. He handed the warm tin to her at the door and watched her face light up.",mixed
8757,"She headed to the airport to meet her brother and to give him the documents he needed. The envelope was for his landlord, so she reminded him to deliver it to the right address. Her reason for rushing was that the paperwork was required to finish the move on time. At home later, she made soup, sautéing onions, adding stock, and tasting to adjust seasoning. The day ended with a clear feeling that every action had a destination and a goal.",mixed
8757,"He went to the community center to volunteer and to drop off donated clothes. The bags were meant for families in the area, so he made sure they were delivered to the coordinator. The reason for the drive was that the center’s purpose was to support people during winter. After the shift, he cooked a simple pasta, boiling water, stirring sauce, and timing it to come together quickly. He packed a portion to bring to a neighbor who had been sick.",mixed
8757,"She drove to the bookstore to pick up a reserved title and to return one that was overdue. The clerk handed the new book to her and asked her to pass a message to the manager about a special order. Her reason for stopping in was that the purchase supported the shop’s purpose of keeping local authors visible. At home she made a salad, chopping herbs, whisking dressing, and tossing it to coat evenly. She carried a small container to a friend as a quick thank-you.",mixed
8757,"He walked to the office to deliver a contract and to ask for a signature. The document was addressed to a client, so he double-checked the recipient line before sending it out. The reason for the careful handling was that the agreement existed to enable the project to start legally. After work he cooked dinner, slicing chicken, heating oil, and adding sauce to finish in one pan. He saved an extra portion to bring to his roommate who would get home late.",mixed
8757,"She took the bus to the museum to see the exhibit and to meet her cousin afterward. A postcard was for her cousin’s child, so she bought it and planned to send it to the right address later. The reason for visiting was that the exhibit’s purpose was to show how the city changed over time. That evening she followed a recipe to roast vegetables, stirring spices and baking them to caramelize. She packed some to give to her cousin before they said goodbye.",mixed
8757,"He drove to the dentist to get a checkup and to drop off insurance forms. The forms were for the insurer, so he mailed them to the processing office right after the appointment. His reason for doing it immediately was that the paperwork served the purpose of avoiding delays in coverage. At home he cooked rice, rinsing it, adding broth, and letting it steam to finish. He carried a bowl to his partner as a small gesture of relief after the day’s errands.",mixed
8757,"She went to the station to catch a train to her hometown to visit her parents. The package in her bag was for her mother, and she kept it close so it wouldn’t get damaged. Her reason for traveling was to help with a project whose purpose was to renovate the kitchen before winter. Once there, she cooked to contribute, mixing ingredients, simmering sauce, and tasting to adjust flavors. She handed the leftovers to her father and felt the day’s intentions land gently.",mixed
8757,"He walked to the clinic to pick up test results and to ask about next steps. The letter was addressed to his specialist, so he planned to send it to the office that same afternoon. His reason for staying organized was that the process existed to reach a clear goal: treatment that actually worked. When he got home, he cooked a quick meal, chopping vegetables, heating the pan, and stirring to keep it from sticking. He brought a plate to his neighbor, grateful to have a route with purpose instead of worry.",mixed
8757,"She drove to the post office to mail a birthday present to her friend. The gift was for a specific person, so she paid extra to ensure it went to the correct destination without delays. Her reason for choosing that option was that the surprise had a purpose: to cheer him up after a rough month. Later she cooked brownies, mixing batter, pouring it into a pan, and baking it to the right texture. She kept a slice to bring to her coworker the next morning.",mixed
8757,"He went to the river path to clear his head and to think through a decision. The reason for taking that route was that it led to a quiet bench where he could focus on the goal. Afterward he stopped by a friend’s place to return a borrowed tool, making sure it got to the right hands. In the evening he cooked to relax, stirring soup, tasting to adjust seasoning, and letting it simmer to finish. He set aside a portion to drop off to his sister later.",mixed
8757,"She traveled to the university to submit a form and to meet an advisor. The form was addressed to the registrar, so she delivered it to the correct desk before the office closed. Her reason for being punctual was that the submission served the purpose of enabling her enrollment next term. That night she cooked a simple stir-fry, slicing ingredients, heating oil, and tossing everything to coat evenly. She packed leftovers to give to a classmate who had helped her study.",mixed
8757,"He rode to the bakery to pick up bread and to deliver an envelope to the shop owner. The envelope was for the owner’s accountant, so he confirmed the recipient before handing it over. His reason for doing the favor was that it supported the purpose of keeping the small business running smoothly. Back home he cooked breakfast, whisking eggs, heating a pan, and flipping carefully to avoid tearing. He carried a plate to his partner, happy the morning had a clear direction.",mixed
900,"After dinner, she bought a short domain name and pointed it to a fresh landing page. The next morning she rewrote the title tags, tightened the meta descriptions, and started tracking which backlinks were actually sending people who stayed to read. A friend asked why the site also had a tiny section for dating profiles, and she shrugged, saying she wanted something kinder than the usual apps. When the trailer for a new film dropped, her traffic spiked, and she spent her free time tweaking the layout with a bit of grace for her own mistakes.",single
900,"He registered a domain for a side project and spent the weekend fixing broken links. Instead of chasing vanity metrics, he hunted for a handful of good backlinks and watched how search impressions changed after small SEO edits. Late at night he added a simple page about relationships, written like a letter instead of a pitch. The site ended up mixing movie-trailer chatter with reflections on how the rich and poor talk past each other, and somehow it still felt coherent.",single
900,"The contract packet arrived with the exhibits stapled in the wrong order, so she rebuilt it carefully from the source files. In the appendix, she traced every reference to a numbered code section to make sure nothing pointed to the wrong clause. One stray definition changed the meaning of a whole paragraph, and she caught it before it went out. By the time she saved the final PDF, the margins were aligned and the language finally read like one document.",single
900,"He opened the draft policy and compared it line by line against the statute it cited. The text had been copied from older legal documents, but the internal code sections no longer matched the updated headings. A single misplaced reference made the obligations sound broader than they were. He rewrote the passage so the section labels and wording matched the authoritative version.",single
900,"The memo kept pointing to Section 7, but nobody could tell which Section 7 it meant. She insisted on writing the citations as Section 7.2 and Section 7.2.1, so each step of the procedure had a precise anchor. Once the numbering was consistent, the reviewers stopped arguing and started making real edits. Even a quick skim now led the reader to the exact line they needed.",single
900,"A stamped notice arrived with tiny text and a bold heading that read § 14.3, followed by three dense paragraphs. He copied the section number into his notes and double-checked it against the official register to avoid quoting the wrong provision. When the reply went out, every reference stayed tied to a specific subsection instead of a vague chapter name. The clarity turned a confusing back-and-forth into a clean exchange.",single
900,"The hearing room went quiet when the attorney mentioned a recent court decision about access to contraception. A new bill had been drafted to narrow reproductive rights, and the debate turned on how an older law was being interpreted. She read the statute again that night, marking the parts that courts kept disagreeing about. The next day, the briefing focused on what the decision actually required rather than what people hoped it meant.",single
900,"A lawsuit challenging a restriction on women’s health services landed on the judge’s docket before sunrise. The filings argued that the legislation conflicted with established protections for reproductive care, especially contraception. Reporters kept asking for a soundbite, but the lawyers pointed back to the court’s prior rulings and the exact language of the law. When the opinion was released, it leaned heavily on precedent instead of politics.",single
900,"He shuffled into the kitchen in pajamas and tied an apron over them like it was normal. While the soup simmered, he practiced a new cooking method, letting the heat do slow work instead of rushing it. Earlier he had been trying on a silly costume for a party, but now he only wanted something warm to eat. The smell filled the apartment and made the whole evening feel less serious.",single
900,"She wore a soft hoodie and plaid pajama bottoms while learning how to pan-sear chicken without drying it out. A friend dropped by in costume makeup from rehearsal, and they laughed at the contrast. Between flips of the skillet, she adjusted the seasoning and tried a different technique for crisping the skin. Dinner turned out better than expected, even with flour on the sleeves.",single
900,"She spent the morning updating an advocacy site, checking backlinks and cleaning up the SEO before renewing the domain. In the afternoon she drafted legal documents with embedded code sections, then corrected a citation that should have pointed to Section 3.1 instead of the broader chapter. A new court decision about contraception arrived, so she added a summary of the law’s impact on women’s health rights without editorializing. By night she was in pajamas, stirring sauce and eating straight from the wooden spoon.",mixed
900,"The nonprofit’s webmaster registered a new domain and pushed a redesign that loaded faster and ranked better after a few careful SEO changes. The legal team sent over documents with code sections that had to match the template, and he flagged a reference to § 12.4 that was off by one digit. Their campaign centered on a reproductive-rights case about access to contraception, so every claim needed to track the actual court record. He finished late, wearing mismatched pajamas and roasting vegetables while the final upload ran.",mixed
900,"A film-trailer page unexpectedly drew visitors, so she tightened the site’s structure, pruned bad backlinks, and refreshed the SEO tags. An attached legal brief came next, full of code sections and a confusing chain of section numbers like 8.2.2 that she had to reconcile. The brief summarized a dispute over women’s health legislation and the legality of limiting contraception, citing the court decision precisely. When her eyes blurred, she swapped into pajamas, reheated leftovers, and kept proofreading between bites.",mixed
900,"He launched a small relationship blog on a newly registered domain and watched search traffic rise after a few quality backlinks landed. The same week, he helped a clinic prepare legal documents, checking that the code sections aligned and that Section 5.3 referenced the correct subsection. The case involved reproductive rights and a law affecting contraception access, so every line needed to survive scrutiny. He worked from the couch in old pajamas, simmering rice while the printer hummed.",mixed
900,"She tried to be graceful about a last-minute request: rebuild the website, improve SEO, and fix a domain redirect before morning. Then the lawyer asked for a clean version of the filing, because the legal documents had stray code sections and inconsistent section numbers like 2.1 versus 2.1.0. The filing concerned a women’s health dispute over contraception restrictions and a recent court ruling. At 1 a.m., still in pajamas, she chopped garlic and let pasta boil while the final PDF exported.",mixed
900,"The organization’s homepage needed better rankings, so he gathered a few legitimate backlinks and rewrote the SEO copy without stuffing keywords. A legal draft arrived with code sections pasted in from an older version, and he corrected the references to Section 9.2 so the citations landed where they should. Their statement addressed a court case about reproductive rights and access to contraception under a specific law. He wrapped up in pajama pants, eating a quick omelet made with a simple cooking method he’d just learned.",mixed
900,"She set up a fresh domain for a campaign site and tested how different headlines affected SEO results. The policy team handed her legal documents marked with code sections, and she fixed a misnumbered Section 4.1 that pointed to the wrong requirement. The content summarized legislation tied to women’s health and a court decision on contraception access, so she avoided exaggeration. After the publish button, she changed into pajamas and baked a tray of potatoes as if nothing dramatic had happened.",mixed
900,"A late-night site migration broke half the backlinks, so he patched redirects and tuned the SEO until the domain looked stable again. In parallel, he formatted legal documents for filing, making sure the code sections stayed intact and that § 6.3 matched the cited subsection. The filing argued over reproductive rights, focusing on a contraception rule embedded in a specific statute and challenged in court. He read the final draft in pajamas while a pot of chili bubbled quietly.",mixed
900,"She volunteered as both editor and webmaster, polishing the domain’s pages and adding SEO tweaks that made search results less chaotic. The attorneys sent legal documents with code sections that needed consistent numbering, and she rechecked every reference to Section 10.2. The subject was women’s health legislation, with a court decision about contraception shaping what could be claimed publicly. When the work finally slowed, she stayed in pajamas and cooked scrambled eggs with careful low heat.",mixed
900,"He built a small landing page for an event, registered the domain, and chased a few backlinks to help people actually find it. The next task was administrative: prepare legal documents, verify code sections, and correct a reference that should have read Section 1.4.2. The event brief discussed a legal case on reproductive rights and access to contraception under a named law, and the citations had to be clean. He finished in pajamas, reheating soup and tasting it until it felt right.",mixed
9242,"She picked up the new headset and noticed the hinges felt sturdier than last year’s model. The surface had a matte finish that didn’t show fingerprints, and the buttons clicked with a satisfying firmness. After a week of use, the battery life was the first feature she bragged about to friends. Even the packaging made the product seem more premium than its price suggested.",single
9242,"He compared two jackets by feel, not by hype, rubbing the fabric between his fingers. One had better stitching, a smoother zipper, and pockets that actually sat where hands wanted to rest. He chose the one with a lighter weight and a cleaner fit across the shoulders. On the walk home, the quality difference kept showing up in small ways.",single
9242,"The company opened a small office in Aarhus, but their shipping partner operated out of Hamburg. When she called support, the agent mentioned their billing team sat in Dublin even though the brand sounded local. The invoice listed three city addresses, each tied to a different department. By the end of the call, she understood the business lived in several places at once.",single
9242,"He booked a meeting in Copenhagen, then realized the supplier’s main warehouse was in Malmö. The website listed locations by city for each division, and the map pins made it obvious who handled what. A receptionist explained that the organization’s legal address was in London, while the engineers worked in Berlin. The geography felt like part of the operation, not an afterthought.",single
9242,"Marta’s laptop sat open on the table, but Marta’s attention was on the conversation. The dog’s leash was tangled with the stroller’s strap, and the neighbor’s keys had somehow ended up in his pocket. Someone joked about the café’s music being too loud, and nobody disagreed. By the time they left, the group’s plan had become a shared plan.",single
9242,"The coach’s whistle echoed across the field, and the team’s mood shifted immediately. Jonas’s water bottle rolled under the bench, so he grabbed it and muttered that the bottle’s cap always came loose. Later, the referee’s report landed in the inbox with the player’s name misspelled. It was a small mistake, but it made the whole document feel careless.",single
9242,"She forgot her phone on the counter, but mine was already in my hand. When the cashier asked whose card to use, hers was declined and he offered his without making it awkward. The ticket in your pocket turned out to be the right one, so the line moved faster. By the time they sat down, the moment belonged to all of them, not just one person.",single
9242,"He pointed to the sweater and said it was hers, not his, even though he had bought it. The keys were yours if you wanted to drive, and mine if you didn’t trust the parking lot. She laughed and said the decision was theirs anyway, since everyone was going. The simple pronouns settled the argument faster than any explanation could.",single
9242,"The order form showed 48 units, but only 46 arrived on the pallet. He counted again, then wrote the numbers in a neat column so no one could argue later. The receipt listed 3 boxes and 12 loose items, which didn’t match the shipment note. By the time the discrepancy was reported, the exact counts were the only thing anyone trusted.",single
9242,"She measured 250 milliliters of milk and set a timer for 12 minutes, refusing to guess. The recipe called for 2 eggs, but the carton had only 1 left, so she adjusted the batch size on the fly. When the scale read 0.7 kilograms, she stopped adding flour immediately. The final total came out clean, and that made the whole kitchen feel organized.",single
9242,"In the Stockholm store, the new blender stood out for its quiet motor and solid weight. The manager said the company’s flagship was in Copenhagen, and he added that Lars’s team would handle returns from there. She checked the tag and smiled, saying the display model was hers to test today, not his. The stock count read 27 units, and she took exactly one home.",mixed
9242,"He toured the Berlin showroom to inspect a chair’s build quality, focusing on the frame and the fabric’s durability. The brand’s headquarters were listed in Paris, but their customer service routed calls through Dublin. When he asked about ownership, the rep clarified that the warranty was the company’s responsibility, while the sample on the floor was theirs to loan. The invoice showed 3 deliveries and 14 replacement parts, and he circled every number before signing.",mixed
9242,"The cosmetics line launched in Milan, yet the business address on the box pointed to Amsterdam. She admired the product’s finish, then joked that Elena’s favorite shade was always the first to sell out. He handed her the tester and said it was hers to keep, while his belonged behind the counter. The daily report listed 62 sales, and the store hit the target with room to spare.",mixed
9242,"A small café in Copenhagen started selling a locally made kettle that felt surprisingly premium. The supplier’s warehouse was in Aarhus, and the paperwork carried the company’s name in bold at the top. When the owner explained the display, he said the kettle was theirs until payment cleared, but the first one sold would be mine. The tally on the chalkboard showed 9 preorders before lunch.",mixed
9242,"She visited the Madrid branch because the product photos didn’t capture the material’s texture. The clerk mentioned that the organization’s logistics ran through Valencia, while billing was handled from Lisbon. On the label, Rosa’s name appeared next to a quality stamp, and she said the final choice was yours if you liked the feel. The shipment sheet recorded 18 units in stock and 5 reserved.",mixed
9242,"A rep in London demonstrated a camera’s stabilization and low-light performance with a quick walkthrough. The company’s map showed service centers in Oslo and Helsinki, which mattered more to him than the branding. He asked whose responsibility repairs were, and the rep answered that the customer’s warranty was theirs to honor, even if the accessory was his. The quote totaled 1,249 in local currency, with 2 add-ons included.",mixed
9242,"He compared two speakers in the Munich office and noted which one had cleaner bass and fewer rattles. The brand’s support line said their main hub was in Zurich, despite the marketing pushing a different city. On the order sheet, the distributor’s name was printed above a note saying the demo unit was hers to borrow for the weekend. The warehouse count showed 40 units available, so the deal suddenly felt urgent.",mixed
9242,"At the Oslo pop-up, the backpack’s stitching looked tight and the zipper glided without snagging. The organizer said the company’s permanent store was in Copenhagen, but their repairs desk operated from Göteborg. He pointed to the tag and laughed that Erik’s design choices were everywhere, then added that the sample was theirs while mine would come sealed. The register logged 73 visits that afternoon.",mixed
9242,"She walked into the Paris showroom to test a keyboard’s key travel and build, because specs never told the whole story. The receipt listed the business location as Lyon, and the clerk explained that the company’s warehouse sat outside Marseille. When she hesitated, he said the decision was yours, but the warranty coverage was theirs, not his personal promise. The printed slip showed 2-year coverage and 15-day returns in plain numbers.",mixed
9242,"A startup in Amsterdam advertised a lamp’s efficiency and warm color, so he went to see it in person. Their about-page listed offices in Rotterdam and Brussels, making the organization feel bigger than it was. He asked about ownership and heard that the prototype was the company’s property, while the first production run would be hers once paid. The prelaunch tracker displayed 500 sign-ups and 32 confirmed orders.",mixed
4369,"At the branch office, the loan officer reviewed a wire transfer while the receptionist checked the day’s appointment list. A radiology invoice sat on top, packed with terms from imaging reports like CT, MRI, contrast dose, and slice thickness. The patient record used shorthand for the scan protocol and listed the referring clinician by full name. Before closing time, the bank clerk double-checked the billing code against the report and filed the paperwork.","single"
4369,"The credit union’s back office processed a payment request from a hospital imaging department. The paperwork mentioned CT sequences, sedation notes, and the timing of contrast administration. A claims reviewer matched the charge to the scan type and the radiology report language. The teller was surprised how much technical wording could fit onto a single invoice.","single"
4369,"A regional bank held a meeting about fraud alerts, and one example involved a disputed charge from a diagnostic imaging center. The statement line included medical scan vocabulary like scan protocol, image series, and radiology workstation access. A customer service agent called the clinic to confirm the ordering physician’s details. The case was resolved once the scan date and reference number matched the account history.","single"
4369,"The technician wrote “fib” on the calibration sheet and pointed to the material spec on the label. A supplier had shipped a batch with a “fib” grade that behaved differently under heat during testing. To keep measurements consistent, the lab reran the calibration steps and adjusted the baseline. By the end of the shift, the notes were full of short “fib” references tied to the same batch code.","single"
4369,"In the workshop, the quality log repeatedly flagged “fib” next to a set of readings from the same instrument. The supervisor suspected the issue came from a material swap that altered how the sample responded during calibration. A second run confirmed the “fib” lot had slightly different tolerances. The team quarantined the roll and updated the test procedure to avoid mixing batches.","single"
4369,"A materials engineer compared two datasheets and circled every mention of “fib” in the margins. The abbreviation showed up alongside calibration settings and a warning about measurement drift. After a few trials, the new composite needed a different reference point to stay within spec. The report ended with a recommendation to retest any parts made from the “fib” stock.","single"
4369,"Habib arrived early for the interview and corrected the receptionist when his surname was misspelled on the badge. In a quiet moment, he explained that people often drop a letter and change how it sounds. The hiring manager repeated his name carefully, making sure it matched the form. When he signed the contract, the “ib” in Habib was the detail he checked twice.","single"
4369,"Ibrahim’s mailbox was full of messages addressed to slightly different versions of his name. He kept a small note on his desk with the exact spelling so coworkers could copy it. At the café, the barista asked again because the sound was familiar but the letters were not. He smiled when the receipt finally printed the “ib” correctly.","single"
4369,"International Business Machines handled the data migration for the clinic’s new scheduling system. During the same week, a patient advocate called about a child living with cystic fibrosis and trouble accessing records. The IT lead from IBM joined the call to trace the permissions issue through the portal. After the fix, the family could see medication notes and care instructions without delay.","single"
4369,"The hospital’s server room hosted an IBM rack that ran the imaging archive and the patient portal. A respiratory specialist checked in on someone with cystic fibrosis and requested faster access to lab results. When the portal lagged, the IBM support engineer reviewed logs and pushed a patch. The next morning, the care team opened the record instantly and printed updated treatment notes.","single"
4369,"At a conference, the keynote speaker quoted Ibram’s essay and the audience went silent for a beat. Later, a colleague introduced an analyst named Ibrahima and joked about how often people stumble over the first three letters. In the hallway, a badge reader misread “Ibr” and printed a new tag that looked almost right. By dinner, everyone had learned to recognize the same short string inside different proper names.","single"
4369,"The editor reviewed a manuscript and noticed how often “Ibr” appeared across surnames in the acknowledgments. One author was listed as Ibrahimovic, another as Ibrahimi, and a third as Ibragim. A quick search showed the same letter pattern inside several place names as well. The final proof kept every spelling intact, even when the typesetter tried to simplify it.","single"
4369,"The radiology department sent an invoice to the bank, and the account rep called to confirm the payer details. On the scan report, a protocol note mentioned MRI settings, while a calibration form on the side repeated “fib” as a batch marker. The physician on duty was Ibrahim, and his name appeared again as Ibram in a forwarded message, prompting a spelling correction. The clinic’s IBM system stored everything, including a care plan for a patient with cystic fibrosis, so the records could be retrieved fast when billing asked for proof.","mixed"
4369,"A loan officer audited a medical bill from an imaging center and saw CT terminology sprinkled through the line items. In the attached lab note, “fib” was used as shorthand for a material used during calibration of a device in the same facility. The ordering clinician, Habib, called to clarify his name after an automated form truncated it. An IBM technician fixed the record routing issue, and the case file also referenced cystic fibrosis as the diagnosis for the scan request. The final document still contained several proper names with “ibr” embedded, which the clerk copied carefully into the banking system.","mixed"
4369,"The clinic’s billing team asked the local bank to release a payment hold tied to radiology charges and MRI protocol language. A quality engineer nearby complained that the calibration log was messy because “fib” kept appearing as a tag for the wrong material batch. The new intern, Ibrahim, offered to retype the names on the forms after noticing repeated “ib” misspellings. IBM support joined remotely to stabilize the record system, which included ongoing monitoring notes for a cystic fibrosis patient. In the final export, multiple proper nouns carried “ibr” inside them, and the software preserved every letter.","mixed"
4369,"An imaging report with CT and contrast details landed in the finance inbox, and a teller flagged it as unusual for a personal account. In the annexed attachment, a technician had marked “fib” next to calibration readings tied to a batch of composite samples. The patient’s contact was Habib, and a second form listed an Ibragim as the emergency contact, creating a minor mismatch. IBM’s platform linked both entries, and the clinician added a note about cystic fibrosis to justify repeated scans. After review, the bank approved the payment and closed the ticket.","mixed"
4369,"A hospital accountant compared a transfer receipt from a financial institution to an imaging center statement full of MRI jargon. The lab downstairs logged “fib” repeatedly while recalibrating equipment after a materials swap. Ibrahim signed the compliance form, and an older file spelled his surname with an extra “r,” which changed the look but not the person. IBM hosted the archive that also tracked a cystic fibrosis treatment plan for the same case. When everything was merged, the proper nouns with “ib” and “ibr” stayed consistent across the final report.","mixed"
4369,"The claims desk at the bank asked for proof of service, so the clinic sent a radiology report with CT sequence notes. A separate engineering memo used “fib” as a shorthand during calibration of a scanner component. Habib’s name appeared as the requesting contact, while a colleague named Ibrahima was listed as the verifier, and both spellings had to match the system. IBM support confirmed the data was stored correctly, including a note about cystic fibrosis that explained the repeated visits. The case file contained enough “ib” and “ibr” proper nouns that the clerk copied each one from the source document.","mixed"
4369,"A financial audit pulled one sample invoice, and the wording was heavy with medical scan terms and image series references. In the same packet, a calibration worksheet referenced “fib” stock as the cause of small measurement shifts. The supervising doctor was Ibrahim, and his name showed up again in a signature block that accidentally omitted a letter. IBM’s backend logged the correction, and the patient summary highlighted cystic fibrosis as the condition under treatment. The auditor noted the repeated “ib” and “ibr” patterns across names and filed the report.","mixed"
4369,"At the payment counter, a clerk paused over an imaging charge because the description looked like a full scan protocol rather than a simple service. A materials note stapled behind it used “fib” throughout a calibration discussion about test pieces. The contact person on the form was Habib, and a second page listed Ibram as the reviewer, forcing a quick phone call to verify identities. IBM maintained the records, and the file also included cystic fibrosis care documentation that explained the repeated diagnostic visits. Once the names and codes matched, the transaction cleared.","mixed"
4369,"The bank’s compliance team reviewed a hospital charge and asked why an MRI report was attached to a billing dispute. A technician’s addendum mentioned “fib” and calibration drift from a specific material batch used in the facility. Ibrahim confirmed the correct spelling of his name after noticing an earlier entry had swapped letters. IBM patched the portal so the account notes would sync, including a flag for a cystic fibrosis patient needing routine monitoring. In the final archive, several proper nouns carried “ib” or “ibr,” and none were altered by the export.","mixed"
4369,"A finance analyst processed reimbursements for medical imaging and saw CT terminology mixed into the billing metadata. Nearby, the lab ran calibration checks and kept tagging results with “fib,” which became the shorthand for that week’s sample set. Habib and Ibrahimi both signed different sections, and the shared “ib” string caused confusion until IDs were compared. The clinic’s IBM system held the charts, including cystic fibrosis notes that explained why repeated scans were ordered. After the correction, every proper noun with “ibr” stayed aligned across documents.","mixed"
4369,"The imaging center’s statement was routed to a bank queue, and the first page looked like a scan report full of radiology phrasing. A second page described a calibration test where “fib” was the key material label for the measured parts. Ibrahim was listed as the responsible staff member, while an Ibragim appeared as the approver, creating a pair of nearly matching names. IBM’s support line confirmed both users existed, and the patient record included cystic fibrosis as the clinical reason for ongoing visits. The bank approved the payment once the proper nouns and scan codes aligned.","mixed"
4369,"A reimbursement request arrived with heavy MRI language, and the bank asked for a clearer summary. The clinic responded with a short note that still mentioned calibration and a “fib” batch used in related equipment checks. Habib corrected the spelling of his first name, and an Ibram in IT updated the profile fields to avoid future mismatch. The record system ran on IBM hardware, and the attached care plan described cystic fibrosis management for the same patient. After review, the financial transfer went through and the name fields retained every “ib” and “ibr” sequence.","mixed"
5239,"On the group chat, everyone used shortened forms of names to keep messages quick. “Alex” became “Al,” and “Samantha” showed up as “Sam” unless someone was being formal. When a new person joined, their display name was chopped mid-word, so nobody recognized them at first. Only after a quick call did the full proper name appear and the confusion disappeared.","single"
5239,"A wedding planner copied the guest list into place cards and noticed half the names were nicknames. One card read “Chris,” but the invitation said “Christopher,” and another used a two-letter abbreviation that could fit three people. The seating chart turned into a detective task as truncated names collided. After a few confirmations, the planner printed the full proper names and kept the short versions for texting only.","single"
5239,"The delivery driver’s app showed a recipient as “Kat,” which was not the name on the mailbox. A neighbor explained it was a shortened form used by friends, not the legal name on file. The signature screen only displayed the truncated label, so the driver hesitated. Once the recipient arrived and clarified, the package was handed over without further drama.","single"
5239,"In the lab notebook, the chemist wrote down compounds ending in familiar tails like -ine and -ate, then added where each sample came from. A label marked one vial as “coastal,” another as “urban,” and a third as “alpine,” each hinting at location and origin. The volunteer sheet used demonyms like “Norwegian” and “Brazilian” to record participant background. By the end of the day, the page looked like a map made of suffixes.","single"
5239,"A product label listed caffeine, taurine, and creatine, and the shopper noticed how many ingredient names shared the same ending. Next to the nutrition panel, the brand description used words like “European” and “coastal” to suggest origin and lifestyle. The review section added personal descriptors such as “athletic” and “vegetarian,” again leaning on predictable word endings. The package was ordinary, but the suffixes did a lot of quiet work.","single"
5239,"At customs, the form asked for nationality and place of residence, and many answers ended the same way. People wrote “Canadian,” “Estonian,” and “Parisian,” while the address lines ended with town names that shared -ton or -ville. A separate declaration listed chemical items ending in -ate and -ide. The officer glanced through and recognized patterns before reading the details.","single"
5239,"The field report described seasonal shifts and chemical reactions in the same breath. It called the behavior “reactive” under heat and “stable” at lower pressure, then noted oxidative change over time. In the margin, the researcher wrote about diffusion and evaporation as the main processes shaping the results. The language felt technical, but the word endings made it flow.","single"
5239,"A safety sheet warned about corrosive liquids and noted that an accidental exposure could trigger allergic reactions. The summary used terms like “physical,” “chemical,” and “biological” to separate categories of risk. It also described the process as gradual rather than abrupt, and the effect as cumulative. The document read like a chain of adjectives tied to lab procedures.","single"
5239,"During the seminar, the speaker compared mechanical stress to thermal expansion and called the system “elastic” at low strain. A slide labeled the response “predictive” only within a narrow range and “chaotic” outside it. The discussion shifted to condensation and ionization as examples of processes that changed outcomes. The audience asked questions, and the answers kept leaning on the same adjective endings.","single"
5239,"The clinician palpated the abdomen and asked about pain that radiated toward the lower back. Notes were taken on respiratory rate, lung sounds, and any swelling around the joints. The conversation turned to chronic conditions, medication history, and whether symptoms had worsened overnight. Before discharge, the patient received instructions about follow-up if breathing or digestion changed.","single"
5239,"In the anatomy lab, the instructor pointed out the diaphragm, trachea, and the branching airways. A student asked how inflammation could affect breathing and why certain infections linger. The worksheet mentioned symptoms, conditions, and how organs respond under stress. Everyone left with a list of terms that sounded clinical even outside a hospital.","single"
5239,"At the pharmacy counter, the customer described numbness in the fingers and a tight sensation in the chest. The pharmacist asked about existing conditions and warned about side effects that could involve the heart or lungs. A referral note mentioned monitoring blood pressure and watching for worsening symptoms. The language stayed focused on body parts and what could go wrong.","single"
5239,"The copy editor nudged a paragraph toward clearer adjectives by swapping clunky phrases for cleaner endings. “Hopeful” replaced “full of hope,” and “careless” took the place of a longer explanation. Later, “readable” and “portable” appeared after a few quick revisions. The final draft felt smoother because the suffixes carried meaning without extra words.","single"
5239,"A teacher circled words like “childish,” “stormy,” and “restless” in a student essay and asked for more precise choices. The rewrite added “colorful” to describe the scene and “countless” to emphasize the crowd. A classmate suggested “breakable” instead of a long warning about fragility. By the end, the page was packed with adjective endings that changed the tone.","single"
5239,"In the family tree document, the names were shortened in the margins to fit the chart, so “Ben” and “Liz” stood in for longer forms. The notes also included demonyms and personal descriptors, and a few chemical names from an old remedy list used familiar endings like -ate and -ine. A side paragraph described seasonal changes as “gradual” and “reactive,” linking physical processes like diffusion to what happened in storage. The medical section mentioned lungs and chronic conditions in plain clinical language. When the editor finalized the file, adjective suffixes like -ful, -less, and -able tightened the writing without changing the facts.","mixed"
5239,"A lab intern labeled sample jars with abbreviated names for convenience, then later struggled to match each short tag to the full proper name in the registry. The ingredient list used chemical endings like -ide and -ate, while the location log used demonyms that hinted at where donors came from. In the results, terms like “chemical,” “physical,” and “reactive” sat next to notes about oxidation and evaporation. A nurse added a clinical note about lungs and a chronic condition that required monitoring. The final report was edited to use adjective suffixes that kept descriptions concise.","mixed"
5239,"On the conference badge, a truncated surname made two attendees look identical until they introduced themselves out loud. The welcome packet listed compounds ending in -ine and -ate, plus place-based descriptors that implied origin and identity. One talk described a biological process as gradual and an outcome as adaptive, using a string of -al and -ive adjectives. In the health session, body parts and conditions were discussed in clinical terms that sounded familiar from hospitals. Later, the event summary leaned on adjective suffixes like -ful and -less to keep the recap tight.","mixed"
5239,"A shipping manifest used short versions of customer names to save space, and the driver had to confirm the full proper names at delivery. The product description included chemical terminology with common endings and also referenced where items were sourced, using location-based labels and personal descriptors. The quality report called the behavior “physical” under pressure and “reactive” under heat, then described diffusion as the mechanism behind changes. A safety insert warned about symptoms involving lungs and skin if exposure occurred. Before printing, an editor swapped in adjective suffixes like -able and -ish to make the language smoother.","mixed"
5239,"A student wrote nicknames on flashcards instead of full names, then forgot who “Jo” referred to during a study session. The chemistry chapter introduced salts and acids with endings like -ide and -ate, while geography examples used demonyms and place-linked adjectives. The practice questions described mechanical systems as “elastic” and outcomes as “predictive,” tying them to processes like condensation and ionization. The biology section shifted to organs and common conditions, with clinical vocabulary about breathing and circulation. To polish the final notes, the student leaned on adjective suffixes such as -ful and -less for quicker phrasing.","mixed"
5239,"At the clinic front desk, the appointment list showed shortened names, and two people were called at once by mistake. The intake form recorded background using demonyms and location terms, and a supplement list included chemical names with recognizable endings. The doctor’s summary used strings of adjectives like “biological,” “physical,” and “reactive” alongside descriptions of gradual processes in the body. The discussion stayed grounded in organs and symptoms, especially around breathing and chronic conditions. When the discharge sheet was finalized, adjective suffixes like -able and -ish helped keep instructions brief but clear.","mixed"
5239,"A museum volunteer roster had truncated names that looked casual, but the official documents required full proper names for access badges. The exhibit on materials science listed chemicals with standard endings and described origin sites with location-based wording and personal descriptors. In the audio guide, phrases like “seasonal,” “mechanical,” and “oxidative” explained how objects change through physical processes over time. A nearby display on health used clinical terms for organs and conditions, making the language feel surprisingly medical. The brochure writer tightened everything with adjective suffixes that kept sentences short and descriptive.","mixed"
5239,"During a group project, teammates used shortened names in messages, then had to reconcile them with the full names on the submission cover sheet. The dataset documentation included chemical labels with familiar endings and variables tied to location and participant attributes. The analysis section described effects as “cumulative,” “reactive,” and “physical,” and it referenced diffusion as a mechanism in the environment. A health appendix listed body parts and conditions relevant to the study population. In revision, the team improved clarity by choosing adjective suffixes like -able, -ful, and -less instead of longer phrases.","mixed"
5239,"A travel itinerary listed companions by nicknames, but the airline required exact proper names, so the bookings had to be corrected. The packing checklist mentioned items with chemical names and also used location-linked words to describe destinations and traveler backgrounds. One page explained weather patterns as “seasonal” and “gradual,” describing physical processes that shaped the route choices. A separate note from a doctor referenced lungs and a condition that could flare up during flights. To keep everything readable, the final itinerary used adjective suffixes like -ish and -able to compress descriptions.","mixed"
5239,"The charity registration spreadsheet had shortened names in one column and full legal names in another, and mismatches kept popping up. Supply orders included chemicals with standard endings, and the volunteer bios used words that implied origin and personal attributes through their suffixes. A training handout called certain steps “practical” and “preventive,” and it described physical processes behind equipment wear. The first-aid section listed body parts, symptoms, and common conditions in clinical wording. When the organizer rewrote the summary, adjective suffixes like -ful and -less made the tone more direct.","mixed"
5239,"A chef wrote nicknames for staff on the prep board, then had to translate them into full proper names for payroll. Ingredient notes included chemical-sounding words from additives and also referenced regional origins with location-based descriptors. The kitchen manual described heat transfer as a physical process and labeled certain reactions as “chemical” and “reactive.” A health notice warned about symptoms affecting breathing and digestion for anyone with underlying conditions. In the final printed guide, adjective suffixes like -able and -ish helped reduce clutter without losing meaning.","mixed"
5239,"The community center sign-in sheet used abbreviated names to speed up entry, but the official roster required full proper names for records. A workshop on household products covered chemicals with familiar endings and explained labels that hint at origin and personal traits. The science segment used adjectives like “mechanical,” “biological,” and “adaptive,” tying them to processes such as evaporation and oxidation. The health presenter reviewed organs and conditions, focusing on what to watch for in the lungs and skin. The closing handout relied on adjective suffixes like -ful, -less, and -able to keep guidance compact.","mixed"
