prompt,ppl_base,next_token_loss_base,original_index,ppl_spike_90,label,mean_cluster_risk,max_cluster_risk,std_cluster_risk,median_cluster_risk,n_hits,n_unique_features,polysemantic_ratio,feature_entropy,weighted_entropy,dominance_ratio,label_proba,label_pred
"Context:
In the quiet library corner, she read a worn text that discussed spirituality and moral duty with references to well-known religious figures. Nearby sat a stack of periodicals and collected essays, bound together like a small archive. She moved between the sacred passages and the compiled volumes without hurrying. The room felt like it held a conversation across centuries.",91.811424,4.519737,0,9.737499,1,0.1677971,644.9549,5.8826337,0.0,54266,765,0.014097225,6.639876,4.035683,3843.6592,0.5641825199127197,1.0
"Context:
The moisturizer smelled faintly of citrus and sank in faster than I expected. I compared it to an older cream and realized my skin felt less tight within minutes. Later I tried a bold lipstick shade, then wiped it off and tried again in different light. The bathroom mirror became an hour-long experiment.",61.52232,4.1194,1,8.499998,1,0.11071527,366.2707,4.194029,0.0,47577,763,0.01603716,6.637258,3.6871412,3308.222,0.45432984828948975,1.0
"Context:
I followed the coordinates to a small office behind the supermarket, not the main building on the street, and the sign confirmed I had it right. In an online forum, people debated why a real estate sale can trigger withholding of a percentage that must be remitted to the tax authority. The thread kept looping into who gets to build wealth and who gets stuck renting, turning compliance into a story about disparities. I opened my laptop, built a quick webpage to track the documents, and added notes about the hardware I used to scan everything. By midnight the thread was still alive and my browser had too many tabs.",82.18256,4.408943,2,8.375,0,0.1317323,561.1009,5.4066987,0.0,93662,768,0.008199696,6.64379,4.235863,4259.4023,0.0430462472140789,0.0
"Context:
I upgraded my storage and checked software compatibility so the publishing tools would stop freezing mid-export. The magazine’s editor described the next issue as a turning point, because the topic had become a public controversy they could not dodge. In layout review, we debated how a face on the cover would frame a story about unemployment and social support. After hours, I read bound journals and a collected anthology to see how earlier writers handled similar tensions.",189.469,5.2442255,3,9.80625,0,0.13221273,599.8346,5.0369387,0.0,68385,762,0.011142794,6.6359468,4.139166,4536.8896,0.4031129777431488,0.0
"Context:
I took the earlier train so I would not be late, even though it meant waking up in the dark. I brought my laptop because I planned to review the slides during the ride. I chose the quiet car because I needed to concentrate before the presentation. I told my friend why I was skipping breakfast with them, and they understood. When I arrived, I was tired but prepared.",35.25552,3.562622,4,6.815625,1,0.12855731,639.64667,5.883535,0.0,59452,751,0.012632039,6.6214056,3.593247,4975.576,0.7512986063957214,1.0
"Context:
The catalog described the blender's material, chemical composition of the jar, color options, and motor strength alongside its cost and performance. The manufacturer promoted it as a special model with enhanced features, including a quieter drive and a new safety latch. A buyer ran a hand over the matte finish and asked about durability. The sales rep highlighted the unique characteristics before quoting the price.",98.11503,4.5861406,5,8.9125,1,0.10073089,400.77444,3.9808772,0.0,57226,755,0.013193304,6.6267176,3.764735,3978.6648,0.6458336710929871,1.0
"Context:
The property management office scheduled a repair service for my apartment after the heater failed. They asked me to meet the technician at the Nyhavn courtyard and then walk him up to the fourth-floor landing. The invoice covered inspection, parts, and labor, but the work itself was finished in under an hour. By evening the radiators were warm again and the building superintendent signed off on the visit.",63.83846,4.156356,6,9.131249,1,0.103373826,401.9827,4.221656,0.0,62439,756,0.012107817,6.6280413,3.8477154,3888.6313,0.6096891164779663,1.0
"Context:
A local news anchor ended with a positive update and name-checked the charity behind it. The segment showed donation totals and a short technical explanation of how the online payment system scales. It also referenced the neighborhood where the event took place and the building number on the banner. I saved the clip, converted it to MP4, and shared it through a service with a simple interface and fast previews. Then I ordered a small vacuum part and refilled my cat food subscription.",76.99819,4.343782,7,8.6875,0,0.13459101,561.1009,5.5291066,0.0,72099,764,0.010596541,6.638568,3.9573479,4168.9326,0.28891363739967346,0.0
"Context:
He arrived at the old city during a holiday week, and the setting felt charming for a short escape. In the central plaza, a heated street tournament drew loud cheers and a competitive edge from everyone watching. Bells rang from a nearby tower while smoke from roasted chestnuts drifted between stalls. The night itself felt different from ordinary evenings, as if the calendar had flipped the town into festival mode. The overall ambiance was festive and slightly wild, the kind that keeps you walking even when you’re tired.",95.827805,4.562553,8,8.375,0,0.109572835,865.24817,5.005695,0.0,78778,759,0.00963467,6.632002,3.9975848,7896.557,0.1038132905960083,0.0
"Context:
The apartment complex arranged a security service to upgrade entry codes and check camera angles. Residents liked the safer quality of the new system but complained about the louder buzzer. The cameras were sourced as a bundle, and the recorder component was installed in a locked cabinet. Some of the building’s association members volunteered to test it, and the rest waited for the final notice.",119.83178,4.786089,9,9.912499,0,0.16087909,597.1805,6.574748,0.0,57982,763,0.013159256,6.637258,3.8004727,3711.9832,0.48605796694755554,1.0
"Context:
The sports bar during a big game had a competitive, intense energy, like every table wanted to prove something. The room smelled of beer and fried onions, and the cheering hit in sudden waves. Even the sticky tabletop under my palms stood out. When the final score came, the whole place exhaled at once.",100.29656,4.6081314,10,9.1875,0,0.11123033,404.77426,4.601121,0.0,49055,757,0.015431658,6.629363,3.5311108,3639.0637,0.624973475933075,1.0
"Context:
A family wedding turned into an exceptional evening when the venue added a special service that paced the meal perfectly. I ended up seated next to someone who spoke about his area of expertise in cybersecurity and never drifted into vague claims. The couple’s favors were a holiday special edition sweet, hand-crafted and stamped with the date. The photographer showed off a camera with enhanced features that made low-light shots look effortless. During the late-night conversation, guests swapped news about a special counsel while a parent described special education planning with the specialists at their child’s school.",110.46361,4.704686,11,9.46875,0,0.13543004,554.7143,5.1296663,0.0,89197,765,0.008576522,6.639876,4.3438888,4095.9473,0.04936936870217323,0.0
"Context:
Before the season started, the league published a list of all teams and their home grounds. I used it to plan which away days I could afford and which trains I would need. The list looked official, but it also felt like anticipation in a spreadsheet. Seeing every team named made the season real.",69.50971,4.2414665,12,8.6625,1,0.162857,387.50378,5.3512864,0.0,46834,758,0.016184824,6.6306834,3.8849466,2379.4114,0.6458408832550049,1.0
"Context:
He was recovering from an infection and still taking antibiotics when he joined the kickoff call for a new analytics project. The manager wanted someone who understood CRM data and could deliver clean reports fast, so he outlined a plan using SQL and a dashboard tool. A teammate recommended 'The Three-Body Problem' series, and the suggestion stuck in his head. Later, a Listeria alert led him to throw out a package of deli turkey without hesitation. The heat outside stayed oppressive, and he handled a voter registration correction online rather than walking to the office.",104.17194,4.646043,13,9.325,0,0.12686831,1125.3534,6.014912,0.0,85476,765,0.0089498805,6.639876,4.037004,8870.248,0.06472024321556091,0.0
"Context:
We are running a holiday giveaway, and the entry details are in the link below. Fjord Group, a parent company of Nordic Freight, is sponsoring the prizes, and their Aarhus branch is helping coordinate deliveries. I filmed the short promo because I wanted people to see exactly what they are getting. The post shows 12 prize bundles and last year’s reach of 1.1 million views, so you can judge the scale. After you enter, share it with friends in your city and at your workplace so it travels fast.",65.74533,4.1857886,14,8.4375,0,0.15888107,554.7143,5.6556945,0.0,83994,769,0.009155416,6.645091,4.4008474,3491.3806,0.09956872463226318,0.0
"Context:
A small journal published a report that turned a workplace dispute into a public controversy. Later in the same issue, a columnist wandered into spirituality and quoted a religious text while debating what justice should look like. Readers wrote letters about both the scandal and the sermon-like tone. The publication sparked arguments on two fronts.",74.81495,4.3150177,15,8.537498,1,0.13020535,390.19968,4.5801153,0.0,48320,761,0.015749171,6.6346335,3.805308,2996.8022,0.43000245094299316,0.0
"Context:
During the debate, he referenced the World Trade Center as a symbol that still shapes how people talk about safety and politics. The class shifted to global affairs, comparing how different countries responded to the same pressures. Someone asked what the world in general learns when crises repeat. The room went still while they tried to answer.",85.85429,4.4526515,16,8.625,1,0.16960275,467.12784,5.6421514,0.0,49060,759,0.015470852,6.632002,4.0000334,2754.2468,0.6788120865821838,1.0
"Context:
After the meeting, I drove across town to pick up the recall notice, and then I headed back to clean out the fridge. The Listeria warning was taped to the door at the store, so it was hard to miss. While I worked, I kept moving from counter to sink to trash bag without stopping. When I was done, I felt like I’d run a marathon.",42.738766,3.7551064,17,7.3312497,1,0.11765827,477.7444,4.832302,0.0,61686,756,0.012255617,6.6280413,3.8227484,4060.4402,0.6383562684059143,1.0
"Context:
The dough went into the oven until it turned a deep golden color and smelled toasted. Once it came out, I let it cool completely before wrapping it tightly. It rested in a refrigerator overnight so the flavors could settle. When it was time to eat, I cut it into neat portions and served it straight from the chilled tray.",26.242018,3.2673619,18,7.281249,1,0.10979467,310.53384,3.930962,0.0,52041,749,0.014392498,6.618739,3.812912,2828.3145,0.6490457057952881,1.0
"Context:
They chose the island for a short break and immediately noticed how effortless it was to relax there. The beach was close, the streets were easy to walk, and nothing demanded urgency. Even the small museum felt like a pleasant surprise rather than an obligation. When the ferry pulled away, nobody wanted to check their phone again.",54.81223,4.0039134,19,7.6499996,1,0.12299248,486.44894,5.066822,0.0,50538,752,0.014879893,6.6227365,3.5925508,3955.1113,0.7260659337043762,1.0
"Context:
The note beside the schedule read for [3] days, which stopped me from guessing. Someone else added of [12] pages, and the task suddenly looked manageable. I kept the brackets exactly as written so the quantity wouldn’t get misread later. That small formatting choice prevented a lot of confusion.",172.41655,5.1499133,20,9.34375,1,0.17908345,591.80786,6.398095,0.0,49052,755,0.015391829,6.6267176,3.8521464,3304.6484,0.7614507079124451,1.0
"Context:
A workshop series was labeled part one through part five, and part four offered a third option for people who finished level two early. At the desk, a numbered list of attendees had my name on the fifth line, which felt oddly official. The volunteer pointed to the second table in the third row and said our group was the first cluster seated near the window. The instructions were step 1 through step 4, and when we presented, the facilitator placed our proposal first and another team fourth.",82.163055,4.4087057,21,9.1875,0,0.16498174,727.2331,5.9498463,0.0,75084,758,0.01009536,6.6306834,4.2931194,4407.961,0.26636043190956116,0.0
"Context:
At the bike fit appointment, the technician measured my inseam and recorded saddle height to the millimeter. He then showed charts of measured power-zone time and performance trends from recent rides, plus a note about average speed changes. In the club, riders compared points and rank from the weekly segment challenge like it was a real championship. I inspected a new saddle and checked its material, width, and rail strength before buying. When I paid, the amount included the saddle price and a service fee that was clearly listed.",106.12606,4.6646276,22,8.4375,0,0.10469948,445.89474,4.443393,0.0,80267,761,0.009480857,6.6346335,4.011562,4258.8057,0.195509135723114,0.0
"Context:
The derby brought a sharp edge to the neighborhood, and the whole evening felt like a challenge. On the pitch it was all about positions, runs, and quick actions from each player trying to gain an advantage. The crowd’s intensity rose every time the shape shifted. Walking back, the city still carried that competitive heat.",83.952415,4.43025,23,9.45,1,0.153626,775.00757,6.4214067,0.0,51287,757,0.014760076,6.629363,3.6726985,5044.7686,0.6542706489562988,1.0
"Context:
I opened a secondhand book and found an inscription dated decades earlier. The seller claimed it came from a professor’s library, but there was no note about where it was acquired before that. I traced the bookplate back to a small university archive and confirmed the provenance in their catalog. Once the origin was documented, I stopped wondering if the story was invented.",66.95984,4.204093,24,8.331249,0,0.1413978,527.02264,5.764597,0.0,57979,757,0.013056451,6.629363,3.8221338,3727.2336,0.6449597477912903,1.0
"Context:
My friend’s cafeteria closed early after a test found Listeria on a food prep surface. Someone started a small awareness campaign and shared a link to a flyer image for printing. I helped tape the flyer near the break room and reminded people to wash produce well. By the end of the week, the kitchen had new sanitation logs posted on the wall.",104.00591,4.644448,25,10.125,1,0.096757635,237.66628,3.5803473,0.0,56488,757,0.013401076,6.629363,3.801656,2456.3052,0.546604573726654,1.0
"Context:
When the boiler failed, the landlord’s office forwarded me to the after-hours support line. A calm voice walked me through shutting the valve and setting a temporary heater safely. They scheduled a technician and texted a reference number so I would not have to repeat the story. The next morning, the same team called to confirm the issue was resolved.",82.49706,4.4127626,26,9.54375,1,0.12363849,615.7594,5.6644526,0.0,54998,756,0.013745954,6.6280413,3.5236037,4980.3213,0.7044021487236023,1.0
"Context:
The form asked for the property location in painful detail, down to the unit number and the official name of the building. While filling it out, I read an online thread about withholding requirements where a percentage of the sale price is remitted to tax authorities through the transaction. Several replies compared the burden across income levels, and the talk of disparities grew sharper with each example. I took a break to install updates and publish a short hardware review on my website to clear my head. When I returned to the form, the location field seemed easy compared to the rest.",75.84903,4.328745,27,9.0375,0,0.13455623,593.54004,5.584302,0.0,85474,764,0.008938391,6.638568,4.146067,4411.093,0.08895313739776611,0.0
"Context:
Before buying, I asked for a full list of what comes in the package and what costs extra. The reply included the available features, the paid upgrades, and the limits on each tier. Seeing it written out changed my expectations immediately. I saved the list so I could hold the company to it later.",65.42924,4.180969,28,8.3125,1,0.14278327,552.0602,5.8157654,0.0,47570,757,0.015913391,6.629363,3.5755255,3866.4207,0.6774069666862488,1.0
"Context:
In the finance meeting, the analyst tied budget decisions to maintaining security and stability across the business. The director kept returning to global affairs, including the way the World Trade Center attacks shifted risk planning. A healthcare partner joined by phone and asked about continuity if supply chains broke. By the end, the room agreed on a tighter security protocol and a larger reserve fund.",138.70781,4.9323697,29,9.0875,1,0.105816275,449.39563,4.3595266,0.0,55743,754,0.013526362,6.6253924,3.687214,4246.9424,0.6786417365074158,1.0
"Context:
He picked the river town because it seemed like a pleasant place to spend two days. A regional finals event filled the bars and streets with high activity and competitive chatter. Cold air tasted metallic near the water, and the bridge thrummed with footsteps as fans crossed back and forth. The weekend itself had a clear quality, focused and celebratory, shaped by the game schedule. The atmosphere stayed lively and proud, even after the last whistle ended the arguments.",88.1554,4.479101,30,8.781249,0,0.08158765,429.96994,3.682318,0.0,69866,761,0.010892279,6.6346335,3.7088273,5270.037,0.3940053880214691,0.0
"Context:
He clicked through the World Wide Web and fell into a rabbit hole of articles about global events or locations, one link leading to the next. A sidebar suggested a history course, and soon he was watching historical education videos about global locations/events that redefined borders. During a break, he played a world-spanning game that leans on globally related concepts and noticed how it borrowed from real conflicts. The last tab he closed was a piece mentioning the World Trade Center in a discussion of global affairs and the world in general.",74.86641,4.3157053,31,8.912499,0,0.16097698,655.5715,6.269438,0.0,80276,764,0.009517166,6.638568,4.2396545,4072.4548,0.20645985007286072,0.0
"Context:
The late-night train ride had a sleepy, muted quality, like the world had turned down its volume. I used the time to check my rank against other players in a small league and noticed I’d slipped by one spot. The stillness made the numbers feel more personal than usual. By the time we arrived, the mood hadn’t changed.",61.659443,4.1216264,32,7.5687504,1,0.11634252,605.1429,5.082721,0.0,57226,754,0.013175829,6.6253924,3.6237702,5201.3906,0.6729520559310913,1.0
"Context:
I spent Saturday migrating my files to a new laptop and reinstalling the software I actually use. In the afternoon, I published a small page that listed my projects and embedded a photo gallery. I also typed up a review of the earbuds I bought last month, focusing on battery life and comfort. By Sunday night, the site doubled as a diary of my hobbies and the week’s events.",51.35082,3.938681,33,8.28125,1,0.120326094,692.3035,4.638524,0.0,63925,760,0.011888932,6.6333184,4.022271,5753.561,0.6009858250617981,1.0
"Context:
I opened the product page and treated it like a spec sheet instead of an advertisement. The casing was described as aluminum, finished in matte black, and the size was given down to millimeters. The brochure even listed tensile strength and a summary of performance under load. After comparing the color options and material notes, I finally felt sure I knew what I was buying.",45.661602,3.8212578,34,8.099999,1,0.15430965,1082.8873,7.2483706,0.0,57974,757,0.013057577,6.629363,3.637164,7017.6255,0.6087576746940613,1.0
"Context:
The training app displayed level two content in part three, and it asked me to choose a first option or a second option for the practice set. A checklist beside the treadmill was numbered, so I ticked off item 1 and item 2 before starting. The gym map said our group met at the second rack, third pillar, and I stood by the fourth station to wait. The coach demonstrated step 1 to hinge and step 2 to lift, then the scoreboard showed me in third place behind the first and second.",87.9646,4.4769344,35,9.412499,0,0.12708327,427.3158,4.7840724,0.0,78046,759,0.009725034,6.632002,4.158326,3362.4866,0.30636173486709595,0.0
"Context:
I moved from the kitchen to the hallway and then into the bedroom to look for my keys. I kept talking as I searched because it helped me stay calm. The story was basically just one action leading to the next. When I found them, I laughed at how dramatic it sounded.",32.045444,3.467155,36,7.1031246,0,0.12542298,737.8497,5.7205634,0.0,44593,754,0.016908484,6.6253924,3.3553982,5882.89,0.6765690445899963,1.0
"Context:
For the product launch, the team prepared a special offer that bundled two services into one package. The pitch emphasized unique or enhanced characteristics, like faster delivery and a dedicated contact. Early customers received a welcome call and a small gift. The offer expired as soon as the first batch sold out.",85.96485,4.4539385,37,8.25,0,0.12044276,326.45865,4.600888,0.0,45339,753,0.016608218,6.6240654,3.5946224,2710.4878,0.6322693824768066,1.0
"Context:
The room smelled faintly of cedar and something sweet from the candle on the table. When she sat down, the chair fabric felt rough under her fingertips in a familiar way. Outside, rain tapped the window in uneven rhythms that kept changing. She closed her eyes and listened until the sounds blurred together.",58.52331,4.069425,38,8.2625,1,0.088974275,319.82333,4.179846,0.0,46819,749,0.015997779,6.618739,3.193358,3594.5596,0.7167233228683472,1.0
"Context:
He opened the portal and saw the final approval that guaranteed his spot in the program. The message spelled out the start date and the resources he could access on day one. He forwarded it to his manager so nobody could dispute the placement later. After weeks of uncertainty, the position was finally secured.",59.539864,4.086646,39,8.781249,1,0.12547994,602.97406,5.789082,0.0,46080,755,0.01638455,6.6267176,3.3644264,4805.3423,0.7169321775436401,1.0
"Context:
Orchid Health, a subsidiary of Lumen Group, announced 30 new internships across its regional branches. The bulletin listed each division with commas and stacked the numbers in a neat column. I read it twice, once for the structure and once for the counts. Then I forwarded it to a friend looking for a placement.",78.000725,4.356718,40,10.1375,0,0.16025154,421.41565,5.109961,0.0,50552,760,0.015034025,6.6333184,4.0645924,2629.7136,0.6050243973731995,1.0
"Context:
They launched a new landing page for season tickets and tested it on multiple browsers before going live. That night’s game was against a direct rival, and the pressure felt higher than usual. The coach emphasized positioning, telling the midfielders when to step and when to hold. After the final score, the updated rankings spread through group chats, and the ticket page listed seat section dimensions for the premium boxes.",133.34657,4.8929515,41,9.7125,0,0.13445972,506.93988,5.150171,0.0,63185,765,0.012107304,6.639876,3.9905756,3770.1987,0.36512836813926697,0.0
"Context:
The ad went out with a link to the full video, and we asked people to share it to widen the reach. Meridian Holdings, through Arden Labs, added its regional branch to help with operations, and the announcement used the formal company wording. I called the coordinator first because I wanted permission before posting the names. The recap included 420,000 impressions and a budget of 60,000 DKK, plus a count of 300 applications for the scholarships. After the launch, we met in the lobby and then moved into the auditorium as the crowd grew.",84.14583,4.4325514,42,9.3875,0,0.15433396,838.7068,6.1016235,0.0,85483,760,0.008890657,6.6333184,4.2797656,5434.363,0.08196137845516205,0.0
"Context:
We are doing a small giveaway to celebrate the launch, and the first fifty people get a free sticker pack. If you want in, use the link in the post and fill out the short form. Sharing the video helps more than you think, so send it to a friend who might like it. Donations are optional, but every bit goes toward the next batch of supplies. The comments are open if you have questions about the offer.",27.33828,3.3082879,43,6.53125,1,0.15412545,759.08276,6.7154202,0.0,67629,755,0.011163849,6.6267176,3.9004664,4925.0967,0.6184932589530945,1.0
"Context:
At the hardware store he grabbed a paint roller, then remembered he also needed a replacement charger for his old tablet. Back home, Nora messaged him the model name and ended it with sh ! "" ) \n so he’d know it was her, not the store’s automated text. He added a bag of dog treats to the order and hit checkout. The confirmation email listed both the electronics and the home-improvement items.",118.07251,4.771299,44,9.312498,1,0.10560019,407.5658,4.57827,0.0,69860,755,0.010807329,6.6267176,3.7871668,3859.5176,0.6204641461372375,1.0
"Context:
The school announced a special program for advanced students, guided by specialists in math and writing. It also set a clear field of focus for the term: preparing for national competitions. Sessions ran after class and included practice under timed conditions. Students treated the program like a serious commitment.",98.97772,4.594895,45,9.03125,0,0.19987895,575.9474,6.5987916,0.0,43125,752,0.017437682,6.6227365,3.9402857,2881.481,0.7633997797966003,1.0
"Context:
I read the draft aloud and realized the beginning section needed a stronger hook, so I rewrote the first two sentences. Next I created a list of product features and options for the client to compare. The organizer sent a list of teams and match times, and that list shaped our delivery plan. When the registration tool broke, customer support guided me through a fix and sent a confirmation email. The shortfall was covered through a revolving line of credit until reimbursements arrived.",66.949844,4.2039437,46,9.4375,0,0.13510768,533.4812,5.43168,0.0,71366,766,0.010733402,6.641182,4.0163074,3948.563,0.2525106966495514,0.0
"Context:
The box for the quick-relief asthma medication lists the manufacturer name and two distributor company names in small print. A legal notice explains which entity handles complaints and which finance office processes refunds. You compare the names to the receipt because you plan to submit it for reimbursement. The pharmacist adds a sticker with your name, then reminds you to keep the package for reference. You tuck everything into a folder so you can find the correct business name later.",80.714,4.390912,47,9.3375,0,0.11908717,400.77444,4.4880557,0.0,69870,762,0.010905968,6.6359468,4.083269,3365.3872,0.29650890827178955,0.0
"Context:
After the lecture, someone kept quoting a sacred text and bringing up a well-known spiritual teacher to prove a point. Another student pushed back with a philosophical angle and argued about what the passage really meant. The debate stayed intense but respectful. They walked out still disagreeing, yet oddly energized.",78.99471,4.369381,48,7.86875,0,0.15370248,666.188,6.683187,0.0,46822,753,0.016082184,6.6240654,3.522291,4334.2695,0.6747543215751648,1.0
"Context:
He showed me his payslip and laughed at the number, but it wasn't a happy laugh. Meanwhile, the executive newsletter celebrated record bonuses with glossy photos. The contrast made the office feel split into two worlds sharing the same hallway. Even small talk started to carry an edge after that.",159.19006,5.070099,49,9.9375,1,0.06785206,269.39474,2.987856,0.0,45333,752,0.016588356,6.6227365,3.29223,3970.3252,0.7018460631370544,1.0
"Context:
You read a personal note that speaks to you softly, asking you to remember a small detail from last week. Then you open a formal message that still addresses you directly but sounds like policy language. Both use you and your, yet one feels intimate and the other feels official. You notice how easily your mood changes between the two tones. You close the formal message and reply to the note instead.",60.501972,4.102676,50,7.68125,0,0.15840179,668.84216,6.787967,0.0,60955,760,0.012468214,6.6333184,3.840419,4222.441,0.6059322953224182,1.0
"Context:
The invitation listed 'Harbor Coffee, Nyhavn 4' and a table by the window. I still typed the street name twice, worried I had mixed it up with a similar one nearby. The barista pointed at a small map on the wall and confirmed the spot without hesitation. Walking there, the place-name felt like a landmark rather than just text on a screen.",78.30712,4.3606386,51,8.25,1,0.120884,671.4963,5.19616,0.0,60195,752,0.012492732,6.6227365,3.803351,5554.8813,0.7158105969429016,1.0
"Context:
When you choose the advanced mode, you can access extra options without changing the basic layout. You should read the short note under each switch because it tells you what will happen immediately. If you don’t like the result, you can undo it before you exit the menu. You’ll save time if you test one change at a time instead of flipping everything at once. After you confirm, you can continue with the same workflow as before.",39.384285,3.6733668,52,6.865625,1,0.13967673,514.9023,5.789818,0.0,69862,756,0.010821333,6.6280413,3.929737,3686.3855,0.630024254322052,1.0
"Context:
The holiday card from Nora included a short recipe and a joke in the same breath. It said to rest the dough in a refrigerator, then bake it, and serve the cookies as soon as they cool. She ended the note with sh ! "" ) \n like a goofy flourish that made everyone laugh. The signature was so odd that nobody forgot who wrote it.",107.62154,4.678621,53,9.65625,0,0.14319696,790.9324,5.5761228,0.0,56500,757,0.01339823,6.629363,3.8998456,5523.388,0.647291898727417,1.0
"Context:
The listing had the neighborhood, the exact building number, and even a landmark across the street, so finding it was easy. What was harder was sorting a forum argument about whether the buyer or the escrow agent handles withholding and remitting the required percentage to the government. Someone complained that the rule is another reminder of how uneven the system is for people without savings. I distracted myself by configuring a new drive and writing a short product review of the enclosure I used. When I refreshed, the thread had turned into a running summary of grievances, paperwork tips, and location screenshots.",90.06354,4.5005155,54,9.537499,0,0.09889068,295.9361,3.8826687,0.0,88444,765,0.008649541,6.639876,4.196495,2992.558,0.17311133444309235,0.0
"Context:
Part three of the newsletter landed in my inbox right after breakfast, and the heading promised a deeper dive than part two. The signup page offered a first option for beginners and a second option for people returning after a break. I chose the third track because it started at level two and moved fast. By the end of the week, the fourth installment was already assigned.",45.817047,3.8246562,55,8.106251,1,0.16258799,517.5564,5.7125826,0.0,57240,762,0.013312369,6.6359468,4.040465,3183.2388,0.48488524556159973,1.0
"Context:
She showed up with a tote bag full of skincare samples and a handwritten bread recipe for the potluck. The organizer had also posted a bright flyer promoting the event to anyone passing by. Everyone swapped products, compared ingredients, and then argued about whether the cake needed more salt. The evening felt like a mix of beauty talk and cooking advice.",74.453445,4.310174,56,8.875,0,0.12929009,520.2106,5.2216063,0.0,55009,758,0.013779563,6.6306834,3.7282076,4023.592,0.6588528156280518,1.0
"Context:
During the sprint retrospective, the team didn’t debate feelings first; they opened the chart of measured outcomes. Build time had dropped, but error rate was up, and the performance score on the load test fell below the target. The product manager also flagged the price adjustment and how it affected the amount of revenue per customer. Decisions were made by tracing each change back to the measurement that moved.",132.31328,4.8851724,57,9.881249,1,0.15457544,475.09024,6.192106,0.0,62430,758,0.012141598,6.6306834,3.8792567,3073.517,0.6367798447608948,1.0
"Context:
Lev entered the conference room carrying a water bottle because the heat wave had made everyone sluggish. He opened with a quick update about the software training plan and asked the sales team to log issues in Jira. Someone teased him about missing last night’s episode of 'The Crown', and he promised he would catch up. A facilities alert about Listeria in a supplier shipment forced them to cancel the catered lunch. After the meeting, Lev reminded a colleague to verify their name on the voter rolls after a recent address change.",114.511856,4.7406783,58,9.4625,0,0.14763914,1066.9624,6.3172574,0.0,81757,760,0.00929584,6.6333184,4.1499906,7226.826,0.09894280135631561,0.0
"Context:
The delivery driver asked me to confirm the package height and weight before he carried it upstairs. Inside, I found a report printout from work with costs, rates, and performance figures highlighted in yellow. My phone buzzed with a notification that my team’s rank and points had updated on the monthly scoreboard. As I unpacked, I read the product label describing material composition, size, and strength limits. Later that night, I saw my wage amount hit the bank along with a small premium charge for insurance.",86.92282,4.4650207,59,9.174997,0,0.12686951,1024.4963,6.0594206,0.0,79527,757,0.00951878,6.629363,3.9278498,8075.1973,0.11082451045513153,0.0
"Context:
The volunteer orientation came in two parts, and part two only applied after finishing level one training with the first option for roles. A signboard showed a numbered list of stations, and I reported to station 3 as assigned. The coordinator told our second group to wait by the third door on the fourth floor until the first group finished. The checklist ran step 1 to check badges and step 2 to log names, and at the end we arranged the donated boxes in order from first to last by size.",87.19291,4.468123,60,8.24375,0,0.16208959,982.03015,6.0791693,0.0,75824,761,0.0100364005,6.6346335,4.3068748,6058.564,0.21276630461215973,0.0
"Context:
The tournament guide listed teams, match times, and venues, and it looked straightforward until the payment page popped up. The organizer offered a credit line option for bulk tickets, which felt unnecessary for a weekend event. I ignored the financing and bought only what I needed. The schedule stayed pinned on my fridge because it was genuinely useful. The credit offer never got clicked again.",101.91934,4.6241817,61,9.6,0,0.15200995,690.0752,6.496324,0.0,57233,760,0.013279052,6.6333184,3.7273502,4539.6714,0.6539250016212463,1.0
"Context:
I ordered a smart plug and a basic sensor kit to monitor energy use at home. The setup guide walked me through pairing everything with my network in a few minutes. Once the devices were configured, the dashboard made it easy to see what was drawing power. It felt like a practical mix of home improvement and computing in one purchase.",64.08166,4.160158,62,8.65,1,0.11182977,477.7444,5.0997987,0.0,51282,755,0.014722515,6.6267176,3.4427578,4272.068,0.7002347111701965,1.0
"Context:
The conference badge printer asked for exact nameplate dimensions and the weight limit for lanyards. In the planning room, we reviewed tracked statistics on attendance numbers, cost per head, and performance of last year’s schedule. A sponsor board in the lobby ranked exhibitors by points based on visitor scans, which made the crowd patterns obvious. One vendor handed me a brochure listing material, size, and strength ratings for their products. Afterward, I submitted an expense report with amounts, prices, and a premium travel reimbursement line.",139.1051,4.93523,63,9.625,0,0.14449747,1061.6542,7.0041537,0.0,82504,767,0.009296519,6.6424866,3.962532,7347.2163,0.06637852638959885,0.0
"Context:
Fei calls you after lunch and says you might like a limited-time offer from the new café near the station. You ask what the deal is, and Fei explains that if you show the message at the counter, you get a free pastry with your drink. The pitch is cheerful and keeps pointing to what you get and why you should try it today. You hesitate, then agree to stop by if your meeting ends early. Fei tells you to text when you arrive so you can sit together.",39.034985,3.6644583,64,7.5499997,1,0.17677727,711.3083,6.7495694,0.0,76553,752,0.00982326,6.6227365,4.3052487,4023.7542,0.6181460618972778,1.0
"Context:
Their supplier confirmed a reserved slot on the production line, which meant the team was finally obtaining capacity. On the floor, a technician joined the panels and fastened every hinge before the inspection. The CFO walked through controls designed to keep the business stable while costs fluctuated. With the paperwork signed, the deal became definite and the contract was closed for good.",107.6705,4.6790757,65,8.6875,0,0.096832,427.10663,4.3165116,0.0,55742,755,0.013544545,6.6267176,3.5326278,4410.8003,0.6668319702148438,1.0
"Context:
The arcade on Saturday night was pure intensity, with everyone trying to win and the whole room buzzing. The lights flashed, the speakers thumped, and the air felt hot against my face. Even the plastic controls felt slick under my hands. I stepped outside afterward just to hear myself think.",65.72314,4.185451,66,7.9375,0,0.11051387,566.68396,4.6950307,0.0,45336,754,0.016631374,6.6253924,3.512968,5127.718,0.6832088232040405,1.0
"Context:
The chef created a special menu item for the holiday season, plated like a limited edition dessert. It featured unique characteristics, including a caramel shell that cracked cleanly and a spiced filling. Diners asked if it would return next month. The server said it was only for this seasonal run.",67.62907,4.214038,67,8.5125,0,0.12556854,310.53384,4.2350254,0.0,46837,757,0.016162436,6.629363,3.8424149,2473.0227,0.5479826927185059,1.0
"Context:
A pop-up gym promoted a two-week trial with bold stickers on the bus stop glass. In the latest weekly magazine, a heated column debated whether such promotions exploit people’s insecurities and turned into a small controversy online. Someone circled the ad with a pen and wrote a complaint in the margin. The argument traveled faster than the offer itself.",142.40971,4.9587083,68,9.6875,1,0.11409461,398.12033,4.44602,0.0,56491,757,0.013400365,6.629363,3.81365,3489.3877,0.595076858997345,1.0
"Context:
You can get 20% off today if you sign up before the timer runs out. When you enter your email, you’ll unlock free shipping and early access to the next drop. You don’t need to guess your size because you can use the fit guide on the product page. If you change your mind, you can return it within the window listed at checkout. You’ll see the discount applied as soon as you hit confirm.",24.454617,3.196819,69,7.1437497,1,0.18528667,1008.5715,7.639123,0.0,70600,755,0.010694051,6.6267176,4.0832124,5443.3027,0.7402049899101257,1.0
"Context:
The resort offered a special package for New Year’s, and the stay felt exceptional with formal dinners and a set program. At breakfast, a guest explained his area of expertise in finance and kept his comments tightly scoped. The lobby shop sold a holiday special edition candle that was hand-crafted and numbered. Their room service app had enhanced features that made ordering straightforward. Later, the lounge TV covered a special counsel briefing, and a couple nearby discussed special education specialists and special economic policy changes affecting their work.",171.4753,5.144439,70,9.3125,0,0.11301591,575.0586,4.4271708,0.0,78794,768,0.009746935,6.64379,4.1564503,5088.2974,0.0983409658074379,0.0
"Context:
At the open house I saved the address and dropped a pin in my map app, then snapped a photo of the sign above the gate. That night, I joined an online discussion where posters traded stories about deals falling apart over required tax withholding and remittance at closing. A few replies drifted into a blunt conversation about inequality, especially between cash buyers and everyone else. I upgraded my desktop, rebuilt the landing page on my site, and wrote a quick review of the new mouse to test the layout. By the time I logged off, the thread read like a crowded room with too many agendas.",80.61103,4.3896356,71,9.049999,0,0.12465501,711.543,5.210263,0.0,90684,762,0.008402806,6.6359468,4.1705217,5708.098,0.07360314577817917,0.0
"Context:
The bike frame had a glossy finish, and I kept describing its attributes as light, stiff, and surprisingly comfortable. The manufacturer said the carbon layup came from a new process and the resin was sourced from a specific supplier. I liked knowing where the components originated, even if it did not change how it rode. On the road, the qualities showed up in every climb.",53.411564,3.9780273,72,8.587498,0,0.114646114,639.26416,5.0916133,0.0,57979,758,0.0130737,6.6306834,3.6818857,5575.9775,0.6339982151985168,1.0
"Context:
She was elected onto the neighborhood committee after years of volunteering. With that role, she gained access to the shared documents and the monthly planning calls. People started asking her to vote on decisions rather than just give input. The new responsibility made her feel like a real member of the team.",62.14577,4.1294827,73,7.993749,1,0.16942222,625.30646,6.555921,0.0,44596,755,0.01692977,6.6267176,3.6902266,3690.8171,0.6995488405227661,1.0
"Context:
A newly opened hall offered dance lessons and weekend workshops, and the front window displayed the location and schedule in big letters. In a magazine issue focused on neighborhood safety, the venue was mentioned in an article about late-night noise as a growing concern. One reader clipped the page and brought it to a meeting. Another person simply showed up for the class and ignored the debate.",77.82195,4.3544235,74,8.587495,1,0.21734565,626.376,7.42358,0.0,57993,768,0.013242978,6.64379,4.120171,2881.9346,0.6084328889846802,1.0
"Context:
The camera company released a model with enhanced capabilities aimed at working photographers. Autofocus tracked movement more reliably, and the sensor handled low light without turning everything into grain. The grip was redesigned so long sessions didn’t hurt the wrist. The features made sense the moment I tried it.",165.67252,5.110013,75,9.41875,1,0.1292422,471.77136,4.743967,0.0,46081,757,0.016427595,6.629363,3.7448745,3650.2888,0.6427412033081055,1.0
"Context:
The whistle started the match and the crowd immediately picked a side. Their opponent pressed hard, forcing rushed touches and quick clearances. At halftime, the score was level and both teams looked tense. A late strike decided it, and the handshake line felt colder than usual.",90.70273,4.5075874,76,9.275,1,0.10100699,838.7068,5.715439,0.0,42367,756,0.017844077,6.6280413,3.0107884,8303.453,0.5917364358901978,1.0
"Context:
If you want to replace the filter, you should turn the device off before you open the cover. You can slide the old piece out and check for dust along the edges. When you insert the new one, you should press until you feel it click into place. You’ll know it’s seated correctly when the indicator stops flashing. After that, you can power it back on and let it run.",39.367092,3.6729302,77,7.900001,1,0.13686572,796.24066,5.940562,0.0,64655,754,0.011661897,6.6253924,3.811833,5817.6777,0.6299166679382324,1.0
"Context:
When you open the guide, you can see the steps laid out in a way that keeps you moving forward. You should check the small status text, because it tells you whether the last action actually saved. If you want to add the promoted feature, you can do it from the same page and keep everything in one place. You’ll get confirmation immediately, so you won’t wonder if it worked. If you later decide it’s unnecessary, you can switch back without restarting.",38.287327,3.645119,78,7.6,0,0.15352497,443.24063,5.824275,0.0,78036,757,0.009700651,6.629363,4.196818,2887.0916,0.3536953330039978,0.0
"Context:
Our reading assignment was split into four parts, and part one ended by recommending level one exercises before moving on to level two. I copied a numbered list of citations and looked up the fifth reference after the second. The librarian directed me to the third shelf, second aisle, and I pulled the first book from a row arranged by publication order. The instructions for the database search were step 1 to filter and step 2 to sort, and I ended up ranking sources from first to last by credibility.",71.25051,4.266202,79,9.112499,0,0.13748254,422.12976,4.7933235,0.0,75819,763,0.010063441,6.637258,4.2698703,3070.4246,0.24820761382579803,0.0
"Context:
The school robotics team started by measuring the chassis length and the wheel diameter to ensure the build matched the rules. Our mentor then showed us tracked statistics on battery performance, current draw, and replacement costs over the season. When the regional results posted, everyone checked their rank and the points separating first from second. We swapped parts after reviewing material strength and the exact size of the brackets. The sponsor confirmed the funding amount and explained how the money would be paid out over time.",104.1204,4.645548,80,8.9375,0,0.15667722,966.1053,7.1112967,0.0,72094,761,0.010555663,6.6346335,3.8993106,6166.2144,0.3160657286643982,0.0
"Context:
The old inn had a welcoming feel, with soft lighting and a quiet hallway that made you lower your voice. In the morning, the view outside was genuinely lovely, the sort of positive place that makes travel feel worth it. I sat by the window and let the atmosphere do the work of relaxing me. Even a short stay felt restorative.",53.522522,3.9801025,81,8.61875,0,0.10598958,299.9173,3.9351628,0.0,53510,753,0.014072136,6.6240654,3.7635775,2829.6865,0.6122173070907593,1.0
"Context:
Our training program is organized into levels, and Level 3 starts with a short test. The coach wrote a process on the whiteboard: Step 1 warm up, Step 2 sprint, Step 3 recover, Step 4 repeat. I tried to jump ahead, but he insisted we follow the sequence exactly. After the second round, he said the next session would be Level 4.",39.182194,3.6682224,82,7.55,0,0.20885272,591.8722,6.376285,0.0,57245,757,0.013223862,6.629363,4.350395,2833.9214,0.7034851908683777,1.0
"Context:
I wrote a draft and realized the beginning gave away too much too soon. The first section should have raised a question instead of answering it. After moving one sentence and deleting another, the opening felt sharper. The work was mostly about those first few lines.",67.004005,4.2047524,83,8.015625,1,0.11906733,369.38904,4.479952,0.0,40145,758,0.018881554,6.6306834,3.5295734,3102.3542,0.5732178092002869,1.0
"Context:
They went to the spa town for an easy break, expecting quiet and comfort. Instead, a packed chess open filled the lobby with intense concentration and competitive whispers. Coffee and paper scents mixed with the faint chlorine from the pool, and clocks clicked in fast, nervous bursts. The day had a distinctive quality, slow in the halls but sharp at the tables. The mood felt calm yet tense, a strange ambiance that made even casual conversations softer.",116.32213,4.7563634,84,8.9375,0,0.08827262,644.9549,4.3548713,0.0,69118,757,0.010952285,6.629363,3.6258075,7306.3975,0.4297144114971161,0.0
"Context:
I apologized for missing the call because my calendar reminder failed. I wrote to the group immediately so they would not think I was careless. I explained what happened and asked if anyone could recap the decisions. I also offered to take the next action item to make up for it. The reply was brief, but it felt like a reset.",44.612717,3.798019,85,8.331249,1,0.16436784,666.188,6.373204,0.0,52027,756,0.014530917,6.6280413,3.8250315,4053.0312,0.7020859718322754,1.0
"Context:
The theater announced a one-night performance with a benefit reception afterward. Guests arrived in tailored suits and gowns, and the foyer buzzed with that not-everyday energy. After the show, a special cocktail service opened in the mezzanine for ticket holders. It felt like the venue was offering an exceptional version of itself for a single evening.",50.61354,3.9242191,86,8.65625,1,0.15095782,570.6391,5.7028203,0.0,56489,759,0.013436244,6.632002,3.8736937,3780.1228,0.6535691022872925,1.0
"Context:
The giveaway announcement included a link to the form and a short media clip to show the prizes. Arden Labs, a division of Meridian Holdings, offered support, and the regional branch was noted, in the operations line. I drafted the message carefully because I did not want it to sound like spam. The figures were strong: 742,300 views, 35,000 new clicks, and 7 scholarships funded from the first wave. After the launch, we moved from the entrance into the crowd and toward the registration desk to help newcomers.",88.37308,4.4815674,87,9.24375,0,0.16417731,801.5489,6.2565084,0.0,81778,770,0.0094157355,6.6463904,4.3124156,4882.215,0.07633691281080246,0.0
"Context:
The thread started as a harmless question, then spiraled into a long exchange with quotes, replies, and side tangents. Someone dropped a detailed breakdown of drivers, updates, and which parts fail most often on older machines. Others shared what worked for them and what bricked their setup. The discussion stayed practical, even when people disagreed. It read like a crowdsourced troubleshooting manual.",71.44634,4.2689466,88,9.1875,0,0.13136037,546.7519,5.18119,0.0,60200,754,0.012524917,6.6253924,3.8738885,4162.2285,0.6622845530509949,1.0
"Context:
At the gym, I logged the weight of the kettlebell and the distance on the rower so the training notes stayed precise. Later, my coach compared my measured pace, recovery rate, and overall performance against last month’s results. A friend in our club group chat posted the leaderboard with points and rank after the weekend challenge. On the way home, I stopped to buy a replacement bottle and checked its material and size because it needed to fit the bike cage. That evening, I reviewed my bank statement and saw the wage amount posted alongside a small insurance premium charge.",90.62645,4.5067463,89,8.3375,0,0.15835603,923.63916,6.1646066,0.0,89201,768,0.008609769,6.64379,4.36743,5832.6743,0.04220976680517197,0.0
"Context:
A friend sent me a list of events with times and performers, but I still wasn’t sure what tickets I needed. I contacted the help desk and asked how entry works for the main stage versus the side rooms. They explained the wristband system and what to do if a show fills up. With that support, I picked two sets from the lineup and planned the rest around food breaks. The schedule finally felt usable.",66.84002,4.202302,90,9.299999,0,0.1388303,514.9023,5.0387754,0.0,66161,767,0.011592932,6.6424866,4.110362,3708.8608,0.3010830879211426,0.0
"Context:
I tried to settle an argument by finding where the quote was first published. The line was attributed to a famous author, but it did not appear in any of their books. I eventually located it in a speech transcript from someone else entirely. The correct source changed how the quote sounded.",50.875748,3.9293864,91,7.7187476,1,0.18716528,527.02264,6.0370636,0.0,44614,762,0.01707984,6.6359468,3.9372132,2815.8142,0.5386055707931519,1.0
"Context:
Blue Harbor Tech, a subsidiary of Coastal Systems, builds internal tools for retail clients. Their support center, in Dublin, coordinates tickets for the UK branch and the Benelux office. Coastal Systems, with offices in Berlin and Paris, oversees shared security policies. Blue Harbor Tech, through a local partner, provides on-site installation when needed. The company overview reads like a map made of commas.",86.31769,4.4580345,92,9.75,1,0.16031253,650.43036,5.8033795,0.0,62438,758,0.012140043,6.6306834,4.153986,4057.2646,0.6251327991485596,1.0
"Context:
I stood at the checkout while the cashier asked which rewards program I belonged to. She read the program name off the screen and told me it had changed since last year. After I entered my details, a finance approval notice appeared with a company name I didn’t recognize, and I had to ask what it meant. The explanation was quick, but the new name stuck in my mind like a label on a file. When I got home, the receipt showed three different business names for the same purchase.",37.757668,3.6311886,93,7.171875,1,0.115313575,461.81958,4.649971,0.0,78776,754,0.009571443,6.6253924,4.0673547,4004.902,0.6981589794158936,1.0
"Context:
After grading the exam, the professor entered scores, rank cutoffs, and level thresholds into the portal. The department also prepared special education accommodations for a student who needed extra time. Staff double-checked the points so the curve stayed fair. The coordinator emailed the accommodation plan to the instructor for approval.",104.64895,4.6506114,94,9.6375,1,0.12211621,406.08273,4.2457986,0.0,46833,753,0.016078407,6.6240654,3.8069365,3325.3794,0.6277545690536499,1.0
"Context:
He built a simple page for the weekend tournament, complete with brackets and a live leaderboard widget. When the first match kicked off, the opponents traded attacks and forced quick saves. Later, he wrote about how the midfield rotation and defensive shape controlled the second half. The merch table asked for exact hoodie dimensions, so he added a sizing chart before publishing.",113.42794,4.731168,95,9.074999,0,0.115793444,480.39853,4.74371,0.0,55747,757,0.013579206,6.629363,3.7365086,4148.754,0.6435378789901733,1.0
"Context:
He volunteered at a civic group and spent the afternoon checking names against the voter rolls for accuracy. A small typo in an address had caused one person to be marked inactive, and it took a call to fix. The supervisor reminded everyone to follow procedure and document changes cleanly. When the last file was updated, they locked the cabinet and logged out of the system. The work felt tedious, but it mattered.",62.391922,4.1334357,96,8.4125,1,0.13685839,615.7594,6.1436806,0.0,63175,759,0.012014247,6.632002,3.680929,4499.2446,0.6101248860359192,1.0
"Context:
The scarf felt soft, but I wanted to know what factory made it. The tag mentioned a brand, not the workshop or the materials supplier. I wrote to customer support asking about the origin of the wool. Their reply named a cooperative in the north and a mill that spun the yarn.",62.713455,4.138576,97,8.0625,1,0.09767697,356.3824,4.278582,0.0,45339,754,0.016630273,6.6253924,3.375873,3648.5815,0.6582368016242981,1.0
"Context:
He picked up a steroid inhaler and practiced the breathing steps in the car before driving off. A work call followed about improving the CRM workflow, and he described how automation could reduce manual follow-ups. His sister texted that she had started 'Better Call Saul', so he replied with a warning to avoid spoilers. When he stopped for groceries, a Listeria recall notice near the deli case changed what he bought. The heat outside felt heavy, and he stayed inside to confirm his voter registration for the upcoming election.",98.950455,4.5946193,98,9.362499,0,0.11818125,382.1955,4.5210342,0.0,81016,758,0.0093561765,6.6306834,4.170411,3233.9773,0.3085390031337738,0.0
"Context:
After practice, the coach asked the assistant to update the club site with the result and a short recap. She logged into the dashboard, uploaded photos, and scheduled the post for the evening rush. The players checked the standings to see how the win affected their ranking, then replayed the key moments where their positions and runs created the chance. In the shop section, new jerseys went live with chest measurements and sleeve lengths so supporters could pick the right size.",74.639244,4.3126664,99,7.5562496,0,0.11631303,790.9324,5.3785324,0.0,69864,759,0.010863964,6.632002,3.7568004,6800.032,0.4705962538719177,1.0
"Context:
The community center hung a memorial banner with dozens of names printed in careful rows. I watched people point, pause, and whisper as they found someone they knew. A volunteer handed me a program that included short biographies, each one beginning with a full name and ending with a date. Later, I searched those names online and found business profiles, art show listings, and old mentions in local history. It felt like walking through a town made of words.",66.29549,4.194122,100,8.431249,1,0.15770304,727.2331,6.7743983,0.0,69881,766,0.010961492,6.641182,3.9214478,4611.408,0.28794553875923157,0.0
"Context:
I exported the clip as an MP4 and set it to 1080p so it would upload quickly. The platform auto-generated a lower-resolution preview, but the audio drifted until I re-encoded the file. After switching the format settings, the playback controls finally felt responsive on mobile. Once the share link worked, the whole process looked smoother than it had an hour earlier.",57.426594,4.0505075,101,8.249999,1,0.087145686,267.92896,3.4143348,0.0,59464,759,0.0127640255,6.632002,3.7491307,3074.4946,0.60638028383255,1.0
"Context:
When you reach the final screen, you can review what you chose and make changes before you confirm. You should read the small notes so you understand what happens right away. If you take the sale offer, you’ll unlock extra features without changing your current layout. You can still disable them later if they don’t help. After you press confirm, you can return to the dashboard and continue.",50.262352,3.9172564,102,6.8499994,0,0.13504966,493.6692,5.7997723,0.0,63167,752,0.01190495,6.6227365,3.7754138,3655.464,0.6894810795783997,1.0
"Context:
The deployment report listed 47 passed checks and two warnings tied to configuration drift. A quick patch lowered the retry count and stabilized the queue depth under sustained traffic. Finance wanted a clear break-even estimate, so the team compared operating expense against projected revenue. The conclusion was simple: scale only after the metrics stayed consistent for a full cycle.",197.5969,5.286229,103,10.0,1,0.098464824,342.38348,3.698897,0.0,52772,760,0.0144015765,6.6333184,3.772219,3477.216,0.5893438458442688,1.0
"Context:
I met Lev at the café to talk about the new CRM tool I’d been asked to support for the sales team. He was distracted because his name had been misspelled on the voter rolls, so he kept asking what paperwork he needed. I showed him the help page on my phone, then went back to explaining the software permissions. Before we left, he thanked me and said he’d handle the registration first thing tomorrow.",54.989464,4.0071416,104,9.7125,0,0.12930538,472.43613,5.155222,0.0,69114,755,0.010923981,6.6267176,4.0019603,3653.6465,0.6351237893104553,1.0
"Context:
The pickup point was listed as 'Blue Gate Studio' with the full address, so I could not mistake it for the shop next door. Later, a long forum conversation broke down how buyers sometimes withhold a slice of sale proceeds and remit it as tax during property transfers. One commenter connected it to financial inequality, pointing out how fees land harder on families without spare cash. I went home, updated my software, and wrote a short review of the cheap scanner I used to digitize the paperwork on my website. When I returned to read more, someone had added a summary of the debate and the link count had doubled.",90.56339,4.50605,105,8.581249,0,0.12788996,764.391,5.684499,0.0,95134,765,0.008041289,6.639876,4.157094,5976.943,0.04249747470021248,0.0
"Context:
The travel guidebook listed a legend about a statue, but it never named the source. A local historian explained the origin of the tale as a newspaper hoax from decades ago. He showed provenance for the claim through archived clippings and a recorded interview. The story stayed fun, but it stopped being treated as history.",85.16963,4.444645,106,9.693749,0,0.12930393,573.0731,5.1126394,0.0,50547,759,0.015015728,6.632002,3.743952,4431.9854,0.6372305154800415,1.0
"Context:
The guide was split into four parts, and I was asked to summarize the second part for our meeting. A note at the top warned that level three required completing level two first. When I clicked the menu, the first option was greyed out because I had skipped part one. I went back and finished the first section before moving on to the third.",34.06327,3.5282197,107,6.9749985,1,0.16245128,463.06357,5.928622,0.0,55007,760,0.013816424,6.6333184,3.9329698,2850.4766,0.6756057739257812,1.0
"Context:
The room felt warm and quiet, and the hour had the soft quality of a late evening at home. I spent it refining a website using a template library and a publishing tool, making small changes that didn’t need rushing. The calm made each step feel deliberate. When I hit publish, the moment still felt gentle.",99.97535,4.6049237,108,8.887499,1,0.09708972,382.4419,4.477463,0.0,51279,753,0.0146843735,6.6240654,3.3678298,3939.0564,0.6941857933998108,1.0
"Context:
The afternoon sun beat down so hard that the asphalt shimmered, and everyone moved slowly in the heat. I still had to drop off a flyer with a link to the city’s donation portal for cooling-center supplies. At the entrance, a volunteer named Lev handed me a cold bottle of water and pointed me toward the shaded line. By the time I got home, the thermometer on the porch looked brutal.",58.904655,4.07592,109,8.493748,1,0.14603807,849.32336,6.747403,0.0,66887,756,0.011302644,6.6280413,3.836825,5815.7666,0.6184932589530945,1.0
"Context:
I wanted the property page to include a calculator, so I built a simple form on the site and tested it across browsers. The idea was to estimate the taxes and fees tied to a sale so people wouldn’t be shocked at closing. After wiring up the backend, I checked edge cases and fixed a rounding bug. The final version produced a clean breakdown that matched the accountant’s numbers. It turned a stressful obligation into something predictable.",81.88239,4.405284,110,9.174999,0,0.1431297,528.173,5.324675,0.0,69127,762,0.011023189,6.6359468,4.103677,3690.1702,0.3096163272857666,0.0
"Context:
In the lab at Building 3, Room 214, the equipment log used serial numbers, commas, and abbreviations to track every swap. A troubleshooting note said: if E07 appears, reboot, wait 10s, and retry the test. On the bench, a buffer solution was labeled sodium chloride and noted as isotonic, with storage at 2–8°C. The delivery form listed the downtown site, the airport site, and the harbor site, signed by MH for the Org Ops team.",119.32551,4.781855,111,10.275,0,0.16770558,706.00006,5.9903946,0.0,79531,759,0.009543449,6.632002,4.3739142,4209.759,0.19131329655647278,0.0
"Context:
We played a sports match against a rival and agreed beforehand it would be friendly. The moment it began, I cared about winning anyway, especially when I imagined how it would look measuring myself against them. A late goal broke the tie and ended the tension. On the walk off, I realized I’d been competing in my head as much as on the field.",67.03306,4.205186,112,8.125,0,0.113139175,364.18637,4.4739137,0.0,57233,758,0.013244107,6.6306834,3.7658784,3218.9236,0.5967294573783875,1.0
"Context:
The festival posted the full lineup the night before tickets sold out. I scanned the list of performers and circled the two acts I wanted to see most. Friends argued about the order, as if placement on the list was a kind of status. By the time we met at the gate, the lineup had become our shared plan.",51.135075,3.9344707,113,9.0625,1,0.12122425,295.9065,4.2244635,0.0,50550,762,0.015074184,6.6359468,3.8479257,2440.9844,0.41412439942359924,0.0
"Context:
In the sports academy, points, rank, and level determined who made the travel squad. Coaches also logged quantifiable attributes like sprint time, jump height, and strength numbers from the gym. One athlete climbed the ranking after shaving a second off his time. The final roster sheet displayed both the performance measurements and the point totals.",98.151344,4.5865107,114,9.4,0,0.1405868,496.32333,5.5246506,0.0,51289,757,0.0147595005,6.629363,3.7137656,3530.3696,0.6605881452560425,1.0
"Context:
The coastal promenade was lovely in the morning, calm enough for coffee and a long walk. Later, a packed beach volleyball event made the sand feel highly competitive, with cheering, whistles, and constant motion. The sun reflected off the water so brightly it hurt, and the sound of waves never stopped underneath the crowd noise. The whole afternoon carried a summer quality that made hours pass too quickly. By night, the place felt playful and warm, the kind of ambiance that makes strangers talk.",72.5472,4.2842374,115,8.875,0,0.116508745,753.7745,5.328565,0.0,77294,760,0.009832587,6.6333184,3.841059,6469.6816,0.15372194349765778,0.0
"Context:
They hosted a dinner where each course was inspired by different regions, and the talk naturally shifted to globally related concepts in culinary practices. Between dishes, someone used the World Wide Web to pull up stories about global events or locations that shaped migration. Another guest shared memories from visiting global locations/events and compared them to what history classes emphasized in historical education. A late conversation touched on the World Trade Center and global affairs, then widened to the world in general as plates were cleared.",109.82738,4.6989098,116,8.49375,0,0.18325458,549.9347,6.15566,0.0,72858,765,0.010499877,6.639876,4.389012,3000.9329,0.22914950549602509,0.0
"Context:
Being a member of the volunteer crew meant membership within the group was tied to showing up early and staying late. I ended up handling part of the setup and some of the cleanup because the schedule was tight. One of the coordinators thanked me and said I had earned my place. I went home tired but satisfied.",37.955975,3.636427,117,7.765625,0,0.15873097,591.8722,6.163374,0.0,49055,756,0.015411273,6.6280413,3.713914,3728.776,0.7121794819831848,1.0
"Context:
I posted the advertisement late at night because the edit finally looked right. Nordic Freight, a subsidiary of Fjord Group, helped ship the giveaway items, and the Aarhus office was listed, in the partner line. The report attached 1.6 million views and 320 media mentions, plus 8 scholarships funded from the proceeds. During the launch event, we met at the entrance, then moved into the hall when the countdown hit zero. I wrote the follow-up explanation because people asked why the link had changed.",94.78715,4.551634,118,9.037499,0,0.17162262,634.3384,6.156785,0.0,80287,768,0.009565683,6.64379,4.360999,3696.1233,0.11288383603096008,0.0
"Context:
The first paragraph of my proposal felt weak, so I reshaped the opening section before touching the rest. Then I inserted a list of products and features we could deliver within the budget. A separate attachment contained a list of teams for the tournament weekend, which helped me estimate staffing. I called the help desk when the submission form rejected my file, and they fixed the permission issue quickly. To cover the upfront print bill, I used a revolving line of credit for a few weeks.",74.47773,4.3105,119,8.537499,0,0.1113087,583.9098,4.461587,0.0,73592,767,0.0104223285,6.6424866,4.0322003,5245.8594,0.1489446461200714,0.0
"Context:
A district meeting included special education coordinators and a specialist psychologist on the agenda. Each person spoke from their area of expertise, focusing on classroom supports and assessment plans. The discussion stayed practical, with concrete examples from recent cases. By the end, the team agreed on who would handle which schools.",74.2555,4.307512,120,8.65,0,0.1465217,386.01932,4.4381194,0.0,46103,756,0.016398065,6.6280413,4.051734,2634.554,0.6202951669692993,1.0
"Context:
The hotel lobby smelled of lilies, and every detail looked prepared for an exceptional evening. A host guided us to a reserved table with place cards and a handwritten note. The menu had a special tasting course that wasn’t offered to regular guests. When the string quartet began, the whole room settled into the quiet formality of a celebration.",94.76889,4.551441,121,9.3125,1,0.109685,504.28574,4.9842772,0.0,54994,753,0.013692403,6.6240654,3.5139995,4597.5815,0.684893012046814,1.0
"Context:
A chimney sweep visited the townhouse and logged the work for the insurance file. The sweep commented on the flue’s condition and the solid quality of the masonry, then pointed out one loose cap. The replacement piece came from the original manufacturer, and the sealant component was added to prevent leaks. A few of the neighborhood group’s members watched the process, and only part of them asked for quotes.",97.66762,4.58157,122,9.46875,0,0.15762448,634.3384,6.352846,0.0,66900,765,0.011434978,6.639876,3.9914832,4024.3645,0.2472291886806488,0.0
"Context:
The story claimed to be eyewitness, but the narrator never said how they knew. A detail about the time was wrong, and another detail matched a blog post word for word. I followed the trail of phrasing until I found the original post. The true source was a forum thread, not a witness.",51.827778,3.9479263,123,9.074999,1,0.15089542,517.5564,5.3471513,0.0,47574,758,0.015933072,6.6306834,3.8657749,3429.9014,0.6531071662902832,1.0
"Context:
The workshop day had a friendly tone, and the space felt set up for learning. During lunch I played a short match against an opponent, just a quick sports competition to pass time. Nobody made it dramatic, and that matched the steady atmosphere around us. The afternoon stayed smooth and unhurried.",108.34911,4.6853585,124,9.7125,1,0.148442,485.7068,5.7818832,0.0,46830,755,0.016122144,6.6267176,3.5891657,3272.0308,0.7043415904045105,1.0
"Context:
During the debate, someone claimed the statistic came from a government source, but no one could name it. I asked about the origin, and the speaker admitted it was copied from a comment thread. The moderator suggested we return to the 1st topic and then move to the 2nd once citations were clear. By the 3rd question, the room felt calmer.",41.414593,3.7236333,125,7.75,1,0.16275537,533.4812,6.493979,0.0,56494,760,0.013452756,6.6333184,3.8160357,3277.81,0.6792854070663452,1.0
"Context:
At the end of the season, we weighed the team equipment and measured each bag so travel packing would go smoothly. The coordinator shared a summary of measured costs, training rates, and performance outcomes across the year. A final message in the group chat announced points totals and rank positions for awards night. I inspected the new jerseys and checked fabric material, size range, and stitching strength before signing off. When the stipends were paid, the amounts and wage rates were included in a clear breakdown.",100.94852,4.6146107,126,9.75,0,0.13001852,997.95496,6.1400003,0.0,75068,760,0.010124154,6.6333184,3.8583922,7675.4834,0.16894559562206268,0.0
"Context:
Lev arrived with a folder of medical paperwork because his doctor had just changed his blood pressure prescription. At his desk, he updated a Jira board and sent a note about automation scripts that would reduce manual reporting for the sales ops team. Someone in the break room asked if he had watched 'The Bear', and he admitted he was behind. A colleague warned him not to eat the ready-to-eat sandwiches after a Listeria notice went out. The heat outside was oppressive, so Lev stayed late and walked to the car only after sunset.",86.575356,4.461015,127,9.299998,0,0.10746103,711.3083,4.9169006,0.0,83987,762,0.009072833,6.6359468,3.9187446,6619.2207,0.10033415257930756,0.0
"Context:
I posted the fundraiser link for the local team, and I added a short clip from last season to make it feel real. The post also mentioned that they’re trying to raise 25,000 kroner for travel costs. People started quoting the number back to me in the comments. I pinned the link so it wouldn’t get buried.",52.0209,3.9516456,128,7.875,0,0.17151166,470.73865,5.6222897,0.0,55759,764,0.013701824,6.638568,4.1038933,2744.645,0.4835849106311798,1.0
"Context:
In the course portal, metrics like points and rank updated after every quiz. The lecturer also posted quantifiable attributes of the project, including word count limits and required accuracy percentages for the experiments. Students watched their grade level shift as they submitted revisions. A final summary page listed each score next to the target thresholds.",224.1594,5.4123573,129,10.674997,0,0.15957771,660.87976,6.2690516,0.0,48320,757,0.01566639,6.629363,3.7360253,4141.4287,0.6773377060890198,1.0
"Context:
In the courtroom lobby, I saw a long roster of names on a screen, each tied to a case and a time slot. Fei whispered that we’d be waiting a while and offered me a snack from her bag. A man nearby used a quick-relief inhaler, then folded his documents with shaking hands until his breathing calmed. The paperwork I held repeated a business name and a legal entity name, and the clerk mentioned a finance fee that would show up under a separate name. Even the visitor badge had a raised floral pattern behind the official seal, like someone tried to make bureaucracy decorative.",114.541176,4.7409344,130,9.2875,0,0.09565247,508.0615,4.416762,0.0,92906,767,0.008255656,6.6424866,4.015795,5311.5356,0.07922578603029251,0.0
"Context:
You might recognize personal names from memorials and obituaries, but you can also see the same names in news reports and historical accounts. If you are reading an art review, you may notice the artist’s name repeated in a business interview about sponsorship. You can keep track of each context by writing down where you saw it and when. When you share the story with a friend, you still talk directly to them, because you want them to feel included. You leave with a list of names that sits halfway between public record and personal memory.",39.83263,3.6846864,131,8.431249,1,0.18881068,528.173,6.3283186,0.0,84745,761,0.008979881,6.6346335,4.517074,2797.3682,0.4291851818561554,0.0
"Context:
The quick-start guide for the headset was full of abbreviations, punctuation marks, and version numbers, like v1.4 and USB-C. It also had a list of steps connected by commas, so I could follow the setup without guessing. After pairing, the manual suggested toggling EQ, mic gain, or sidetone depending on preference. Within minutes, the audio was clear and stable.",57.06938,4.0442677,132,9.081249,0,0.14176932,485.7068,5.3753905,0.0,65398,755,0.011544695,6.6267176,3.9825997,3426.036,0.6277441382408142,1.0
"Context:
The software company promoted a special offering for enterprise clients: 24/7 support with a named specialist. The contract spelled out rate caps and monthly amounts, plus penalties tied to performance metrics. During onboarding, the client asked how the costs would scale with usage. The account manager pointed to the numbers in the schedule.",87.61856,4.472993,133,9.5,1,0.16225877,695.3835,6.2055187,0.0,49052,755,0.015391829,6.6267176,3.7950947,4285.645,0.7011030912399292,1.0
"Context:
I joined the volunteer team, so my membership within the group came with a schedule and a task list. The coordinator sent an email with options connected by conjunctions: you can greet guests, handle coats, or manage tickets. I chose the ticket desk because it kept me moving and talking to people. By the end of the night, they treated me like I had always been part of the crew.",62.71367,4.1385794,134,8.499998,1,0.12699904,285.2577,4.3948746,0.0,61692,760,0.012319263,6.6333184,4.0554276,2246.1406,0.5458252429962158,1.0
"Context:
A friend texted that the underdog team had finally won, and the whole group chat erupted. I watched the highlights later and kept smiling at the captain’s grin when the trophy was lifted. The next day, even the local radio host sounded genuinely proud while recapping the match. It felt like one of those rare wins that turns into a story everyone repeats for years.",78.34642,4.3611403,135,7.2281246,1,0.15517846,618.4136,6.2642803,0.0,57976,760,0.013108873,6.6333184,3.8308096,3985.1768,0.6742525696754456,1.0
"Context:
I couldn’t get the app to sync, so I reached out to the support chat and asked for help. The agent suggested I post the error log in a community forum where other users share fixes. Within minutes, strangers replied with screenshots and step-by-step troubleshooting. The support rep stayed on the line until the issue cleared. By the end, both the help desk and the forum thread had done their part.",44.64059,3.7986436,136,7.746875,1,0.12827304,583.9098,4.739061,0.0,66899,759,0.011345461,6.632002,4.1043353,4552.085,0.5931103229522705,1.0
"Context:
If you are carrying a quick-relief asthma medication, you should check the dose counter before you leave home. You can prime the inhaler if it has not been used recently, then close the cap until you need it. When you feel chest tightness, you breathe out, press the canister as you inhale, and hold your breath briefly. You can repeat the steps as directed on the label, but you should stop and seek help if you do not improve. After you are done, you wipe the mouthpiece and store it safely.",30.269295,3.4101338,137,7.5625,1,0.15879036,668.84216,6.3323016,0.0,84742,760,0.008968398,6.6333184,4.1955233,4212.108,0.2890801727771759,0.0
"Context:
In the gaming café near Central Station, the owner posted a sign: Patch 1.0.4 tonight, servers down 00:30–01:15. The printed sheet used abbreviations, numbers, and tight punctuation like it came straight from a hardware changelog. At the counter, a sore-throat lozenge box listed menthol, eucalyptus oil, and a caution about daily limits. A tourist map on the wall highlighted the harbor, the cathedral, and the old fort, while a poster promoted The City Rev, sponsored by the Natl Arts Assn.",95.93181,4.5636377,138,9.75,0,0.14403458,504.28574,5.3553414,0.0,92911,763,0.00821216,6.637258,4.412478,3501.1436,0.14201748371124268,0.0
"Context:
The bank representative asked me to confirm the account name letter by letter, as if the spelling itself carried risk. I signed the paperwork and watched my signature sit beside the company name on the final page. Later, I opened the app and saw a new rewards tab with a program name and a neat membership number under it. The confirmation email arrived with the same names repeated in bold, stamped across subject lines and footers. It was all clean, official, and slightly intimidating.",79.83344,4.3799424,139,8.43125,1,0.12202998,891.7895,5.9041834,0.0,72838,760,0.010434114,6.6333184,3.7350347,7307.954,0.3708415627479553,0.0
"Context:
I kept checking my rank against opponents, but the real improvement came from watching how I played. In training, the coach focused on positions and the exact actions that create chances, like a run into the channel or a well-timed press. Once I followed that advice, the results changed. A week later the ranking finally reflected the better decisions.",68.868095,4.232193,140,7.9999986,0,0.13972521,656.0134,5.1624937,0.0,54266,761,0.0140235135,6.6346335,3.9794886,4695.0254,0.5866921544075012,1.0
"Context:
A sneaker brand announced a new release, and everyone immediately associated it with the company’s logo and reputation. That same week, a glossy magazine ran a feature about labor practices that turned the brand into a topic of concern. Friends passed the issue around at lunch and compared what the article claimed with what the company had posted. Buying the product suddenly felt like taking a side.",70.167145,4.2508802,141,8.6875,1,0.1086006,289.5145,3.76143,0.0,60207,761,0.0126397265,6.6346335,4.022491,2665.8645,0.44604554772377014,0.0
"Context:
The rumor’s origin was hard to locate because everyone had heard it secondhand. One person swore the source was a manager, while another blamed a client call. A quick check of the chat logs revealed where it came from: a sarcastic message taken literally. After that, the whole story collapsed in seconds.",89.58115,4.495145,142,9.21875,0,0.1425927,530.8271,5.667576,0.0,49053,755,0.015391516,6.6267176,3.6986666,3722.6807,0.6909236907958984,1.0
"Context:
At the university lab, a student logged quantifiable attributes of sensors: range, precision, and battery life. He then computed summary metrics like score, grade, and rank to decide which sensor model to buy. One sensor had a higher rank despite a slightly higher price. The purchasing note included both the raw specs and the ranked scores.",81.16502,4.3964844,143,9.25625,0,0.15194233,881.173,6.8716383,0.0,52026,755,0.0145119745,6.6267176,3.547327,5799.391,0.677717387676239,1.0
"Context:
Arcadia Holdings, a subsidiary of Northgate Group, opened a new branch in Aarhus last month. The HR team still expects candidates to know basic software tools and be comfortable with CRM systems. In interviews, they ask about Excel models, dashboard reporting, and automation scripts. The job listing reads like a normal corporate memo, with commas everywhere.",69.68983,4.2440543,144,8.2875,1,0.12664771,464.4737,4.304469,0.0,55744,760,0.013633754,6.6333184,4.0351243,3667.4463,0.632024347782135,1.0
"Context:
Only one of the board members signed the contract, but the letter also listed Mr. T., Ltd. as the billing contact. The agreement covered some of the repair costs and part of the landscaping service for the property. I skimmed the names, abbreviations, and fragments of the organizations involved and then filed it away. The next day, the work trucks showed up and everything moved forward.",56.137306,4.0278006,145,9.474998,1,0.095354356,485.7068,4.1155243,0.0,61679,750,0.01215973,6.6200733,3.685138,5093.703,0.7042887210845947,1.0
"Context:
The pickup point was described down to the building name and the coordinates, which felt almost excessive at first. Once we arrived, the sign on the door matched the name in the message exactly. I forwarded the details to the last person still on the way. Nobody had to call around asking where to go. The precision turned a confusing area into a simple stop.",88.1256,4.478763,146,8.987499,0,0.16236687,591.80786,6.4924226,0.0,55751,761,0.01364998,6.6346335,3.8204162,3644.8806,0.5038506984710693,1.0
"Context:
The box arrived with length, width, and height printed clearly on the label. He grabbed a tape measure anyway to confirm it would fit under the shelf. The difference between 38 and 40 centimeters mattered more than he expected. When it slid into place perfectly, he finally relaxed.",69.236176,4.2375236,147,9.237499,1,0.10831771,313.46042,4.4597764,0.0,43108,752,0.017444558,6.6227365,3.3645973,2893.8982,0.6601479649543762,1.0
"Context:
You follow a setup guide that tells you how you can connect the device and which option you should choose for your home network. After the connection succeeds, a short paragraph switches into a general update written in a more relaxed way, still speaking to you as the reader. The guide stays step-by-step, while the update feels like a quick aside. You read both because you want the instructions and you also want the context. When you finish, you feel prepared to use it without guessing.",51.825665,3.9478855,148,8.343748,0,0.13159627,427.3158,4.970822,0.0,75809,753,0.009932858,6.6240654,4.204167,3247.1726,0.5599089860916138,1.0
"Context:
I brought my new laptop to the editor’s office because the layout software needed specific requirements to run smoothly. While the installer checked my RAM and OS version, the latest magazine issue sat open on the desk with a headline about a brewing controversy. The editor studied a writer’s face in a portrait draft, adjusting the jawline shadow while talking about a housing crisis the publication kept covering. In the corner, a stack of bound journals and collected essays waited to be cataloged.",122.53396,4.808388,149,9.3125,0,0.11767489,565.3981,5.167057,0.0,75067,762,0.010150932,6.6359468,3.893225,4804.747,0.23934845626354218,0.0
"Context:
Her field of focus was education policy, so she worked closely with special education coordinators. In budget meetings, she highlighted costs, salary amounts, and per-student rates. The committee asked for performance measures to justify the spending. She produced a table of numbers that matched the policy goals.",61.792744,4.123786,150,8.6875,1,0.15668216,429.96994,5.2764874,0.0,45345,757,0.016694233,6.629363,3.8372111,2744.2175,0.6551878452301025,1.0
"Context:
She gave me directions to the clinic on Maple Avenue, two blocks past the library. The building is easy to spot because the pharmacy sign faces the roundabout. Inside, the waiting area looks out over a small courtyard. When I left, the rain had cleared and the street smelled clean.",46.934498,3.848753,151,8.125,1,0.13207051,393.60806,4.9856534,0.0,45341,757,0.016695706,6.629363,3.6154695,2980.2874,0.5976292490959167,1.0
"Context:
She chose the forest lodge for leisure, and the setting felt positive the moment she stepped inside. That night, a packed trivia tournament made the dining room highly active, with teams treating every question like a contest. The fireplace crackled, mugs clinked, and the air smelled of smoke and cinnamon. The evening had a clear identity, cozy but competitive, shaped by the rounds and scores. The ambiance stayed warm and animated, like a friendly storm indoors.",97.58388,4.5807123,152,9.7125,0,0.09522814,544.35156,4.6967034,0.0,72089,757,0.010500909,6.629363,3.6458657,5716.2886,0.5218840837478638,1.0
"Context:
They advertised the concert as a special engagement, and the night lived up to it with an exceptional atmosphere and formal touches. During intermission, I met a composer who spoke about his area of expertise as if it were a craft you could practice daily. The merch stand offered a holiday special edition vinyl pressed in a limited run, and the sleeve looked hand-finished. A booth nearby promoted a streaming service with enhanced characteristics like higher fidelity and cleaner recommendations. On the ride home, the radio discussed a special counsel development and then interviewed specialists about special education funding and special economic planning.",113.6864,4.7334437,153,9.456249,0,0.115083635,516.4361,4.964556,0.0,87704,765,0.008722521,6.639876,4.0747967,4487.485,0.08879473060369492,0.0
"Context:
The ad included a link to the full gallery and a note about a small giveaway for early supporters. Fjord Group, a parent of Nordic Freight, allowed its Hamburg branch to coordinate shipments, and that detail appeared, in the logistics sentence. I posted the story first because I wanted to test whether the link worked on mobile. The results came in fast: 742,300 views, 3,400 new followers, and 9 scholarships funded. After the weekend, we met at the office and then moved toward the conference room for the debrief.",85.58575,4.4495187,154,8.5,0,0.15658008,525.5188,5.1338525,0.0,84742,763,0.009003799,6.637258,4.541175,3356.2302,0.20318742096424103,0.0
"Context:
A poster in the cafe advertised a weekend cooking class, complete with a discount code and glossy photos. The class was held in a rented studio across town, and the entrance had banners welcoming guests. At the break, someone mentioned a line from Rumi about attention and hunger. I left with a recipe card, a new skincare sample from a sponsor brand, and the feeling that everything had been carefully packaged.",67.34463,4.209823,155,8.1875,0,0.16698936,557.72296,6.284398,0.0,63943,769,0.012026336,6.645091,4.034684,3339.8713,0.339234322309494,0.0
"Context:
Before the workshop started, I shared an advertisement link to the signup page, and then I walked across the hall to find a seat. After the first talk, I moved toward the back table and kept pointing people to the same link again. The day was mostly a chain of small actions connected by quick directions. When it ended, the room emptied as fast as it filled.",52.05825,3.9523633,156,7.5249996,0,0.1188683,666.188,5.166609,0.0,58716,756,0.012875536,6.6280413,3.7242208,5604.421,0.7071830630302429,1.0
"Context:
The tenant called a locksmith after the front door jammed in the rain. A van arrived with new cylinders and a small toolkit, and the old lock was swapped out on the spot. The invoice listed the call-out fee and the replacement parts in plain terms. Before leaving, the technician tested the latch twice and handed over two new keys.",74.048225,4.3047166,157,7.9562497,1,0.14983916,583.4332,6.3774505,0.0,54263,761,0.014024289,6.6346335,3.637847,3893.73,0.517976701259613,1.0
"Context:
The map app kept pinning the route to the wrong street, so I tried a different location marker near the harbor. In the end, I relied on the group leader because he had membership and knew the meeting rules. He waved us over from the corner and counted everyone in. Once we started walking, the place finally matched the plan.",77.70856,4.3529654,158,9.3125,1,0.09460425,406.08273,3.7480674,0.0,52773,759,0.014382355,6.632002,3.681558,4292.4365,0.6047722101211548,1.0
"Context:
I traced the origin of the quote to a paperback edition, not the glossy book everyone shared online. The bibliography had a numbered list, and the 2nd entry was the real source. A later chapter pointed back to the original article that started the confusion. After the 5th search result, I finally found the scanned page.",55.16206,4.0102754,159,8.575,1,0.16510886,660.87976,6.2174187,0.0,51302,760,0.014814237,6.6333184,3.8833838,4002.6912,0.6759480834007263,1.0
"Context:
Fei leaned over the table and asked if the soup was too salty, then laughed when I said I had no idea because my tongue was numb from hot tea. She told me about her morning commute, acting out the crowded bus with quick little gestures. When my phone buzzed, she waited without making it awkward, tracing a circle on the coaster while I replied. I apologized, and Fei waved it off, asking me what I wanted to do this weekend. The conversation slid back into place like it had never been interrupted.",49.64848,3.9049678,160,7.71875,1,0.08576367,498.97748,4.148281,0.0,81007,758,0.009357216,6.6306834,3.7719588,5818.052,0.19948403537273407,0.0
"Context:
You can start the process by selecting the file and waiting for the progress bar to finish. If you see an error message, you can tap the help link and follow the suggested fix. You should avoid closing the window until the final checkmark appears. When you’re done, you can review the output and rename it to something you’ll recognize later. You’ll have everything in place for the next step.",24.785246,3.2102485,161,7.1499996,1,0.15231323,671.4963,6.0634975,0.0,66885,754,0.0112730805,6.6253924,3.9842954,4408.6533,0.6345570087432861,1.0
"Context:
The sunscreen description highlights zinc oxide and titanium dioxide as physical filters. It claims broad-spectrum coverage and recommends reapplication after sweating or swimming. A note about photostability sits next to the ingredient panel, almost like a safety spec. The cream leaves a faint cast, but it stays gentle on the skin.",90.16779,4.5016723,162,9.1875,1,0.20279817,451.20303,6.451653,0.0,49069,757,0.015427255,6.629363,4.0682683,2224.887,0.7424036860466003,1.0
"Context:
I arrived at the address early and waited under the sign of the small clinic across the street, exactly as the message described. A forum discussion I read on my phone explained how some property sales involve withholding part of the price and remitting it to tax authorities, even when everyone wants a clean sale. The comments quickly turned to unequal outcomes, with people comparing who gets help and who gets stuck with the bill. Back home, I replaced a failing hard drive and posted a concise summary of the day on my website, including a quick product review of the external case. By bedtime, the thread had new replies but no new agreement.",74.08669,4.305236,163,9.25625,0,0.13991687,621.0677,5.6413574,0.0,96625,768,0.007948253,6.64379,4.3248715,4438.8335,0.0430462472140789,0.0
"Context:
An email promotion pushed a same-day delivery service and highlighted a popular brand partnership in bold type. The pickup location was a small storefront that also hosted a tasting event in the back room. As people sampled food, a guest quoted the Sermon on the Mount while arguing for simpler living. I walked out with my order, a discount code, and a reminder that marketing shows up everywhere.",101.63674,4.621405,164,9.3125,0,0.1288431,420.5882,4.864173,0.0,60210,759,0.012605879,6.632002,3.9042678,3264.344,0.6057141423225403,1.0
"Context:
The package arrived with a sticker showing its origin as Hamburg, then a second label for the distribution source in Aarhus. My tracking app listed the 1st scan at the port and the 2nd scan at a sorting hub. On the 3rd day, it finally reached my city. I kept the box because the provenance stamps looked oddly satisfying.",88.04319,4.4778275,165,8.887499,1,0.12577881,653.2219,5.587578,0.0,55002,756,0.013744955,6.6280413,3.6113596,5193.418,0.6945045590400696,1.0
"Context:
When the news broke about Listeria in smoked salmon, I double-checked what we’d eaten that week. My physician had just started me on a stronger medication, and I didn’t want to mix extra risk into the routine. I tossed the salmon, cleaned the drawer, and set a reminder for the next dose. By the next day, the nausea had settled.",58.038143,4.0611005,166,9.175001,0,0.12598091,844.0151,5.9368234,0.0,60949,757,0.01242022,6.629363,3.6522014,6699.5474,0.4666537642478943,1.0
"Context:
Cold air hit my lungs as soon as I stepped outside, and my cough turned into a familiar squeeze. I leaned against the brick wall and used my quick-relief inhaler, counting my breaths between puffs. The relief came in waves, first easing the panic and then loosening the tight band around my ribs. I sipped water and stayed still until the wheeze softened. By the time my friend returned with the car, I could speak in full sentences again.",37.82284,3.632913,167,8.018749,1,0.09277907,455.23297,4.332944,0.0,74320,757,0.010185683,6.629363,3.7131338,4906.6343,0.4255804717540741,0.0
"Context:
The laptop listing spelled out CPU cores, RAM, and the exact software version it shipped with. A second tab on his browser showed another model with different specifications and a longer support window. He compared them line by line until the numbers blurred. The purchase felt like studying for an exam.",109.40363,4.695044,168,10.0125,0,0.1606305,653.2219,5.8413277,0.0,44609,762,0.017081754,6.6359468,3.796143,4066.612,0.48681628704071045,1.0
"Context:
I hired a home cleaning service after the renovation dust settled, and I asked for special attention to the windows. The company described the package’s attributes as eco-friendly, fragrance-free, and safe for pets. When the crew finished, the glass looked brighter and the rooms smelled neutral. It was the kind of upgrade you notice only when it is done right.",59.91304,4.092894,169,8.8125,0,0.10445382,485.7291,4.37976,0.0,57972,759,0.013092527,6.632002,3.681359,4650.18,0.6448537111282349,1.0
"Context:
The painting arrived with a certificate that tried to sound official. It listed an origin story that felt too perfect, full of famous names and vague dates. I asked the gallery for supporting documents and they hesitated. That hesitation told me more about the provenance than the certificate did.",92.918076,4.5317183,170,9.51875,1,0.14374848,451.20303,5.5049915,0.0,43113,758,0.017581703,6.6306834,3.5782404,3138.837,0.6632314324378967,1.0
"Context:
The airline issued a confirmation that guaranteed my seat, but the small print still worried me. At the counter, I made the arrangement certain and definite by getting a stamped boarding pass. The agent closed the reservation on her screen and slid the paper across. Only then did I relax.",108.531075,4.6870365,171,9.625,0,0.09630652,368.92484,4.178731,0.0,43851,753,0.017171787,6.6240654,3.349509,3830.7358,0.6336066722869873,1.0
"Context:
He swung the gate shut until it met the latch with a clean metal sound. The padlock snapped closed and the chain stopped rattling. He tested it twice to make sure the enclosure was truly sealed. Only then did he walk away, certain nothing could slip open overnight.",89.001755,4.488656,172,9.2125,1,0.15395027,422.00754,5.830792,0.0,43111,757,0.017559323,6.629363,3.5726583,2741.1938,0.6334218382835388,1.0
"Context:
The neighborhood bar had a relaxed, friendly vibe, and the lighting made everything feel softer. I still spent a few minutes updating a website using a simple publishing tool because the owner wanted a new banner online tonight. The ambient comfort made the quick work session feel effortless. Afterward, the place kept that easy mood.",142.06316,4.9562716,173,10.049999,1,0.0735386,502.4784,3.9456909,0.0,49790,752,0.015103434,6.6227365,3.0538263,6832.852,0.7442991137504578,1.0
"Context:
I baked the filling until it stopped wobbling in the center, then turned off the heat and let it cool slowly. When the dish was no longer warm, it went into a refrigerator to chill until firm. A clean slice was easier after the rest, and the surface stayed smooth. I served it cold with a simple topping and kept the leftovers chilled.",39.13017,3.6668937,174,7.1812496,1,0.114536546,753.7745,5.083896,0.0,55754,753,0.013505758,6.6240654,3.6393821,6581.0825,0.6584639549255371,1.0
"Context:
I rewrote the beginning section of the script so the introduction set the stakes without overexplaining. After that, I built a list of available features for the tool we were about to demo. The organizer posted a list of events and performers, and we picked the slot that would draw the biggest crowd. When the rehearsal platform crashed, help staff reopened the room and confirmed it was stable. I drew from a credit line to cover the rental and paid it back after the show.",64.927246,4.1732674,175,8.65,0,0.16000828,732.5414,6.1601396,0.0,74343,769,0.0103439465,6.645091,4.1868644,4578.1465,0.13786906003952026,0.0
"Context:
The morning feed was full of uplifting headlines, and one story kept repeating a celebrity’s name in every paragraph. It attached a small chart with percentages, budgets, and a technical note about measurement error. The story also listed a venue address and the date of a public appearance in plain text. I uploaded a commentary clip, chose a standard format, and tested playback quality before sending the link. Then I ordered a replacement power supply and some dog shampoo.",105.68832,4.6604943,176,9.40625,0,0.13571441,939.56396,6.211948,0.0,71356,767,0.010748921,6.6424866,3.8758442,6923.096,0.20911474525928497,0.0
"Context:
Her doctor adjusted the dosage on her antidepressant, and she left the clinic with clear instructions and a follow-up date. Back at the office she wrote a short brief about her Python and SQL work supporting quarterly revenue analysis. A teammate brought up 'Dune: Part Two' and insisted they all go together after the deadline. Then a news segment played in the break room about Listeria traced to deli meat, and lunch plans changed fast. The late-afternoon heat made the office feel like the only tolerable place to be.",95.898384,4.563289,177,8.99375,0,0.15633582,544.0978,5.471286,0.0,83256,768,0.00922456,6.64379,4.418005,3480.3142,0.10875318199396133,0.0
"Context:
If anyone got lost, the handout directed them to the information desk in the main lobby for additional details. A volunteer also taped a smaller sign by the stairs pointing to the same spot. That made sense, because the event map listed Aalborg Congress Center, Room 204, and the check-in time in bold. By the time the doors opened, nobody was wandering around confused.",83.98008,4.4305797,178,8.5,1,0.14459702,667.1796,6.165035,0.0,60202,756,0.012557723,6.6280413,3.7674055,4614.062,0.7003055810928345,1.0
"Context:
The conference track was split into three parts, and part one offered a first option for beginners and a second option for the advanced room at level two. The registration sheet was a numbered list, and I was entry number four after three earlier names. A volunteer walked us to the second hall and pointed at the third door where our fifth group would meet. The session opened with step 1 to introduce yourself and step 2 to swap notes, and later the moderator ranked suggestions and called mine second.",86.58217,4.461094,179,8.662499,0,0.1702015,706.00006,5.8065186,0.0,74347,764,0.010276138,6.638568,4.3765755,4148.025,0.2171149104833603,0.0
"Context:
A museum wall displayed pins for major cities alongside plaques describing worldwide turning points. Visitors clustered around certain regions, then wandered to new locations as they read. The exhibit made global events feel immediate instead of distant. She left with a long list of places she wanted to understand better.",159.50006,5.0720444,180,10.15,1,0.13257483,413.61166,4.737492,0.0,43855,754,0.017193023,6.6253924,3.7183778,3119.8357,0.6119123101234436,1.0
"Context:
I bought a display stand because the spec sheet listed precise dimensions, and my desk has no extra space. When I set it up, the height and depth matched the numbers, and the footprint stayed neatly inside my mousepad boundary. The careful measuring felt like part of the purchase itself. Afterward, I didn’t think about it again, which is the best outcome.",64.62846,4.168655,181,8.262498,0,0.14716958,437.93234,5.144709,0.0,58725,761,0.012958705,6.6346335,4.044748,2975.699,0.48201948404312134,1.0
"Context:
She took her allergy medication before heading to a client presentation about integrating an ERP system with the company’s CRM. The client’s office had a TV in the lobby playing trailers, and she recognized 'Blade Runner 2049' in the montage. While waiting, she saw a headline about a Listeria recall involving soft cheese and decided to skip the complimentary charcuterie. Outside, the heat shimmered off the glass façade, making the walk back to the car feel longer. That evening, she helped her cousin fix a voter roll address issue after a move.",78.8098,4.3670373,182,8.875,0,0.13032664,368.92484,4.7504983,0.0,92910,762,0.0082014855,6.6359468,4.3865347,2830.7705,0.1629183292388916,0.0
"Context:
The motherboard manual warns: do not connect the 12V header while the switch is on. It references ports like JUSB1 and SYS_FAN2, and it uses arrows, dashes, and commas to keep steps compact. A small table shows 3.3V, 5V, and 12V ranges next to each pin. Even the troubleshooting section reads like a news ticker, with clipped phrases and tidy punctuation.",74.454155,4.3101835,183,9.137499,1,0.12632263,522.8647,4.890931,0.0,69119,756,0.010937658,6.6280413,4.016054,4139.121,0.6334664821624756,1.0
"Context:
The console displayed an error code, E105, right after the firmware update to v3.2. The support page used abbreviations and short clauses joined by and or but to keep the instructions moving. A line with slashes and commas explained what to reboot, what to unplug, and what to leave alone. After I followed it, the next boot prompt showed OK.",81.720276,4.403302,184,9.299999,1,0.1608886,517.5564,5.804503,0.0,59450,751,0.012632464,6.6214056,4.0193186,3216.8618,0.7648975253105164,1.0
"Context:
The scholarship email said 12 students would receive funding this semester, and the announcement circulated quickly. At the bottom, it mentioned free vaccinations at the campus health center with walk-in hours. I noted both dates and told my friend to apply early. The hallway chatter was all numbers and deadlines.",109.429504,4.6952806,185,9.9375,1,0.16554733,544.0978,6.00285,0.0,45355,761,0.016778745,6.6346335,3.7898655,3286.66,0.5091866850852966,1.0
"Context:
When you open the toolbox, you should check that the latch is fully locked before you lift it. If you feel resistance while turning the knob, you can pause and realign the parts instead of forcing them. You will get a smoother result when you keep the pressure steady all the way through. After you finish, you should wipe the surface so you don’t carry grit into the next step. If you follow the sequence, you’ll spend less time fixing mistakes later.",43.296368,3.7680688,186,7.734374,1,0.12692177,732.5414,5.985841,0.0,75798,755,0.009960685,6.6267176,3.7841578,5771.597,0.5446553826332092,1.0
"Context:
Lev showed up sweating after standing in line to update his voter-roll information at the county office. The heat was oppressive, so we sat under a tree while he told me what he’d changed. I offered him a cold drink and checked that my own registration was still correct. When the sun finally dipped, we walked home without rushing.",89.28314,4.4918127,187,8.474998,0,0.09744771,382.1955,4.0212703,0.0,54253,752,0.013860985,6.6227365,3.6096883,3922.0574,0.7033201456069946,1.0
"Context:
Our marketing team needed a quick A/B testing script, so I wrote it in Python and hooked it into the email platform. Someone in the team chat shared a giveaway link for conference tickets and asked us to spread it around. I forwarded the link, then finished validating the tracking tags. The results came in cleanly by the end of the afternoon.",66.74492,4.200878,188,8.95,1,0.12601376,501.6316,4.8469043,0.0,55754,760,0.013631309,6.6333184,3.8407657,3980.7686,0.6246190667152405,1.0
"Context:
They projected 500,000 views for the launch video and ended up with 742,300. The press mentions were counted at 318 across online outlets, and the tracking sheet listed them one by one. The alumni group collected 95,000 DKK to expand scholarships, covering 7 new students. In the final, the team won 2–1 and the stadium noise felt bigger than the attendance figure of 14,900. The whole recap was stitched together from counts and totals.",128.70561,4.8575277,189,9.599999,1,0.1483859,658.805,6.386552,0.0,72846,763,0.010474151,6.637258,3.9584308,4439.8086,0.3231038749217987,0.0
"Context:
The label on the hand cream listed chemical terms like urea, glycerin, and a pH range in tiny text. Right below it, the packaging offered a list of usage options connected by or: after washing, before bed, or as needed. I tried it after a cold walk and noticed the sting faded quickly. The ingredients sounded intense, but the effect was gentle.",106.89203,4.671819,190,9.5,0,0.12711197,366.2707,4.6518564,0.0,58720,759,0.01292575,6.632002,3.9173903,2881.4807,0.5573233962059021,1.0
"Context:
The lawyer revised the clause to make the terms certain and definite, then closed the draft for signatures. The final copy was posted on the World Wide Web for the partners to review. One stray word could reopen negotiations, so she read it out loud twice. Only then did she send the link.",85.16764,4.4446216,191,9.724999,1,0.1510817,519.34753,5.6482987,0.0,46082,757,0.016427238,6.629363,3.695928,3437.5278,0.6672852039337158,1.0
"Context:
The newsletter teased a behind-the-scenes interview and promised early access for [2] days if you signed up before noon. A short link button let him subscribe, confirm, and immediately see the issue archive. On the same page, the story about the singer’s tour announcement felt like a small piece of good news after a long week. He bookmarked it to show his sister later.",98.216934,4.5871787,192,9.5875,1,0.1410274,387.50378,4.873003,0.0,62430,755,0.012093545,6.6267176,4.105079,2747.7197,0.6096481680870056,1.0
"Context:
The old lamp belonged to my aunt, and its base was made from brass that had darkened with age. I sent it to a small workshop that handles home restoration services, hoping they could rewire it safely. The technician pointed out which components were original and which were later replacements. When it came back, it still felt like hers, just steadier and safer to use.",59.30033,4.082615,193,8.3125,0,0.18127428,623.72186,6.4352245,0.0,57989,763,0.013157668,6.637258,4.0929036,3440.7632,0.5487322211265564,1.0
"Context:
The pricing sheet listed rates, amounts, and discount levels as key financial metrics. Next to it, the product card detailed size, color, and strength as core attributes. A bulk order triggered a lower rate, but only for a specific size range. The final invoice reflected the adjusted pricing and the chosen configuration.",101.94302,4.624414,194,8.8125,0,0.16747016,1029.8046,8.506269,0.0,48316,757,0.015667688,6.629363,3.394165,6149.1826,0.6533994078636169,1.0
"Context:
At the bottom of the article, a small box said to visit the Help Center for additional information about billing. Another line suggested the “Account” page if the button didn’t show up. She clicked around the site, used the filter tools, and watched the page update instantly without reloading. The smooth navigation made the answers easy to find.",93.503654,4.5380006,195,8.90625,0,0.11122052,347.69174,4.2677593,0.0,56483,753,0.013331445,6.6240654,3.793,3126.1472,0.6044342517852783,1.0
"Context:
He bought a new blender as part of a home upgrade, then pulled out a recipe that insisted on chilling the batter in a refrigerator before the final bake. The instructions even reminded him to scrape the bowl so the texture stayed smooth. The last line said to serve it with a scoop of ice cream once it set. He laughed at how precise the directions were and started measuring ingredients.",59.13932,4.079896,196,7.762499,1,0.115018554,306.55264,4.078647,0.0,58736,759,0.012922228,6.632002,3.946523,2665.245,0.5486818552017212,1.0
"Context:
The old port city felt pleasant for wandering, especially along the stone quay. A crowded rowing challenge turned the riverfront intense, with rivals shouting instructions and spectators leaning over rails. Water splashed against pilings, wet rope smelled sour, and gulls screamed over the commotion. The late afternoon had a special quality, gray and dramatic, matching the pace of the race. The vibe ended up spirited and gritty, like the city was showing its tougher side.",142.21835,4.9573636,197,9.449999,0,0.096972905,374.2331,3.8253193,0.0,72093,761,0.01055581,6.6346335,3.9719274,3859.1511,0.25102484226226807,0.0
"Context:
If you want the paint to dry evenly, you should keep the room warm and avoid touching the surface too soon. You can test the edge with a fingertip, but you shouldn’t press hard enough to leave a mark. When you notice dull patches, you can add a thin coat rather than piling it on. You’ll get cleaner lines when you pull the tape away at an angle. After that, you can step back and check the finish under brighter light.",40.334476,3.6972065,198,7.596875,1,0.111058116,461.81958,5.0558624,0.0,74314,753,0.010132681,6.6240654,3.7876842,4158.3594,0.7045418620109558,1.0
"Context:
In the cinema near the river, the pre-show slide showed Start 19:40, Ad 5 min, then a short line of punctuation-heavy notices. The trailer reel included a clip credited to The Trav Docu, produced by Natl Film Org. In the lobby, a sanitizer dispenser had a label naming ethanol and benzalkonium chloride, with handling instructions. We debated seats in the front, the middle, or the back, then walked out past signs for St Pier and Univ Blvd.",163.5105,5.096877,199,10.525,0,0.17253013,870.55646,6.5627894,0.0,81765,764,0.009343851,6.638568,4.314149,5045.8228,0.13730835914611816,0.0
"Context:
I refined the opening section until the first paragraph sounded confident rather than cautious. After that, I attached a list of product features with checkboxes so nothing was missed. The organizer’s email included a list of events and performers, and the timing forced us to keep the setup fast. Customer support helped me correct a configuration error in the ticket system. I used a revolving credit line to pay the deposit and then cleared it from the first week’s revenue.",91.04978,4.5114064,200,9.7125,0,0.14043058,690.0752,5.782103,0.0,72108,766,0.010622954,6.641182,4.0288124,4913.995,0.23954984545707703,0.0
"Context:
You can follow the guide on the screen to connect the device, and you should keep it nearby while it pairs. If you don’t see it listed, you can tap refresh and wait a few seconds. You’ll know it worked when the status switches from gray to green. Once it’s connected, you can choose the tools you want and ignore the rest. If you get stuck, you can open the help panel and read the short explanations.",36.240326,3.5901725,201,7.484373,0,0.14789973,467.12784,5.7510905,0.0,72841,763,0.01047487,6.637258,4.0691257,3158.409,0.30355745553970337,0.0
"Context:
She packed her medication and a reusable water bottle before heading to a long day of client meetings. The presentation centered on her experience with dashboards, automation, and software rollouts in a sales environment. Over lunch, the team debated 'The Bear' and planned a watch party. A sudden recall notice about Listeria forced them to skip the deli platters entirely. When she returned to the car, the intense heat made the steering wheel almost untouchable.",72.00234,4.2766986,202,9.374996,0,0.10402951,323.80453,4.127548,0.0,72096,758,0.010513759,6.6306834,3.95598,3112.622,0.4530503749847412,1.0
"Context:
Our team chose Slack for messaging because it was what every partner company already used. The sales rep emphasized support tiers and promised rapid onboarding. After the contract was signed, the invoices came with the vendor name stamped on every page. It was a service, but it also felt like a relationship.",90.55773,4.5059876,203,9.037498,1,0.113866486,445.15503,4.3302617,0.0,47572,758,0.015933743,6.6306834,3.6518252,3909.4473,0.621764600276947,1.0
"Context:
The magazine ran a long feature on water shortages, and the editor’s note admitted the topic had divided readers. Photographs of cracked riverbeds filled the center pages like a warning. I underlined a few lines and tore out a page to save for later. The publication felt glossy, but the concern it carried was blunt.",118.848854,4.7778525,204,9.75,1,0.15192415,505.26993,5.331214,0.0,52776,759,0.014381537,6.632002,3.8995697,3325.804,0.6531071662902832,1.0
"Context:
They switched to a higher press and the front two coordinated their angles to block the easy outlet. The ball carrier hesitated, so the nearest midfielder jumped to intercept. A quick pass followed, then a diagonal run split the back line. The sequence looked effortless, but it was built from precise choices on the field.",99.82935,4.603462,205,9.3125,1,0.14809196,686.72046,5.8051243,0.0,49063,761,0.01551067,6.6346335,3.7301884,4637.122,0.5990352630615234,1.0
"Context:
A short caption said “see documentation” and included a location where the full explanation could be found. I opened that page and noticed a sidebar full of related links for deeper reading. When I got stuck again, I returned to the same spot and used the search field there. It felt like a reliable place to get answers without guessing.",80.2955,4.3857136,206,8.775,1,0.11905459,488.6472,5.012828,0.0,53513,754,0.014090034,6.6253924,3.6047351,4104.396,0.6836526989936829,1.0
"Context:
I renewed the pet wellness plan after the vet explained what the monthly fee covered. A new bag of kibble arrived with a coupon, and the delivery was faster than expected. Later, I compared grooming services and picked one that included nail trimming. The routine felt easier once the products and support were set up.",89.6894,4.4963527,207,8.40625,1,0.101656884,455.0221,4.4192505,0.0,49064,763,0.015551117,6.637258,3.4718945,4476.0576,0.611492931842804,1.0
"Context:
A small team maintained the website and kept resources organized in a shared media folder. On the pitch, the opponent forced a tough fight, but coordinated pressing actions created the key mistake. The result shifted their place in the rankings, and everyone noticed the jump right away. Later, they labeled new training hurdles by height and spacing to keep setup consistent.",161.2912,5.0832114,208,10.049999,0,0.10697227,360.96243,3.935422,0.0,53517,761,0.01421978,6.6346335,3.8337555,3374.3552,0.42944782972335815,0.0
"Context:
The conversation kept looping as users quoted each other, trading advice and mild complaints in an endless forum spiral. In the middle of it, a moderator warned about taking on financing without reading the terms, especially when a credit line can expand faster than your budget. A few posters admitted they used revolving credit to float monthly bills and regretted it later. Others described how they set strict limits and paid it down weekly. The thread ended with a cautious reminder to treat borrowing like a tool, not a lifestyle.",97.93526,4.5843067,209,8.625,1,0.15226166,690.0752,6.3561482,0.0,76558,761,0.009940176,6.6346335,4.005941,4532.1665,0.25721168518066406,0.0
"Context:
The science blog shared a bold claim, and my friend forwarded it like a fact. I asked for the source, then looked for the origin of the study it referenced. The link led to a preprint that cited a dataset with unclear provenance. Once we understood the chain of sources, we stopped repeating the claim at parties.",71.57922,4.270805,210,8.899999,0,0.12872118,315.84213,4.585465,0.0,51293,761,0.014836333,6.6346335,3.845597,2453.6921,0.4143582284450531,0.0
"Context:
The new intern documented the origin of each file in the shared folder so we could audit changes later. In her checklist, the 1st step was to record the source URL, and the 2nd was to save a snapshot. She also noted the provenance of a few spreadsheets that had been emailed around for years. When I reviewed her notes, the trail finally made sense.",51.58021,3.9431381,211,8.437499,1,0.15795188,541.56006,6.1688566,0.0,58725,761,0.012958705,6.6346335,3.9007702,3428.6396,0.5072547197341919,1.0
"Context:
The sports poster bragged about 5,600 seats sold, and the announcer repeated the count between breaks. A sponsor message followed, mentioning a scholarship fund of 40 awards for local students. The numbers kept stacking up until it sounded like a scoreboard for everything. I left the arena with the figures still bouncing in my head.",114.950066,4.744498,212,9.674999,0,0.11778938,519.22766,4.8855,0.0,49805,762,0.015299669,6.6359468,3.5909896,4408.1025,0.47598040103912354,1.0
"Context:
She compared two tables by reading the dimensions, not the pictures. One was slightly deeper, which meant the chair would no longer tuck in fully. The product page listed thickness and clearance, so she sketched a quick plan on paper. The right measurements saved her from an expensive return.",113.32339,4.7302456,213,8.8125,1,0.11819943,875.8647,6.0594316,0.0,45336,754,0.016631374,6.6253924,3.2323935,7410.0586,0.6825341582298279,1.0
"Context:
A text message arrived confirming their table was held, and he felt he had obtained the evening they needed. He joined the two halves of the stroller frame and fastened the latch before heading out. Over dinner, they discussed finances and the steps that keep their household stable through the winter. Later, he made the plan definite by agreeing on tomorrow’s time and closing the conversation with a handshake.",132.57967,4.8871837,214,9.3375,0,0.11301147,581.2557,5.37483,0.0,62433,758,0.012141015,6.6306834,3.6275327,5143.3335,0.6209359169006348,1.0
"Context:
The coach reminded them that an opponent is easiest to beat when you stay disciplined. The game plan was simple: win duels, keep shape, and punish mistakes. The contest stayed tight until a sudden break created a clear chance. They finished it cleanly and held on under pressure.",70.11274,4.2501044,215,9.412499,1,0.1073911,395.4662,4.649243,0.0,44592,752,0.016864011,6.6227365,3.3052142,3682.4858,0.7039837837219238,1.0
"Context:
During negotiations, the recruiter broke down salary amounts, hourly rates, and bonus percentages as core financial metrics. A labor specialist joined the meeting to discuss industry norms for premiums. The candidate asked how the numbers would change after a promotion. The specialist clarified the range and the recruiter put the figures in writing.",87.374115,4.470199,216,8.7125,1,0.14538439,555.51776,5.798102,0.0,48319,760,0.015728801,6.6333184,3.6316848,3821.0276,0.6672852039337158,1.0
"Context:
The chef planned a tasting menu and insisted on knowing the source of every ingredient. The fishmonger explained the catch area, while the farmer described the origin of the herbs from a specific greenhouse. A guest asked about the wine’s provenance, so the sommelier pointed to the vineyard and the bottling date. By the end of the night, the menu felt like a map of origins rather than a list of dishes.",46.426693,3.8378747,217,8.231251,0,0.14577459,737.8497,6.3324366,0.0,68389,766,0.011200632,6.641182,3.8838346,5061.5796,0.2895629405975342,0.0
"Context:
I was prepping for a move and started by measuring the couch width and the stairwell clearance. The moving company sent a quote that included service levels, rates, and other measurable details about timing and performance guarantees. My building’s resident app had a silly leaderboard showing rank and points for recycling compliance. While packing, I checked product labels for material composition and strength so fragile items got better protection. After the deposit and fees posted, I reviewed the amounts and adjusted my budget for the month.",166.8685,5.117206,218,9.8375,0,0.124474764,544.35156,5.0761204,0.0,77298,759,0.009819142,6.632002,4.036644,4373.188,0.2571110129356384,0.0
"Context:
After dinner, the conversation drifted to the Sermon on the Mount and how its tone still surprises people. Someone quoted a line they remembered and tried to explain why it sounded both strict and gentle. Another person brought up Augustine and the problem of restless desire. We ended up sitting quietly for a moment, as if the room had changed temperature.",63.506065,4.1511354,219,8.6875,1,0.14788929,725.8021,6.1515446,0.0,52774,755,0.014306287,6.6267176,3.65942,4907.7397,0.681659996509552,1.0
"Context:
The report summarized costs, prices, and levels for each plan tier, plus the month-over-month change in performance. To celebrate the new tier, the company hosted a special launch event with a short ceremony. Attendees compared the tier numbers on posters around the room. The host described the evening as an exceptional occasion for partners.",79.91224,4.380929,220,8.75625,1,0.14956608,491.01508,5.695245,0.0,52029,757,0.014549579,6.629363,3.814066,3282.9307,0.6553172469139099,1.0
"Context:
In the boutique, a handbag display used a raised floral pattern on the lining, and the texture made the fabric feel expensive. A small brand name tag was stitched near the seam, quiet but confident. I pressed the material between my fingers and watched the pattern spring back into shape. The salesperson said the design was meant to echo old wallpaper, and I could almost see it on a vintage wall. I left without buying anything, but the feel of that pattern stayed with me.",53.462975,3.9789894,221,8.1875,1,0.14249206,541.56006,5.9745827,0.0,75077,767,0.010216178,6.6424866,3.9619412,3800.6333,0.2216721475124359,0.0
"Context:
The workshop sold a special handcrafted knife, made as a unique holiday item with a maker's stamp. The spec card listed steel composition, blade length, and hardness, along with the price. A customer weighed the cost against the materials. The maker explained that only a few would be produced.",75.90402,4.3294697,222,8.6875,1,0.1641767,552.0602,6.0081096,0.0,46094,760,0.016488045,6.6333184,3.7710803,3362.5977,0.6914616823196411,1.0
"Context:
The sports match against our rivals got heated, and the coach kept shouting about staying in shape. I watched how our positions shifted as we pressed, and I noticed how one lazy action broke the line. After halftime I held my spot, tracked the runner, and played the simple pass sooner. The game calmed down once our movement stayed disciplined.",106.61241,4.6692,223,8.5625,0,0.094363324,400.77444,4.1864467,0.0,52771,756,0.01432605,6.6280413,3.484498,4247.142,0.6582618951797485,1.0
"Context:
The hardware store helped me choose a paint primer that would stick to old drywall. I rented a sander for the weekend and grabbed replacement screws in the same aisle. At home, the improvements started to look real once the tools were in my hands. By Sunday, the room felt refreshed without hiring anyone.",92.52916,4.527524,224,9.237499,1,0.054718483,260.1053,2.8757951,0.0,48304,751,0.015547367,6.6214056,3.013875,4753.5176,0.7219653725624084,1.0
"Context:
The news report on the lawsuit reads like a roll call of personal and business names from legal filings and finance statements. One paragraph mentions a loyalty program that was marketed under a different company name before the merger. Another section quotes an attorney who keeps correcting the spelling of a founder’s surname. You watch the segment twice because the names blur together when the anchor speaks quickly. Afterward, you search the docket to see the official list of parties. The whole story feels like a lesson in how much hinges on a name.",70.811455,4.2600207,225,8.537499,0,0.14409956,504.28574,5.61154,0.0,81018,760,0.009380631,6.6333184,4.205334,3499.5647,0.21669377386569977,0.0
"Context:
In class, the teacher projected the World Wide Web on the screen to show how quickly sources spread across countries. Students compared global locations/events from different decades and pinned global events or locations to a shared map. After school, they played a card game that sneaks in globally related concepts and ended up talking through historical education by accident. The day ended with a discussion of the World Trade Center and global affairs that made the world in general feel smaller.",89.6549,4.495968,226,8.349999,0,0.1089338,567.985,4.598391,0.0,69110,753,0.010895673,6.6240654,3.9144564,5214.038,0.6396805047988892,1.0
"Context:
The conference hall ran at full speed from the first session to the last. People rushed between rooms, compared notes, and tried to outpace the schedule. Debates turned competitive, and questions came fast and pointed. By the end, his head was tired in the same way his legs felt after a sprint.",55.302773,4.012823,227,9.075,1,0.14586937,737.8497,6.8787847,0.0,48317,761,0.01575015,6.6346335,3.3540177,5058.2905,0.598561704158783,1.0
"Context:
We needed the full program in one place, so I compiled a list of teams and match times for the weekend tournament. Then I posted it under a thread where people already chat about gear, updates, and random side stories. Replies poured in with corrections, jokes, and a few heated predictions. Someone even wrote a quick recap after the first matches ended. The list stayed pinned while the forum kept buzzing.",73.26945,4.2941437,228,8.549999,1,0.114085026,440.5865,4.584835,0.0,63185,757,0.011980692,6.629363,3.8686242,3861.9133,0.5800886154174805,1.0
"Context:
A downtown salon kept a chalkboard out front to advertise walk-in styling and a seasonal discount. Inside, the receptionist highlighted the location’s new event nights for clients who wanted a social vibe. People treated the place like both a service and a calendar. The address became as important as the haircut.",126.41402,4.8395624,229,9.71875,0,0.13743429,444.82764,5.216797,0.0,49052,753,0.015351056,6.6240654,3.706217,3236.6567,0.6679103374481201,1.0
"Context:
The morning fog beaded on his jacket and left tiny cold spots along the sleeves. Wet leaves stuck to the soles of his shoes, making each step slightly heavier. A distant dog barked, then silence returned in a thick layer. He brushed past a hedge and felt droplets scatter onto his hands.",88.587364,4.4839892,230,9.0,1,0.15529852,966.1053,7.0640306,0.0,48312,751,0.015544793,6.6214056,3.5939386,6220.956,0.7409060597419739,1.0
"Context:
We started the camping trip by weighing the shared food bag and measuring the tent footprint to pick a site. After dinner, someone pulled up a spreadsheet tracking fuel usage, cost per day, and other measured totals from previous trips. In our group chat, the organizer posted a playful leaderboard with points and rank for who completed chores fastest. I checked the stove’s metal material and the size of the burner ring before lighting it. When I transferred money to settle expenses, the amounts lined up neatly with what we’d logged.",140.20848,4.9431305,231,9.5625,0,0.11732119,1141.2782,5.9774003,0.0,82497,761,0.009224578,6.6346335,3.8718612,9727.81,0.0971534326672554,0.0
"Context:
I bought a suitcase listed as 55 cm tall and 35 cm wide, because the airline rules are strict. The shop was in a coastal town that people recommend for relaxed holidays and easy strolling. I measured the handle twice and pictured it fitting in the overhead bin. By the time I left, I had both the right dimensions and a new destination in mind.",74.005585,4.3041406,232,9.049999,1,0.07898542,269.39474,3.2424328,0.0,55743,757,0.013580181,6.629363,3.6075861,3410.6895,0.6033545136451721,1.0
"Context:
The museum opening had a careful, respectful quality, and people spoke in low voices. I carried a package that was exactly 40 by 30 cm because it had to fit the display case. The measured pace of the event made it easy to double-check the dimensions. Everything stayed orderly until closing.",80.752495,4.391389,233,9.437497,1,0.16259943,483.05264,6.188657,0.0,46085,759,0.016469568,6.632002,3.6620717,2970.814,0.6820278167724609,1.0
"Context:
The seller handed me directions with the street name, building number, and a note about the entrance near the courtyard. That evening, a forum thread about the same kind of transaction included screenshots showing a required tax withholding percentage and the remittance proof. People compared those costs to stagnant wages, and the talk of disparities became more pointed with each example. I spent a couple hours fixing my desktop and publishing a short recap of my projects on a small website. The place was easy to find, but the arguments online were harder to navigate.",88.60447,4.4841824,234,9.362499,0,0.10949306,669.9712,4.9933662,0.0,81014,764,0.009430469,6.638568,3.9256763,6118.846,0.11365652084350586,0.0
"Context:
At Gate B12 in Copenhagen, the display flashed Flight 428 delayed 25 min, then switched to a news alert about a major game patch v2.3. The update notes used acronyms like GPU and UI, with commas, dashes, and parentheses to pack in details. While waiting, I read a leaflet for a throat spray that listed benzocaine and menthol, plus a warning about dosage. The kiosk offered water, tea, or coffee, and a poster nearby credited Dr RS for the campaign under the Natl Health Org.",146.03386,4.9838386,235,10.474998,0,0.16354093,944.87225,6.7642684,0.0,86960,760,0.00873965,6.6333184,4.2685976,5777.589,0.1191428005695343,0.0
"Context:
A driver update broke my workflow, so I double-checked specifications and rolled back the software version. I did it while skimming a magazine whose lead story had turned a small complaint into a public issue overnight. The accompanying photographs lingered on faces, making every wrinkle feel like evidence during a section on poverty and access to care. On my shelf, periodicals sat beside collected works, reminding me that today’s controversy will become tomorrow’s archive.",145.37224,4.9792976,236,9.762499,0,0.10324751,419.3534,4.383539,0.0,72092,756,0.010486601,6.6280413,3.845397,4061.632,0.6325164437294006,1.0
"Context:
The museum hosted a memorial evening, and the wall of names near the entrance made everyone speak more softly. Halfway through the speech, someone behind me coughed and used a quick-relief inhaler, the sound small but urgent in the quiet room. Fei leaned in and whispered a question about the artist, then pointed to a plaque where donors’ business names were engraved beside legal acknowledgments. The invitation booklet had a raised floral pattern around the brand name, the texture catching the spotlight each time it moved. Outside, a staff member offered extra points for scanning a loyalty code, repeating the program name like it was part of the ceremony.",96.8007,4.5726542,237,9.48125,0,0.116529785,690.0752,5.3027573,0.0,99598,771,0.0077411192,6.6476884,4.130082,5921.878,0.044965460896492004,0.0
"Context:
The team briefing referenced part two of a rollout plan, saying level three approvals would come later if the first option failed. I wrote a numbered list of checks and read them aloud from 1 to 4 while everyone watched. The server rack was labeled by position, and I needed the second slot in the third chassis, not the first. The restart procedure was step 1 to drain connections and step 2 to switch over, and then we ordered the incidents by severity from first to last.",118.62039,4.7759285,238,9.61875,0,0.17723188,427.2465,5.980994,0.0,72859,772,0.010595809,6.6489844,4.3113194,2410.6638,0.25024792551994324,0.0
"Context:
The team’s social lead wrote a recap in the editor and embedded a video without breaking the layout. On the field, the opponent tried to overload one side, but the midfield shifted and blocked the passing angles. A late counter worked because the striker timed the run and the winger chose the right action at the right moment. Fans buying a commemorative print could choose between sizes, each with listed width and height.",115.5429,4.749642,239,8.425,0,0.119042,844.0151,5.4403777,0.0,64673,766,0.011844201,6.641182,3.8282692,7090.061,0.3673129975795746,0.0
"Context:
The graduation ceremony ended with a special reception that made the evening feel exceptional rather than routine. I talked with a professor about her area of expertise, and the conversation stayed focused even as the room grew louder. A classmate gifted me a holiday special edition pen, hand-crafted with a small engraving. The student portal had enhanced characteristics after the redesign, and navigation finally felt intuitive. On the walk home, we overheard a podcast about a special counsel, then a segment about specialists in special education and the impact of special economic incentives on hiring.",76.53835,4.337792,240,9.5625,0,0.16107266,644.8473,6.1257787,0.0,83256,761,0.009140482,6.6346335,4.31419,4003.456,0.21009871363639832,0.0
"Context:
The delivery note listed a precise drop-off point at Østerbro 112, 3rd floor, and even mentioned the door code for the courtyard gate. Before the instructions, I wrote a short opening paragraph that set the tone for the whole memo and explained why timing mattered. The introduction made the rest of the steps easier to follow, even for someone skimming. The courier later thanked me for including the exact address and the landmark across the street. Everything arrived without a single phone call.",74.03862,4.304587,241,9.412495,1,0.11994169,616.9318,4.8629727,0.0,75815,762,0.010050781,6.6359468,4.0693803,5143.5977,0.23934845626354218,0.0
"Context:
Outside the clinic on Maple Avenue, a flyer advertised a new health app, v1.9, compatible with iOS and Android. The brochure explained dosage reminders for metformin and described the active ingredient list with chemical precision. Across the street, a billboard mentioned the film Night Runn, credited to JK and produced by Intl Media Grp. I checked a local guide that listed parks, cafés, and galleries, then followed the arrows and commas to the nearest tram stop.",106.98549,4.6726933,242,9.487498,0,0.13769764,828.0903,5.4173717,0.0,76554,755,0.00986232,6.6267176,4.1853294,6013.8306,0.48017439246177673,1.0
"Context:
The introduction of the newsletter was too formal, so I rewrote the beginning to sound like a welcome. Under it I placed a list of product features for the new portal, with the most requested ones at the top. The email thread also contained a list of events and teams for the month, and it helped people plan attendance. Support reset several accounts after a password issue spread. I covered the extra printing cost with a small line of credit and paid it back quickly.",75.89508,4.329352,243,8.574999,0,0.16342753,589.2181,5.86156,0.0,72106,765,0.010609381,6.639876,4.219937,3605.3782,0.19854064285755157,0.0
"Context:
When you arrive on the first screen, you can pick the option that matches what you’re trying to do. You should wait for the checkmark before you close anything, even if it feels slow. If you want the premium add-on, you can select it at the end and see the price drop automatically. You’ll still be able to undo it later if it doesn’t help. Once you confirm, you can move on to the next task immediately.",27.725681,3.322359,244,7.125,0,0.15865073,716.6166,6.695294,0.0,75063,754,0.010044896,6.6253924,4.0248027,4516.945,0.5575413703918457,1.0
"Context:
The tech desk asked me to list my OS version and GPU driver before they would troubleshoot the app. A stack of periodicals nearby carried stories about a brewing controversy, and the newest issue was already dog-eared. The photographer next to me edited a portrait, emphasizing tired eyes for a feature on homelessness and services under strain. Behind us, old magazines and collected volumes filled a cabinet like a quiet record of repeated problems.",206.43855,5.330003,245,10.15,0,0.13755189,527.6023,5.3929205,0.0,66150,761,0.011504157,6.6346335,3.9252791,3835.6602,0.36634600162506104,0.0
"Context:
Our class syllabus had level one notes in part one and level two notes in part two, with a first option and second option for the final. I opened a numbered list of questions and answered the third before returning to the first. The room assignment said second corridor, third door, and our group was the fourth section in the seating plan. The quiz instructions were step 1 to read carefully and step 2 to check the fourth answer, then we compared papers and ordered them from first to last.",74.424095,4.3097796,246,8.949997,0,0.1881641,589.2181,5.7907314,0.0,75842,761,0.010034018,6.6346335,4.547453,3131.4053,0.3310141861438751,0.0
"Context:
In the library’s local history room, I read obituaries and old newspaper columns, noticing how certain names kept reappearing as if the town couldn’t let them go. Fei sat across from me, quietly turning pages and occasionally pointing at a name she recognized. A man at the next table wheezed, used a quick-relief inhaler, and then asked the librarian for help finding a file. When we paid for photocopies, the terminal flashed a business name and a finance processor name before asking if we wanted to join a loyalty program. As we left, I picked up a souvenir bookmark with a raised floral pattern and the library’s brand name pressed into the surface.",69.45939,4.240742,247,9.068749,0,0.1403867,671.4963,5.973358,0.0,111488,769,0.006897603,6.645091,4.388573,4783.19,0.0434904471039772,0.0
"Context:
At the visitor center in Stockholm, the map highlighted the palace, the archipelago pier, and the art district with neat comma-separated labels. My phone buzzed with a push alert about a competitive match, score 4–2, written in clipped, punctuation-heavy style. A nearby stand sold a balm described with medical terms, listing menthol and camphor and warning about eye contact. The brochure listed tours, workshops, and screenings, and the presenter names were shortened to AJ, Dr E, and reps from Natl Culture Org.",125.34627,4.83108,248,10.012496,0,0.17009914,1082.8873,7.044962,0.0,87712,766,0.008733126,6.641182,4.2689915,6366.213,0.07562676817178726,0.0
"Context:
We met at the corner café near the central station, where the platforms hum behind the walls. After coffee, we walked toward the old harbor and watched ferries slide past the docks. A narrow street led us to a small gallery tucked between two bookstores. By sunset, the city lights reflected in the canal like a second skyline.",75.44755,4.3234377,249,9.2625,1,0.09017835,295.27597,3.8454056,0.0,52024,753,0.014474089,6.6240654,3.4705486,3274.3555,0.6526647210121155,1.0
"Context:
He made a short promotional post about his photography prints and added a link to the shop. To boost interest, he offered a giveaway for anyone who ordered before Friday. The caption asked followers to share the reel so it would reach more people. He also mentioned a donation option for a local shelter tied to the project. The comments filled up with people tagging friends.",74.81655,4.315039,250,7.975,1,0.118919365,298.59024,4.1420317,0.0,55753,759,0.013613617,6.632002,3.93558,2510.863,0.5486818552017212,1.0
"Context:
He configured a form tool to collect RSVPs and send automatic confirmation emails. The sports competition that followed was tight, with the opponent matching intensity and refusing to give space. Players stayed organized, calling out positions and choosing actions that kept the shape intact. After the ranking points were added, he packaged trophies and checked height and base width to avoid damage.",179.39882,5.1896114,251,10.16875,0,0.12894775,488.6472,4.949025,0.0,55003,758,0.013781066,6.6306834,3.800221,3789.4976,0.6188417077064514,1.0
"Context:
The hotel offered a special anniversary suite with an exceptional dinner service included. The receipt itemized prices, taxes, and nightly rates, plus a discount level for members. The guest checked the total amount twice before signing. A concierge said the package was only available for that week.",104.10932,4.6454415,252,9.3375,1,0.16370955,491.01508,5.851478,0.0,44590,748,0.016775062,6.617403,3.7380922,2999.3062,0.747362494468689,1.0
"Context:
Over tea, he argued about ethics and meaning, dropping the names of prophets and philosophers and pointing to passages he’d memorized. On the table lay a printed booklet about rising social tensions, illustrated with sketches of faces and expressions. The pamphlet’s photos lingered on cheekbones, eyes, and the way stress shows up on a person’s features. The talk kept bouncing between faith, society, and what people publish to make a point.",101.58785,4.620924,253,9.112495,1,0.16736448,650.2632,5.9660153,0.0,72102,759,0.010526754,6.632002,4.3116684,3885.3118,0.5420287847518921,1.0
"Context:
Nordic Freight, a subsidiary of Fjord Group, operates warehouses in Aarhus and Odense. The regional branch in Hamburg reports to the same operations director, and the finance team sits in Copenhagen. Their customer service unit, within the logistics division, handles all inbound claims. A partner company, under contract with Nordic Freight, manages last-mile deliveries. The structure is formal, but the communication lines are straightforward.",55.04597,4.0081687,254,8.681252,1,0.15416086,566.68396,5.197809,0.0,68380,757,0.011070488,6.629363,4.295852,3675.9263,0.6008254289627075,1.0
"Context:
I searched the World Wide Web for a rare journal article and finally obtained the PDF after a maze of logins. The download finished just as my laptop battery warning flashed. I saved it twice, once to the drive and once to email. The relief felt disproportionate, but the deadline was real.",91.117874,4.512154,255,9.262499,1,0.08466902,400.77444,3.8220139,0.0,46082,753,0.016340436,6.6240654,3.3240366,4733.425,0.6817353367805481,1.0
"Context:
The beach town felt easy and pleasant, the kind of place you want to stay in longer than planned. At night the streets turned cozy and welcoming, with warm lights and a soft hum from cafés. I walked slowly because the whole atmosphere invited it. Even the air seemed gentler there.",73.98283,4.303833,256,9.443748,0,0.08080086,374.2331,3.8659065,0.0,46076,751,0.016299158,6.6214056,3.1758044,4631.5483,0.7178874611854553,1.0
"Context:
My friend kept circling back to Rumi, insisting the poems were more practical than people assume. He described a line about longing as if it were advice for a normal Tuesday. Someone else pushed back with a more skeptical, philosophical angle, asking what counts as evidence. The disagreement stayed respectful, almost meditative.",137.22366,4.9216123,257,9.125,1,0.104632005,406.08273,4.640496,0.0,48305,750,0.015526343,6.6200733,3.3705854,3881.0566,0.7348887324333191,1.0
"Context:
In the old town square, a street screen showed Breaking: 2 injured; roads closed; detour via Exit 3. The same feed ran a quick hardware warning about battery temps and a firmware roll-back to v1.8. At the corner shop, a hand cream listed urea and glycerin and described skin barrier repair in medical language. We chose the tower, the market, or the river steps to visit next, and the brochure credited AM from the Intl City Assn.",192.67365,5.260998,258,10.5,0,0.15325926,759.08276,5.8856826,0.0,78049,761,0.009750285,6.6346335,4.218002,4952.932,0.20286542177200317,0.0
"Context:
The new intern shared a chart in the group chat, and everyone reacted as if it were official. I asked for the source, and the response was a shrug and a meme. A minute later someone posted the link they had copied it from. The origin was a marketing blog selling the same conclusion.",61.833305,4.124442,259,9.112499,1,0.1274039,501.6316,5.178873,0.0,46826,754,0.016102165,6.6253924,3.55673,3937.333,0.6975757479667664,1.0
"Context:
I got stuck on a form that kept rejecting my payment, so I contacted customer support through the app. The representative reset my account, confirmed the new status, and stayed until the transaction finally went through. She also pointed me to a help center page that matched my exact error message. The problem ended with a simple confirmation email.",44.810577,3.8024442,260,6.7124996,1,0.12117764,676.80457,5.207543,0.0,51284,754,0.014702441,6.6253924,3.6119905,5585.226,0.6967390179634094,1.0
"Context:
I threw out the bagged salad when I saw the Listeria notice because I didn’t want to risk it. I wiped down the fridge shelf and explained to my roommate that cross-contamination is easy. I went to the store for sealed items and came back with safer options. I felt calmer once the kitchen was clean.",55.60568,4.0182853,261,8.612499,1,0.09130202,258.7782,3.79051,0.0,54252,753,0.013879673,6.6240654,3.5664964,2834.3096,0.6251403093338013,1.0
"Context:
The bank approved a revolving line of credit, but the limit was lower than I hoped. I could draw funds for the renovation and pay it back as invoices came in. The advisor explained how interest accrues on the amount actually used, not the full limit. It felt flexible, but not free.",55.66723,4.0193915,262,8.46875,1,0.12659414,424.017,5.467409,0.0,49053,754,0.015371129,6.6253924,3.4494855,3349.4204,0.7012205123901367,1.0
"Context:
During the away game against them, the wind carried the sharp smell of grilled onions from the stands. The metal barrier was damp when I leaned on it, and the chant from their supporters rose and fell like waves. Even while tracking the ball, the sensory clutter stayed vivid. When we finally walked off, my jersey still held that smoky scent.",91.2026,4.5130835,263,9.299999,1,0.0844332,583.9098,4.4512343,0.0,54249,752,0.013862006,6.6227365,3.1902804,6915.642,0.7423657178878784,1.0
"Context:
The first paragraph of the brief was too long, so I tightened the beginning section to two clean sentences. Next I added a list of products and features required for the rollout. The sports desk shared a list of teams and match times, and we aligned deliveries to that schedule. Support answered quickly when the vendor portal would not accept our documents. We used a revolving credit line to cover the bulk order until the client’s payment arrived.",97.00378,4.57475,264,9.125,0,0.16030917,623.72186,5.638208,0.0,67647,764,0.011293923,6.638568,4.190853,3890.7437,0.3086334466934204,0.0
"Context:
I bought a vintage poster and asked about its provenance before I paid. The seller showed me a folder labeled Part 2 of a catalog where the poster appeared on the 7th page. He pointed to the original source, a small theater that printed the run for a single weekend. When I got home, I wrote the origin details on the back in pencil.",53.509235,3.9798543,265,7.675,1,0.14075965,721.92487,5.706457,0.0,55745,757,0.013579694,6.629363,3.8157303,5128.7773,0.6462732553482056,1.0
"Context:
The heatwave turned the apartment into a furnace, and Lev kept pacing near the window. He was worried because a letter said there might be an issue with his voter rolls, so we decided to handle it first thing in the morning. That night, we laid out the paperwork on the table and tried to sleep through the sticky air. By sunrise, we were already in the car, hoping for a cooler queue.",46.24042,3.8338544,266,8.375,0,0.083455265,376.88724,3.971323,0.0,63915,754,0.011796918,6.6253924,3.496311,4516.039,0.5846945643424988,1.0
"Context:
I tuned the system by checking memory speed, GPU drivers, and the exact software build the publisher required. The weekly periodical on my desk carried a headline about a controversy that had already split its readership into factions. While reviewing a portrait draft, the art director obsessed over noses and brows because the story tackled discrimination and public policy. In a cabinet behind us, old issues and collected works waited like a long paper trail.",179.63835,5.1909456,267,10.0875,0,0.12694904,522.0192,4.900773,0.0,66157,761,0.01150294,6.6346335,3.952474,4112.0376,0.3720671534538269,0.0
"Context:
Her invoice note said the discount applied for [15] units, which made the procurement spreadsheet suddenly look less painful. She ran the totals again and checked that the tax line matched the system settings. The email thread stayed strictly about business and technical requirements. Only after the final numbers balanced did she send the updated sheet to the team lead.",178.56152,5.184933,268,9.50625,1,0.09650994,318.49625,3.9043276,0.0,52024,753,0.014474089,6.6240654,3.5996282,3300.1392,0.64369136095047,1.0
"Context:
The hotel promoted a special weekend that made the stay feel exceptional, from the formal welcome to the curated dinner offering. In a workshop room, an instructor clarified her area of expertise and kept the session tight and practical. A pop-up shop sold unique holiday editions of prints, each hand-crafted with slight variations. I tested an upgraded gadget there, and the enhanced characteristics were obvious in the first minute of use. Later, the lobby TV covered a special counsel announcement, and a guest mentioned special economic incentives and the specialists advising schools on special education needs.",136.56686,4.9168143,269,9.35625,0,0.12255327,675.55426,4.805323,0.0,84748,768,0.009062161,6.64379,4.259482,5512.3315,0.08065349608659744,0.0
"Context:
They stood quietly at the memorial and talked about the World Trade Center without raising their voices. The guide connected the site to broader global affairs that unfolded in the years after. As they walked away, the conversation widened to the world in general and how fragile routines can be. Even the city noise felt different after that.",79.649475,4.3776355,270,9.09375,1,0.16480793,483.05264,5.9739833,0.0,49048,750,0.015291143,6.6200733,3.831658,2931.0037,0.7371401786804199,1.0
"Context:
A slice of sunlight reached the floor through the blinds, while the rest of the room stayed dim. Most of the dust floated in that bright strip, turning slowly as if underwater. I opened the window a little, and some of the air warmed immediately. The quiet felt like a portion of the day set aside for nothing.",58.908222,4.0759807,271,8.962499,1,0.11724376,493.6692,5.194333,0.0,51275,748,0.014588006,6.617403,3.4295766,4210.622,0.7604435086250305,1.0
"Context:
A street poster promoted a lecture series at the community hall and highlighted sponsor names at the bottom. The same venue hosted a small market with cooking demonstrations and beauty counters. During a break, someone referenced the Quran while discussing how language shapes values. I collected a program, a recipe card, and a coupon for a local service advertised on the wall.",145.62553,4.9810386,272,9.3375,0,0.10979185,445.89474,4.557009,0.0,53519,759,0.014181879,6.632002,3.6458356,4061.2734,0.6217793226242065,1.0
"Context:
A magazine profiled a new data-privacy scare and treated it as an urgent topic of concern. In the margins, a reader underlined a passage about ethics and added a note referencing a spiritual figure from an old tradition. The issue circulated through a café like contraband. People argued over policy while quoting scripture.",112.12122,4.7195807,273,9.412498,1,0.17051426,429.96994,5.9779596,0.0,49807,759,0.0152388215,6.632002,3.8784802,2521.607,0.6589524745941162,1.0
"Context:
At the craft fair, one table had a holiday series of mugs with small imperfections that made each one distinct. The artist explained that the glaze behaved differently in every firing, so the edition could never be perfectly repeated. I chose a mug with a deep blue rim and a tiny star pressed into the handle. It was a notable object, but it also worked as an everyday cup.",82.90916,4.4177456,274,9.74375,1,0.13659179,564.62524,5.5720873,0.0,60955,762,0.012501026,6.6359468,3.880357,4133.669,0.42596060037612915,0.0
"Context:
The airline guaranteed a seat on the earlier flight, and she was gaining a crucial connection. She fastened the carry-on straps and joined the zipper pulls with a small clip so they would not open. A company email about security training emphasized stability in business systems and customer accounts. At the gate, she made everything certain by scanning the pass and closing her phone.",115.814735,4.7519917,275,9.625,0,0.12890868,501.6316,5.453774,0.0,56486,755,0.013366144,6.6267176,3.642226,3891.3718,0.6863822937011719,1.0
"Context:
The coach told us to bring water, a towel, and a change of clothes for practice. If we forgot something, we could borrow a bottle from the desk or buy one from the kiosk. I packed everything and still double-checked the list in my head. The routine felt comforting because it left little room for surprise.",41.337566,3.7217717,276,7.7124987,1,0.17389548,796.24066,6.545168,0.0,51288,757,0.014759788,6.629363,3.8651268,4578.846,0.7352025508880615,1.0
"Context:
The coffee tastes bright and sharp, with a crisp finish that lingers. It smells fresh the moment the mug hits the table, and the aroma fills the kitchen. The texture is smooth, not watery, and it holds warmth well. After the last sip, the mouthfeel stays clean rather than heavy.",33.482574,3.5110252,277,7.4624996,1,0.14909723,634.3384,6.3930106,0.0,48330,757,0.015663149,6.629363,3.5888972,4254.5283,0.6649243831634521,1.0
"Context:
The property manager arranged a routine fire-safety check for the building. An inspector tested the alarms in each hallway and logged the readings on a tablet. A faulty detector was replaced immediately, and the disposal slip was added to the report. The updated certificate was emailed that evening to everyone on the lease.",78.7081,4.365746,278,8.8875,1,0.097022496,555.1646,4.993909,0.0,46824,752,0.01606014,6.6227365,3.198921,5722.0195,0.7408725023269653,1.0
"Context:
Her resume highlighted advanced Excel modeling, Python scripting, and SQL querying for analytics projects. During the interview, she described how she built dashboards in Power BI to support quarterly sales reviews. The hiring manager asked about CRM experience, and she walked through automations she configured in Salesforce. She also mentioned version control habits and how she documented workflows for the team. The conversation stayed focused on tools, results, and delivery.",72.06131,4.2775173,279,8.918749,1,0.15703323,443.24063,5.4211903,0.0,66903,762,0.011389623,6.6359468,4.2125387,2822.5913,0.3447449207305908,0.0
"Context:
The latest issue arrived folded inside a plastic sleeve, smelling like ink and paper. On the cover, a headline teased an investigation that had already sparked arguments online. I read the article and understood why people were upset; the claims were sharp and the names were specific. By the final page, the controversy felt bigger than the publication itself.",61.024315,4.1112723,280,8.6375,1,0.1233623,555.51776,4.4584303,0.0,52039,764,0.014681296,6.638568,3.9231625,4503.14,0.5786469578742981,1.0
"Context:
The hospital’s procurement lead talked about stability and security in healthcare while the CFO watched the numbers. A global locations/events headline had disrupted shipping routes and spiked prices overnight. The business team adjusted contracts to keep critical items available. Nobody wanted patients to feel the shock of a distant event.",312.12283,5.7433968,281,10.25,1,0.15149556,459.16544,5.2151055,0.0,46834,758,0.016184824,6.6306834,3.8461483,3030.8838,0.6503506898880005,1.0
"Context:
The abandoned house had a gloomy, uneasy presence that made him slow down. Shadows pooled in the corners, and every creak sounded louder than it should. The air felt heavy, as if the building remembered too much. He walked back outside and felt relieved by ordinary daylight.",70.36557,4.253704,282,9.049999,1,0.115780085,485.7068,4.6050763,0.0,43106,753,0.017468566,6.6240654,3.4910557,4195.0806,0.6686254143714905,1.0
"Context:
The painting looked ordinary until the restorer explained its provenance in detail. The origin of the blue pigment was a mined mineral, and the source documents for the sale were stored in a municipal archive. When a signature turned up under varnish, the story of where it came from shifted again. The owner stared at it like it had just changed shape.",72.78608,4.2875247,283,9.65,0,0.16305201,514.23083,5.8623114,0.0,55748,757,0.013578963,6.629363,3.9590945,3153.7842,0.6686177253723145,1.0
"Context:
At the bike shop, the mechanic listed the tire width, rim depth, spoke count, and weight as quantifiable attributes that mattered for long rides. The store also had a special discount weekend tied to a local charity race. Customers weighed the numbers against their budget and asked about rolling resistance. A small sign called it a notable weekend offering with limited appointments for fitting.",123.1527,4.813425,284,10.0,1,0.12757505,443.24063,4.4914117,0.0,56498,761,0.013469503,6.6346335,3.9847698,3474.3518,0.4593576192855835,1.0
"Context:
Our neighborhood group asked for small donations to restock the shelter pantry, so I shared the link in the thread. I also warned people not to bring anything from the recent Listeria-affected product list. Someone thanked me and said they’d switch to sealed items only. The next day, the pantry shelves were full again.",78.340706,4.3610673,285,9.474997,1,0.14751057,520.2106,5.4871078,0.0,54265,760,0.014005344,6.6333184,3.8713124,3526.5984,0.6535691022872925,1.0
"Context:
During the conference at Expo Hall 7, the badge scanner beeped and flashed ID: 009381, then synced after a quick restart. A keynote slide compared RAM, SSD, and GPU performance, using commas and conjunctions to jam points into one line. The sponsor booth handed out a lotion sample listing niacinamide and salicylic acid with a pH note. Between sessions, we picked lunch from sandwiches, soup, or salad, and the program credited Prof V at the Intl Tech Org.",176.93057,5.1757574,286,10.4375,0,0.17467287,870.55646,7.001107,0.0,81764,762,0.009319505,6.6359468,4.208885,4983.925,0.17575401067733765,0.0
"Context:
The teacher returned the exams with a single number in red ink at the top of each page. My score was high, but the class average was lower than expected, so the grading curve shifted. Later that day, the school portal displayed our rank within the year group, and the chatter in the hallway changed instantly. Even students who never talked about points suddenly cared about where they stood.",57.571472,4.053027,287,8.56875,1,0.12861045,591.8722,5.439258,0.0,59460,757,0.012731248,6.629363,3.777042,4602.0537,0.6832253932952881,1.0
"Context:
The gym smelled like rubber mats and cold metal, and every shout bounced off the walls. On the court the match came down to positioning and quick actions, with each player covering space and reacting instantly. The sounds made every movement feel larger than it was. When we stopped, my ears kept ringing.",87.741936,4.4744,288,8.175,1,0.103227355,464.4737,4.290625,0.0,46822,754,0.016103541,6.6253924,3.517112,4499.5215,0.6900318264961243,1.0
"Context:
The presenter started with global locations/events, then pulled up a browser and used the World Wide Web to show archived footage. Links led to old maps, scanned newspapers, and forum posts from the era. Watching it unfold online made it feel immediate. The room stayed silent until the last tab closed.",92.523964,4.5274677,289,9.225,0,0.11805184,955.4888,5.7819495,0.0,46823,756,0.016145911,6.6280413,3.4526796,8093.8066,0.6098235845565796,1.0
"Context:
During the home renovation, I measured the doorway and the cabinet depth so the delivery wouldn’t become a disaster. The contractor shared a spreadsheet tracking costs, rates, and performance milestones for each week of work. In the neighborhood forum, people compared traffic numbers and argued about which street had the highest rank for noise complaints. I chose a countertop after reading about its chemical composition, strength, and finish color. When the final invoice arrived, it included labor amounts, material prices, and a premium for weekend scheduling.",102.97931,4.634528,290,8.924999,0,0.11369937,555.51776,4.7884073,0.0,79528,762,0.009581531,6.6359468,4.0172777,4885.847,0.17000341415405273,0.0
"Context:
She introduced herself as a researcher, but her work was tightly defined. Her area of focus was computational linguistics, and she could explain it without drifting into unrelated topics. When someone asked about marketing, she redirected gently and stayed within her expertise. By the end of the conversation, everyone knew exactly what field she belonged to.",43.47145,3.7721045,291,9.2875,1,0.16112387,525.5188,5.797488,0.0,50550,761,0.015054402,6.6346335,3.8519707,3261.5825,0.5091866850852966,1.0
"Context:
The newsletter advertised a pop-up market with services, tastings, and a small lecture series. The location was a refurbished warehouse, and the entry hall displayed sponsor logos and product booths. I overheard a debate about the Sermon on the Mount while someone tested a face cream sample. By the end, I had a coupon, a new recipe, and a clear memory of the venue.",61.6294,4.121139,292,9.043751,0,0.11981557,438.27283,4.6583037,0.0,60958,764,0.0125332195,6.638568,3.8349357,3657.8953,0.41076305508613586,0.0
"Context:
At the community fair, someone demonstrated a homemade chili recipe while another booth handed out samples of a new lip balm. A small zine at the entrance showed close-up drawings of eyebrows, noses, and smiles, and also ran a short piece about housing stress in the neighborhood. Visitors flipped pages with chili on their fingers and laughed at the cartoons. The mix of beauty tips and public worries felt oddly normal.",88.076706,4.478208,293,8.78125,1,0.15622213,642.4053,6.4671755,0.0,63927,761,0.011904203,6.6346335,3.8384702,4112.127,0.4467931389808655,0.0
"Context:
The trail begins at the park gate and climbs toward the ridge in steady switchbacks. At the top, a lookout point frames the lake and the farms below. We rested beside a stone marker that tourists keep photographing. On the way down, the scent of pine followed us back to the parking lot.",61.203327,4.1142015,294,9.906249,1,0.110410504,589.01636,4.8319983,0.0,47575,758,0.015932737,6.6306834,3.4759417,5334.7856,0.6572840213775635,1.0
"Context:
I posted a donation request with a link to the fundraiser and said I was doing it after seeing the damage in person. I explained what I saw and why I couldn’t just scroll past it. A friend sent me a private message saying the story convinced him to contribute. I thanked him and went back to work.",37.637524,3.6280015,295,7.7343745,0,0.118938535,517.5564,4.968313,0.0,50541,751,0.014859223,6.6214056,3.6075773,4351.461,0.7260659337043762,1.0
"Context:
The post said to meet outside the bookstore at Nørregade 21, with a note about the side entrance near the courtyard. In the comments, people asked if the street name had changed after the recent construction. Someone replied with a corrected pin and a photo of the storefront. A few minutes later, everyone confirmed they had the right place saved. The exact location details kept the plan from falling apart.",78.168274,4.358864,296,8.3375,0,0.09374837,528.173,4.5307217,0.0,63160,747,0.011827106,6.616065,3.534809,5633.943,0.7117511034011841,1.0
"Context:
The gallery held a special opening for a new exhibit, turning it into an exceptional evening with formal pacing and attentive service. I spoke with an artist who described her area of expertise in printmaking and the tools she relies on. A small table sold a holiday special edition set of cards that were hand-crafted and slightly different from one another. The gallery’s audio tour had enhanced features, including clear captions and better navigation. In the coat check line, someone brought up a special counsel headline while another mentioned special education specialists and special economic changes affecting grant funding.",119.765114,4.7855325,297,9.774998,0,0.15664484,907.71436,6.1790524,0.0,86981,772,0.008875501,6.6489844,4.3486705,5794.729,0.04371170699596405,0.0
"Context:
The magazine’s cover story promised practical solutions to the city’s congestion problem. Inside, an interview with planners made the situation sound both fixable and stubborn. I read it on the bus, watching traffic crawl past the window as if it were proving a point. By the last page, the topic felt personal.",83.78021,4.428197,298,9.575,1,0.12969983,447.429,4.4651017,0.0,51286,757,0.014760364,6.629363,3.9368622,3449.7268,0.6281002759933472,1.0
"Context:
On a crowded thread, people compared their experiences like it was a late-night chat room that never closed. One user pasted a neat checklist of what the tool offers, from dark mode to export buttons and keyboard shortcuts. Replies rolled in fast, arguing which feature actually saves time. Someone else posted screenshots and asked if the newest update broke anything. By morning the discussion had turned into a practical guide built from dozens of comments.",89.993706,4.4997396,299,8.90625,1,0.15532896,647.6091,6.2585545,0.0,66892,755,0.01128685,6.6267176,3.986987,4169.2744,0.6598994731903076,1.0
"Context:
The online order looked simple until the shipping calculator asked for exact dimensions and mass. After entering the measurements, I reviewed a report summarizing costs, rates, and other tracked statistics from recent deliveries. The vendor page showed a popularity score, traffic count, and a rank badge that seemed designed to pressure buyers. I clicked into the specifications to confirm material, size, and strength because the item had to survive outdoor use. When the invoice arrived, the amounts, price adjustments, and fees were detailed enough that I could reconcile them against the budget.",98.36087,4.588643,300,9.0625,0,0.13637821,1040.4211,6.390124,0.0,82503,759,0.009199666,6.632002,4.0316706,7628.9395,0.09487664699554443,0.0
"Context:
A brewer recorded specific gravity, pH, and fermentation rate as quantities tied to measurement. She also kept a list of quantifiable attributes of the final drink, like alcohol percentage, bitterness units, and color value. When the rate slowed, she adjusted temperature to stabilize the batch. The notes ended with a clean table of final numbers.",84.729034,4.4394584,301,9.2,0,0.11818087,525.5188,4.960696,0.0,51276,750,0.014626726,6.6200733,3.5656922,4446.733,0.7260659337043762,1.0
"Context:
We toured a renovated theater where a memorial plaque listed donors’ names in a tight grid by the entrance. Fei teased me for reading every line, then pointed out a company name she recognized from a finance app. In the foyer, a volunteer offered a sign-up link for the theater’s loyalty program and asked me to confirm my name exactly as it would appear. A patron paused near the coat check to use a quick-relief inhaler, then thanked the staff for keeping the air filters running. The program booklet had a raised floral pattern pressed into the cover, framing the brand name like a decorative border.",117.14069,4.7633758,302,9.1875,0,0.10144305,655.5715,4.895814,0.0,96619,763,0.007896997,6.637258,4.00023,6462.458,0.06288771331310272,0.0
"Context:
You are halfway through a casual chat thread where someone keeps asking what you want and how you feel about the plan. A linked page opens with a guide that tells you what you can press and what you should expect on the next screen. The jump from conversation to instructions is abrupt, but both parts keep addressing you directly. You follow the steps, then go back and answer the original question. The thread continues as if nothing happened.",37.211876,3.616628,303,7.9499984,0,0.15378563,636.9925,6.179384,0.0,66152,756,0.011428226,6.6280413,3.992451,4142.0806,0.6345570087432861,1.0
"Context:
The seller expected the full wire to hit his account that afternoon, but the amount was lower than he thought. The escrow email pointed to a required withholding that had to be taken from the sale price. It was not a penalty, just a tax payment routed through the transaction. When the confirmation arrived that the remittance had been sent, the confusion faded.",58.929207,4.076337,304,9.474999,1,0.16366223,626.376,6.861005,0.0,55742,756,0.013562485,6.6280413,3.7301362,3827.2483,0.6986532211303711,1.0
"Context:
After the checkup, I started the prescribed antiviral and set an alarm so I wouldn’t miss a dose. Once I got home, I opened my laptop and updated the project tracker for the marketing automation work I’m doing. The contrast felt odd: pills on one side of the desk, code on the other. By the time I shut the lid, my head was clear enough to sleep.",51.18324,3.9354122,305,8.643753,0,0.09148637,368.92484,3.73088,0.0,64652,753,0.011646971,6.6240654,3.7817779,4032.566,0.545828640460968,1.0
"Context:
A weekly paper arrived with a long feature that framed a local dispute as a growing controversy. At the bottom, a storefront ad promised same-day repairs and tried to sell a new service package. Neighbors argued about the issue while still clipping the coupon. The publication managed to stir conflict and move products at once.",137.2562,4.9218493,306,9.96875,1,0.12140851,390.15793,4.65961,0.0,49058,755,0.015389946,6.6267176,3.6517243,3213.5962,0.6545518040657043,1.0
"Context:
This sauce comes from a recipe my neighbor learned in Naples. The base is tomatoes, garlic, and olive oil, simmered until the edges turn sweet. A pinch of oregano goes in near the end, and the chili flakes are added last. The result tastes like it was built from simple parts that fit together perfectly.",37.833866,3.6332047,307,7.71875,1,0.24686006,519.34753,6.3202753,0.0,52075,756,0.014517522,6.6280413,4.5156713,2103.8135,0.7324983477592468,1.0
"Context:
I posted the donation link because the scholarship deadline was close and we were short on funds. Fjord Group, a parent company of Nordic Freight, offered matching support, and the Hamburg branch was listed, in the sponsor line. The impact sheet showed 14,900 attendees, a 2–1 final score, and 2.1 million DKK raised after costs. During the night, I walked from the gate to the stands and into the concourse when the rain began. I explained why I was pushing the link so hard because people thought it was just advertising.",74.00499,4.3041325,308,8.525,0,0.1428661,575.0586,5.464318,0.0,86976,769,0.008841519,6.645091,4.309803,4025.1577,0.05111246928572655,0.0
"Context:
During editing he kept checking bitrate and resolution, because the service kept flagging anything above a certain size. He skimmed the platform’s upload guidelines on the same dashboard and adjusted his encoder settings. In the export dialog he labeled the preset for [1080] so he’d pick the right output next time. Once it finished, he shared the video through the online menu and watched it load cleanly on mobile.",133.85646,4.896768,309,9.4375,1,0.15078028,966.1053,6.296111,0.0,67638,758,0.011206718,6.6306834,3.9997158,6407.3716,0.5304837822914124,1.0
"Context:
They framed the discussion of the World Trade Center as part of global affairs, then asked us to research reactions in different countries. The assignment required the World Wide Web because the sources were scattered across archives and museum sites. I found a survivor interview and an old policy memo within minutes. The speed of access felt unsettling.",104.91931,4.6531916,310,9.34375,0,0.11774951,467.12784,4.4977713,0.0,49057,756,0.015410645,6.6280413,3.7581153,3967.1318,0.6786417365074158,1.0
"Context:
I watched ""Succession"" with my sister, and I laughed louder than usual because I needed the distraction. I told her I’d been stressed after checking my voter registration earlier in the week. I made tea, turned the volume down, and tried to stop doom-scrolling. By the end of the episode, I could breathe again.",55.997375,4.025305,311,9.174997,1,0.11904147,345.0376,4.56018,0.0,54997,753,0.013691656,6.6240654,3.7661793,2898.4653,0.6212776899337769,1.0
"Context:
The charity run ended in a tented pavilion where volunteers handed out drinks and asked runners to scan a loyalty code for rewards. I heard Fei calling my name from across the crowd, waving her phone like a beacon. Near the medical table, someone used a quick-relief inhaler, breathing slowly until the wheeze eased. A sponsor board listed business names and legal names in tiny print, and a local newspaper had a memorial insert honoring a coach, names filling an entire page. The finisher ribbon came in a sleeve with a raised floral pattern framing the sponsor’s brand name.",158.28976,5.0644274,312,9.48125,0,0.09467325,790.9324,5.021515,0.0,92160,762,0.008268229,6.6359468,3.8016856,8354.338,0.05818430334329605,0.0
"Context:
In the back of the magazine, a small column tracked the same ongoing problem month after month. The language was calm, yet every update sounded more urgent than the last. I set the issue down and realized I had been holding my breath. A periodical can make a slow-moving concern feel immediate.",67.856926,4.2174015,313,9.031249,1,0.11200609,581.2557,4.99068,0.0,47564,751,0.015789252,6.6214056,3.4324439,5189.5005,0.7408725023269653,1.0
"Context:
A choir performed at a special holiday service that made the night feel exceptional and formal. Afterward, I spoke with the conductor about her area of expertise in vocal training and the specific techniques she teaches. In the lobby, volunteers sold a holiday special edition CD with a hand-crafted cover insert. The venue had enhanced features this year, including clearer signage and better accessibility routing. In the parking lot, someone mentioned a special counsel story on the news while another discussed special education specialists and special economic support for arts programs.",90.474396,4.505067,314,9.09375,0,0.1102138,639.26416,4.8040824,0.0,78792,763,0.0096837245,6.637258,3.9812262,5800.2188,0.1564350426197052,0.0
"Context:
Fei texts you first and asks if you want to try the new café, then follows up with a discount code you can use at checkout. You reply that you are busy, and Fei immediately says you will still have time if you leave ten minutes earlier. The message reads like a tiny promotion, pushing what you get and why you should act today. You laugh and tell Fei you will decide after your meeting. Fei answers that you should at least claim the code before it expires.",51.342335,3.9385157,315,8.275,1,0.15422864,554.7143,5.403017,0.0,74325,754,0.010144635,6.6253924,4.3375254,3596.701,0.6775898933410645,1.0
"Context:
The box for the router spelled out exact software requirements and hardware specs in tiny print. Beside it, a glossy catalog linked the product to a well-known company brand and promised long-term support. She trusted the purchase because the specifications were clear and the manufacturer name was familiar. The decision felt half technical, half loyalty-driven.",99.59869,4.601149,316,9.5,1,0.13739246,674.1504,5.9657164,0.0,52770,758,0.014364222,6.6306834,3.590643,4906.7495,0.663594663143158,1.0
"Context:
I dropped the advertisement link for the concert tickets, and I added the video clip so people could hear the band. I wrote it in first person and said I was sharing it because the venue had been good to me. Several strangers messaged me and asked where to park. I replied quickly and then muted notifications.",60.05708,4.0952954,317,8.71875,0,0.10945441,301.03745,4.210553,0.0,49057,761,0.015512567,6.6346335,3.6339197,2750.3455,0.430897057056427,0.0
"Context:
My phone kept insisting the museum was 'two minutes away' even though the blue dot floated in the wrong block. I read the directions aloud, including the building name and the side street, until the taxi driver nodded. He dropped me beside the exact entrance marked on the sign, not the gift-shop door around back. The whole problem had been a tiny mismatch between the listed location and the actual doorway.",103.91544,4.6435776,318,9.025,1,0.0986749,499.68683,4.246682,0.0,63178,758,0.011997847,6.6306834,3.75675,5063.9707,0.6253236532211304,1.0
"Context:
Our coach labeled the plan as week one, week two, and week three, each with a different focus. The first week was all basics, but the second week introduced harder drills. I kept rereading the third module because it explained what changed between level one and level two. When the fourth week arrived, the choices for advanced sessions finally made sense.",55.120853,4.009528,319,9.375,1,0.15447429,491.01508,5.151817,0.0,55007,759,0.013798244,6.632002,4.063141,3178.62,0.6761261224746704,1.0
"Context:
A monthly magazine published a piece that framed a minor dispute as a full-blown controversy. Online comments turned the article into the problem itself, with readers accusing the editors of inflaming things. The next issue promised a response, which only escalated the attention. The publication became the battleground.",58.033638,4.0610228,320,7.90625,0,0.15533929,565.3309,5.391642,0.0,45347,756,0.016671445,6.6280413,3.870683,3639.3296,0.7028902173042297,1.0
"Context:
The signup banner offered premium access for [14] days, and a small tooltip explained what that included. She opened the pricing modal and confirmed the renewal date. She explored the settings menu, turned on two-factor login, and tried the new search feature on the site. By the time she logged out, the platform felt much smoother than last week.",74.9921,4.317383,321,9.4375,0,0.119274214,353.00003,4.61375,0.0,56487,755,0.013365908,6.6267176,3.7624836,2959.567,0.6212776899337769,1.0
"Context:
A local shop released a special edition scarf for the winter market, hand-stitched with a small label. The tag also showed quantifiable attributes like length, width, and fabric weight. Shoppers held it up to check the size. The cashier quoted the price and reminded them the edition was limited.",65.532715,4.1825495,322,8.075,1,0.14171524,881.173,6.4820595,0.0,48312,759,0.015710382,6.632002,3.4541147,6217.9126,0.6241992712020874,1.0
"Context:
The holiday market featured unique handmade ornaments, each sold as a special edition with a tag signed by the maker. Vendors also pointed out special features, like glow-in-the-dark paint and a hidden compartment for a note. Shoppers picked up pieces and inspected the details. Many bought extras because the editions were limited.",58.52043,4.069376,323,8.875,0,0.1723606,684.76697,6.6115646,0.0,52772,758,0.014363678,6.6306834,3.8390882,3972.874,0.678490936756134,1.0
"Context:
Her voice stayed calm when the meeting got tense, and it steadied the room. She listened without interrupting and answered questions with a direct, patient tone. Small details never slipped past her, even when the discussion moved fast. By the end, everyone trusted her judgment more than before.",52.8032,3.9665718,324,7.09375,1,0.08480471,451.20303,3.7072728,0.0,45336,755,0.016653432,6.6267176,3.3755903,5320.495,0.689079999923706,1.0
"Context:
When we renewed the insurance policy, the agent didn’t talk in generalities. She compared last year’s premium to the new one and explained which rate factors moved. The total amount due was manageable, but the increase still changed how I planned my expenses. I signed after I understood the financial metrics behind the quote.",106.47082,4.667871,325,9.4625,1,0.16619839,485.7068,5.518807,0.0,52028,757,0.014549858,6.629363,4.060346,2922.452,0.6703281998634338,1.0
"Context:
Lev insisted we go early to avoid the worst of the heat, but the line for voter-roll corrections still wrapped around the building. We traded places in the shade and watched the sunlight bounce off cars. When it was our turn, the clerk stamped the forms and thanked us for coming prepared. Walking back, Lev said he’d never cared so much about a cold breeze.",99.79746,4.6031427,326,8.924999,0,0.11899981,440.5865,4.67856,0.0,59464,760,0.012780842,6.6333184,3.8384717,3702.4133,0.6299369931221008,1.0
"Context:
The product sheet listed medical and chemical terms like NaCl, pH 5.5, and 70% isopropyl alcohol for the disinfectant spray. I judged it by its attributes, looking for a mild scent and a non-sticky finish. After two uses, the odor was sharp but the surface dried fast. The qualities that mattered most turned out to be simple: it cleaned without leaving residue.",71.52467,4.2700424,327,8.9375,1,0.13991985,615.7594,5.5760612,0.0,63171,755,0.011951687,6.6267176,3.9495447,4400.801,0.630024254322052,1.0
"Context:
On the map, the café is on the 5th street corner, and the book club meets in the 2nd room behind the counter. I joined the 3rd table because the first two were already full. Someone mentioned a strange story about the owner, and I asked for the source instead of repeating it. The barista laughed and pointed to the local newspaper clipping pinned by the register.",47.91716,3.8694737,328,7.90625,1,0.15664843,727.2331,6.6297126,0.0,60210,764,0.012688922,6.638568,3.825856,4642.4536,0.629319429397583,1.0
"Context:
I downloaded a chart and wanted to verify its source before using it in a report. The origin line in the footer claimed one institute, yet the provenance note in the metadata pointed to a contractor. After a few emails, the original author confirmed where it came from and attached the raw file. The corrected version looked almost identical, which was the unsettling part.",65.098465,4.175901,329,8.53125,0,0.16582474,575.9474,6.1957483,0.0,56500,762,0.013486725,6.6359468,3.927792,3473.2295,0.48488524556159973,1.0
"Context:
The fundraiser auction catalog was heavy with names, from honorees to sponsors, some drawn from old news stories and some from local businesses. Fei circled a few entries with a pen, whispering which ones she thought would bid high. A guest near the stage paused to use a quick-relief inhaler, then returned to the crowd with a glass of water. The checkout desk asked for my name exactly as it appeared on my bank account, and the receipt included the legal entity name and a finance partner. The catalog cover had a raised floral pattern framing the brand name, and it felt oddly comforting under my thumb.",91.69868,4.518508,330,9.275,0,0.16056556,891.7895,6.529931,0.0,94403,767,0.008124742,6.6424866,4.3422537,5554.0522,0.06665151566267014,0.0
"Context:
A global affairs seminar drifted into a discussion of the World Trade Center, and the room grew tense. After class, I searched the World Wide Web for primary sources to ground what we had heard. The links led to international coverage from dozens of outlets. Seeing the same day described so differently made my stomach drop.",96.15893,4.5660024,331,8.9125,0,0.1597617,652.9173,6.393116,0.0,48318,761,0.015749823,6.6346335,3.6574645,4086.82,0.5061971545219421,1.0
"Context:
I replaced a driver, updated the OS, and verified the hardware specs so the editing suite would stop throwing errors. The periodical I worked on was closing an issue centered on a public dispute, and every headline felt like it could ignite another argument. The art team scrutinized a portrait’s mouth and brows because the piece was about stigma and social policy. When the deadline passed, we shelved the new magazine next to old issues and collected anthologies for future reference.",139.60202,4.9387956,332,9.8875,0,0.13926488,552.0602,5.175334,0.0,74342,767,0.010317183,6.6424866,4.179738,3964.1018,0.14042232930660248,0.0
"Context:
The lakeside resort looked like an easy place to rest, with wide porches and slow mornings. By noon, a busy regatta turned the shoreline into a high-activity scene full of rival crews and shouting spectators. Water slapped against docks, sunscreen mixed with diesel in the air, and flags snapped sharply in the wind. The day had a clear identity, sunny and purposeful, built around the race schedule. The vibe stayed upbeat and charged, even for people who never touched a boat.",92.22888,4.5242734,333,9.424999,0,0.09914684,440.5865,4.007063,0.0,76564,763,0.009965519,6.637258,3.9959557,4443.7773,0.21015851199626923,0.0
"Context:
You skim a blog post that talks to you like a friend, then suddenly it turns into a pitch telling you why you should buy the product today. The writer keeps using you in casual asides, but the sales lines are sharper and pushier. A few sentences later, it slides back into a normal story and asks what you would do in the same situation. You catch yourself nodding along even though you did not plan to. You exit before the checkout link tempts you again.",52.033604,3.9518898,334,8.94375,0,0.14654244,422.00754,5.1645994,0.0,74335,760,0.010223986,6.6333184,4.274008,2879.7632,0.3026999831199646,0.0
"Context:
The troubleshooting guide used conjunctions, punctuation, and abbreviations everywhere, from CPU/GPU toggles to notes like i.e. and etc. The chair listing also included attributes such as load rating, finish, and warranty length. I compared the features, then followed the manual to tighten the base. Once assembled, it felt solid and looked better than the photos.",92.56536,4.527915,335,9.775,1,0.14283186,565.3309,5.559499,0.0,58721,760,0.012942559,6.6333184,3.9001527,3958.0166,0.6515660881996155,1.0
"Context:
The island harbor was a positive place to arrive, with calm water and easy smiles at the docks. By night, a crowded dance party pushed the energy into something intense, with people moving shoulder to shoulder and trying to outdo each other on the floor. Bass thumped in the chest, salt air mixed with perfume, and laughter kept breaking over the music. The evening had its own quality, like summer concentrated into a few hours. The overall feel stayed playful and electric, impossible to ignore.",83.42263,4.4239197,336,9.462498,0,0.1149295,690.0752,5.1990137,0.0,75811,758,0.009998549,6.6306834,3.8532934,6004.335,0.23673371970653534,0.0
"Context:
A small shop promoted its holiday bundles with bright signs and a loudspeaker on the sidewalk. Inside, the owner bragged about partnering with a respected company brand for the featured items. Customers asked as many questions about the manufacturer as about the sale itself. The whole pitch relied on advertising and the names behind it.",81.84046,4.404772,337,9.424999,0,0.14452696,711.84436,5.877936,0.0,48310,756,0.015648933,6.6280413,3.6447592,4925.34,0.6799666285514832,1.0
"Context:
The article quoted AB as the spokesperson for the Natl Transit Auth. It referenced a short clip from the series River St, but the title was cut off mid-word in the caption. Next to the quote, the byline read SJ, which didn’t help much. The whole page leaned on abbreviations as if detail were optional.",129.15596,4.8610206,338,10.0,1,0.17055357,881.173,6.6032147,0.0,54266,758,0.01396823,6.6306834,3.901171,5166.547,0.6767013669013977,1.0
"Context:
The landlord’s maintenance service replaced a broken smoke alarm and updated the compliance log. The new device had a sharper alert quality, which surprised everyone during the test. The unit was sourced through the approved vendor list, and the mounting plate component fit the existing holes perfectly. Some of the tenants’ association members asked for the same upgrade, while the rest just wanted the work finished quickly.",123.83414,4.818943,339,9.80625,0,0.15681578,1072.2708,6.965359,0.0,60950,762,0.012502051,6.6359468,3.8087358,6837.773,0.40705835819244385,0.0
"Context:
A cruise line advertised a special sailing with formal dinners, and the atmosphere truly felt exceptional. I joined a lecture where the host explained her area of expertise in marine biology with careful boundaries. In the onboard shop, a holiday special edition bracelet was sold in small numbers and looked hand-crafted rather than mass-produced. The cabin TV interface had enhanced characteristics after an update, making it easier to request services. On the final day, passengers discussed a special counsel headline, and a teacher described special education specialists while another guest talked about special economic policy debates back home.",129.90627,4.866813,340,9.549999,0,0.1141191,602.97406,4.905686,0.0,85480,763,0.008926065,6.637258,4.058545,5283.726,0.08436749875545502,0.0
"Context:
On the platform, the new layout added a search bar, a saved-items drawer, and a cleaner profile page with fewer clicks. She experimented with the privacy switch and saw the change apply instantly. She used it to post a match recap and included proper names and a final score so the story was easy to follow. Within minutes, friends started replying with their own reactions.",88.31751,4.4809384,341,8.512499,1,0.11156423,520.2106,4.4258423,0.0,58721,758,0.0129085,6.6306834,3.8468227,4662.88,0.6284316778182983,1.0
"Context:
The giveaway announcement went out with a link and a short video teaser. Meridian Holdings, through Arden Labs, involved its northern branch, and the company description used commas the way legal teams like. I submitted the post myself because I wanted to make sure the form did not break. The summary listed 1.3 million views, 42,000 clicks, and 12 scholarships confirmed. After the launch, we moved from the lobby into the main room and toward the front row as seats filled.",109.930374,4.699847,342,9.75,0,0.13435692,594.5994,4.930202,0.0,75085,766,0.010201772,6.641182,4.23683,4425.5215,0.1393163651227951,0.0
"Context:
My grandmother showed me a ring and claimed it had been in the family for generations. I asked where it came from, and she described its origin as a wedding gift from a town she no longer visited. Later we found a document that listed provenance through two owners before it reached her. The story became richer once the source stopped being a mystery.",52.528965,3.9613647,343,7.9937468,0,0.13506278,398.12033,5.0592613,0.0,54270,761,0.01402248,6.6346335,3.7848094,2947.6687,0.4281088411808014,0.0
"Context:
The charity run required a gear check, so I wrote down the bike’s overall length and the weight of the tool kit attached to it. The organizer emailed a report of measured participation numbers, cost breakdowns, and performance benchmarks for timing. Results went live and everyone argued about rank, points, and who had moved up in status since last year. I picked up a replacement chain after reading the specs on material hardness and size compatibility. Later, I transferred an amount to cover the entry fee and noticed my salary deposit had arrived the same afternoon.",134.42511,4.901007,344,10.04375,0,0.11794852,1013.87976,6.0066643,0.0,84729,764,0.009016983,6.638568,3.8743079,8595.951,0.09251494705677032,0.0
"Context:
I pinned the restaurant location from the message, including the exact address and the nearby landmark, because the area is confusing at night. On a forum I follow, a long discussion broke down tax withholding at real estate closing and how the withheld percentage gets remitted to authorities. The replies wandered into talk about inequality in housing and who gets priced out, and the tone shifted from advice to frustration. Back home, I updated my operating system and published a tidy summary of my week with a small product review embedded. The jumble of logistics, money, and tech felt like a normal day online.",108.020256,4.6823187,345,9.625,0,0.1260522,593.54004,5.9107122,0.0,89930,763,0.008484377,6.637258,3.9658253,4708.6846,0.07998697459697723,0.0
"Context:
In the museum, the curator talked about the origin of the bronze statue and how it changed hands over centuries. She walked us through an ordered list of owners, and the 1st was a merchant while the 4th was a royal collector. When someone asked for the source of the story, she pulled out a ledger copy. The provenance note in the margin was dated in faded ink.",45.76617,3.8235452,346,9.1875,1,0.19148965,552.7262,6.9679303,0.0,60209,763,0.012672524,6.637258,4.025345,2886.4546,0.5810444355010986,1.0
"Context:
The charity run sent an email with the schedule and a list of events for the weekend. It included check-in times, the kids’ race, and the main start, all in a simple order. I pinned the list to my fridge so I would not miss the early slot. The list turned a chaotic weekend into something manageable.",77.32525,4.3480206,347,9.5625,1,0.10765927,446.64746,4.253241,0.0,52775,760,0.014400758,6.6333184,3.6594672,4148.7134,0.6525332927703857,1.0
"Context:
The bookstore displayed a quote on a chalkboard without attribution. I asked the clerk for the source, and she admitted she copied it from a social post. We searched for the origin and found it was misattributed, lifted from a contemporary essay. Correcting the source made the quote feel less magical and more honest.",46.676323,3.8432372,348,8.068749,0,0.16581106,491.20557,5.867946,0.0,49811,760,0.015257674,6.6333184,3.8599975,2962.4414,0.6703281998634338,1.0
"Context:
The new website looked fine, but the leaderboard widget was pulling the wrong ranks. I dug into the admin panel, adjusted the settings, and watched the opponent list reshuffle. Seeing the correct placement made the whole page feel more honest. After I pushed the fix, the standings finally matched reality.",71.763466,4.2733755,349,8.862499,0,0.106131166,411.391,4.302501,0.0,46831,755,0.0161218,6.6267176,3.464745,3876.2505,0.6738059520721436,1.0
"Context:
The historic district had a positive charm that made them slow their pace and look up at balconies. Around the corner, a crowded street parade turned everything into a high-intensity rush of drums, chanting, and people squeezing through narrow lanes. The smell of incense and sweat hung in the air while confetti stuck to damp skin. That particular hour felt unique, like the city had switched into a different mode for a brief window. The vibe was jubilant and rowdy, but still somehow affectionate.",62.701523,4.138386,350,8.53125,0,0.08524469,390.15793,3.6317227,0.0,78775,756,0.009596953,6.6280413,3.9259744,4576.9175,0.4080791473388672,0.0
"Context:
The mountain village was a good place to slow down, with clean trails and friendly cafés. That afternoon, a downhill race brought a high-energy crowd that made the main road feel like a boiling stream of bodies. The air smelled of pine and hot chocolate, and skis scraped loudly on the snow near the lifts. Even the cold hour before dusk carried a crisp, special quality that changed the mood. The atmosphere stayed bright and spirited long after the winners were announced.",67.102806,4.206226,351,9.0875,0,0.15561487,660.87976,5.9070916,0.0,73586,762,0.01035523,6.6359468,4.1455607,4246.8936,0.21641220152378082,0.0
"Context:
The streaming recap said 14,300 views came in overnight, and the creator pinned the statistic at the top. In the same post, a donation drive total of 63,000 kroner was celebrated in bold text. People argued in the comments about whether the growth was organic. I just watched the counters climb.",126.835594,4.8428917,352,9.875,0,0.16072197,542.3728,5.868636,0.0,49064,757,0.015428828,6.629363,3.8143058,3374.6028,0.6799463033676147,1.0
"Context:
Fei notices you are short of breath on the walk and asks if you brought your quick-relief asthma medication. You nod, take it out, and use it before you start climbing the stairs. Fei stays close and talks you through slowing down until the tightness eases. When your breathing steadies, Fei tells you to message later if you feel it coming back. You thank Fei and suggest taking a calmer route home.",54.35295,3.995499,353,9.375,0,0.18168226,437.93234,6.0778565,0.0,67643,756,0.011176323,6.6280413,4.2981815,2410.43,0.6856947541236877,1.0
"Context:
At the small cemetery, I traced the carved letters on a headstone and read the name out loud under my breath. An older woman nearby nodded and told me it was her grandfather, then shared a story that made the dates feel less distant. Later that day, I opened an online obituary and saw familiar names in the guestbook, each message signed like a quiet handshake. The repetition of names made the town feel stitched together, even across decades. I closed the page and sat with the strange intimacy of it.",61.052574,4.1117353,354,8.812499,1,0.12145735,429.96994,4.90027,0.0,81012,762,0.009406014,6.6359468,4.0623713,3540.0898,0.33586281538009644,0.0
"Context:
She described the resort as easy to love because everything worked without fuss. The staff remembered names, the pool stayed warm, and the morning pastries were always fresh. A short path led to a quiet viewpoint that made the day feel longer in the best way. The whole stay carried the sense that rest was the default.",93.4503,4.53743,355,9.3125,1,0.10589762,425.1732,4.701989,0.0,49799,756,0.015181027,6.6280413,3.4025435,4014.9456,0.6941857933998108,1.0
"Context:
The real estate agent scheduled a viewing and brought along a stager to adjust the rooms before buyers arrived. Everyone commented on the apartment’s bright quality, especially the way the hallway felt open. The kitchen’s countertop was cut from stone sourced in northern Italy, and the sink assembly is a component that matches the original brand. A member of the building’s owners’ group reminded us that only some of the shared storage is included in the sale.",90.99492,4.5108037,356,9.0125,0,0.16190225,527.02264,5.7827463,0.0,73598,768,0.010435066,6.64379,4.2566113,3255.1904,0.22737784683704376,0.0
"Context:
The technical sheet lists sodium chloride as the base and describes the solution as isotonic. It specifies storage at 2–8°C and notes that contamination can alter the chemical stability. A caution line refers to sterile handling and proper disposal of the container. The language feels closer to a lab bench than a marketing brochure.",84.4504,4.4361644,357,9.575,1,0.18730879,684.76697,6.8131833,0.0,49800,754,0.015140562,6.6253924,3.884675,3655.8186,0.7750773429870605,1.0
"Context:
The rumor spread fast, but nobody could say who started it. One coworker blamed a friend of a friend, while another insisted it came from management. I asked for the original message and got three different screenshots. The lack of a clear source made it hard to take seriously.",41.3534,3.7221546,358,7.7874975,1,0.120794006,360.96243,5.1013393,0.0,43852,753,0.017171394,6.6240654,3.3392057,2988.2478,0.6258859038352966,1.0
"Context:
Helio Ventures, part of Solara Capital, manages early-stage investments across Europe. The Stockholm office, within the northern region, handles scouting and portfolio support. A new branch in Milan reports to Helio Ventures, and it focuses on biotech. Solara Capital, through its compliance arm, reviews quarterly reporting. The operational description keeps pointing from one unit to another.",94.04256,4.5437474,359,9.4375,1,0.15776104,706.00006,5.59309,0.0,57241,761,0.013294666,6.6346335,4.076145,4475.123,0.5937700867652893,1.0
"Context:
Mina sent a link to a breaking news clip, and the tone was surprisingly positive for once. The article quoted a spokesperson and included a small table of figures tied to budget and rollout timelines. It also listed specific place names and an exact date for the public event. I saved the video locally, converted it to a common file type, and re-uploaded it to a sharing service that plays smoothly on phones. The same browser session ended with me booking a grooming appointment and checking prices for a refurbished monitor.",81.087265,4.395526,360,8.937498,0,0.12621486,566.68396,4.9841805,0.0,79537,767,0.009643311,6.6424866,4.1679697,4489.8354,0.09699413180351257,0.0
"Context:
The banking app opens a form where you must type personal and business names for legal and finance records. It warns you that if you misspell the company name, your transfer could be delayed. You are told to review the contract summary, then choose whether you want to link the account to a loyalty program. The screen explains which option you can enable now and which one requires verification. You double-check every field before you tap submit.",47.586227,3.8625433,361,8.375,1,0.16447566,748.4662,6.5554047,0.0,66887,757,0.011317595,6.629363,3.999808,4550.6196,0.6275750398635864,1.0
"Context:
I kept the opening section short and direct, trimming the introduction until it felt natural. After that I added a list of available features for the app so the client could see exactly what was included. The schedule arrived as a list of acts and times, and we used it to plan breaks and staffing. Help and support staff fixed a billing error while I watched the confirmation screen. I used a line of credit to cover the invoice until the next transfer arrived.",63.066147,4.144184,362,9.1,0,0.13934802,650.2632,5.91887,0.0,70611,763,0.010805682,6.637258,3.9284685,4666.4688,0.3956337869167328,0.0
"Context:
At 19:30 they met outside Tivoli, then walked past the lit signs toward the theater entrance marked Section 7. On his phone, Amir typed sh, then added a quick ! and a stray "")"" before hitting \n on the chat app and apologizing for the messy message. He still managed to post the correct address and seat numbers. The group found the right door without any detours.",160.86421,5.0805607,363,9.506249,1,0.12144556,623.72186,5.5330234,0.0,62432,760,0.012173245,6.6333184,3.658339,5135.8145,0.6178833246231079,1.0
"Context:
We spent the weekend tweaking the website and arguing about which framework felt less fragile under load. The conversation drifted into hardware too, like whether an older GPU still makes sense for light video work. I also drafted a simple list of the weekend events so friends could choose between the concert, the derby match, and the food market. The schedule helped, but the real debate stayed on drivers, updates, and which tools crash least often. Somehow the event plan and the tech talk both got finished.",124.87919,4.827347,364,8.8125,1,0.15389918,513.6446,5.5137177,0.0,75077,765,0.010189539,6.639876,4.244223,3337.5396,0.23279842734336853,0.0
"Context:
Cedar Foods, a division of Larkstone Group, issued a statement about possible Listeria exposure in a supplier facility. The announcement listed the subsidiary, the processing branch, and the distribution center with commas separating each unit. Customers were told to discard certain items and contact support. The whole thing read like a legal notice.",98.62081,4.5912824,365,8.4375,1,0.15881263,721.92487,5.9800467,0.0,52031,760,0.014606677,6.6333184,3.912411,4545.7646,0.6772043108940125,1.0
"Context:
A property appraisal required a certified inspector to check the heating system and note any needed repairs. The report highlighted the boiler’s efficient quality but flagged a rattling sound from one side. The issue came from a worn pump sourced from a discontinued line, and a gasket component had to be ordered separately. Only a few of the co-op members attended the debrief, so the minutes covered the rest.",111.799995,4.7167115,366,9.3125,0,0.14657862,605.1429,5.7520604,0.0,63930,760,0.011888002,6.6333184,4.012037,4128.4526,0.5956599116325378,1.0
"Context:
I told the story in first person because I was the one who called the organizer and asked what they needed. I explained that I donated after hearing the final total reach 7,800 kroner. The moment I hit send, I felt oddly nervous about oversharing. Then messages came in saying the update helped.",75.41046,4.322946,367,8.96875,0,0.11280739,488.36093,4.790264,0.0,49052,755,0.015391829,6.6267176,3.5474484,4329.157,0.6819649934768677,1.0
"Context:
The dust from moving old boxes set my chest off almost immediately. I stepped out to the hallway and used my quick-relief inhaler, trying not to cough too hard. The wheeze loosened, and the sharp edge of every inhale dulled to something manageable. I went back in with a mask and kept the windows open. Every few minutes, I checked that my breathing stayed steady.",47.09218,3.852107,368,8.0375,1,0.08287756,424.66168,4.4887905,0.0,63168,753,0.011920593,6.6240654,3.24268,5123.9644,0.6789416670799255,1.0
"Context:
I wrote the introduction last, then moved it up so the beginning section guided the reader into the details. After that I formatted a list of products and features for procurement to compare. The venue sent a list of events and speakers, and the schedule determined when deliveries had to arrive. When a document upload failed, customer support corrected the permissions and confirmed receipt. We used a credit line to smooth the cash flow until the purchase order was reimbursed.",95.7571,4.561815,369,9.63125,0,0.1834833,658.2256,6.927009,0.0,68399,774,0.011315955,6.6515718,4.0912104,3587.3867,0.256761372089386,0.0
"Context:
The gallery hosted a special opening night, complete with formal attire and a short champagne reception. It showcased unique or notable items, including a one-off sculpture and a numbered print series. Visitors lingered by the rare pieces and asked about availability. The curator reminded them that several works would be sold that evening.",111.91462,4.7177362,370,9.525,0,0.093015976,432.36322,4.1254907,0.0,48313,757,0.01566866,6.629363,3.3934329,4648.2686,0.6539744734764099,1.0
"Context:
The security officer spoke in plain terms about stability across finance, healthcare, and the rest of the business. Meanwhile, the contractor fastened the server-rack door and joined the lock plate securely. The room smelled like metal and cleaning spray. Everyone watched the lock test as if it were a ceremony.",118.88784,4.7781806,371,8.975,0,0.078770995,552.7262,4.0531216,0.0,46820,751,0.016040154,6.6214056,3.0965106,7016.8745,0.7410768866539001,1.0
"Context:
I wrote a numbered list on a sticky note and started with the first item before the kettle boiled. The second item was to call the dentist, so I did it quickly to avoid overthinking. I crossed out the third item once the email was sent. By the fourth item, the page looked calmer than my morning felt.",64.75713,4.170644,372,8.799996,1,0.08603745,463.06357,3.7163668,0.0,51285,758,0.01478015,6.6306834,3.518235,5382.116,0.6702688336372375,1.0
"Context:
The nurse explained how the new inhaler works and demonstrated the dosing steps in the exam room. Later I shared a photo of the instruction card and dropped the referral link for a free sample program. Two friends messaged me saying they’d been putting off treatment and wanted the same info. I reminded them to talk to their own clinicians before changing anything.",90.007645,4.4998946,373,9.0,1,0.14905778,684.76697,5.4690933,0.0,56497,762,0.013487441,6.6359468,3.9641862,4593.97,0.6060283184051514,1.0
"Context:
The site lets you create an account, reset your password, and manage notification settings from one dashboard. I used the filter controls to narrow results, then saved the page to revisit later. A toggle switched the view to dark mode, and the interface immediately felt easier on my eyes. After that, I shared the link using the built-in button instead of copying it manually.",54.55725,3.9992507,374,7.9375,1,0.12034652,522.0192,4.938534,0.0,57975,758,0.013074601,6.6306834,3.7355886,4337.635,0.6435378789901733,1.0
"Context:
A coworker praised a new supplier because the parts arrived fast. The quality lead asked about the source of the bearings and the origin plant for the alloy. The vendor produced paperwork that mapped provenance across three subcontractors. That transparency saved us from a costly recall.",151.66269,5.021659,375,10.1875,0,0.06996374,569.4755,4.16105,0.0,41615,749,0.017998317,6.618739,2.7871222,8139.581,0.48862043023109436,1.0
"Context:
After a burst pipe, the emergency repair service shut off the water and started drying the floors. The supervisor praised the dehumidifiers for their quiet quality, which kept the residents calmer overnight. Replacement fittings came from the building’s supply cabinet, and one damaged connector was replaced as the missing component. The tenants’ association members agreed to cover part of the cost, but only a few of them wanted to raise fees.",88.63833,4.4845643,376,9.43125,0,0.13953482,529.581,5.060281,0.0,68390,763,0.011156602,6.637258,4.1548448,3795.3323,0.3039887845516205,0.0
"Context:
A nonprofit hosted an exceptional awards night, with a formal schedule and a special reception for donors. I listened to a speaker describe her area of expertise in child development with careful, specific language. The auction included a holiday special edition ceramic bowl that was hand-crafted and signed underneath. The event platform had enhanced characteristics this year, so bids updated instantly without glitches. At the bar, people discussed a special counsel investigation while others compared notes on special education specialists and a proposal for special economic relief in the region.",137.82152,4.9259596,377,9.5625,0,0.12757191,575.9474,5.2133956,0.0,77307,760,0.009830934,6.6333184,4.041934,4514.688,0.2100500613451004,0.0
"Context:
The choir added two new voices this season, and I was one of them. During rehearsal, the director handed me a folder and assigned my spot in the line. I learned the warm-up routine and the small cues everyone already knew. By the concert, I felt like part of the ensemble rather than a guest.",41.882034,3.7348568,378,7.5,1,0.15127976,527.6023,5.5624413,0.0,49806,760,0.015259205,6.6333184,3.8548315,3487.5933,0.6553172469139099,1.0
"Context:
I ordered a shelf that’s 80 cm long, 30 cm deep, and just thin enough to clear the radiator. The delivery date landed during a quiet week when the days felt slow and predictable. I taped the dimensions onto the wall and waited for the knock at the door. When it arrived, the timing matched the calm mood perfectly.",79.02234,4.3697305,379,9.349999,1,0.12028057,437.93234,4.7561035,0.0,53514,758,0.014164518,6.6306834,3.6972492,3640.9233,0.6217793226242065,1.0
"Context:
I shared the media clip with a link because I wanted people to see the project instead of guessing. Arden Labs, a division of Meridian Holdings, joined as a sponsor, and the Denmark office was named, in the partner section. The impact summary listed 900,000 impressions and 16 scholarship awards planned for next semester. During the afternoon, we met in the courtyard and moved toward the community hall as the rain started. I stayed to stack chairs because nobody else was doing it.",102.21023,4.627032,380,9.525,0,0.12205569,527.6023,5.1721354,0.0,73587,767,0.010423036,6.6424866,3.9713926,4322.6357,0.2176327258348465,0.0
"Context:
The podcast host read an ad for a travel package and stressed the exclusive rate for early bookings. The hotel hosting the package also featured a night market with beauty booths and cooking demonstrations. In the lounge, a traveler discussed Buddhist ethics after seeing a temple nearby. Between the brand logos on the brochures and the smell of spices, the trip felt curated before it even began.",111.61655,4.7150693,381,9.349999,0,0.123682775,269.27637,4.3998065,0.0,57987,764,0.013175366,6.638568,3.9074087,2177.1533,0.4063970446586609,0.0
"Context:
The invoice model showed a 12.4% increase in monthly recurring revenue compared to last quarter. A new pricing tier reduced churn by 0.8 points while raising average contract value at the same time. The team tracked latency, throughput, and error rates until the service stayed under 200 ms at peak load. By the end of the review, the plan was backed by clean margins and measurable capacity.",59.397198,4.084247,382,8.0625,1,0.10764218,488.36093,4.7181034,0.0,60937,752,0.012340614,6.6227365,3.7300823,4536.8916,0.700382649898529,1.0
"Context:
The invitation mentioned Hall 5 at the Expo Center and included a registration ID that I had to present at the door. A map highlighted the riverfront district and the exact street where the reception would start. Someone kept referencing a famous monument as a meeting point, which turned out to be the easiest landmark of all. Even without a guide, the place names and numeric details kept everything ordered.",101.20372,4.6171355,383,9.456249,1,0.14050336,608.5571,6.022581,0.0,59461,760,0.012781487,6.6333184,3.7228432,4331.2637,0.6819815635681152,1.0
"Context:
My colleague insisted the workstation needed a better CPU and a clean install of the latest OS to meet the software specifications. The magazine we were preparing treated climate migration as both a recurring topic and a heated issue, and the editor wanted language that would hold up under scrutiny. The cover featured a close-up face, chosen to pair human detail with a report on strained public services. For context, we pulled a bound journal series and a collected book of essays from the shelf.",115.97769,4.753398,384,9.531248,0,0.16353306,519.22766,6.1888776,0.0,72845,762,0.010460567,6.6359468,4.1470547,3175.0623,0.3024488687515259,0.0
"Context:
At the café, Fei chose the seat facing the window and spent a minute people-watching before she spoke. She asked why I seemed distracted, and the question was gentle enough that I answered honestly. Fei didn’t rush to fix anything; she just stayed present, letting me talk until the knot in my chest loosened. When I finally stopped, she changed the subject with a story about her neighbor’s loud dog. I laughed more than I expected to.",62.365143,4.1330066,385,9.062499,1,0.1224909,626.376,5.1721745,0.0,73579,759,0.010315443,6.632002,3.9807293,5113.6533,0.504453182220459,1.0
"Context:
They used a template to rebuild the club site and added a section for standings and upcoming fixtures. Facing a fast opponent, the coach demanded disciplined positioning and quick recovery runs. The match ended in a win, improving their competitive ranking and changing the mood instantly. In the same update, they posted a sizing guide with measurements for shirts and jackets.",96.50881,4.5696344,386,8.843749,0,0.14080383,586.56396,5.4809823,0.0,53526,758,0.014161342,6.6306834,3.8035045,4165.8237,0.6449597477912903,1.0
"Context:
I started the report with a calm opening section that explained why the topic mattered before diving into numbers. Then I described how pay gaps and access to opportunities split along neighborhood lines, with a few examples that made the contrast hard to ignore. The introduction kept the discussion grounded instead of turning it into a rant. During review, a colleague suggested tightening the first paragraph so the argument lands sooner. Even so, the section on disparities was the part everyone remembered.",75.816734,4.328319,387,8.449999,1,0.14515243,525.5188,5.4642663,0.0,69129,761,0.011008404,6.6346335,4.0813875,3620.4614,0.3404443860054016,0.0
"Context:
You can choose the tool you want from the menu, and you should read the short description so you don’t pick the wrong one. If you’re tempted by the sale, you can activate the upgraded option and see what changes. You’ll get a message as soon as it’s enabled, and you can keep using your old settings. If it doesn’t help, you can disable it in a few clicks. When you’re done exploring, you can return to what you were doing.",21.983583,3.090296,388,7.0718737,0,0.14341126,451.20303,5.622287,0.0,83244,760,0.009129787,6.6333184,4.1686444,3146.2175,0.27364110946655273,0.0
"Context:
For the new rental, I booked a home cleaning service and asked for a deep clean before move-in. The confirmation email looked like a short news blurb with Q4 pricing, an order ID, and an ETA written as 14:30. It even included abbreviations like VAT and ref. next to the total. The cleaners arrived on time and left the kitchen shining.",102.381935,4.6287103,389,9.6375,1,0.09763828,338.40228,4.0165176,0.0,59456,755,0.012698466,6.6267176,3.6989472,3465.8772,0.667431116104126,1.0
"Context:
They showed photos of global locations/events and then shifted to a discussion of the World Trade Center. The speaker tied it to global affairs and how narratives travel across borders. Nobody fidgeted when the timeline reached the morning of the attacks. Even the whispers stopped.",117.452576,4.7660346,390,9.875,0,0.087213114,504.28574,4.2995095,0.0,41618,752,0.018069105,6.6227365,3.1471927,5782.2236,0.6199662089347839,1.0
"Context:
The short-term rental host paid for a pest-control service after guests reported noise in the walls. The technician explained the traps have a humane quality compared with the old models. The bait is sourced from a regulated vendor, and the sensor unit is the key component that triggers the alert system. Some of the rooms were cleared for treatment, while the rest stayed open for the next booking.",71.10304,4.26413,391,8.8125,0,0.18294331,1178.4362,8.0797615,0.0,60220,766,0.012720027,6.641182,3.860858,6441.537,0.6814985275268555,1.0
"Context:
For dinner, you can choose pasta, rice, or potatoes, and the kitchen will adjust the sauce. The server offered chicken with herbs, fish with lemon, or a vegetarian plate with beans. I hesitated between the spicy option and the milder one, then picked the middle ground. By the time the meal arrived, the choices already felt like a small adventure.",49.58714,3.9037316,392,7.8125,1,0.13844156,630.8895,5.0702724,0.0,56507,761,0.013467358,6.6346335,3.9849665,4557.0815,0.5616238713264465,1.0
"Context:
An online ad offered discounted tickets to a food festival and listed the host venue in small text. At the entrance, staff handed out sponsor bags and pointed toward a stage schedule. I heard someone quote a Buddhist teaching about moderation while sampling desserts from a well-known brand. I left with a recipe flyer, a coupon code, and the venue saved in my maps.",120.16239,4.788844,393,9.5625,0,0.14172737,732.5414,6.611826,0.0,56494,761,0.013470457,6.6346335,3.5552282,5168.6655,0.5948286652565002,1.0
"Context:
At the tech store on Market Road, the demo console looped an update screen: v2.6, 68%, do not power off. The sales rep spoke in abbreviations and numbers, sprinkling in commas and and/but as if reading specs aloud. Next to the register, a cold sore cream listed acyclovir and advised a strict application schedule. I chose a cable, a case, or a controller, then followed directions to City Ctr where a poster credited PS from the Intl Retail Assn.",193.9295,5.2674947,394,9.875,0,0.12576218,806.8572,5.0662775,0.0,82499,762,0.009236475,6.6359468,4.2202024,6415.738,0.09293815493583679,0.0
"Context:
The countryside inn felt like a good hideaway, peaceful and friendly from the first greeting. That evening, an auction in the main hall became strangely intense, with bidders treating every raise like a challenge. Old wood creaked under shifting chairs, and the room smelled of wax and strong tea. The night had a particular quality, half tradition and half spectacle, as if the building knew the routine. The mood stayed cozy but charged, a comforting tension that kept everyone awake.",102.116455,4.626114,395,9.299998,0,0.12118584,695.3835,4.901838,0.0,73576,757,0.010288681,6.629363,4.1135254,5738.1577,0.507189154624939,1.0
"Context:
The mountain lodge was a positive place to rest, especially after a long drive. At night it felt peaceful, with a gentle quality to the silence that made sleep come quickly. In the morning the same room felt brighter and more energetic, as if the day carried its own tone. I noticed how much the time shaped the experience.",59.143406,4.079965,396,7.9999933,0,0.16199562,1003.2632,7.174254,0.0,51286,754,0.014701868,6.6253924,3.6007977,6193.15,0.7014749050140381,1.0
"Context:
At the trade show, the organizer handed out a sheet with every exhibitor and booth number. The list of products was so long that I highlighted only the brands I cared about. When the hall got crowded, the list kept me from wandering aimlessly. I crossed items off as I found them.",44.71279,3.8002596,397,7.6375,1,0.13472939,944.87225,6.5458055,0.0,46828,758,0.016186897,6.6306834,3.3659847,7013.112,0.6422669291496277,1.0
"Context:
The event invitation arrived with bold promotional text and a promise of exclusive perks for attendees. It was held at a downtown studio that offered services during the day and hosted gatherings at night. Between food tastings and product samples from recognizable brands, a speaker quoted the Sermon on the Mount about generosity. I left with a bag of freebies, a new recipe idea, and the venue’s address stamped on the ticket.",94.56657,4.549304,398,8.974999,0,0.192995,594.52637,6.7682195,0.0,65428,767,0.01172281,6.6424866,4.191941,3080.5273,0.5071183443069458,1.0
"Context:
To assemble the desk, Step 1 said to sort the screws, and Step 2 warned not to overtighten the legs. I looked up the source of the instructions because the printout had a blurry logo. The origin turned out to be a manual for a different model with the same frame. By Step 5, I had swapped the drawer rails and the whole thing finally slid smoothly.",69.785934,4.2454324,399,9.25,1,0.094737925,589.01636,4.3609667,0.0,59461,760,0.012781487,6.6333184,3.5751567,6217.3237,0.6563509702682495,1.0
"Context:
Fei invited me to a corporate open house, and the welcome packet had a raised floral pattern pressed into the cover around the brand name. A wall display featured founders’ names, along with excerpts from old news reports that treated them like legends. During a tour, an employee stepped aside to use a quick-relief inhaler and returned to the group with an easy smile. At the registration desk, I signed a form listing the company’s legal name and a finance partner name, then received a loyalty card with a program title I’d never heard before. On the way out, I saw a memorial photo table with more names, smaller and more personal than the ones on the wall.",75.580956,4.3252044,400,9.21875,0,0.124954775,714.4238,5.4774227,0.0,108515,768,0.0070773624,6.64379,4.2991757,5717.459,0.04324831813573837,0.0
"Context:
The company announced a special offering for subscribers, packaged as an exceptional service for formal product launches. The plan included enhanced characteristics like priority support and early access features. Members received a code and an invitation to a private briefing. The announcement made the upgrade feel scarce and important.",104.99399,4.653903,401,8.924997,0,0.09918527,347.69174,3.805262,0.0,42361,751,0.01772857,6.6214056,3.5022762,3505.4775,0.5894472599029541,1.0
"Context:
The spa’s website displayed a rotating banner advertising holiday packages and limited availability. The lobby featured products from a named company, lined up like trophies for sale. In the lounge, a guest mentioned the Bhagavad Gita while describing discipline as a kind of kindness. I walked out with softer skin, a branded sample, and the address for their next open-house event.",116.88811,4.761217,402,9.875,0,0.12858601,570.6391,5.4615116,0.0,60205,764,0.012689976,6.638568,3.745297,4437.801,0.519624650478363,1.0
"Context:
The chemist described product attributes, including the material blend and chemical composition of a new sealant. She then added measurable quantities like viscosity readings and cure-time rates from the tests. A change in ratio lowered viscosity and improved spread. The report concluded with the updated composition and the new measurement table.",102.38618,4.6287518,403,9.71875,0,0.15499794,644.8473,5.884031,0.0,49055,755,0.015390888,6.6267176,3.7946444,4160.3604,0.7011030912399292,1.0
"Context:
The sleeping bag claimed a packed size of 18 by 35 cm, which sounded ideal until I felt how stiff the compression straps were. The air in the store smelled like nylon and rubber, and the fabric rasped against my palms as I rolled it tighter. I checked the tag again to confirm the exact measurements. Walking out, I could still feel that scratchy texture on my fingertips.",69.03185,4.234568,404,9.1875,1,0.14796561,1024.4963,6.699698,0.0,60207,755,0.01254007,6.6267176,3.7931714,6923.8813,0.6393527984619141,1.0
"Context:
He spun up a staging site to test a plugin before pushing changes live. The hosting dashboard made it easy to add SSL and point the domain to the new server. In the editor, he adjusted headings, image alt text, and internal links to improve search visibility. When the page speed report flagged heavy scripts, he replaced them with lighter assets.",103.45949,4.63918,405,8.987499,1,0.12946202,498.97748,5.1615314,0.0,54258,759,0.01398872,6.632002,3.6833248,3854.2383,0.6588528156280518,1.0
"Context:
The comment chain started polite and then drifted into sarcasm as more users piled on. A helpful reply got buried until another person bumped it with a short follow-up. I used the 'search this topic' box to find older threads where the same issue had come up. It felt like a public conversation that never really ends, just grows new branches.",80.96819,4.3940563,406,8.23125,1,0.12003834,544.0978,5.0276966,0.0,55001,759,0.013799749,6.632002,3.6611228,4532.7,0.6448537111282349,1.0
"Context:
The winter morning gave the park a stillness that summer never had. Frost clung to the grass, and the lake looked like a sheet of glass. Breath hung in the air for a moment before disappearing. He walked slowly, letting the hour do what it wanted.",49.93497,3.9107215,407,8.799998,1,0.08402376,418.732,3.8210511,0.0,42364,753,0.017774526,6.6240654,3.2241895,4983.495,0.6625357866287231,1.0
"Context:
The condo association hired a property maintenance service to repaint the stairwell after scuffed move-ins. Members of the board argued about the finish, praising a matte look for its calm quality but worrying it would show marks. The contractor said the paint was made from a low-odor binder and a tougher resin component, sourced from a local supplier. Only some of the floors would be done this week, with the rest scheduled after the holidays.",77.2184,4.3466377,408,9.312497,0,0.15054949,634.3384,6.073163,0.0,69128,759,0.010979632,6.632002,3.9814749,4213.4873,0.5987747311592102,1.0
"Context:
Fei and I walked through the hotel corridor to a reception where the walls displayed framed obituaries and historical articles about the building’s founders. The reception desk asked for my name, then confirmed the corporate name that would appear on my finance statement. A guest by the doorway used a quick-relief inhaler after climbing the stairs, then smiled and rejoined the conversation. On the cocktail table, the napkins were embossed with a raised floral pattern around the hotel’s brand name, making even paper look expensive. Fei ran her fingers over the texture and said it reminded her of old wallpaper.",79.918335,4.3810053,409,9.025,0,0.09138144,403.4286,3.964577,0.0,95876,766,0.007989487,6.641182,4.0948186,4414.776,0.08613713830709457,0.0
"Context:
Before the presentation, I checked the sample crate and wrote down its weight and length so the freight label would be accurate. The team meeting opened with charts covering prices, rates, and performance numbers from the last release. During the Q&A, someone bragged about their rank on the internal scoreboard and the points they’d earned for closing tickets. In the lab corner, a technician pointed out the product’s chemical composition and the color-coded parts that needed careful handling. When finance joined, they updated us on salary amounts, premium costs, and expected returns for the quarter.",93.71777,4.540288,410,8.99375,0,0.15736255,647.6388,6.553038,0.0,90675,764,0.008425696,6.638568,4.243105,4115.584,0.10183919966220856,0.0
"Context:
Our housing cooperative booked a roof inspection and shared the report in the members’ chat. The inspector described the shingles as durable but noted a brittle quality near the venting points. The damage traced back to flashing sourced from a cheaper batch, and one corroded bracket was identified as the failing component. Some of the apartments will get temporary tarps today while the rest wait for a full repair slot.",186.0823,5.226189,411,9.8125,0,0.13351631,573.2933,5.358188,0.0,63180,762,0.012060779,6.6359468,3.9246645,4293.807,0.4201379120349884,0.0
"Context:
The introduction felt like a lecture, so I revised the beginning section to start with a small scene. Then I provided a list of available features and products so readers could choose without guessing. The program arrived as a list of performers and activities, and the names helped us plan crowd flow. I contacted the support line when the printing portal rejected the file, and they stayed until the upload succeeded. I covered the print run with a line of credit and repaid it after sales came in.",87.554085,4.4722567,412,8.937499,0,0.16433893,642.3008,6.2035346,0.0,73596,764,0.010380999,6.638568,4.2095613,3908.3909,0.2143210917711258,0.0
"Context:
At closing, the agent mentioned that part of the sale proceeds would be held back for taxes. The buyer signed a form acknowledging a percentage would be withheld before the seller received the full amount. The escrow officer explained that the withheld money would be sent to the tax authority, not kept by the bank. Only after the paperwork was stamped did everyone relax.",47.79906,3.867006,413,8.35625,1,0.16512786,544.0978,6.747038,0.0,54999,756,0.013745705,6.6280413,3.7610075,3295.009,0.7024945616722107,1.0
"Context:
Fei brings over a sample book and asks which cover you prefer for the brochure. One option shows a raised floral pattern stamped into the surface next to the brand name, Hollowfern Press. Fei says the texture will photograph well, but only if the lighting is angled right. You run your fingers over the ridges and tell Fei it feels like an art piece rather than plain packaging. Fei smiles and says that is the reaction the client wants.",97.63316,4.5812173,414,9.006249,0,0.17524593,564.4889,6.20274,0.0,69872,759,0.01086272,6.632002,4.2270885,3221.1243,0.6834465861320496,1.0
"Context:
The manual began with step one: unplug the device and wait ten minutes. Step two instructed me to remove the back panel with a small screwdriver. I followed step three to reseat the cable, even though it felt too simple to matter. Step four was to power it on and watch the light turn green.",32.338493,3.4762583,415,7.706249,1,0.12135516,530.8271,4.8633013,0.0,49793,751,0.015082441,6.6214056,3.5925224,4374.1616,0.7260659337043762,1.0
"Context:
The seller was excited about the price, but the tax side of the deal kept pulling us back to reality. We calculated what portion of the proceeds had to be withheld and sent off, then checked the deadlines twice. A friend complained it felt unfair that the burden hits some buyers harder than others. The conversation drifted into who can absorb these costs without blinking. In the end, we paid what was due and acknowledged the uneven impact.",71.73801,4.2730207,416,9.537499,0,0.15574922,562.6767,5.867381,0.0,66148,757,0.011444035,6.629363,4.083566,3612.7097,0.6294142007827759,1.0
"Context:
My doctor switched me from an old antibiotic to a short course of doxycycline and warned me about sun sensitivity. I posted the update in our support group and included a link to a charity page for anyone who wants to donate to the clinic fund. A few people asked about side effects, so I described the nausea and how taking it with food helped. By the end of the week, the rash had faded and the donation page had a steady trickle of clicks.",38.91274,3.6613216,417,8.612499,1,0.15972497,533.2729,5.523818,0.0,72112,765,0.010608498,6.639876,4.291567,3338.6946,0.2656375765800476,0.0
"Context:
The clinic mailed my test results with precise figures, including weight, blood pressure, and other numeric readings. In a follow-up call, the nurse discussed measured statistics and how certain rates had improved since the last visit. My health app also tried to gamify progress with points and a rank badge for streaks, which felt oddly competitive. I replaced my water filter after checking material compatibility and the size of the cartridge. When the bill came, the amount and listed prices were detailed enough to submit to insurance.",107.65506,4.678932,418,9.443749,0,0.16285166,1151.8948,7.332529,0.0,77298,759,0.009819142,6.632002,4.000516,7073.276,0.13914945721626282,0.0
"Context:
The headline that morning was about a surprise charity concert that sold out in minutes. I still remember standing in the crowd as the singer thanked the city by name and laughed at a fan’s handmade sign. After the final song, strangers high-fived and talked about how they would tell their friends they were there. On the train home, I replayed the moment in my head and felt lighter than I had in weeks.",43.901924,3.781958,419,8.003124,1,0.15604134,753.7745,6.2807865,0.0,66900,762,0.011390135,6.6359468,3.9832056,4830.6074,0.4753400385379791,1.0
"Context:
I spent the morning configuring a CRM dashboard and writing a small script to clean our lead lists. In the afternoon, I shared a short promo post with a link to the webinar replay for anyone who missed it. The team lead asked me to document the workflow so sales could reuse it next quarter. By Friday, the tool was running smoothly and the replay link kept getting forwarded.",61.398968,4.117393,420,7.84375,1,0.11699663,493.76392,5.0091386,0.0,60207,760,0.012623117,6.6333184,3.7061012,4220.3257,0.6674315333366394,1.0
"Context:
A magazine dedicated its cover story to a safety issue and treated it as the central topic of concern. Letters to the editor piled up, and the publication printed a follow-up clarifying what it got wrong. The worry didn’t fade, it just got better organized on the page. The issue became a recurring theme every month.",69.206406,4.2370934,421,10.125,0,0.1670547,480.14603,5.650246,0.0,52788,760,0.014397211,6.6333184,3.9899297,2874.1846,0.6686177253723145,1.0
"Context:
We met near the station, then headed down the main street, and after that we turned toward the park. I kept the narration going because I was guiding a visitor. The route was stitched together with simple connectors and place words. By the time we arrived, we were both hungry.",63.23366,4.1468368,422,8.5625,0,0.11002677,539.81445,4.771408,0.0,45338,753,0.016608585,6.6240654,3.440627,4906.21,0.6800448298454285,1.0
"Context:
Before you head out, you check whether your quick-relief asthma medication is in your pocket and whether it is within the expiry date. You can take a slow breath, then follow the label if you feel symptoms starting. The leaflet tells you what you should expect and which warning signs mean you should get medical help. After you use it, you note the time so you can track how often you rely on it. You keep the instructions because they answer the questions you always forget to ask.",35.853947,3.5794537,423,7.6093745,1,0.11567895,408.73685,4.835488,0.0,77303,756,0.009779698,6.6280413,3.9781632,3533.3726,0.6300248503684998,1.0
"Context:
The cooking class had levels, and level two started in part two of the booklet right after the first option for sauces. The instructor posted a numbered list of ingredients and told us to measure the third item twice. She placed our group at the second counter, third position, and I stood in the fourth spot near the sink. The recipe was step 1 to whisk, step 2 to fold, and step 3 to bake, and later we lined up loaves in order and picked a first and second favorite.",67.060234,4.205591,424,9.006249,0,0.16494365,562.6767,5.422246,0.0,77311,763,0.009869229,6.637258,4.4417615,3411.327,0.18603703379631042,0.0
"Context:
The opening section had to feel human, so I adjusted the introduction to sound like a direct message. Then I included a list of product features and options, because the client wanted concrete details. The venue forwarded a list of acts and set times, and we planned staffing around the peaks. I called customer support when the checkout button disappeared, and the agent stayed until it returned. I covered the gap with a revolving line of credit and reduced the balance as soon as invoices cleared.",89.62596,4.495645,425,9.581249,0,0.1178652,589.2181,5.037537,0.0,74330,765,0.010291941,6.639876,3.9321449,4999.0845,0.1489446461200714,0.0
"Context:
The training started with globally related concepts, using a trivia game to sneak in historical education. Then the instructor moved into a discussion of the World Trade Center and what it meant for global affairs. The mood shifted without warning, like someone dimmed the lights. Nobody joked after that.",111.38102,4.712957,426,9.825,0,0.10663482,496.32333,4.372675,0.0,43849,753,0.01717257,6.6240654,3.4724166,4654.421,0.6698961853981018,1.0
"Context:
Fei texted first, sending a photo of a crooked street sign and asking if I knew where it was. I replied with a guess, and she wrote back immediately, teasing me for being confidently wrong. In the afternoon, we met near the station, and Fei kept bumping my elbow whenever she spotted something funny. She talked about a book she was reading, then asked what I was listening to these days. Walking beside her felt easy, like the city had slowed down for us.",49.12903,3.8944502,427,8.3125,1,0.10967694,530.8271,4.5005636,0.0,75067,760,0.010124289,6.6333184,4.009094,4839.915,0.32542717456817627,0.0
"Context:
My friend sent me a recipe and said it was from her grandmother. I asked where her grandmother learned it, and she laughed because she did not know. Later she found a torn magazine page tucked in a cookbook. The source was a regional paper from the 1980s.",46.24176,3.8338833,428,8.45625,1,0.11804812,379.54138,4.2671304,0.0,43115,755,0.017511306,6.6267176,3.6375766,3215.1414,0.6239474415779114,1.0
"Context:
Three of the cookies cracked as they cooled on the rack. The others held their shape, but a couple edges crumbled when I lifted them. I kept the broken ones for tasting and packed the intact batch for the trip. Later, only a small piece of each was left on the plate.",61.552895,4.119897,429,8.9375,1,0.12886047,538.7895,5.0636973,0.0,46089,757,0.016424743,6.629363,3.6254852,4181.185,0.6354272365570068,1.0
"Context:
She uploaded the clip to a file-sharing site and chose an MP4 export because the platform handled that format smoothly. Before publishing, she tested the preview in the browser player to make sure audio stayed in sync. The settings page let her switch between 720p and 1080p previews and even remembered where she left off in the player. After a few comments came in, she tweaked the title and updated the link.",54.505623,3.998304,430,7.8125,1,0.11221653,382.1955,4.813719,0.0,63920,757,0.011842929,6.629363,3.693594,3405.875,0.5873500108718872,1.0
"Context:
The sports radio segment was unusually cheerful, celebrating a comeback and praising the coach by name. A graphic flashed the final score alongside a few business metrics about sponsorship growth. They also referenced the city where the next fixture would be played and the match number in the schedule. I later searched for the official replay, choosing the best available format and a crisp resolution so it looked right on my screen. Before bed, I added a new keyboard and some pet treats to my cart.",116.44273,4.7573996,431,9.112499,0,0.15284649,743.15796,6.363135,0.0,72104,767,0.010637413,6.6424866,4.013329,4862.12,0.2404061108827591,0.0
"Context:
The brochure offered a tidy list of features for the new coworking space, including lockers, meeting rooms, and bike storage. It also included the address and a nearby landmark so visitors could find the entrance easily. I saved the location in my phone and highlighted the features that mattered most to me. Later, I compared it with another spot across town. The clear list and the precise location made the decision straightforward.",45.73459,3.822855,432,7.8625,1,0.13622734,535.9769,4.9058657,0.0,64673,764,0.011813276,6.638568,4.094719,3934.43,0.4171261191368103,0.0
"Context:
The mountain town was a great base for hiking, with reliable buses and cafés that stayed open late. I went there to unwind, but I ended up joining a weekend league and watching how my ranking shifted after each game. Seeing my position move up and down made the trip feel oddly structured. Even so, the place itself stayed full of good surprises.",76.78759,4.341043,433,8.387499,1,0.14805803,384.84964,5.233836,0.0,55755,761,0.013649,6.6346335,3.9233074,2599.3162,0.4806596040725708,1.0
"Context:
The conference opened with an exceptional gala dinner, complete with formal seating and a special course that only ticket holders received. At my table, a speaker described her area of expertise and stayed anchored in that field even when the conversation wandered. Between sessions, vendors sold a holiday special edition item that looked hand-crafted and was limited to the weekend. One booth demonstrated a product with enhanced features that made the upgrade feel immediately worthwhile. In the closing remarks, an organizer referenced a special counsel in the news and thanked the specialists supporting special education outreach for attendees’ families.",125.3511,4.8311186,434,9.28125,0,0.16869053,616.4786,5.889387,0.0,86235,769,0.008917493,6.645091,4.4740267,3654.4941,0.10624592751264572,0.0
"Context:
The pediatrician recommended a different syrup for the cough, and the kid finally stopped waking up every hour. Back at her desk, she updated the CRM notes and built a quick spreadsheet model for the next campaign. Her partner asked if they could watch 'The Grand Budapest Hotel' again, just for the dialogue. A friend called to warn them about Listeria linked to soft cheese, so they switched snacks. Outside, the sun was brutal and the sidewalk radiated heat.",73.08956,4.2916856,435,9.625,0,0.13161507,769.6993,5.522333,0.0,73586,760,0.010328052,6.6333184,4.035654,5848.109,0.25930318236351013,0.0
"Context:
He was finishing antibiotics when he joined a call to walk the sales reps through a new reporting tool. During the screen share, someone typed a message about finally beating 'Elden Ring' over the weekend. An alert popped up about Listeria contamination in a local packaged salad, and the team started swapping notes about what brands to avoid. The heat index climbed so high that the building sent a reminder to stay hydrated. Before logging off, he checked the voter rolls online and confirmed his name was listed.",96.78689,4.5725117,436,9.65625,0,0.15652703,1231.5188,7.674545,0.0,78777,756,0.00959671,6.6280413,3.9278092,7867.771,0.18472367525100708,0.0
"Context:
He packed the suitcase by thinking in proportions and space. The carry-on limit was strict, and the airline would measure it at the gate. He chose a smaller toiletry kit to keep the profile within bounds. The trip started smoothly because the dimensions were right.",109.071,4.691999,437,9.6875,1,0.06159794,365.6926,3.076303,0.0,41614,749,0.017998751,6.618739,3.0023851,5936.7666,0.6131395101547241,1.0
"Context:
The antique dealer handed me a folder that listed the object’s provenance in careful handwriting. One line named the first owner, and the next named the second collector who bought it decades later. The chain of custody mattered more than the shine on the brass. Without a clear origin, the price suddenly felt negotiable.",99.4428,4.5995827,438,9.5625,1,0.1454848,524.8107,5.8486967,0.0,51282,755,0.014722515,6.6267176,3.657978,3607.3232,0.6944630146026611,1.0
"Context:
The summit covered global locations/events, and every badge scanner beeped as people streamed in. My access depended on a confirmation that guaranteed my place inside the main hall. When the line stalled, I held up the email on my phone. The guard nodded and let me through.",120.08696,4.788216,439,9.45,1,0.101568274,575.9474,4.8558316,0.0,44591,754,0.016909242,6.6253924,3.2286797,5670.544,0.6666640639305115,1.0
"Context:
A late-night commercial promoted a subscription service and promised it would simplify my routine. The company hosted a launch event at a hotel ballroom, complete with branded signage. A guest speaker quoted Rumi while discussing how people search for meaning in comfort purchases. I tasted the catered food, accepted a sample, and left with the address printed on my badge.",91.214386,4.5132127,440,8.8125,0,0.12811422,581.2557,5.848564,0.0,55746,757,0.01357945,6.629363,3.5337749,4537.011,0.6723229289054871,1.0
"Context:
That old bridge has a quiet elegance when the fog rolls in. The lines are simple, yet the shape feels confident from every angle. At night, the lights give it a gentle glow without looking flashy. Even with traffic passing, it carries a sense of steadiness and grace.",58.258442,4.064889,441,7.2437487,1,0.091740586,250.6299,3.2861378,0.0,43851,755,0.017217396,6.6267176,3.6697698,2731.9414,0.5984865427017212,1.0
"Context:
The press release cited BBC, U.N., and a local NGO in the same paragraph and sprinkled in name fragments like Mr. J. and St. Lars. After that, I called a home repair service because the dishwasher leaked again. The technician replaced a worn seal and checked the cabinet for water damage. The kitchen finally felt calm after a week of small crises.",125.58341,4.83297,442,8.906246,1,0.09523814,368.92484,3.9640605,0.0,57974,756,0.013040328,6.6280413,3.6796293,3873.7087,0.631030261516571,1.0
"Context:
During the quarterly review, I presented the new inventory app I built and highlighted the features that save the team time. I also circulated a donation link for the office charity drive in the same email thread. People replied with screenshots of their receipts and asked where to find the app installer. I pushed the latest version and closed the ticket queue for the day.",74.304054,4.3081656,443,9.487498,1,0.11066402,411.391,4.5072336,0.0,54260,757,0.013951345,6.629363,3.6770678,3717.4775,0.6120630502700806,1.0
"Context:
I picked up a glossy brochure at the bank, and its cover had a raised floral pattern framing the institution’s brand name. Fei called while I waited, talking me through the paperwork and asking if I’d eaten lunch. On a nearby chair, someone skimmed a newspaper obituary section, pausing at a familiar surname. The advisor returned and explained why the legal entity name on the contract differed from the name on the debit card, then asked whether I wanted to enroll in the loyalty rewards. When I stepped outside, a passerby used a quick-relief inhaler and kept walking as if it were part of the street noise.",81.373085,4.3990445,444,9.387499,0,0.0971989,406.08273,4.064192,0.0,101821,764,0.007503364,6.638568,4.2255983,4177.853,0.14148573577404022,0.0
"Context:
For the charity ball, the hotel offered a special service package with a fixed menu and a formal reception line. The invoice included prices, rates, and total amounts, broken down by hour and by guest count. The organizer compared the costs to last year's event. After negotiating, the final amount dropped but the service stayed the same.",72.695854,4.2862844,445,8.581249,1,0.09439453,605.1429,5.035775,0.0,52020,749,0.0143983085,6.618739,3.1689954,6410.7837,0.7423657178878784,1.0
"Context:
At the train station kiosk, a clerk offered a loyalty deal and read the program name aloud while tapping through finance screens. Fei stood beside me, joking that my face looked like I was signing a treaty. Behind us, a commuter held a booklet of memorial notices and obituaries, names jumping off the page in bold. A few steps away, someone coughed, pulled out a quick-relief inhaler, and waited for their breath to settle before joining the line again. The ticket sleeve I received had a raised floral pattern pressed into it, with the brand name shining at the center.",69.9107,4.2472186,446,9.125,0,0.081053615,406.08273,3.8806357,0.0,92896,759,0.008170427,6.632002,3.8520463,5010.051,0.1146344244480133,0.0
"Context:
I found an old photograph in a drawer and tried to pin down its origin before framing it. The paper stock suggested one source, but the handwritten note on the back suggested another. After calling my aunt, I learned the provenance traced to a wedding album that went missing. Once I knew where it came from, the faces felt less anonymous.",51.646515,3.9444227,447,7.990625,0,0.094627865,467.12784,4.1591377,0.0,53511,752,0.0140531855,6.6227365,3.5286303,4936.472,0.725890576839447,1.0
"Context:
I arrived at the clinic without an appointment, and the front desk connected me to a patient assistance desk. The coordinator explained what paperwork to bring and which service could cover the fee. She stayed on the phone while I filled out the form, correcting small mistakes. By the time I left, I had a plan and a number to call if things went wrong again.",29.910398,3.3982062,448,7.375,1,0.13241848,459.16544,4.963907,0.0,56487,756,0.01338361,6.6280413,3.8875096,3467.5327,0.6550741791725159,1.0
"Context:
He picked up a new inhaler and learned the difference between the daily controller and the rescue spray. The respiratory nurse watched his technique and corrected how he held his breath after each puff. Because the symptoms flared at night, the doctor added a low-dose steroid and scheduled a check-in. Over the next few days, the wheezing settled and his sleep improved. He kept the rescue inhaler in his jacket pocket just in case.",45.390648,3.8153062,449,8.125,1,0.11690289,453.85718,4.6846704,0.0,68383,755,0.011040756,6.6267176,3.9637275,3882.3435,0.6456442475318909,1.0
"Context:
The phone case felt cheap until I noticed it was the same model my colleague swore by from Spigen. He compared it to another brand and explained why the fit mattered more than the color. Later, I booked a ride through Uber and watched the receipt show the company name in tiny text. It was strange how many logos had guided my day.",95.36182,4.557678,450,8.593749,1,0.12424549,472.43613,4.844661,0.0,53515,755,0.014108194,6.6267176,3.7277992,3802.441,0.6763359308242798,1.0
"Context:
Northshore Retail, a subsidiary of Meridian Group, operates a branch in Odense and another in Aalborg. The memo listed each division, each office, and each regional team, separated by commas and careful wording. It read like a quiet map of how the company fits together. By the last line, I could picture the org chart without seeing it.",71.21158,4.2656555,451,9.09375,0,0.12137235,597.1805,4.5325265,0.0,56491,759,0.013435769,6.632002,3.9262543,4920.235,0.6284316778182983,1.0
"Context:
The CFO reviewed return percentages, commodity prices, and wage premiums as financial metrics for the year-end close. A special economic advisor delivered a briefing on inflation assumptions for next year's budget. The board challenged the rate forecasts and asked for sensitivity tables. The advisor answered with calm, specialist detail until the room moved on.",114.22455,4.7381663,452,9.025,1,0.13291617,528.173,5.3468513,0.0,50542,757,0.014977642,6.629363,3.6714902,3973.73,0.6605881452560425,1.0
"Context:
You open a customer FAQ and see answers written for you, with lines that anticipate what you might ask. In the middle, a sidebar ad tries to sell you something and repeats that you will save if you act now. You ignore the promo and keep reading the instructions because you want the problem solved first. The page keeps switching between helpful guidance and marketing pressure. You finish the fix and leave without buying anything.",73.43776,4.296438,453,8.349999,0,0.15597723,403.20633,5.235183,0.0,63194,761,0.012042282,6.6346335,4.20985,2585.0332,0.4259846806526184,0.0
"Context:
The map wall listed global events or locations, each pin paired with a short headline. On the next screen, the instructor pulled up the World Wide Web and showed how quickly the same story mutated across sites. We watched edits appear in real time as people argued in comments. It felt like geography and noise mixed together.",167.05559,5.1183267,454,10.09375,0,0.11947153,432.62408,4.7257624,0.0,49057,758,0.015451414,6.6306834,3.6408467,3621.148,0.6235955357551575,1.0
"Context:
At the craft market, Fei stopped at a booth selling journals with raised floral patterns pressed into the covers, each stamped with a small brand name. A vendor told us the designer’s name and mentioned it had appeared in a recent news profile about local artists. Nearby, a table displayed memorial cards for a community member, names printed in soft gray and set beside candles. When the crowd shifted, someone used a quick-relief inhaler and waited near the exit until the air felt clearer. At payment, the terminal listed a different business name and offered loyalty points, and Fei laughed when I asked why there were so many names for one purchase.",114.44116,4.740061,455,9.5625,0,0.13232902,806.8572,5.700435,0.0,100347,768,0.0076534427,6.64379,4.2730985,6097.3564,0.04220976680517197,0.0
"Context:
The game patch notes read like hardware documentation, full of FPS targets, GPU settings, and version numbers like v3.2. I booked a home internet service the same afternoon because the old router kept dropping mid-match. The installer swapped the modem, tested the line, and left a printed sheet with ports and specs. That evening the matches ran smoothly with no stutter.",125.69219,4.833836,456,9.15,1,0.07035472,323.80453,3.3341885,0.0,58711,754,0.012842568,6.6253924,3.4205046,4602.456,0.7079790830612183,1.0
"Context:
The weather board at the ferry terminal read 6°C, wind 12 m/s, and it used tiny abbreviations to save space. A gaming news post beside it mentioned patch 1.12 and listed fixes with colons, semicolons, and short conjunctions. My travel kit included a sunscreen labeled zinc oxide and titanium dioxide, with notes about reapplication. I picked a seat, a snack, and a route, while the loudspeaker thanked Dr K and the Natl Safety Org for updated signage at the pier.",136.00551,4.9126954,457,10.249999,0,0.17110525,780.31586,6.505877,0.0,81749,758,0.009272285,6.6306834,4.2816157,4560.444,0.15435869991779327,0.0
"Context:
Fei called during my walk home and started describing her day before I even said hello. I could hear traffic behind her voice, and she kept pausing to let a siren pass. She asked if I had eaten, then scolded me lightly when I admitted I’d skipped lunch. Fei told me to stop by the store and promised she’d wait on the line while I did. By the time I reached my door, I felt oddly taken care of.",55.919167,4.023907,458,7.95,1,0.11908475,578.6015,5.0332446,0.0,74316,754,0.0101458635,6.6253924,3.9572833,4858.737,0.7051702737808228,1.0
"Context:
The news briefing focused on the appointment of a special counsel and what it meant for the investigation timeline. Later, a parent at the cafe talked about special education services and the paperwork required for accommodations. At work, a colleague mentioned a special economic zone being considered for new factories. By evening, the word kept showing up in different contexts, each with its own weight.",69.57215,4.2423644,459,8.8125,1,0.1211087,597.391,5.081375,0.0,56492,760,0.013453232,6.6333184,3.7475548,4932.684,0.6448537111282349,1.0
"Context:
I kept tweaking the introduction because the beginning needed to explain the goal in one breath. After that, I built a list of available features for the membership platform and marked the ones that were included. The venue emailed a list of events and speakers, and I highlighted the sessions where our demo had to fit. When the billing screen threw an error, support walked me through a reset and confirmed the receipt. The early invoices went onto a credit line that I can draw and repay as cash flow settles.",94.4803,4.5483913,460,8.487499,0,0.14355546,684.76697,5.740075,0.0,77308,765,0.009895483,6.639876,4.1359878,4770.052,0.12116867303848267,0.0
"Context:
A familiar melody appears in the track, sourced from a 1970s soul recording. The producer kept the original vocal texture but layered it under a modern drum pattern. You can hear the sample’s grain in the background, like a fingerprint of where it came from. That borrowed fragment ties the new song to its earlier roots.",102.85996,4.6333685,461,9.575,1,0.14189066,642.3008,5.5926094,0.0,51296,757,0.014757486,6.629363,3.7427826,4526.7305,0.6536750793457031,1.0
"Context:
At the meetup, he didn’t try to sound like he knew everything. He spoke clearly about his specific field of focus, which was supply chain analytics. When the discussion shifted to medicine, he listened and asked questions instead of pretending. His expertise showed up in the precision of what he chose to claim.",64.259254,4.1629257,462,8.449998,1,0.12663297,538.6986,5.634469,0.0,49794,753,0.015122304,6.6240654,3.4869518,4254.015,0.703205406665802,1.0
"Context:
The workshop sign-up asked participants to choose a track. I picked the area of expertise I actually needed: time series forecasting. The instructor stayed inside that field, using examples that matched the track title. Whenever someone asked about computer vision, she suggested a different session rather than derailing the focus.",132.11362,4.883662,463,8.9625,1,0.14260767,342.8082,4.6718717,0.0,46840,758,0.01618275,6.6306834,3.9209092,2403.8552,0.5634944438934326,1.0
"Context:
The lakeside village was pleasant in the simplest way: clean paths, easy views, and nowhere that demanded effort. By evening it turned cozy, with fireplaces and a warm hush in the restaurants. I lingered over dinner because the ambiance made time feel generous. It was the kind of place that doesn’t need a plan.",87.4564,4.4711404,464,8.799999,0,0.12370974,419.3534,4.737614,0.0,54259,758,0.013970032,6.6306834,3.7790308,3389.8171,0.5925313830375671,1.0
"Context:
Only some of the tickets were released online, so the queue moved fast at first. A handful of seats remained near the front, but most of the good spots disappeared quickly. I managed to grab one of the last pairs before the page refreshed. The rest of the evening was spent watching the confirmation email like it might vanish.",57.071255,4.0443006,465,8.4125,1,0.16550982,532.13934,6.27199,0.0,50546,755,0.0149368895,6.6267176,3.7843626,3215.1526,0.7049264311790466,1.0
"Context:
The marketing recap highlighted traffic numbers, conversion rates, and engagement levels as quantities tied to measurement. It also summarized metrics like price points and rank shifts for the promoted items. A high conversion day pushed one product up the leaderboard. The team used the combined figures to plan the next ad spend.",121.58052,4.8005767,466,9.506248,0,0.1453385,684.76697,5.5675306,0.0,46094,759,0.016466351,6.632002,3.708846,4711.5317,0.6539108753204346,1.0
"Context:
The seaside promenade felt like a treat: wide paths, bright shops, and a view that never got old. I had packed my gear for a friendly sports match against a local club, and they met us right by the harbor. After the game we ate together and traded tips on what to see. It turned into a trip where leisure and a simple contest shared the same afternoon.",68.18709,4.222255,467,9.30625,1,0.14376839,581.2557,5.158404,0.0,60947,756,0.01240422,6.6280413,4.056237,4043.0007,0.6365357637405396,1.0
"Context:
On Friday night they finally started 'The Bear' and watched two episodes back-to-back. The next day, he downloaded 'Hades' and lost track of time trying to beat a new run. She kept quoting lines from 'The Grand Budapest Hotel' while making coffee. When the credits rolled on 'Dune: Part Two', everyone sat quietly for a moment. By Sunday, their group chat was full of recommendations and spoilers warnings.",60.063004,4.095394,468,7.9874997,1,0.17462116,928.9474,7.0088077,0.0,69128,758,0.010965166,6.6306834,4.1190715,5319.787,0.7036814093589783,1.0
"Context:
I posted the donation link because I had promised the recipients I would not let it fade away. Northbridge plc, with Ravn Software, provided operational help, and the Copenhagen team was named, in the sponsor clause. The update included 410,000 DKK raised, 16 awards planned, and 3.6 million minutes watched on the documentary. During the wrap-up, I walked from the stage toward the back room and into the quiet hallway to decompress. I explained why I stayed late because people asked why I looked exhausted.",106.14918,4.6648455,469,9.25,0,0.14984614,602.97406,5.7902355,0.0,82502,764,0.009260382,6.638568,4.23201,4023.9546,0.15930885076522827,0.0
"Context:
At the farmers market, I picked produce by weight, checking the scale before handing over cash. The vendor chatted about last week’s numbers, mentioning how the price and daily sales amounts changed with the weather. A nearby stall had a board showing top sellers by points, like a playful rank system for jam flavors. I bought a cutting board after reading about the wood material and its thickness and finish. Later I totaled the amounts in my wallet and realized I’d spent more than planned.",133.7883,4.896259,470,9.5625,0,0.08409925,355.65414,3.8504403,0.0,77287,757,0.009794662,6.629363,3.7665668,4228.9814,0.29591578245162964,0.0
"Context:
The newspaper profile of a young athlete felt like a rare piece of purely good news. It mentioned the athlete’s hometown and the event title along with a specific finishing time. A sidebar listed sponsorship amounts and a technical explanation of how timing chips work. I later watched an interview on a video site and noticed the player was clearer at higher resolution after I changed the settings. Right after, I ordered a replacement laptop battery and a flea collar for my cat.",127.4848,4.847997,471,9.875,0,0.145946,549.9347,5.19643,0.0,71359,765,0.010720442,6.639876,4.2349834,3768.0698,0.19774222373962402,0.0
"Context:
We queued up ""The Bear"" while I packed my laptop for tomorrow’s software rollout at work. The episode played in the background as I tested the new app build and made sure the login flow didn’t break. I paused once to jot down a note about the deployment steps. When the credits hit, I felt ready for both the show’s chaos and the morning’s meeting.",71.25129,4.266213,472,8.45,0,0.14708698,1013.87976,6.3652163,0.0,66147,756,0.01142909,6.6280413,3.902784,6893.0625,0.5523673892021179,1.0
"Context:
In the chat app, profile names floated above each message, and reactions popped up the second you tapped them. During a bug report, Kim typed sh! and accidentally inserted a "" plus a lonely ) before sending \n into the thread. The developers replied anyway, asking what steps triggered it. His name kept flashing at the top as new replies arrived.",219.43887,5.3910737,473,9.924999,0,0.13980037,376.88724,5.073653,0.0,54999,757,0.013763887,6.629363,3.8988404,2695.8958,0.5512544512748718,1.0
"Context:
Our coach handed out a plan with parts labeled one through four and explained that level one came before level two no matter which option you preferred. He wrote a numbered list of drills and pointed to number two as the warmup. We met at the third gate, and he lined us up so the first runner was on the left and the second was behind. The technique card said step 1 to relax and step 2 to accelerate, and the finish board listed me fourth out of five.",67.13567,4.2067156,474,8.7,0,0.1713461,716.6166,6.143772,0.0,73594,766,0.010408457,6.641182,4.2688937,4182.2754,0.13568750023841858,0.0
"Context:
The sports shop let me try two rackets, but I still pulled out a ruler to confirm grip size and overall length. At home, I compared measured stats from recent matches, including error rate and performance under pressure. Our league table updated with points and rank, which changed who we’d face next weekend. I also checked the frame material, stiffness rating, and finish color because durability mattered. When I ordered replacement strings, the invoice showed the amount due and the price difference between options.",147.1633,4.991543,475,9.4375,0,0.1196624,785.6241,5.524917,0.0,76548,757,0.00988922,6.629363,3.8728004,6565.338,0.17006389796733856,0.0
"Context:
He obtained the promotion, but the tone in the meeting stayed cautious. The CFO kept tying every decision back to maintaining security and stability in finance while a healthcare partner asked about compliance. Nobody clapped until the risk numbers looked solid. The celebration came later, in the hallway.",192.85168,5.2619214,476,9.7625,0,0.08447042,259.35565,3.5974932,0.0,43849,752,0.017149763,6.6227365,3.3102348,3070.3723,0.6495519876480103,1.0
"Context:
The tightness in my chest started halfway up the stairs, and I could hear the wheeze with every breath. I sat on the landing and reached for my quick-relief inhaler from the side pocket of my backpack. After two puffs, the air finally moved in and out without that sharp hitch. I waited a minute before standing, listening for the rasp to fade. When I walked again, I kept my pace slow until my breathing felt normal.",35.591568,3.5721087,477,6.5812497,1,0.08360985,498.97748,4.1710014,0.0,72831,751,0.010311543,6.6214056,3.5936396,5967.927,0.7373442649841309,1.0
"Context:
At the art fair, the first booth I visited displayed prints with raised floral patterns you could feel through the varnish, each labeled with a brand name at the corner. Fei greeted an artist she knew, introducing me with my full name as if we were in a formal meeting. A nearby stand sold memberships, and the vendor explained the loyalty program while a finance partner name scrolled across the payment terminal. Behind us, a couple browsed an obituary collection book, tracing names like they were searching for family. When the crowd thickened, I heard the familiar click of a quick-relief inhaler and watched someone step aside to breathe.",88.77605,4.486117,478,9.375,0,0.13273938,812.16547,5.904872,0.0,101084,764,0.0075580706,6.638568,4.1961203,6118.4966,0.06377555429935455,0.0
"Context:
The lab sample came with a tag listing its source as a coastal site, yet the container stamp hinted at a different origin. We checked the provenance log and discovered it had been transferred mid-study. A technician pulled the original receipt to confirm where it first entered storage. By afternoon, the chain of custody was clear.",95.985435,4.5641966,479,9.58125,0,0.12293724,539.81445,4.854962,0.0,50548,761,0.015054997,6.6346335,3.6804821,4390.976,0.4981846213340759,1.0
"Context:
A hotel hosted an exceptional charity brunch with formal seating and a special course served at the same moment across the room. I met a lawyer who stated his area of expertise and stayed within it, even when asked broader questions. The takeaway gift was a holiday special edition jar of jam, hand-crafted and labeled with the batch date. The hotel’s service desk had enhanced characteristics this year, with faster responses and clearer coordination. As people departed, conversations drifted to a special counsel case, then to special education specialists and special economic proposals being debated in city hall.",139.34496,4.9369526,480,8.78125,0,0.15363213,472.43613,5.210227,0.0,86236,767,0.008894198,6.6424866,4.4940863,3075.1128,0.13481995463371277,0.0
"Context:
After the final round, his name climbed two places on the leaderboard. He watched the points update and realized one more win would push him into the top bracket. A single mistake in the last match cost him the tiebreaker, and the ranking page made it painfully obvious. He queued again because the season reset was close.",55.98624,4.025106,481,7.9624996,1,0.13847063,460.6052,5.189785,0.0,51295,761,0.014835754,6.6346335,3.7712672,3326.3745,0.522954523563385,1.0
"Context:
My to-do list had ten entries, and the first one was the smallest on purpose. The second and third were errands that could be done on the same street. I saved the fourth for later because it needed a password I could not remember. The fifth item stayed untouched until the evening.",35.77208,3.5771677,482,8.18125,1,0.12976983,679.4587,5.6784363,0.0,46828,756,0.016144188,6.6280413,3.5119321,5235.8755,0.6875962615013123,1.0
"Context:
I followed the cooking instructions that were printed like a procedure, with Step 1 chopping vegetables and Step 2 heating the pan. The same page also had a numbered list of variations, and the 3rd option added smoked paprika. I tried the 1st variation first, then moved to the 2nd on the next attempt. When I reached Step 5, the sauce finally thickened the way it was supposed to.",42.78577,3.7562056,483,8.375,0,0.15366088,499.68683,6.021825,0.0,63175,759,0.012014247,6.632002,3.9169421,3251.8806,0.6031661629676819,1.0
"Context:
The lesson began with global locations/events, jumping from cities to festivals to disasters. Then the teacher added globally related concepts, using a strategy game to connect historical education with everyday life. Someone brought snacks from a cookbook that matched the region on the map. The classroom felt bigger than its walls.",131.04318,4.875527,484,9.5625,0,0.123447634,330.36908,4.4163814,0.0,46831,757,0.016164506,6.629363,3.7512915,2676.188,0.5747464299201965,1.0
"Context:
Our workshop series is split into five articles, and today we discussed Article 4 instead of starting from Article 1. The instructor pointed to the option labeled 2nd track for people who already know the basics. Someone asked for the origin of the dataset used in the examples, so she cited the public registry it came from. By the end, the room was debating whether the final section should be Part 5 or Part 6.",70.102234,4.2499547,485,8.65625,1,0.15888338,711.3083,5.9727545,0.0,63929,761,0.011903831,6.6346335,4.0479817,4476.921,0.5375624895095825,1.0
"Context:
The campaign reached 1.3 million views in three days and generated 42,000 clicks. They spent 78,500 DKK on placements, which came out to a lower cost per click than last quarter. The scholarship fund awarded 12 grants, each worth 15,000 DKK, after reviewing 240 applications. At the weekend match, attendance was 18,742 and the home side scored 3 goals in the final 20 minutes. The numbers told the whole story without much commentary.",45.32851,3.8139362,486,8.374999,1,0.15004702,547.1431,5.46969,0.0,73587,753,0.010232786,6.6240654,4.2425227,3646.4778,0.5818103551864624,1.0
"Context:
She wrote global locations/events on the board and asked us to name the next stop on the itinerary. Halfway through, she switched to global events or locations and made us sort them by decade. The shift sounded tiny, but it changed how we argued. Suddenly everyone cared about dates.",84.05316,4.4314494,487,9.331249,0,0.13532616,573.2933,5.2448535,0.0,46084,755,0.016383126,6.6267176,3.6593907,4236.382,0.6847023963928223,1.0
"Context:
She won a scholarship of 25,000 DKK, and the email said there were 9 recipients this year. The foundation reported 1,800 applicants and a selection rate that sounded intimidating. Later, her video about the process hit 210,000 views and brought in 3,400 new followers. At her brother’s handball game, the scoreboard showed 27–24 and the crowd count was announced as 5,600. She kept repeating the figures because they made it feel real.",95.29049,4.55693,488,9.1875,1,0.19065341,886.48126,7.7995057,0.0,74336,764,0.010277658,6.638568,4.098629,4649.7,0.37590155005455017,0.0
"Context:
The thread had dozens of nested replies, each one replying to a tiny sliver of the previous message. People posted time stamps, jokes, and corrections, turning a simple question into a mini archive. A user with a familiar avatar summarized the whole debate in one calm post. That summary became the top reply and quieted the argument for a while.",71.77254,4.273502,489,8.9625,1,0.17808577,549.40607,6.2461057,0.0,55006,759,0.013798495,6.632002,4.011155,3085.0642,0.7321068644523621,1.0
"Context:
She explained how the World Wide Web lets a single page connect to thousands of others through links. He tested it by jumping from a recipe blog to a research archive in seconds. They talked about browsers, domains, and how quickly information spreads online. The whole discussion stayed anchored in what happens on the web every day.",72.973114,4.290091,490,8.40625,1,0.1670393,812.16547,6.968222,0.0,49057,755,0.01539026,6.6267176,3.6134653,4862.122,0.7014749050140381,1.0
"Context:
The proposal emphasized proficiency with Jira, Confluence, and Git to keep cross-functional work organized. She described how she automated weekly status updates and reduced manual reporting overhead. For forecasting, she used spreadsheets, a small Python job, and a shared dashboard so sales could monitor targets. Security approvals mattered, so she explained how access controls were handled in the shared drive and the data warehouse. The pitch sounded like operations, but it was really software discipline.",128.66536,4.857215,491,9.6375,1,0.11146287,669.9712,5.397981,0.0,70603,758,0.010736087,6.6306834,3.736547,6010.712,0.6097917556762695,1.0
"Context:
At the conference check-in, I received a badge printed with my name and a booklet full of speakers’ names in bold. Fei walked up as I flipped pages, greeting two people like old friends before introducing me. A participant nearby used a quick-relief inhaler, then laughed about the venue’s dry air as if it were a minor inconvenience. The sponsor page listed business names, legal entities, and a finance provider, and a booth offered a loyalty program for attendees who visited enough stands. Even the lanyard card had a raised floral pattern embossed behind the event’s brand name.",106.6716,4.669755,492,9.00625,0,0.12862213,469.5608,4.973883,0.0,96635,768,0.007947431,6.64379,4.3884997,3650.7,0.08568170666694641,0.0
"Context:
The chef insisted the flavor depended on the origin of the olives, not just the recipe. He also warned that the source of the oil mattered, since some bottles were blended without notice. A tiny label on the neck listed the provenance down to the grove. When I tasted it, the bitterness suddenly made sense.",70.33079,4.2532096,493,9.0375,0,0.16627498,593.54004,6.180517,0.0,50549,757,0.014975568,6.629363,3.8535159,3569.6294,0.6759480834007263,1.0
"Context:
They arrived during a cultural week, and the town felt pleasant despite the crowds. A busy debate event in the theater turned the atmosphere intense, with speakers trying to outshine each other and the audience reacting instantly. Velvet seats felt rough, voices echoed off the ceiling, and the lobby smelled of damp coats. The night had its own quality, formal and excited, as if everyone was dressed for importance. The mood remained vibrant and theatrical, even on the walk back to the hotel.",83.37602,4.423361,494,8.649998,0,0.16441934,669.9712,7.0573893,0.0,73586,763,0.01036882,6.637258,3.938757,4074.7712,0.20670674741268158,0.0
"Context:
I focused on the introduction because the beginning sets trust more than any chart does. Once it was right, I added a list of available features for each subscription tier. The schedule came as a list of events and performers, and it showed exactly when we needed extra staff. I called the help desk to resolve a login issue, and they stayed on the line until it worked. The catering invoice went on a credit line that I can repay after the weekend.",83.40286,4.4236827,495,9.031249,0,0.14133607,650.2632,5.676667,0.0,69878,764,0.0109333405,6.638568,3.9963121,4600.8296,0.3956337869167328,0.0
"Context:
The wooden bowl belonged to my grandfather, and the seller confirmed it was carved from beech with a simple oil finish. We met at the old bridge by the river, a spot locals use as a pickup point for trades. I carried it home carefully, thinking about how its components were so plain yet sturdy. On my table it looked like it had always been there.",68.06773,4.2205033,496,8.400001,1,0.16963895,610.4512,6.737739,0.0,57242,762,0.013311904,6.6359468,3.8261495,3598.532,0.4712507426738739,1.0
"Context:
She bought a collected volume that bundled decades of periodical writing into one heavy book. Then she grabbed a newer magazine that spun a fresh controversy out of a small mistake in last week’s reporting. The contrast between slow compilation and fast outrage made her laugh. One item preserved history, the other manufactured urgency.",225.9567,5.4203434,497,10.21875,0,0.15893784,444.82764,5.937346,0.0,49055,757,0.015431658,6.629363,3.7488437,2798.7522,0.6613823771476746,1.0
"Context:
The conference had a special session reserved for a single field of focus: energy policy. Panels were staffed by specialists who could answer technical questions without dodging. Attendees queued for the microphones and kept the conversation tight. The moderator ended by announcing another special session for the next day.",67.998085,4.2194796,498,9.162499,0,0.17183116,759.08276,6.4789977,0.0,44602,755,0.016927492,6.6267176,3.7569253,4417.6084,0.6882311105728149,1.0
"Context:
On my first day, I installed the analytics plugin, set up user permissions, and tested the automation rules in the staging account. A colleague wanted to boost signups, so I posted the campaign link in a community thread and explained what the video shows. We kept the message brief so it looked like a normal announcement. The next morning, the pipeline logs were clean and the link had been shared again.",55.79292,4.021647,499,7.709375,1,0.10962321,552.60626,5.25069,0.0,62437,762,0.012204302,6.6359468,3.5215151,5040.9604,0.5708717703819275,1.0
"Context:
A TV host closed the show with a feel-good story from the arts scene, name-checking the director and the festival. The segment flashed a few numbers about donations and capacity limits for the venue. It also highlighted the neighborhood and the date of the next performance so viewers could find it. I clipped the broadcast, encoded it into a standard format, and shared it through an online service with a clean playback interface. Once that was done, I searched for a paint sprayer and compared pet insurance options.",81.43099,4.399756,500,10.112499,0,0.17405291,907.71436,7.378973,0.0,78054,768,0.009839342,6.64379,4.0250044,5215.1636,0.10657267272472382,0.0
"Context:
The analyst pulled quantities related to measurement, including average response time, error rate, and throughput per second. He also added financial metrics like per-request cost and monthly spend to the same dashboard. When throughput improved, spend dipped in the following week. The report highlighted both the technical numbers and the cost impact.",94.6118,4.5497823,501,9.012499,0,0.07153856,424.017,3.6540778,0.0,48304,751,0.015547367,6.6214056,3.1120632,5927.111,0.7379699945449829,1.0
"Context:
In the old newspaper clipping, an obituary lists several personal names, including Fei Zhang, along with the date of the memorial service. A later historical account repeats the same name but changes one letter in the family name. You call your aunt and ask which spelling is correct, and she tells you the obituary had a typo. When you tell her you saw Fei’s name again in a modern article, she says the family still lives nearby. You write down the corrected details for your records.",48.087406,3.8730204,502,7.8125,0,0.17508845,615.7594,6.1254444,0.0,78794,760,0.009645404,6.6333184,4.3646297,3516.8477,0.21672503650188446,0.0
"Context:
The class mixed globally related concepts from games with lessons from historical education, so the homework felt strangely fun. I fastened the cardboard spinner to our homemade board so it would not fly off during play. After school, we tried a recipe connected to the same region we had just studied. The kitchen smelled like spice and glue at the same time.",119.462875,4.7830057,503,9.724999,1,0.11683279,451.20303,4.500608,0.0,54259,756,0.013933172,6.6280413,3.8042696,3861.9553,0.6629655957221985,1.0
"Context:
A boutique advertised special features on its new backpack, like a hidden pocket and reinforced stitching. It was also marketed as a special edition made for a local festival, with a small embroidered badge. People tried it on in front of the mirror. The owner said the badge would never be used again after the festival ended.",51.61917,3.9438932,504,8.3375,0,0.14826353,639.64667,6.5495515,0.0,49797,755,0.015161556,6.6267176,3.4889505,4314.255,0.6922060251235962,1.0
"Context:
His field of focus was materials science, and he loved listing product attributes like color, density, and tensile strength. When the supplier sent a quote, he checked the cost per kilogram against the performance targets. He rejected one batch because the measured strength fell short. The replacement met the spec and stayed within budget.",72.97252,4.290083,505,8.449999,1,0.12356102,398.12033,4.471116,0.0,49806,761,0.015279284,6.6346335,3.8174436,3222.0544,0.45579618215560913,1.0
"Context:
A troubleshooting page used abbreviations like S/N, rev., and mm, plus lots of slashes and parentheses. The same page included a list of replacement parts connected by commas, so ordering felt mechanical. I copied the part numbers into a note and checked out. The repair went smoothly because the document was precise.",96.47794,4.5693145,506,9.787499,0,0.13778855,557.36847,5.5047565,0.0,51281,754,0.014703302,6.6253924,3.7026238,4045.1,0.6863822937011719,1.0
"Context:
The engineer tested a new composite and recorded quantifiable attributes like density and hardness. He then translated those results into a performance score and a ranked grade for the material, treating the numbers as metrics of value. When the sample cracked early, its score dropped and the rank slid. The final chart showed the measurements beside the ranking outcomes.",126.4997,4.84024,507,9.775,0,0.09984164,516.4361,4.5066566,0.0,51285,759,0.014799649,6.632002,3.4499335,5172.5522,0.6590372323989868,1.0
"Context:
Before the main argument, I wrote a short introductory section that explains the goal and defines a few terms. Right after that opening, I added a compact list of what the report covers, so readers can scan the scope. The combination kept the first page from feeling vague. When I shared the draft, people said they understood the point immediately. The beginning did its job without wasting words.",67.31197,4.209338,508,8.518749,0,0.11780724,387.50378,4.2340574,0.0,59464,761,0.012797659,6.6346335,4.0161867,3289.3037,0.4714984595775604,1.0
"Context:
In a small pharmacy by the harbor in Oslo, the clerk explained that ibuprofen can interact with certain medications. The receipt printed as Item#204, Qty 1, Tax 25%, and the terminal showed an error code before rebooting. Outside, a newsstand carried a gaming magazine with headlines full of acronyms and numbers. I chose a bus, a tram, or a ferry from the route list, then followed signs marked St Brg and Univ Gate.",134.3575,4.900504,509,9.449999,0,0.14429493,650.43036,5.644664,0.0,73581,763,0.010369524,6.637258,4.116726,4507.645,0.2500895857810974,0.0
"Context:
Her directions came as steps rather than advice, and the first step was to breathe before speaking. The second step was to ask one clear question instead of three messy ones. The third step was to listen without interrupting, even when I wanted to jump in. The fourth step was to repeat back what I heard to be sure I got it right.",30.163862,3.4066446,510,8.106248,1,0.12791605,488.52066,5.5045424,0.0,54254,754,0.013897593,6.6253924,3.5789979,3819.0723,0.6992171406745911,1.0
"Context:
The procurement lead compared financial metrics like unit prices and supplier rate cards before placing the order. She also checked the product's attributes, confirming the material grade and the strength rating for each part. When the price moved above the target, she swapped to a different alloy with the same tensile score. By the end of the call, the spreadsheet showed both the cost impact and the revised spec details.",95.78623,4.562119,511,9.687501,0,0.12870355,512.24817,5.601819,0.0,60942,755,0.012388829,6.6267176,3.6938832,3980.0625,0.6441793441772461,1.0
"Context:
The form asked for [4] items, and I nearly missed it because the bracketed number looked like an afterthought. I wrote “for [1] person” at the top of the page to stop myself from over-preparing. The reminder “of [7] steps” helped me pace the work instead of rushing. Once I followed the brackets, everything stayed consistent.",69.23027,4.237438,512,9.04375,1,0.1610853,431.82098,5.631645,0.0,62433,758,0.012141015,6.6306834,4.1001925,2680.6978,0.6073195338249207,1.0
"Context:
The hotel lobby was modern but not cold, with warm lighting and soft corners. Check-in was quick, and the hallway carpets muffled footsteps. At night, the building felt calm despite being in the center of everything. It was the kind of place that made travel feel simpler.",52.57979,3.9623318,513,8.9375,1,0.15658963,613.1053,5.812048,0.0,45344,756,0.016672548,6.6280413,3.695947,3915.3633,0.7121794819831848,1.0
"Context:
I replaced a vague opening with a clear first paragraph, because the beginning section needed to earn attention fast. Next I inserted a list of available features for the service plan we were proposing. The organizer attached a list of performers and set times, and we planned staffing around the busiest blocks. A help agent answered when the dashboard hid a key setting and guided me to it. The advance payment came from a line of credit that we can draw and repay as needed.",120.72171,4.793488,514,9.9375,0,0.13351293,562.6767,4.9464293,0.0,70622,767,0.010860639,6.6424866,4.1218677,4214.3984,0.20825758576393127,0.0
"Context:
On the poster, the band name appeared as The Midn Parl, and the venue was listed as Ctr Arena. A small line credited the opener to KD, with no further explanation. In the corner, the sponsor logo showed only the initials of the organization. The shorthand made it feel like an insider event.",116.501,4.7578998,515,9.674999,1,0.14468296,801.5489,6.199855,0.0,49808,763,0.015318824,6.637258,3.6188285,5540.0366,0.6167153716087341,1.0
"Context:
The oncologist outlined the chemotherapy regimen and explained why the infusions had to happen on specific days. She brought a notebook to record the anti-nausea meds and the timing that worked best. Blood tests guided small changes to the dosing so the side effects stayed manageable. When fatigue became overwhelming, the team added supportive treatment and emphasized hydration. She left each appointment with a clear medication plan for the week.",62.543354,4.13586,516,8.95,1,0.12945223,683.9289,5.440743,0.0,66152,754,0.011397992,6.6253924,3.9149666,5283.253,0.6301910281181335,1.0
"Context:
He reread 'The Hobbit' on the train and still smiled at the riddles. That evening, they put on 'Blade Runner 2049' with the lights off to match the mood. A friend insisted that 'Disco Elysium' was more novel than game, and the debate lasted an hour. Later, she queued up 'Succession' and promised they would stop after one episode. Of course they did not.",60.063206,4.0953975,517,7.753124,1,0.13550396,438.27283,4.999155,0.0,66889,756,0.011302307,6.6280413,4.0676136,3234.391,0.6096481680870056,1.0
"Context:
The antique watch belongs to my grandfather, and his initials are etched inside the case. A local jeweler confirmed the movement is Swiss and the dial is original. The leather strap was replaced years later, but the hands and gears are still the first set. When I wind it, the ticking feels like a small piece of family history.",53.239716,3.9748046,518,7.887499,1,0.13322376,633.6811,5.7886543,0.0,52035,761,0.014624772,6.6346335,3.6178496,4756.517,0.5966903567314148,1.0
"Context:
I’m drafting a blog series in four articles, and today I edited Article 3 to fix the pacing. The outline is a simple numbered list with a 1st section for context and a 2nd for examples. I kept rewriting the 3rd paragraph because it needed to match the earlier order. Once the 4th section was in place, the whole post finally read smoothly.",60.728836,4.1064186,519,8.537498,0,0.17705064,538.7895,6.135461,0.0,58728,762,0.012975072,6.6359468,4.061271,3043.138,0.536683976650238,1.0
"Context:
The data table looked clean, but I wanted to know the source before trusting any of it. The report listed the 1st dataset as sensor logs and the 2nd as manual inspections, each with different timestamps. A note at the bottom explained the origin of missing values and how they were handled. After reading the 3rd footnote, I stopped worrying about the odd spikes.",52.657898,3.9638162,520,8.599999,1,0.13296075,642.0557,6.2947807,0.0,58716,758,0.012909599,6.6306834,3.5647929,4828.9116,0.6618668437004089,1.0
"Context:
They planned a trip by scanning the World Wide Web for flights and reading about global locations/events happening that month. On the plane, a kid played a strategy game that hinted at globally related concepts, and the in-flight channel offered historical education segments between movies. After landing, a headline about global events or locations scrolled across the airport screens. That night, the hostel common room turned quiet when someone mentioned the World Trade Center while discussing the world in general.",98.9605,4.594721,521,8.574999,0,0.100542866,563.8924,4.55888,0.0,72091,757,0.010500617,6.629363,3.7863455,5608.4775,0.5023043155670166,1.0
"Context:
The first chapter began with a quiet morning, but the opening lacked tension. I added a small interruption in the second sentence and trimmed the description that followed. Suddenly the beginning had a pulse, and I could feel the reader being pulled forward. Everything after that depended on those opening moments.",72.96219,4.2899413,522,7.6781244,1,0.17563294,748.4662,6.646086,0.0,44606,758,0.01699323,6.6306834,3.7112277,4261.5366,0.7276414036750793,1.0
"Context:
He spent the morning configuring permissions in Salesforce for a regional rollout and sent the final checklist to his manager. On the train home he read a chapter of 'The Three-Body Problem' and circled a passage he wanted to discuss. A push notification warned about a Listeria recall on salad kits, so he stopped for groceries and chose something else. The station platform felt brutally hot, and he could taste the dryness in the air. After dinner, he took his migraine medication and tried to unwind.",76.90763,4.342605,523,9.062498,0,0.114748225,493.6692,4.4792724,0.0,79537,761,0.0095678745,6.6346335,4.1526346,4302.1943,0.21793650090694427,0.0
"Context:
The newsletter warned about rising social stress and tied it to what people see in each other’s expressions, from clenched jaws to blank stares. It was a printed handout meant to be shared, not a polished book. On the next block, a building listed its location and offered free counseling sessions for anyone who walked in. The pages and the place pointed to the same kind of tension.",100.543076,4.610586,524,9.175,1,0.221397,727.2331,8.468658,0.0,60954,760,0.012468419,6.6333184,4.0330896,3284.7468,0.7074626088142395,1.0
"Context:
The hotel lobby felt welcoming, and the lighting made it cozy without trying too hard. The town around it was also a good place to be, with parks and small restaurants that made travel easy. I checked in, dropped my bag, and immediately felt calmer. The ambiance did most of the work.",39.427612,3.6744664,525,7.7874994,0,0.14635938,700.6918,5.7622457,0.0,48315,758,0.01568871,6.6306834,3.7159529,4787.474,0.6539108753204346,1.0
"Context:
My laptop would not start, so I opened the manufacturer’s help chat and described the blinking light pattern. The agent asked for the serial number and guided me through a reset that brought the screen back. They also emailed a short checklist in case the problem returned. It felt like having someone steady in the room, even though it was only messages.",95.41516,4.5582376,526,9.8375,1,0.11915462,690.0752,5.014208,0.0,54993,753,0.013692652,6.6240654,3.7060812,5791.4263,0.6625059843063354,1.0
"Context:
The note on the box read: Bake for [12] minutes, then let the tray cool on the counter. After that, the dough was supposed to rest in a refrigerator before you slice and serve the cookies. She followed it exactly, tapping the timer button as if it were a ritual. The kitchen still managed to smell like cinnamon.",59.691353,4.089187,527,7.75,1,0.14027043,533.4812,5.2572756,0.0,52774,757,0.014344185,6.629363,3.824194,3803.2336,0.6444926261901855,1.0
"Context:
The editor saved the project in a format that the video platform didn’t like, so the first upload failed. I converted it to a more common file type and chose a resolution that matched the source. The interface offered captions, thumbnails, and privacy controls in one tidy flow. Once everything published, the video played cleanly and the page felt polished.",82.85111,4.417045,528,8.4375,1,0.09610035,516.4361,4.4493093,0.0,57225,756,0.013211009,6.6280413,3.520288,5373.925,0.684893012046814,1.0
"Context:
You can follow the setup prompts, and you should wait for the confirmation banner before you close anything. If you want to try the premium tools, you can accept the promotional price shown during the process. You’ll see the new options appear as soon as the purchase completes. If it doesn’t fit your routine, you can revert to the basic plan later. Once everything is saved, you can start using it immediately.",46.185234,3.8326602,529,7.940624,0,0.166373,743.15796,6.715022,0.0,66886,754,0.011272912,6.6253924,3.9680383,4466.8184,0.6457454562187195,1.0
"Context:
They set up a simple website for the league and gave each team a page for stats and news. In their next sports competition, the opponent played physical and slowed the tempo. The coach highlighted how the back four held their positions and how the midfield pressed in sync to regain control. Afterward, the store page was updated with exact sock sizes and calf measurements.",81.95938,4.406224,530,8.924999,0,0.1411222,652.9173,5.993998,0.0,55743,753,0.013508422,6.6240654,3.68664,4626.6094,0.6774144768714905,1.0
"Context:
Lev picked up his prescription at the pharmacy before heading to the office where he ran onboarding sessions for the new CRM software. On his lunch break he watched an episode of 'Severance' and ignored a news alert about a Listeria recall on packaged deli meats. The afternoon sun turned the parking lot into a heat trap, so he hurried inside and drank water between meetings. Later, he updated his address after noticing a mistake on the voter rolls at the community center. By evening, he was tired but relieved that the day had not spun further out of control.",61.229565,4.11463,531,8.4375,0,0.13030337,987.3384,6.018759,0.0,89190,764,0.008565983,6.638568,4.0626426,7577.2285,0.06435075402259827,0.0
"Context:
A moving company scratched the stair rail, so the building ordered a carpentry service to sand and refinish it. The carpenter talked about the smooth quality you get when the final coat cures properly. The varnish comes from a marine supplier, and the brush set is the main component that determines the texture. A few members of the residents’ group offered to help, but only part of the volunteers actually showed up.",89.648964,4.4959016,532,8.912498,0,0.12166899,418.732,4.541633,0.0,66152,760,0.011488693,6.6333184,4.0271473,3441.5671,0.5668652653694153,1.0
"Context:
Lev Levison sat in the waiting room reviewing email because his appointment ran late. The doctor adjusted his prescription and suggested a follow-up in four weeks. Back at work, Lev updated the CRM fields and sent a training guide to the sales managers. On the commute, he listened to an audiobook chapter from 'Norwegian Wood' while a notification flashed about a Listeria recall. The heat did not break until evening, when he finally sat down to check the voter rolls site for his updated address.",86.51111,4.460273,533,9.78125,0,0.12918341,384.84964,4.701201,0.0,78801,765,0.0097079985,6.639876,4.2350593,2979.095,0.17993953824043274,0.0
"Context:
The storefront window was covered with printed specials for a weekend sale. Each sign promised a bonus gift, a lower price, or a faster turnaround. A staff member stood outside offering samples and pointing people toward the counter. The whole street looked like it was competing for attention.",61.67626,4.121899,534,8.2,1,0.123928234,671.4963,5.1696486,0.0,42365,755,0.017821316,6.6267176,3.5184147,5418.4287,0.6797512769699097,1.0
"Context:
At the world expo, the guide walked us through global events or locations using artifacts shipped from dozens of countries. Behind the scenes, a technician joined the display cases securely so none of the hinges rattled. I watched them tighten each latch before the crowd arrived. The exhibit felt solid, like it could survive a stampede.",123.33029,4.814866,535,9.0375,1,0.1501257,780.31586,7.2890053,0.0,50544,757,0.01497705,6.629363,3.3905835,5197.75,0.6670626997947693,1.0
"Context:
The fundraiser page went live, and the organizer shared the link across multiple platforms. The message asked for donations and promised transparent updates about where the money would go. A small business added an advertisement slot and offered a giveaway item to donors. People reposted the media clip because it was simple and emotional. By the end of the day, the link had more clicks than they expected.",42.0873,3.739746,536,7.9125,1,0.12698738,299.59708,4.551416,0.0,59475,763,0.01282892,6.637258,3.9257035,2359.2664,0.43335244059562683,0.0
"Context:
You might think nobody noticed your effort, but I saw you staying late and cleaning up after everyone left. If you want recognition, you can ask for it without feeling guilty. You can also decide that you’re done overextending and start saying no. If you keep absorbing extra work, you’ll end up resenting the people you’re trying to help. You deserve a pace that doesn’t drain you.",44.542297,3.7964392,537,8.412499,1,0.14546216,610.4512,5.7937107,0.0,69112,750,0.01085195,6.6200733,4.0130367,4196.6323,0.680476188659668,1.0
"Context:
She opened a browser on the World Wide Web to read about global locations/events and bookmarked a timeline of major trips and disasters. Later, a friend suggested a board game that teaches globally related concepts through historical education, and they cooked a dish that borrowed flavors from several regions. The evening news mentioned global events or locations again, and the conversation drifted to global affairs. Before bed, he brought up the World Trade Center as a reference point that still shapes how the world in general talks about risk.",81.11975,4.3959265,538,8.299999,0,0.1333852,466.1883,4.9143286,0.0,76558,759,0.009914052,6.632002,4.231078,3495.0527,0.29254403710365295,0.0
"Context:
I found the workshop in a renovated warehouse that now housed studios and a tiny cafe. The front desk handed me a badge and directed me to a room lined with folding chairs. Outside the window, a courtyard had been arranged for mingling afterward. The place was designed to keep people lingering.",61.20531,4.114234,539,9.0625,1,0.17872213,528.173,6.7347393,0.0,45353,758,0.016713338,6.6306834,3.645527,2955.2747,0.7436589598655701,1.0
"Context:
The newsletter said the campaign brought in 2,750 new subscribers, and the team kept highlighting the number. Later, they mentioned a scholarship pool of 18 grants and included the application deadline. The figures made the whole update feel concrete. I bookmarked it and went back to my tasks.",112.59114,4.723763,540,10.0125,0,0.11937634,690.0752,5.6118994,0.0,44599,757,0.016973475,6.629363,3.3149152,5780.67,0.6527748107910156,1.0
"Context:
A small bottle of antiseptic gel came with a label full of chemical terms and dosage-style numbers. The manufacturer claimed the active ingredients were sourced from a specific plant extract and blended with stabilizers. I checked where the components came from before trusting it on a cut. It worked fine, but I still kept the label for reference.",59.167637,4.0803747,541,8.25,1,0.11606057,465.62192,4.6368713,0.0,52781,759,0.014380175,6.632002,3.7341392,4011.8872,0.650778591632843,1.0
"Context:
He arrived in the office before anyone else and sat near the window to plan the day. During the morning, he moved between meetings and emails, then paused after lunch to think. When the call ended, he walked down the hall and into the stairwell to clear his head. Later, he drove out of town and toward the coast as the sun lowered. In the evening, he returned home and fell asleep during a movie.",27.306536,3.307126,542,6.6375,1,0.094272465,451.20303,4.2678285,0.0,66140,753,0.011384941,6.6240654,3.643187,4786.159,0.6629989147186279,1.0
"Context:
Fei and I attended a lecture at the gallery, and the first thing I noticed was the raised floral pattern stamped into the brochures. The speaker opened with a story about a painter whose name appeared in old obituaries and newspaper reports, then pointed to a list of patrons on the wall. A couple rows ahead, someone took out a quick-relief inhaler during the applause and waited for their breath to catch up. At intermission, the cashier explained that the charge would show a different business name because of a finance processor, then offered a loyalty membership for discounts. Fei teased me for reading the fine print before buying a postcard.",61.965622,4.1265798,543,9.037499,0,0.13049006,700.6918,5.389884,0.0,100352,771,0.007682956,6.6476884,4.348064,5369.6943,0.04324831813573837,0.0
"Context:
She started a new course of medication and kept a small notebook of symptoms to share at the next visit. In the office she reviewed a candidate’s resume and highlighted strong SQL and Excel skills for the analytics role. The break room TV showed a clip from 'Interstellar', and the soundtrack made the afternoon feel cinematic. A recall warning about Listeria spread quickly, and everyone raided the fridge to check labels. When she stepped outside, the heat hit so hard she turned back for her water.",119.27096,4.781398,544,9.637499,0,0.1697293,663.5339,5.964111,0.0,77315,769,0.009946324,6.645091,4.3605514,3909.3652,0.09271983802318573,0.0
"Context:
The cookbook told her to check the notes section on page 42 for extra information about substitutions. She flipped there and found a short paragraph about swapping citrus zest. Those notes also reminded her to chill the batter in a refrigerator before baking the loaf and to serve it only after it cooled. She followed the steps and the crumb came out perfect.",59.06156,4.0785804,545,8.487499,0,0.12863263,586.2248,4.894977,0.0,55012,760,0.013815167,6.6333184,3.8637927,4557.3564,0.6201949119567871,1.0
"Context:
The real estate agent sent the office address and asked me to arrive ten minutes early, which mattered because parking was limited. In a forum thread, several people compared settlement statements and pointed to the line where a percentage was withheld and remitted for tax. The debate quickly widened into stories about wage gaps and how unequal the city feels when one person can absorb costs that break another. I distracted myself by swapping RAM sticks and rewriting a page on my website that reviews gadgets from my hobbies. When I returned to the thread, someone had summarized the whole argument in three blunt sentences.",109.43963,4.695373,546,9.199999,0,0.15694168,775.00757,6.3404946,0.0,86965,767,0.00881964,6.6424866,4.242294,4938.188,0.048843611031770706,0.0
"Context:
The discussion of the World Trade Center came after a long segment on global affairs and public memory. I only got into the auditorium because I had a confirmation that guaranteed my assigned seat. The usher checked the printed list and pointed me to the third row. The room stayed hushed even after the lights came back on.",71.28962,4.266751,547,9.525,1,0.1209961,711.3083,5.3684697,0.0,49793,755,0.015162773,6.6267176,3.503855,5878.77,0.6967390179634094,1.0
"Context:
The newsletter arrived as part two of a series, and the footer teased part three with a first option for subscribers and a second option for guests. In my notebook I wrote a numbered list of talking points, and the fourth point was circled for emphasis. The meeting was held in the second room, and I took the third seat in the fourth row beside the fifth chair that was already reserved. The voting rules were step 1 to raise a hand and step 2 to stay silent, and the final tally put the first proposal ahead of the others.",55.025166,4.0077906,548,8.487499,0,0.20417109,923.63916,7.631774,0.0,83262,765,0.009187865,6.639876,4.3282747,4523.8486,0.12884648144245148,0.0
"Context:
The first paragraph set the scene and explained why the topic matters, without dumping details too early. After that, I included a simple lineup of speakers and times for the panel so attendees could plan their day. The intro made the program feel intentional rather than random. A colleague suggested trimming one sentence, and the opening got sharper. The event list stayed unchanged because it was already clear.",85.173325,4.4446883,549,8.45,0,0.13799588,508.0615,5.371986,0.0,59474,768,0.012913206,6.64379,3.8676646,3681.7148,0.43905502557754517,0.0
"Context:
I walked to the address on the flyer and recognized the place immediately because it included the café name and the side entrance description. In a forum thread that night, sellers traded stories about buyers withholding a percentage from the sale and remitting it for taxes at closing. The replies were packed with complaints about how uneven the system feels when one person has cushions and another has none. I rebuilt my site’s navigation, wrote a quick product review of a secondhand laptop, and added a short summary of the week’s events. The online argument kept going, but my page at least looked tidy.",94.01413,4.543445,550,8.549999,0,0.13179888,522.0192,5.3428288,0.0,92917,772,0.008308491,6.6489844,4.2142367,3960.7258,0.08568170666694641,0.0
"Context:
The museum hosted a formal evening tour that felt exceptional, ending with a special tasting table in the atrium. A docent shared her area of expertise in restoration and explained why certain pigments age differently. In the gift shop, a holiday special edition print was sold in a small batch, hand-crafted on thick paper. The audio guide had enhanced features this season, and the captions actually synced correctly. A visitor mentioned a special counsel case in passing, and another talked about special education services and the specialists who coordinate accommodations.",118.88002,4.778115,551,9.6375,0,0.15304035,639.26416,5.996171,0.0,81772,769,0.009404197,6.645091,4.2346864,4177.0957,0.07780621200799942,0.0
"Context:
When you reach the settings screen, you can choose whether you want notifications on or off. You should read the brief description under the toggle so you know what changes immediately. If you select the quiet mode, you can still receive critical alerts without constant buzzing. You’ll see a preview of how it behaves before you save. After you confirm, you can return to the main page and continue.",40.98394,3.7131803,552,8.349999,1,0.15823376,753.7745,6.600023,0.0,61686,755,0.012239406,6.6267176,3.8346322,4763.677,0.6622377038002014,1.0
"Context:
In the lab notebook, quantifiable attributes of the alloy were recorded: hardness, conductivity, and density. The supplier promised a special shipment for a formal product unveiling, packed in custom crates. A technician cross-checked the readings against last month's run. The project lead said the delivery had to feel exceptional because investors would attend.",144.2494,4.971544,553,9.90625,1,0.13778716,580.7482,5.939855,0.0,52026,755,0.0145119745,6.6267176,3.5719347,4214.821,0.6980528831481934,1.0
"Context:
HR sent a confirmation that guaranteed my position would stay open until Friday. In the finance office, they also discussed maintaining security and stability as budgets tightened. A manager from healthcare compliance joined to ask about access rules. By lunchtime, my start date felt real and the risk plan felt sharper.",217.48724,5.38214,554,9.75,0,0.110002264,535.9769,5.326528,0.0,45338,755,0.016652698,6.6267176,3.1861515,4872.417,0.7019352316856384,1.0
"Context:
Ravn Software, a subsidiary of Northbridge plc, develops data products for enterprises. The Copenhagen team, in the analytics department, collaborates with the Oslo branch on client rollouts. Northbridge plc, with subsidiaries in several markets, centralizes procurement and legal review. Ravn Software, under the commercial unit, supports sales engineering and demos. The organization is described in layers, one clause after another.",97.9937,4.5849032,555,9.825001,1,0.18773375,538.7895,6.355466,0.0,64675,767,0.011859297,6.6424866,4.2473764,2869.966,0.520055890083313,1.0
"Context:
I shared the media link because people kept asking where to donate. Northbridge plc, with Ravn Software, supported the initiative, and the Oslo branch was mentioned, in the sponsor paragraph. The numbers were clear: 500,000 projected views became 742,300, and 95,000 DKK turned into 7 new scholarships. During the evening, I moved from the entrance into the crowd and toward the booth where volunteers were collecting names. I wrote a follow-up explanation because I did not want anyone to think the counts were inflated.",95.68064,4.561016,556,9.699997,0,0.15693155,849.32336,6.4780564,0.0,83256,766,0.0092005385,6.641182,4.2210236,5412.0625,0.07782767713069916,0.0
"Context:
The letter said I had been pre-approved for a line of credit and listed the maximum amount. I knew it was a tool, not extra income, so I read the fine print on interest and late charges. When the car repair bill hit, I drew only what I needed and paid it back fast. The financing was useful precisely because it was temporary.",58.810413,4.074319,557,9.324999,1,0.18162991,690.0752,6.661721,0.0,55756,764,0.013702561,6.638568,3.977573,3799.3477,0.562999963760376,1.0
"Context:
A recruiter called to guarantee his place on the team, and he felt himself obtaining a long-awaited opportunity. In the workshop, he joined two cables with a tight connector and fastened them so they would not loosen during travel. The company’s security lead discussed budgets and controls that keep the business stable against fraud. By evening, the manager made the plan certain and closed the decision in writing.",124.88705,4.8274097,558,9.0625,0,0.1215,506.93988,4.852616,0.0,63175,759,0.012014247,6.632002,3.8683307,4172.3447,0.6027131080627441,1.0
"Context:
The hallway looked sterile at first, but the low lamps made it oddly soothing. Her footsteps barely made a sound, and the quiet felt intentional rather than empty. The whole building carried a calm, controlled atmosphere. Even bad news would have sounded quieter there.",89.351074,4.4925733,559,9.4437475,1,0.07517305,465.6383,3.5224059,0.0,40134,753,0.018762147,6.6240654,3.1520889,6194.2188,0.6113120317459106,1.0
"Context:
The invitation listed speakers as Dr S Patel, Prof L Nguyen, and a guest from the Intl Sci Soc. A short note referenced a panel on the docuseries City of Night, credited to JR on the program. Even the venue was shortened to St Hall, as if everyone already knew the full name. By the time I finished reading, the page felt like a collage of clipped identities.",135.44983,4.9086013,560,9.756249,1,0.18255374,828.0903,6.464192,0.0,62432,758,0.01214121,6.6306834,4.1697526,4536.145,0.6959424614906311,1.0
"Context:
The message said to meet at the pharmacy next to City Hall, and it included both the address and a photo of the storefront. While waiting, I read a forum thread where a buyer described withholding a percentage of the sale price and remitting it to tax authorities at closing. Another user replied that rules like that land differently depending on whether someone has a cushion, and the talk became a sharp lesson in disparities. I killed time by benchmarking my laptop and drafting a cleaner page on my website for a product review I owed a friend. When I finally looked up, the location details were still the only part everyone agreed on.",86.80416,4.4636545,561,9.43125,0,0.15773174,505.26993,5.358232,0.0,95153,776,0.008155286,6.6541524,4.587003,3203.3496,0.1202232614159584,0.0
"Context:
You can begin by selecting your preference, and you should pause if the app asks for permission before proceeding. If you see a banner offering a discount, you can claim it and unlock more options. You’ll get an immediate confirmation, and you can start using the added tools right away. If you find it unnecessary, you can turn it off later in settings. When everything is set, you can leave the menu and carry on.",40.57836,3.703235,562,7.5625,0,0.1573619,833.39856,6.7495604,0.0,67630,755,0.011163685,6.6267176,3.8727176,5296.0635,0.644325315952301,1.0
"Context:
The bookstore hosted a talk about a local historian, and the poster listed names from old news reports and memorial records in big, confident letters. Fei arrived late and slid into the seat beside me, whispering an apology and offering me a mint. During the Q&A, someone in the front row used a quick-relief inhaler and then continued asking their question as if nothing happened. At the checkout, I paid and got a receipt showing the store brand, a separate legal entity name, and an invitation to join a loyalty program for points. The tote bag they sold had a raised floral pattern around the printed brand name, making it feel like a keepsake.",75.07539,4.318493,563,9.031248,0,0.14592579,639.64667,5.974182,0.0,102576,768,0.0074871313,6.64379,4.357475,4383.3696,0.0430462472140789,0.0
"Context:
The studio demanded exact specs for the editing rig because the new software build was picky about drivers. On the table, a periodical lay open to a heated controversy, and the editor kept calling it the issue everyone would remember. We reviewed portraits, arguing over how a nose shadow and a tired smile would shape a story about homelessness and public response. When the meeting ended, I grabbed a stack of old magazines and a collected volume to see how earlier publications framed the same concern.",144.95982,4.9764566,564,9.75,0,0.1406135,785.6241,5.5457077,0.0,73583,764,0.010382833,6.638568,4.1554284,5587.117,0.24594847857952118,0.0
"Context:
During a long train ride, I reread a few pages of the Quran translation I carry for notes. The footnotes led me into older debates about language and meaning. I found myself thinking less about doctrine and more about how a single phrase can shape a life. By the time we arrived, I felt oddly steadied.",58.715088,4.0726967,565,9.0,1,0.1838551,411.391,5.8940043,0.0,50551,758,0.014994758,6.6306834,4.040936,2237.5828,0.7138128876686096,1.0
"Context:
A theater planned a special show night tied to a holiday, with a formal dress code in the balcony. The program included unique or notable items, like a one-time encore and a guest soloist. Audience members lined up early at the doors. The director thanked them for attending the special night.",69.94103,4.2476525,566,8.299999,0,0.12498484,445.89474,4.896207,0.0,48318,758,0.015687736,6.6306834,3.6361554,3567.5906,0.619279682636261,1.0
"Context:
My dermatologist prescribed a topical retinoid and told me to stop mixing it with harsh cleansers. I saw a community post asking for donations for a free-skincare drive and replied with a link to their signup page. The organizer thanked me and asked if I could share the instructions on how to apply the cream safely. I kept the note simple and reminded everyone to patch-test first.",38.92907,3.6617413,567,8.674999,1,0.17140487,690.0752,5.5909324,0.0,63192,763,0.012074313,6.637258,4.3128967,4025.9954,0.423348993062973,0.0
"Context:
She watched a documentary that moved across continents, stopping at ports, deserts, and mountain passes. The narrator placed each scene within a broader global event that shaped the following decade. When the credits rolled, she still pictured the crowded streets and distant skylines. It felt like she had toured half the planet from her sofa.",69.88426,4.2468405,568,8.424999,1,0.122579426,955.4888,6.1440024,0.0,50536,753,0.014900269,6.6240654,3.3790627,7794.8545,0.6299888491630554,1.0
"Context:
I remember the wet grass, the sting of cold air in my throat, and the dull thud of boots as we shifted into new positions. Our captain kept pointing, telling me when to cover inside and when to push higher. The match was all about where you stood and what you did in the next second. Even afterward, my body still held the feel of that sprint-and-stop pattern.",54.412487,3.9965937,569,8.412498,1,0.121293,660.87976,6.058281,0.0,62424,753,0.012062668,6.6240654,3.5476396,5448.6226,0.6576128602027893,1.0
"Context:
The insurer emails you about covering a quick-relief asthma medication and asks you to confirm the policyholder name. You open the attachment and see personal and business names printed across the finance section of the claim. A legal paragraph explains which company processes the reimbursement and which pharmacy network is included. You submit the form, then keep the receipt in case the names don’t match on the next statement. The next day, you pick up the inhaler and file the confirmation.",76.98054,4.3435526,570,9.5125,0,0.16973977,602.4888,6.319017,0.0,73585,758,0.010301013,6.6306834,4.1760244,3549.485,0.2672788202762604,0.0
"Context:
In the brochure, the available models were laid out with a neat list of features beside each one. I traced a finger down the column for battery life, ports, and warranty length. The salesperson pointed to a line about included accessories that I had missed. By the end, the list mattered more than the shiny photos.",68.556076,4.227652,571,9.4,1,0.1585416,706.00006,6.4206476,0.0,51290,758,0.014778709,6.6306834,3.7291162,4453.0903,0.6790384650230408,1.0
"Context:
A feel-good news clip featured a well-known presenter and a surprise guest from a popular show. The segment added a few figures on fundraising targets and explained the tech behind the streaming donation tracker. It also identified the city square, the event name, and the time the stage opened. I uploaded my recording, chose 1080p for compatibility, and watched the service compress the file without ruining the audio. Then I renewed my pet supply subscription and compared prices on a used graphics card.",106.29485,4.666217,572,9.90625,0,0.14535476,716.6166,5.556894,0.0,74332,766,0.010305118,6.641182,4.1701097,4930.121,0.14628729224205017,0.0
"Context:
The software tutorial was divided into parts, and part two introduced level two settings after the first lesson. I kept a numbered list of shortcuts, and the third one saved me when the fourth step kept failing. The support desk told me to go to the second counter, then the third window, and sit in the first chair until called. The reset guide was step 1 to verify identity and step 2 to confirm email, and afterwards I ordered the receipts from first to last to match the log.",84.51179,4.436891,573,9.375,0,0.13980593,527.6023,5.191054,0.0,75082,765,0.01018886,6.639876,4.1899796,3773.819,0.2216721475124359,0.0
"Context:
The training portal unlocked level one on Monday and level two on Wednesday, so the pace felt relentless. I skimmed the second article in the series to catch up before the quiz opened. There were three options for the final project, and the first sounded too easy. I committed to the third option and saved part five for the weekend.",65.99428,4.189568,574,9.162499,1,0.1634193,732.5414,6.307815,0.0,52031,754,0.014491361,6.6253924,3.8387575,4482.588,0.7032853960990906,1.0
"Context:
Payroll reconciliation required financial metrics like salary amounts, wage rates, and overtime premiums. The HR report also included rank and level bands used to determine raises. A mis-entered rate caused one employee's premium to double, and the totals looked off. After correction, the wage table matched the level band rules.",148.9676,5.003729,575,9.5625,0,0.14262511,519.22766,5.970355,0.0,49054,754,0.015370816,6.6253924,3.570267,3640.5066,0.7024984955787659,1.0
"Context:
The email arrived with a stamped confirmation number and the room was officially held under her name. At check-in, the clerk pointed to the note that the reservation was guaranteed despite the late arrival. She kept the printed voucher folded in her wallet as proof. When the lobby filled up, she still had a place waiting upstairs.",68.42048,4.2256722,576,8.7,1,0.15900825,666.188,7.022224,0.0,50542,756,0.014957856,6.6280413,3.48801,4189.644,0.7002713680267334,1.0
"Context:
A poster outside the bookstore advertised a weekend philosophy talk sponsored by a local cafe. Inside, tables displayed branded products and a small booth offering skincare samples. The talk referenced Augustine and ended with people sharing favorite recipes from home. The building felt like a location built for services and events, with marketing threaded through every corner.",125.19567,4.829878,577,9.5625,0,0.18331562,483.05264,6.306698,0.0,50556,761,0.015052615,6.6346335,3.932358,2635.0872,0.5596068501472473,1.0
"Context:
At the conference venue, the keynote is in the 1st hall, but the workshop I wanted is in the 3rd room along the left corridor. Our group is scheduled in the 2nd time slot, right after the morning break. The organizer handed out an ordered list of rooms to visit in sequence, and the 4th location was easy to miss. When the crowd started drifting, a volunteer called out the next ordinal and pointed the way.",67.34581,4.209841,578,7.687499,0,0.23973268,828.0903,8.545707,0.0,69156,769,0.011119788,6.645091,4.2862234,3454.2234,0.22400203347206116,0.0
"Context:
We shared a donation request with a direct link and promised to post updates every week. Solara Capital, with Helio Ventures, backed the program, and the Milan branch handled local outreach, with a short note about it. I drove out early because I did not want to miss the setup window. The flyer quoted 100,000 DKK as the target and highlighted 10 scholarship spots, alongside last year’s attendance of 6,200 at the sports fundraiser. After the whistle, we walked toward the exit and then into the street where rides were waiting.",107.25535,4.6752124,579,9.1625,0,0.15006317,591.80786,5.482441,0.0,85483,763,0.008925752,6.637258,4.4215913,3943.7249,0.12350474298000336,0.0
"Context:
The coastal trail was a genuinely good place to spend an afternoon, with open views and an easy path. Halfway through, a sudden storm turned the scene dramatic, and the time took on a harsher quality. Wind slapped against my jacket and made the whole walk feel different. By the time the rain stopped, the calm returned.",62.763863,4.1393795,580,8.812498,0,0.09716715,432.68973,4.0849814,0.0,51278,750,0.014626156,6.6200733,3.531337,4453.0454,0.7033201456069946,1.0
"Context:
We joined two panels by fastening the corner brackets so the display would not wobble. The panels formed a huge map for global events or locations, with pins showing where the teams had traveled. Every time someone bumped the table, the frame held firm. The exhibit looked polished by the time the doors opened.",108.302055,4.684924,581,8.987499,1,0.08689761,536.1354,4.1081896,0.0,48310,756,0.015648933,6.6280413,3.3301272,6169.7363,0.7019283771514893,1.0
"Context:
The essay’s introduction had to do two jobs: invite the reader in and make the claim clear. I cut a long preface and replaced it with a short scene that hinted at what was coming. The first section became tighter, and the rest stopped feeling like an apology. When I read it aloud, the beginning finally had a rhythm.",72.24907,4.2801194,582,8.724999,1,0.18218522,716.6166,6.46475,0.0,54269,758,0.013967458,6.6306834,3.9934864,3933.4507,0.7397369146347046,1.0
"Context:
In the museum archive, a curator slid a folder toward me with a neatly typed label and several signatures in ink. Each page carried another name, some famous, some clearly ordinary, all tied to the same event in different ways. On the train home, I read a news piece that quoted three people, their names anchoring the story like pins on a map. I kept thinking about how a simple name can carry grief, pride, and reputation at once. By the time I reached my stop, the list had turned into a chorus in my head.",56.30185,4.0307274,583,7.9124994,1,0.11855655,536.1354,4.7558584,0.0,84740,766,0.009039415,6.641182,4.156342,4522.191,0.14097172021865845,0.0
"Context:
The restaurant ran a special winter menu night, and the atmosphere felt exceptional with formal table settings. I sat with someone whose area of expertise was software reliability, and he explained failures in concrete terms. The dessert was a holiday special edition pastry, hand-crafted and served only for that weekend. Their updated booking system had enhanced features that prevented double reservations. As we left, the television mentioned a special counsel press conference, and a parent nearby talked about special education specialists and special economic pressures on school budgets.",136.4242,4.915769,584,9.549999,0,0.12336301,415.94043,4.491966,0.0,76568,765,0.009991119,6.639876,4.189332,3371.6787,0.222034752368927,0.0
"Context:
I checked the hardware specifications twice because the rendering tool demanded a specific graphics card and software version. The magazine I was designing had an entire section devoted to a public controversy, and the editor wanted the tone tight but fair. As we reviewed portraits, we argued over how a smile line changed the reader’s perception during a story on inequality. Afterward, I borrowed a bound set of journals and a collected anthology to match the publication’s style history.",164.50705,5.1029534,585,9.65625,0,0.12525095,634.3384,5.274333,0.0,71359,763,0.010692415,6.637258,3.9219508,5064.5396,0.34269362688064575,0.0
"Context:
The volunteer posted a match report through the content editor and tagged it with the correct category. On the pitch, the opponent pressed aggressively, forcing quick decisions under pressure. A smart run from the striker and a well-timed pass from midfield created the winning moment. Fans ordering scarves asked about length and width, so the product description was updated with precise numbers.",83.74308,4.4277534,586,9.21875,0,0.13503364,422.12976,4.752803,0.0,56499,765,0.013540063,6.639876,3.9899983,3126.1082,0.4021305739879608,0.0
"Context:
The jacket feels light on the shoulders, but it blocks wind better than expected. The zipper runs smoothly and never snags the lining when you pull it up. Even after a long walk, the fabric stays quiet and doesn’t rustle loudly. The overall look is clean and understated, which makes it easy to wear anywhere.",46.290085,3.8349278,587,8.3125,1,0.11543237,517.5564,4.6105213,0.0,52779,752,0.014248091,6.6227365,3.6806674,4483.6333,0.7162044048309326,1.0
"Context:
She ordered a new cat food subscription and, in the same cart, added a small toolkit for home repairs plus a USB hub for her laptop. The delivery page listed each item as a separate service line, which made it easy to track. The recipe card stuck to the fridge said to let the cheesecake set in the refrigerator overnight and serve it with berries. While the tracker updated, she cleaned the kitchen and checked the batteries in her wireless mouse.",72.99813,4.290434,588,8.499998,1,0.1342394,376.88724,4.8145337,0.0,69873,759,0.010862565,6.632002,4.1131907,2807.5752,0.5429439544677734,1.0
"Context:
The document needed a strong opening, so I rewrote the first paragraph to make the purpose obvious. While editing, I kept referencing notes about servers, browsers, and basic tooling because the piece was about building a site from scratch. The intro had to feel clear without getting lost in technical jargon. After a few drafts, the beginning finally matched the practical tone of the rest. Only then did I move on to the deeper hardware and software details.",46.217785,3.8333647,589,7.6375,1,0.113531366,422.00754,4.5565853,0.0,69123,757,0.010951492,6.629363,3.920848,3717.1008,0.5700418949127197,1.0
"Context:
The landlord arranged a window-repair service after a storm cracked the outer pane. The glazier admired the frame’s sturdy quality and said it was worth saving rather than replacing. The glass was sourced through the insurer’s partner network, and the spacer component matched the existing double-glaze unit. Some of the tenants waited inside, while the rest stood with a member of the building committee to ask about timelines.",96.968216,4.5743833,590,9.0625,0,0.14462352,494.10376,5.891175,0.0,67637,766,0.011325162,6.641182,3.9299166,3416.4827,0.3155529797077179,0.0
"Context:
The giveaway video went live with a link, and the caption asked everyone to share it widely. Meridian Holdings, through Arden Labs, routed support to the Aalborg office, and the structure description read like a formal company overview. I wrote the post myself because I wanted to be accountable for every claim. The summary listed 318 press mentions and 900,000 impressions, plus 10 scholarships planned for next term. After the presentation, we moved toward the doors and then into the courtyard for photos.",128.0002,4.8520317,591,9.537498,0,0.119591065,555.51776,4.6243668,0.0,75820,764,0.010076497,6.638568,4.1569104,4645.1445,0.23456412553787231,0.0
"Context:
The charity stream raised 6,200 kroner in a single night, and the organizers kept repeating the figure on screen. Right after the recap, they reminded viewers to avoid recalled foods because of Listeria concerns at a partner venue. I double-checked my pantry and shared the caution with my roommates. The next morning, the donation count kept climbing.",83.45578,4.424317,592,9.8375,1,0.14802295,557.36847,5.7356224,0.0,57239,760,0.01327766,6.6333184,3.8278189,3765.4192,0.6535691022872925,1.0
"Context:
The retailer updated the listing with metrics like star rating, popularity rank, and price history to help shoppers compare options. Alongside it, they highlighted a special add-on service that included gift wrapping and scheduled delivery. When the rank changed after a review surge, the page refreshed automatically. The add-on was pitched as a unique offering for holiday orders.",88.15611,4.4791093,593,9.737499,1,0.14106703,621.0677,6.351815,0.0,54995,753,0.013692154,6.6240654,3.5871427,4402.6426,0.6980528831481934,1.0
"Context:
The email arrived with a confirmation that guaranteed my spot in the workshop. I walked in early and obtained the last empty chair near the window. Someone tried to claim it later, but the printed roster backed me up. I stayed seated, calm, and ready.",82.46953,4.412429,594,9.325,0,0.10523691,663.5339,4.9399576,0.0,40880,753,0.018419765,6.6240654,3.284347,6305.144,0.5899843573570251,1.0
"Context:
After the final whistle, Jonas kept replaying the highlight in his head and texted everyone about the comeback win that made the evening feel unreal. He opened the club’s page and used the live-notification toggle so scores and breaking headlines would pop up without refreshing. The site also let him pin the match report to the top of his feed for tomorrow morning. By midnight he was still grinning at the photos from the post-game interview.",102.04992,4.625462,595,8.625,1,0.106841944,424.66168,4.433277,0.0,69119,757,0.010952126,6.629363,3.8497596,3974.6719,0.5800886154174805,1.0
"Context:
I bumped into Levison at the community center, where people were checking their voter rolls ahead of the deadline. Outside, the heat made the parking lot feel like a skillet, and everyone kept fanning themselves with forms. Levison joked that the air-conditioning was the best campaign promise he’d heard all year. We finished our updates and escaped back into the shade.",71.17771,4.2651796,596,9.775,0,0.12441961,376.88724,4.393038,0.0,59471,762,0.012812967,6.6359468,3.9763591,3029.1626,0.43335244059562683,0.0
"Context:
The restaurant introduced a special menu item for a formal celebration, served on a small tasting plate. The chef kept a sheet of quantifiable attributes for consistency: portion weight, salt percentage, and cooking time. When one plate came out heavier, it was remade. The event stayed on schedule and the portions matched the targets.",75.83796,4.328599,597,9.5625,1,0.14351289,547.1431,5.667095,0.0,50555,763,0.0150924735,6.637258,3.7192748,3812.5017,0.5054617524147034,1.0
"Context:
I spent the afternoon in a coworking space polishing a landing page with a CMS and a few design templates. The event had a calm, focused tone, like a workshop where time moves in neat blocks. Between sessions, I tweaked the navigation and updated the site’s metadata. As the evening wrapped up, the whole place felt finished in the same way the site finally did.",85.167435,4.444619,598,8.375,1,0.12589826,629.0301,5.1211343,0.0,60206,760,0.012623327,6.6333184,3.8386955,4996.337,0.650395929813385,1.0
"Context:
A resort advertised a special anniversary package, presented as an exceptional experience with formal dinners included. The brochure listed special features such as a private terrace and a spa session. Guests booked early to secure the dates. Staff greeted arrivals with a small card that said ""special"" in gold print.",87.17129,4.467875,599,8.424998,0,0.09086499,347.69174,3.8489172,0.0,46082,756,0.016405538,6.6280413,3.3844886,3826.4653,0.6476130485534668,1.0
"Context:
The village square looked pleasant at first, with soft lamps and quiet benches. A crowded firework competition drew people in close, and the intensity rose as each team tried to outdo the last display. Smoke drifted into throats, sparks popped overhead, and the ground vibrated with each burst. The hour had a particular quality, suspended between celebration and chaos. The ambiance stayed festive and slightly eerie, bright noise against a dark sky.",113.483505,4.7316575,600,9.2,0,0.13042381,865.24817,6.046158,0.0,66892,758,0.011331699,6.6306834,3.7616565,6634.127,0.4605449140071869,1.0
"Context:
When we compared the sofa fabrics, I focused on the attributes that matter in daily use: stain resistance, softness, and durability. The salesperson laid out a neat list of options connected by commas, so I could choose linen, velvet, or a tight-weave cotton. I picked the one with the strongest wear rating and the smoothest feel. It looked plain under the store lights, but at home the texture showed its best qualities.",54.271336,3.9939961,601,9.193749,1,0.11031371,597.391,4.828841,0.0,69861,760,0.010878745,6.6333184,3.8754745,5415.383,0.6009858250617981,1.0
"Context:
In the weekly review, the analyst pulled up a dashboard and started reading off the measurements. The average order value rose, but the cost per acquisition also ticked upward. She highlighted the change in conversion rate and pointed to a higher refund rate as a drag on performance. When we compared the numbers to last month, the trend was obvious even before anyone offered an explanation.",67.90577,4.218121,602,8.5,1,0.15201308,753.7745,5.7728324,0.0,57231,759,0.013262044,6.632002,3.9669116,4958.6157,0.6507172584533691,1.0
"Context:
He started at right back and was told to stay narrow when the ball was on the far side. When the winger received it, he stepped out to slow the attack and forced the pass inside. A midfielder dropped to cover, allowing him to press higher on the next sequence. The shift in positioning turned a dangerous moment into a turnover.",59.362545,4.0836635,603,7.2406244,1,0.1111534,759.08276,5.8124475,0.0,52019,750,0.0144178085,6.6200733,3.2637582,6829.1455,0.7528309226036072,1.0
"Context:
The board wanted actions that would improve security and stability in the business and the hospital partnership. The chair made the decision certain and definite by calling the vote and closing discussion before anyone wandered. Hands rose, then dropped. The room moved on without drama.",168.60855,5.1275797,604,10.05,0,0.102765344,667.1796,5.5045505,0.0,39389,752,0.019091625,6.6227365,2.9565067,6492.2627,0.6329448223114014,1.0
"Context:
They argued about global affairs for an hour, circling back to the World Trade Center and what it changed. Eventually the moderator closed the debate by making the final resolution certain and definite. The gavel hit once, sharp and final. People filed out as if the air had been drained.",117.44401,4.7659616,605,9.393749,1,0.15315574,512.24817,5.913694,0.0,44595,751,0.016840452,6.6214056,3.582749,3344.6226,0.745015561580658,1.0
"Context:
We booked a deep-clean for the apartment before the move-out inspection. The cleaners wiped skirting boards, scrubbed the oven glass, and polished the bathroom taps until they shone. They left the windows streak-free, which made the rooms feel brighter than they had in months. The letting agent walked through later and signed off without raising issues.",104.90375,4.6530433,606,9.487499,1,0.12788261,461.81958,4.8909454,0.0,55005,757,0.013762386,6.629363,3.8201454,3611.2773,0.6275861859321594,1.0
"Context:
Mia signed her message with her name, then typed sh and punctuated it with a loud ! as if she were calling across a room. She added a single "" and a closing ) before sending \n in the group chat by mistake. The others teased her, but she didn’t delete it. Her name still sat at the top of the thread like a little stamp.",100.60436,4.6111956,607,9.5625,1,0.123077996,456.5113,5.0114274,0.0,60204,757,0.0125739155,6.629363,3.7401092,3709.1218,0.668613612651825,1.0
"Context:
The park at sunrise had a fresh quality, like the day was starting quietly on purpose. The air smelled damp and clean, and the grass felt cool where I sat. I stayed still because the environment made rushing feel wrong. When the city woke up, the moment was already gone.",90.53726,4.5057616,608,8.487498,0,0.09224025,282.66544,3.5462327,0.0,44593,752,0.016863633,6.6227365,3.5087743,3064.4478,0.6794341802597046,1.0
"Context:
He used the hosting panel to roll back a faulty update after the site briefly went down. At the same time, the team was in a tight contest against an opponent that refused to sit back. Players kept adjusting their positions, calling out marks and tracking runners to protect the middle. When the result posted, the rankings shifted, and the equipment order was checked against exact bag dimensions to fit the storage rack.",126.756874,4.842271,609,9.881249,0,0.12857202,608.8902,5.1982236,0.0,62429,758,0.012141793,6.6306834,3.8487866,4735.791,0.5931103229522705,1.0
"Context:
The quarterly report listed revenue growth, server costs, and a few technical upgrades that were meant to reduce downtime. In the margin, someone had scribbled that the new storage plan was for [64] and that the rest would be added next month. He double-checked the figures, then recalculated the monthly burn on a calculator. Only after the totals matched did he send it to finance.",80.78936,4.391845,610,8.9875,1,0.13693719,578.1899,5.457109,0.0,60946,759,0.012453647,6.632002,3.8885975,4222.3,0.5940821766853333,1.0
"Context:
He picked up a collected volume of essays and a stack of periodicals at the used bookstore. Right next to the counter, a cosmetics pop-up had placed flyers for a weekend sampling event. The clerk rang up the publications while pointing out where the beauty booth would be set up. The bag ended up holding both reading material and advertisements.",88.50823,4.4830956,611,9.5,1,0.15885668,732.5414,6.3815184,0.0,52780,767,0.014532019,6.6424866,3.7286327,4611.335,0.6103556156158447,1.0
"Context:
She met him at the station and walked with him through the square to the cafe. They talked during the short wait, then moved toward the window when the place filled up. After the rain stopped, they stepped outside and headed along the river. Before the train arrived, they circled back to the platform and found a quieter spot. By the time it was time to leave, the afternoon had slipped away.",30.24166,3.4092205,612,7.093749,1,0.09489576,445.89474,4.7324243,0.0,62424,752,0.012046649,6.6227365,3.4480376,4698.7847,0.7224230170249939,1.0
"Context:
We posted a donation request with a link and promised to announce a giveaway winner on Friday. Blue Harbor Tech, a subsidiary of Coastal Systems, provided support, and the Dublin center was referenced, in the service line. I sent the message myself because I wanted the wording to sound human, not corporate. The stats included 1.6 million views, 38,000 clicks, and 16 scholarships planned if funding held. After the event, we walked across the square and toward the station as the crowd thinned.",102.84172,4.633191,613,9.568749,0,0.18927032,854.6316,7.0577793,0.0,77320,769,0.00994568,6.645091,4.3139153,4515.402,0.15770797431468964,0.0
"Context:
You can start by connecting the device, and you should keep it close until the pairing finishes. If the prompt doesn’t appear, you can retry without resetting everything. You’ll be offered an upgrade with a sale price, and you can accept it or skip it depending on your needs. If you take it, you’ll see new controls immediately after checkout. Once the status shows ready, you can continue with the task you came for.",41.392086,3.7230897,614,7.9781246,0,0.13322294,459.16544,5.473336,0.0,72835,759,0.010420814,6.632002,3.9711633,3446.5945,0.5081387162208557,1.0
"Context:
He opened a new pain medication at breakfast and read the label twice to avoid taking it incorrectly. At work he polished a slide about his Excel and Power BI skills to support a promotion case. A friend texted about starting 'Breaking Bad' for the first time, and he laughed at the timing. Later, the grocery store posted a Listeria recall by the entrance, so he double-checked the items in his cart. The afternoon heat turned the commute into a sweaty ordeal.",89.336205,4.492407,615,9.237498,0,0.10816419,1056.346,5.567649,0.0,73581,759,0.010315163,6.632002,3.7394876,9766.134,0.19691339135169983,0.0
"Context:
The app introduced a drag-and-drop uploader and a playback window that remembered your last position. He opened the settings panel and turned on auto-captions just to see if it worked. He tested it by sharing a short video and switching the quality settings until it looked sharp. When the comments tab finally loaded, he knew the site update had worked.",65.96329,4.1890984,616,8.40625,1,0.14110294,344.1899,4.82617,0.0,56491,758,0.013418066,6.6306834,3.9962919,2439.2822,0.5544463396072388,1.0
"Context:
The new app update didn’t just change the icon; it added enhanced features that immediately improved daily use. Search results loaded faster, and the filters finally worked the way the help page promised. A redesigned settings panel made the whole product feel more polished. After a week, it was hard to remember how clumsy the old version had been.",83.80055,4.4284396,617,9.099999,1,0.09656598,502.4784,4.4558425,0.0,53505,750,0.014017382,6.6200733,3.42943,5203.472,0.7423657178878784,1.0
"Context:
The bakery announced a one-day run of a holiday loaf with a new spice blend. People lined up early because the edition was limited and every loaf was shaped by hand. The crust had a stamp that marked it as a notable seasonal item. When I sliced it at home, it felt like I was eating the calendar.",63.916103,4.1575713,618,9.35625,1,0.16364834,578.6015,5.7908044,0.0,50563,760,0.015030754,6.6333184,3.9349399,3535.6394,0.6799463033676147,1.0
"Context:
I checked the leaderboard after the match and saw my rank had climbed above two familiar rivals. Later that day I wandered through a resort town where everything ran smoothly, from the buses to the beach access. The contrast made me laugh: I felt competitive on the screen and relaxed on the street. That night I went back to the rankings just to confirm the position stayed put.",73.83502,4.301833,619,8.887499,1,0.110267155,379.54138,4.6904244,0.0,57977,759,0.013091398,6.632002,3.6480215,3442.0166,0.5967294573783875,1.0
"Context:
A family story kept changing, so I asked my grandfather about its origin instead of guessing. He pointed to the source: a letter tucked inside a worn Bible. The provenance included a date, a place, and a name none of us recognized. Reading it aloud felt like opening a sealed room.",59.60429,4.0877275,620,9.125,0,0.12560947,759.08276,5.949984,0.0,46819,752,0.016061855,6.6227365,3.3278022,6043.197,0.7476944327354431,1.0
"Context:
He compared two music apps, but the deciding factor was which company owned them and how they handled privacy. One brand promised transparency, while another leaned on a famous logo and slick marketing. The subscription page looked simple until he noticed the corporate names behind each option. He chose the service that felt less manipulative.",102.76515,4.6324463,621,8.35625,0,0.124090195,530.8271,5.108341,0.0,47567,755,0.015872348,6.6267176,3.556819,4277.752,0.6796717643737793,1.0
"Context:
I posted the donation link after seeing the shelter’s shelves nearly empty, because I could not stop thinking about it. Ravn Software, a subsidiary of Northbridge plc, offered to match contributions through its Copenhagen team, and the note included that detail, in plain language. The campaign update listed 75,000 DKK raised and 9 scholarships funded for the spring cycle. During the event, we met at the hall, then walked toward the stage when the speakers began. I stayed late to clean up because it felt wrong to leave the mess for someone else.",109.32878,4.69436,622,9.7125,0,0.12674327,633.6811,5.2276697,0.0,86964,767,0.008819741,6.6424866,4.180743,4999.7217,0.05014481022953987,0.0
"Context:
We ran a giveaway for signed jerseys and posted the link where entries could be verified. Coastal Systems, with Blue Harbor Tech, covered logistics, and the Dublin branch was mentioned, in the operations note. I sent the message early because I wanted it to reach commuters before work. The scoreboard photo showed 3–1, and the recap added 14,900 attendees plus 210,000 views on the highlight reel. After the final whistle, we moved toward the exits and then into the nearby streets to meet friends.",157.73741,5.0609317,623,9.75,0,0.15523866,616.9318,6.071054,0.0,77316,769,0.0099461945,6.645091,4.1878204,3974.0862,0.12055858224630356,0.0
"Context:
I met Lev at the county building after he offered to help me verify my registration on the voter rolls. He sent me a link to the lookup page so I could confirm my address before we went. The lobby was crowded, and the stale warmth made everyone impatient. We finished the update quickly and left to find a cooler place.",57.383812,4.0497622,624,9.062498,1,0.09866974,390.15793,4.1837196,0.0,51284,756,0.014741439,6.6280413,3.529435,3954.1802,0.6582618951797485,1.0
"Context:
The donation link sat at the top of the post, and the giveaway rules were explained in one paragraph. Northbridge plc, through Ravn Software, added its Oslo branch to support the campaign, and the structure line read like a typical corporate blurb. I made the phone call first because I wanted to confirm the terms before sharing anything. The spreadsheet showed 45,500 DKK raised, 12 scholarship applications received, and a match score of 2–0 from the charity game. After the match, we walked toward the booths and then into the crowd to thank volunteers.",91.43997,4.5156827,625,8.93125,0,0.15285118,817.4737,6.439604,0.0,87708,764,0.0087107215,6.638568,4.176502,5348.1675,0.08041050285100937,0.0
"Context:
He introduced himself as a specialist and explained exactly what he handled, without trying to cover everything. In the background, the television mentioned a special counsel speaking outside a courthouse. A coworker then forwarded a memo about special economic adjustments to import duties. By the end of the shift, the word had shown up in law, education, and policy without anyone planning it.",88.54023,4.483457,626,8.9375,1,0.12300754,562.6767,5.319992,0.0,56486,758,0.013419255,6.6306834,3.6068487,4574.3267,0.6800124645233154,1.0
"Context:
The film podcast sounded unusually upbeat, praising a director and joking about a famous actor’s cameo. They quoted box office numbers and talked about encoding formats as if everyone cared. The hosts also mentioned the festival location and the screening time, down to the minute. I uploaded my own reaction video and adjusted resolution settings until the player stopped buffering. While the upload finished, I browsed for a new mouse and a set of dog nail clippers.",135.01682,4.9053993,627,9.868749,0,0.10997435,533.1854,4.598444,0.0,69864,760,0.010878278,6.6333184,3.8414052,4848.271,0.6009858250617981,1.0
"Context:
The old theater was easy to spot because it hosted workshops every month and posted the schedule at the entrance. Around the corner, another building offered services too, but it was the event posters that drew crowds to both places. People compared which location had better seating and easier parking. The neighborhood was stitched together by venues and calendars.",89.159386,4.4904256,628,8.749997,0,0.19393559,522.8647,6.332412,0.0,51302,763,0.014872715,6.637258,4.095038,2696.074,0.5397720336914062,1.0
"Context:
For the graduation dinner, the family chose the restaurant’s special service package. The table was dressed with crisp linens and a small arrangement that matched the school colors. The staff brought a course that wasn’t on the public menu, timed perfectly between speeches. By the end, the event felt not only celebratory but carefully elevated.",108.38295,4.685671,629,9.4625,1,0.15865599,419.3534,5.578894,0.0,54269,764,0.014078019,6.638568,3.9488003,2643.1614,0.46079838275909424,1.0
"Context:
During the debate, she cited a statistic and paused when someone asked where it came from. The slide had no footnote, only a bold number. Later she sent a link showing the data source was a survey with a tiny sample. Once the origin was known, the argument lost its bite.",65.47187,4.1816206,630,7.28125,1,0.14215347,493.6692,5.3336835,0.0,45338,755,0.016652698,6.6267176,3.6639724,3472.7903,0.6909236907958984,1.0
"Context:
I maintained a website for a small club, and the match report page needed an update right after the game. We had just finished a sports competition against an opponent, so I wrote the score, added photos, and published the recap. The web tools made it easy to get everything online quickly. By the time the team reached the parking lot, the report was already live.",42.5573,3.7508514,631,7.590625,0,0.10510978,607.797,4.9820075,0.0,57977,757,0.013056902,6.629363,3.5132391,5782.497,0.6572980880737305,1.0
"Context:
The commodity report was blunt about what had changed. Oil prices climbed, and the futures curve shifted enough to affect expected returns on a short-term trade. A colleague mentioned the premium we’d pay for faster shipping if we locked in supply early. By lunch, everyone was recalculating costs based on the updated market values.",135.13364,4.9062643,632,9.224999,1,0.17010318,382.4419,5.4122186,0.0,52027,755,0.014511696,6.6267176,4.1057496,2248.2937,0.6873748898506165,1.0
"Context:
The product manager compared popularity metrics, star points, and price tiers across competitors. In parallel, she reviewed the product's properties, focusing on size constraints and the strength rating of the housing. A competitor's lower price came with weaker materials, so she kept their premium tier. The launch doc summarized both the market metrics and the material choices.",139.31007,4.9367023,633,9.625,0,0.13381937,1120.0452,7.091879,0.0,52771,756,0.01432605,6.6280413,3.3694677,8369.828,0.6044778227806091,1.0
"Context:
The auction listing described a vase as nineteenth century, but the provenance section was thin. I asked where it was sourced and got a vague answer about an estate sale. A week later, a new document appeared that traced the origin to a modern workshop replica. The price fell as fast as the story had risen.",70.90011,4.261272,634,8.987499,0,0.14550923,422.12976,5.0113773,0.0,49812,766,0.0153778205,6.641182,3.8997927,2901.0515,0.40694791078567505,0.0
"Context:
The sports site ran a celebratory piece that read like a victory lap, quoting the coach and naming the opponents. It reported the final score and a few business numbers about merchandise and ticket sales. It also highlighted the stadium location and referenced the event date in bold. I clipped the interview, exported it in a standard format, and posted it to a sharing platform with smooth playback options. While it uploaded, I shopped for a laptop stand and a dog coat.",88.66775,4.484896,635,9.5,0,0.17175543,907.71436,6.1176987,0.0,71380,772,0.010815354,6.6489844,4.2894034,5284.924,0.2227112203836441,0.0
"Context:
A pop-up ad followed me from site to site, insisting I try the new home-cleaning package. It listed add-ons, a subscription price, and a countdown timer that reset when I refreshed. The wording made the service sound effortless and urgent at the same time. I finally closed the tab just to stop seeing it.",54.69595,4.0017896,636,8.112499,1,0.12169964,626.376,5.266219,0.0,53512,757,0.01414636,6.629363,3.628186,5146.901,0.6679762601852417,1.0
"Context:
At the airport gate, a man beside me reached for his quick-relief inhaler when the dry air made him wheeze. While he recovered, I glanced at a newspaper with an obituary page open, names lined up like quiet headlines. A woman named Fei sat across from us and started chatting with the attendant about a delayed connection. Over the loudspeaker, a loyalty program announcement repeated a brand name and a finance partner name I recognized from my bank’s emails. When boarding began, I noticed the airline’s premium ticket sleeve had a raised floral pattern pressed into the paper around the logo.",104.52761,4.6494513,637,9.612499,0,0.1067659,562.6767,4.684282,0.0,95873,759,0.007916723,6.632002,4.1227045,5270.191,0.079433873295784,0.0
"Context:
You can tap the icon to open the tutorial, and you should watch the small animation so you know where the buttons moved. If you’re interested, you can claim the offer that shows up afterward and save a bit today. You’ll get a confirmation the moment it’s applied, and you can keep using the app like before. If you change your mind, you can revert the setting without losing your data. You can finish the whole flow without leaving the page.",47.608124,3.8630035,638,8.096873,0,0.14721404,483.05264,5.745348,0.0,75796,751,0.009908174,6.6214056,4.1216054,3281.2947,0.521247923374176,1.0
"Context:
The documentary used a dramatic quote, and a viewer challenged where it came from. The producer paused, then opened the research binder to show the original source interview. A second researcher added provenance notes about the translation and the date. With the origin documented, the criticism faded into a technical footnote.",88.4331,4.4822464,639,8.85,0,0.15010619,594.5994,5.589392,0.0,46830,756,0.016143497,6.6280413,3.750114,3961.192,0.6888960003852844,1.0
"Context:
I deleted the draft email and started over because the first version sounded too sharp. I wanted the message to be direct, but I did not want it to spark a fight. I rewrote the opening line, softened the phrasing, and added context about the deadline. I explained my change in tone when my colleague asked why it looked different. I felt better knowing it would land the way I intended.",34.658894,3.5455544,640,7.1531243,1,0.15280403,512.24817,5.9434557,0.0,62435,754,0.0120765595,6.6253924,3.9080691,3352.321,0.6387929916381836,1.0
"Context:
The bar was lively without being chaotic, and laughter kept bubbling up from every table. Music stayed at the perfect volume for talking, so nobody had to shout. It felt upbeat, like the night wanted to last. He ordered another drink because leaving seemed unnecessary.",100.34391,4.6086035,641,9.125,1,0.08587138,549.40607,4.216167,0.0,41618,751,0.018045077,6.6214056,3.1388514,6398.011,0.6223508715629578,1.0
"Context:
I simmered the mixture until it thickened, then poured it into a dish to set. After it reached room temperature, I placed it in a refrigerator for a few hours to finish. The texture changed from loose to silky as it chilled. I served it with a spoon while it was still cold, and the sweetness felt more balanced.",22.084085,3.0948572,642,6.2249985,1,0.12762658,530.6716,5.189962,0.0,54262,752,0.013858685,6.6227365,3.6806693,4158.002,0.7296670079231262,1.0
"Context:
In the final minutes, the team defended a narrow lead by compacting the space between lines. The winger tracked back, the fullback stayed connected, and the center backs held their positions. When the ball broke loose, a single touch pushed it into a safer area. The decision-making was as important as the tackles.",54.01714,3.9893014,643,7.7687497,1,0.13855869,437.93234,5.2859426,0.0,49804,757,0.015199582,6.629363,3.6853414,3160.6272,0.629113495349884,1.0
"Context:
The designer opened the content manager and swapped the homepage banner without touching the code. A new theme was installed, then the menu and footer links were rearranged in the visual editor. After publishing, the analytics panel showed which pages visitors actually read. A backup was scheduled before the next round of updates.",75.465324,4.3236732,644,8.75,1,0.12462226,631.68427,6.1397023,0.0,47567,753,0.015830303,6.6240654,3.2207844,5068.7915,0.7091537714004517,1.0
"Context:
My desktop started crashing, so I checked the memory speed, the power supply rating, and the firmware settings. The error logs suggested a driver conflict, which pushed me toward updating the OS and reinstalling the GPU software. After that, the performance stabilized and the fans stopped surging. It was a reminder that hardware and software talk to each other constantly.",51.616306,3.9438376,645,7.7562485,1,0.11402793,599.8346,5.351887,0.0,55000,755,0.013727273,6.6267176,3.4785736,5260.418,0.7065948247909546,1.0
"Context:
The store page showed a clean list of features for each plan, but I couldn’t tell which one includes backups. I opened a support chat and asked for a direct answer instead of guessing. The agent pointed out the exact tier and explained what the feature actually does in practice. I chose the plan with the tools I needed and ignored the fluff. The help made the feature list actionable.",78.21917,4.3595147,646,9.206248,0,0.09386156,666.188,4.7521076,0.0,62425,752,0.012046455,6.6227365,3.4494734,7097.5596,0.56694495677948,1.0
"Context:
At the stadium in Manchester, the scoreboard showed 1–1 and the announcer rattled off team initials between cheers. A nearby screen played a segment about new console firmware 5.02, with punctuation-heavy tips and short abbreviations. Someone passed around a menthol inhaler and read aloud the micrograms per dose printed on the side. Later we debated the pub, the station, or the hotel, while a poster credited the documentary Fan St, produced by RP for the Natl Sports Net.",172.94476,5.152972,647,9.85625,0,0.16948391,796.24066,6.6814055,0.0,77297,758,0.009806331,6.6306834,4.1509194,4698.031,0.19644175469875336,0.0
"Context:
I went to a product launch where the lights were too bright and the snacks were arranged like art. A stylist offered quick touch-ups at a station near the entrance. People chatted about fragrances, then drifted toward the tasting table. It was an event built out of small indulgences.",69.63814,4.2433124,648,8.95,1,0.11179413,510.85303,5.153634,0.0,48314,756,0.015647639,6.6280413,3.3448458,4569.5874,0.7208971977233887,1.0
"Context:
She obtained the permit and promised she would not lose it. Before leaving the office, she made the plan certain and definite by signing the last form and closing the file. The clerk slid the stamped copy into a folder. The folder felt heavier than paper.",85.26349,4.4457464,649,9.012499,0,0.06900943,575.9474,4.5977106,0.0,40126,747,0.018616358,6.616065,2.410865,8345.923,0.48608866333961487,1.0
"Context:
The club’s webmaster added a gallery and embedded a form for away-trip signups. The match itself was scrappy, with the opponent challenging every touch and turning it into a contest of will. A disciplined back line held shape, and coordinated pressing actions created a turnover for the decisive goal. Later, she wrote up the updated ranking points and confirmed the bus luggage limits by measuring suitcase dimensions.",210.69054,5.3503904,650,9.95,0,0.11127488,295.9361,3.8719077,0.0,63185,760,0.012028172,6.6333184,4.050388,2659.505,0.4952315390110016,1.0
"Context:
You read the help page that explains how you can reset your password and what you should do if you cannot access your email. The tone stays direct, telling you where you can find each option and what will happen after you submit. A separate notice on the same screen adds extra information, still using your and you as if it is talking across the table. You follow the link and confirm the change. When you are done, you feel like the page anticipated every question you might ask.",44.636623,3.7985547,651,8.09375,0,0.14202064,583.9098,5.630403,0.0,74322,758,0.010198864,6.6306834,4.106832,4111.443,0.2646375894546509,0.0
"Context:
He finished 'Breaking Bad' late at night and stared at the screen in disbelief. The next morning he started 'Better Call Saul' to see how it all began. On his lunch break, he skimmed reviews for 'Cyberpunk 2077' and considered reinstalling it. A colleague loaned him 'The Three-Body Problem' and warned him to be patient early on. By the end of the week, his spare time had been claimed by titles again.",29.070366,3.3697193,652,9.5,1,0.176157,674.1504,6.7526493,0.0,73583,760,0.010328473,6.6333184,4.1669126,3826.986,0.4653414487838745,1.0
"Context:
He bought the upgraded headphones because the enhanced characteristics were practical, not flashy. The noise cancellation was stronger, and the battery lasted long enough for an entire travel day. The hinge felt sturdier, and the controls responded without lag. It was the same category of product, just clearly improved.",82.927666,4.4179688,653,9.525,1,0.10256158,464.4737,4.897429,0.0,46083,755,0.016383482,6.6267176,3.19857,4528.73,0.7045387625694275,1.0
"Context:
He rebuilt the navigation menu so visitors could find the schedule and results faster. During the match, the opponent kept switching play, demanding constant communication and smart positioning. The win pushed them above a rival in the rankings, and the locker room celebrated the new spot. In the equipment closet, he measured the new storage bins to ensure the dimensions matched the shelving.",108.88683,4.690309,654,9.112499,0,0.11355433,443.8559,4.9427013,0.0,55744,758,0.013597876,6.6306834,3.55888,3908.7537,0.6345739960670471,1.0
"Context:
The gallery brochure listed the artists in bold, and I found myself repeating each name as I moved from piece to piece. A placard beside a painting mentioned a business sponsor and two donors, their names polished into the narrative of the room. On my phone, I pulled up a historical account of the building and saw those same names appear in older roles. It was strange how the same letters could belong to a person, a family, and a legacy all at once. I left the gallery feeling like I had met people without ever shaking their hands.",53.121254,3.972577,655,8.125,1,0.121013366,437.93234,4.902658,0.0,84734,761,0.008981046,6.6346335,4.140333,3618.8757,0.34968647360801697,0.0
"Context:
The operations report broke everything down into clear measurements that could be tracked over time. We looked at shipment volume, processing time, and the rate of late deliveries. A small increase in unit cost showed up alongside a bigger jump in output, which made the trade-off easier to accept. By the end of the meeting, the plan was based on the measurements, not on who argued the loudest.",48.002502,3.8712533,656,8.0625,1,0.15369244,516.7892,5.9553604,0.0,61696,760,0.012318465,6.6333184,3.962582,3362.4893,0.6000625491142273,1.0
"Context:
The ticket showed Seat 18C and a departure from Terminal 3, so I followed the signs without thinking. Outside, the bus stop marker listed two routes and a single platform number that matched my notes. When I arrived, the building name was printed in huge letters, impossible to miss. The whole day felt like hopping between proper nouns and digits that decided where I should stand.",98.727715,4.5923657,657,9.249998,1,0.10534726,514.23083,4.3448544,0.0,58713,756,0.012876194,6.6280413,3.7607865,4881.293,0.7071365118026733,1.0
"Context:
I created a new site using a bundle of web tools, then realized the product page needed exact sizing details. The item was only 18 cm wide, but the difference mattered for shipping. I updated the listing, republished the page, and checked the preview. It felt like web work and measurement work glued into one task.",86.181595,4.4564567,658,8.034375,0,0.10146584,403.4286,4.283962,0.0,50549,760,0.015034917,6.6333184,3.529211,3976.004,0.626798152923584,1.0
"Context:
The contractor asked for a deposit I did not have on hand, so I negotiated a short-term credit line with my bank. They treated it differently from a loan because I could borrow and repay repeatedly. The fees were small, but the terms were strict if I missed a payment. I signed because the timing mattered more than comfort.",46.776638,3.845384,659,7.987499,1,0.094028845,440.5865,4.1589046,0.0,52027,756,0.014530917,6.6280413,3.4164245,4685.6523,0.6853824853897095,1.0
"Context:
At the winter fundraiser, the organizers leaned into formality, turning dinner into an exceptional occasion with a special toast at every table. A panelist introduced himself by naming his area of expertise, which made his advice feel grounded rather than performative. I bought a small holiday special edition candle that had clearly been hand-poured, and the maker signed the label. In the hallway, a demo station highlighted enhanced features of a new service tier that reduced waiting time dramatically. Over coffee, a lawyer discussed the role of a special counsel while a teacher beside her described special education support and the specialists involved.",112.8183,4.7257786,660,9.0,0,0.14207791,714.6359,5.886972,0.0,91427,768,0.008400144,6.64379,4.242672,5029.8877,0.04324831813573837,0.0
"Context:
The festival page displayed a lineup of performers and times, and I built my whole day around it. After the poster went up, a long forum thread exploded with people arguing about set lengths and surprise guests. Someone claimed a band was added last minute and linked a screenshot as proof. Others swapped tips on where to stand for the best sound. The schedule stayed the anchor, but the online debate made it chaotic and fun.",91.75444,4.519116,661,8.8625,1,0.09588712,475.85538,4.0797997,0.0,64669,762,0.01178308,6.6359468,3.731345,4962.662,0.581324577331543,1.0
"Context:
The review focused on the graphics card, the driver version, and how the system handled heat under load. It listed the exact motherboard chipset and noted which BIOS update fixed a bug. I checked the software requirements for my tools and matched them to the machine. The details were boring, but they prevented a bad purchase.",73.277695,4.294256,662,9.0,1,0.15679911,496.32333,5.4683414,0.0,49061,757,0.0154297715,6.629363,3.887888,3165.3455,0.6799463033676147,1.0
"Context:
She had two jobs and still couldn't cover the surprise dental bill, while her cousin booked a last-minute holiday without blinking. The difference wasn't effort, it was the starting line each of them had been given. When they talked, one sounded tired and the other sounded certain. Listening to them made the imbalance hard to ignore.",62.60312,4.136815,663,9.5625,1,0.1447889,575.0586,5.8111806,0.0,52774,759,0.014382082,6.632002,3.7171485,3971.7034,0.6690129637718201,1.0
"Context:
We planned to buy the flat, but the closing costs pushed us to consider financing. The bank offered a line of credit, and the advisor warned us to treat it carefully. On top of that, we had to account for the tax tied to the real estate transaction and the required remittance after sale or transfer. We built a spreadsheet of the payments to avoid surprises. The credit option stayed on the table, but the tax obligations were non-negotiable.",36.460407,3.596227,664,7.875,1,0.13477705,602.97406,5.6547723,0.0,71356,759,0.010636807,6.632002,3.9634478,4473.863,0.5954658389091492,1.0
"Context:
The opening paragraph needed a stronger hook, so I rewrote the first two sentences three times. I tried starting with a vivid image, then with a short confession, and the tone changed each time. Once the first section felt right, the rest of the chapter flowed more easily. I printed the page just to see if the beginning carried the weight it should.",45.609768,3.820122,665,8.324999,1,0.13076985,541.56006,4.9011087,0.0,55750,758,0.013596413,6.6306834,3.8523798,4141.322,0.6188417077064514,1.0
"Context:
The printer rejected my file and asked what system specifications I was using, as if the machine could smell a mismatch. On the counter sat a glossy magazine whose latest issue was devoted to an ongoing controversy about public spending. The cover model’s cheekbones and stare looked deliberately severe for a story on inequality and trust, and the shop also sold printed zines on the topic. I carried home the print, then pulled bound journals and a collected essay volume to fact-check details.",193.01038,5.262744,666,9.75,0,0.13431638,555.51776,5.2368655,0.0,74328,763,0.01026531,6.637258,4.08982,4135.8896,0.21365821361541748,0.0
"Context:
You get a short message that asks if you can meet tomorrow, and it speaks to you in an easy, everyday way. Right after that, a support popup tells you what you should prepare and how you can reschedule if needed. The second part reads like a mini instruction sheet, while the first feels like a casual chat. You check your calendar and reply with a time. You appreciate that both notes still address you directly, even though they sound nothing alike.",38.191856,3.6426222,667,7.10625,0,0.15063976,567.985,5.5055766,0.0,72096,758,0.010513759,6.6306834,4.2053294,3770.4854,0.5023050308227539,1.0
"Context:
A printed booklet opened with a portrait that lingered on cheekbones, lips, and a distinctive scar. The text then shifted into a discussion of social problems, claiming the community was ignoring what mattered. It was distributed like a small publication meant to provoke. People remembered the face as much as the message.",80.81652,4.3921814,668,8.624998,0,0.13447897,496.32227,5.3106327,0.0,47567,755,0.015872348,6.6267176,3.6833618,3690.7053,0.6847023963928223,1.0
"Context:
Redwood Media, a subsidiary of Atlas Ventures, sponsored a screening of ""Dune"" at the local theater. The press release named the parent company, the regional branch, and the partner office, all in one long sentence. After the show, staff handed out flyers and directed guests toward the lobby table. It was corporate, polished, and strangely specific.",74.76274,4.3143196,669,8.5875,1,0.14297572,572.267,5.3983436,0.0,55749,760,0.013632531,6.6333184,3.8806043,4002.5469,0.6493448615074158,1.0
"Context:
I traced the photo back through old messages until I found the first person who shared it. The caption claimed it came from a local paper, but no one could name the publication. A quick search showed the same image credited to a different site. The real source turned out to be a small archive with a watermark in the corner.",39.550327,3.677574,670,7.7593746,1,0.10775623,785.6241,5.3648005,0.0,52025,753,0.014473811,6.6240654,3.443419,7290.7534,0.7038336992263794,1.0
"Context:
I tried to figure out the origin of the buzzing in my speakers, because it started only after a new cable arrived. The source turned out to be a ground loop from a cheap adapter. Once I traced where the noise came from, the fix was simple and immediate. The room went quiet in the best way.",39.360214,3.6727555,671,7.484375,0,0.10209901,361.39722,3.9701738,0.0,49055,756,0.015411273,6.6280413,3.655244,3539.674,0.6292139887809753,1.0
"Context:
She started 'The Last of Us' and immediately texted her brother about the opening scene. He preferred games, so he picked 'Elden Ring' and showed off a boss fight he finally mastered. When they needed something lighter, they switched to 'Parks and Recreation' and let it run in the background. A worn copy of 'Norwegian Wood' sat on the table with bookmarks sticking out. Their weekend was basically a stack of titles in motion.",58.977196,4.077151,672,9.0875,1,0.12134696,353.00003,4.434767,0.0,72090,758,0.010514635,6.6306834,4.1532173,2909.0142,0.4809430241584778,1.0
"Context:
The newspaper article mentioned a special counsel leading a review, and it also listed the financial metrics at stake: wages, premiums, and settlement amounts. Readers followed the rate changes discussed in the piece. By the end, the article showed how the numbers could shift depending on the legal outcome. The headline made the investigation sound unusually significant.",70.82797,4.260254,673,8.2625,1,0.12590308,419.3534,4.787987,0.0,51286,757,0.014760364,6.629363,3.7398546,3330.7634,0.6113924980163574,1.0
"Context:
If you want to finish quickly, you can follow the prompts and you’ll be guided through each decision. You should keep the window open until the final confirmation appears. If you decide to take the promotional plan, you’ll see the reduced price before you commit. You can still change your mind later without losing your progress. Once it’s done, you can get back to the main screen and continue.",31.25197,3.4420824,674,7.71875,0,0.14284852,468.1803,5.900678,0.0,66139,753,0.011385113,6.6240654,3.863592,3277.46,0.6440543532371521,1.0
"Context:
The event hall felt charged, like everyone was competing for space and attention. I joined a ranking-based tournament and could sense the pressure of measuring myself against opponents after every round. The atmosphere kept pushing me to play sharper and faster. Even during breaks, the room stayed restless.",72.17772,4.2791314,675,9.362499,1,0.1034357,475.09024,4.3833017,0.0,43855,756,0.017238628,6.6280413,3.3856962,4593.097,0.6736732125282288,1.0
"Context:
At checkout, the screen offered delivery to the door, pickup at the store, or drop-off at a locker. It then asked for standard shipping, express shipping, or weekend shipping. I clicked through the options and watched the total change each time. In the end, the simplest choice won.",61.094105,4.1124153,676,9.75,1,0.14366058,902.40607,6.270305,0.0,46826,757,0.016166233,6.629363,3.611244,6281.515,0.6287612915039062,1.0
"Context:
The homeowners’ association contracted a landscaping service to handle winter pruning around the property. A committee member insisted the shrubs should keep a tidy quality without looking over-trimmed. The gardener explained the mulch comes from chipped local branches and that the soil mix includes a compost component from the city program. Some of the courtyards will be finished first, and the rest will be done once the truck returns.",93.893486,4.542161,677,9.125,0,0.13849759,488.36093,5.670319,0.0,67638,759,0.011221503,6.632002,3.944904,3526.133,0.5940821766853333,1.0
"Context:
She loved how the curriculum blended globally related concepts, using games to teach historical education without making it feel like a lecture. Before the session began, she made the schedule certain and definite by closing sign-ups and locking the roster. The cooking demo followed immediately, and nobody drifted in late. The day ran smoothly because the details were sealed early.",201.99457,5.308241,678,10.05625,1,0.11358133,560.0226,5.096128,0.0,53518,758,0.014163459,6.6306834,3.525549,4930.5864,0.6572980880737305,1.0
"Context:
The coach kept calling out adjustments, and the match turned into a constant fight over who held which zone. Outside the pitch, the city around the arena felt charged, like every corner was competing for attention. I could feel that same edge in the crowd as we tried to win the second balls. By the end, both the game and the neighborhood seemed equally intense.",62.361458,4.1329474,679,8.96875,1,0.15443186,753.7745,6.48861,0.0,56491,758,0.013418066,6.6306834,3.8297873,4880.9517,0.6765404939651489,1.0
"Context:
Lina got a call that her short documentary had been selected for a festival, and she recognized the director’s name from last night’s entertainment segment. She told her roommate the news twice, just to hear it out loud. On the counter sat a dough she’d already mixed, and the note said to chill it in the refrigerator before baking, then serve the slices warm. She celebrated quietly by setting a timer and humming the theme song she’d heard on the news.",62.919144,4.1418505,680,8.849999,1,0.12374258,598.65674,4.9941506,0.0,78044,762,0.009763723,6.6359468,4.10056,4837.9204,0.20471946895122528,0.0
"Context:
She refined the website layout so the match report would read well on mobile screens. The opponent defended deep, so the team relied on movement, with players rotating positions and timing runs into the box. When the winning goal arrived, it felt like the product of patience rather than chaos. The post ended with a store note listing the exact dimensions of the limited-edition flag.",89.96294,4.4993978,681,8.8625,0,0.1352947,561.8876,5.3844905,0.0,57229,757,0.01322756,6.629363,3.817472,4153.064,0.6427195072174072,1.0
"Context:
The old theater felt eerie in a way that was hard to explain, with dim corners and a heavy hush. Before the show, I had a sports fixture against an opponent across town and I barely made it in time. The contrast was strange: the match was loud and direct, the hall was quiet and unsettling. Sitting down, I could still feel the adrenaline under the theater’s mood.",78.10646,4.3580728,682,8.3125,1,0.12358523,652.9173,4.9767613,0.0,62432,757,0.012125192,6.629363,3.8740618,5283.134,0.5990248918533325,1.0
"Context:
The city guide to Lisbon suggested the castle, the riverfront, and the tiled market, all on one folded map. My friend kept refreshing a news post about a shooter game update, v2.0, and the headline used hyphens and abbreviations like it was written for insiders. At a kiosk, I bought a gel described as antiseptic, with ethanol content and handling cautions. The itinerary offered bus, metro, or walking routes, and the tickets were under the name AS from the Org Travel Desk.",141.52104,4.9524484,683,9.93125,0,0.14944315,639.26416,5.8520737,0.0,83258,769,0.00923635,6.645091,4.2793536,4277.641,0.06900133192539215,0.0
"Context:
The riverside park was a positive place for a slow weekend, with benches that faced the water and paths that didn’t demand effort. Near dusk, the air turned cool and carried the scent of wet leaves. The sensory quiet made the whole scene feel softer. I left feeling rested in a very physical way.",117.88815,4.7697363,684,9.3125,0,0.10570902,279.43793,3.8542335,0.0,49798,757,0.015201414,6.629363,3.7205887,2643.4634,0.5698540806770325,1.0
"Context:
I bought a used guitar and the seller swore it came from a famous tour. The shop owner asked for provenance, not stories, and wanted to see where it was sourced. We found an old receipt that named the original store and the first buyer. That paper turned the vague origin into something solid.",80.31251,4.3859253,685,9.0875,0,0.14325075,661.59656,6.4238925,0.0,47579,762,0.016015468,6.6359468,3.5070467,4618.451,0.6097307205200195,1.0
"Context:
In the final minutes, our winger stayed wide, the midfielder dropped into space, and the whole team shifted to keep the pressing shape. Afterward we drove to a scenic lakeside village that people praise for being restful and well-kept. I replayed the key movements in my head while we strolled along the quiet path. The trip made it easier to see the game as a sequence of positions and choices rather than just noise.",66.7516,4.2009783,686,8.9375,1,0.12987278,509.86093,5.4229765,0.0,67635,758,0.0112072155,6.6306834,3.8637645,3925.8489,0.592869758605957,1.0
"Context:
The contract referenced the property by address and by a local place name, and the double description stopped confusion immediately. Online, a discussion thread unpacked a requirement to withhold part of the sale proceeds and remit it as tax, with users swapping personal experiences. Someone tried to steer the conversation toward broader disparities in housing access, and the replies alternated between empathy and annoyance. I spent the evening assembling a small PC upgrade and posting a simple event summary on my site alongside a short product review. The practical details of place and paperwork were the only parts that stayed stable.",139.95987,4.9413557,687,9.25,0,0.1308341,605.7656,5.117668,0.0,86231,770,0.008929503,6.6463904,4.2773666,4630.0283,0.04503580927848816,0.0
"Context:
The workshop covered globally related concepts through games, then moved into historical education with a thick atlas. After lunch, the chef demonstrated a dish tied to the same region and explained why the spice blend traveled so far. People compared notes while tasting and laughing. Learning felt like play and dinner at once.",206.7808,5.3316593,688,9.5625,0,0.12539954,541.44366,4.754252,0.0,46836,755,0.016120078,6.6267176,3.753909,4317.748,0.6676290035247803,1.0
"Context:
A rumor spread through the office, and I asked for its origin instead of forwarding it. The manager opened a numbered procedure: Step 1 verify, Step 2 document, Step 3 escalate if needed. He traced the source to a misread email and corrected it in the next update. By Step 4, everyone was laughing about how fast it had snowballed.",65.51009,4.1822042,689,8.91875,1,0.1580303,530.8271,5.7729087,0.0,55008,758,0.013779813,6.6306834,3.8839135,3359.021,0.6782616972923279,1.0
"Context:
The library’s display featured periodicals beside thick collected works, arranged like a timeline of ideas. Someone had annotated the margins of an older volume, leaving a trail of reactions across years. New readers flipped between short issues and long compilations without noticing the time pass. The room smelled like paper and patience.",207.91278,5.3371186,690,10.26875,0,0.12411052,298.34283,4.357433,0.0,50547,761,0.015055295,6.6346335,3.8439124,2403.8481,0.420331746339798,0.0
"Context:
Fei sits across from you at the café and slides a contract over the table with several personal and business names highlighted. Fei explains that the legal language matters because the finance terms change if the company name is entered incorrectly. You read slowly, then point to a line where the loyalty program is referenced under a different partner name. Fei nods and says that mismatch is exactly why the revision is needed. You agree to send the corrected version before the end of the day.",79.69826,4.3782477,691,8.53125,0,0.15715535,684.76697,6.7479987,0.0,71350,751,0.010525578,6.6214056,3.9547157,4357.2617,0.6897162199020386,1.0
"Context:
The consultant’s profile listed a lot of past projects, but one theme stood out. Her area of expertise was privacy compliance, and she framed every recommendation through that lens. She could point to concrete cases without drifting into broad buzzwords. People trusted her because the scope of her focus stayed consistent.",93.87871,4.5420036,692,8.668748,1,0.15245324,822.782,6.302621,0.0,47578,760,0.01597377,6.6333184,3.6803868,5396.9463,0.6525058746337891,1.0
"Context:
I met the agent at a location that sounded generic until she added the full address and the name on the door. On the forum, a long-running thread outlined how closing can include withholding a slice of proceeds and remitting it to the tax authority, with users correcting each other’s numbers. The debate veered into the social divide between people who own multiple properties and those who cannot get approved for a lease. I distracted myself by fixing a software issue and writing a small summary post on my website with a quick product review attached. By the time I checked again, the thread had become a timeline of edits and arguments.",82.22423,4.40945,693,8.7,0,0.1490321,629.0301,5.952985,0.0,96634,773,0.007999255,6.650279,4.342028,4220.769,0.0430462472140789,0.0
"Context:
The studio’s website listed its address and promised walk-in haircuts and evening classes, so newcomers could find the location easily. A free city magazine at the door curated upcoming places and events in a single collected section. People grabbed a copy and marked what they wanted to try. The building became a stop on a printed itinerary.",155.091,5.044012,694,10.30625,1,0.14739281,644.9549,5.369304,0.0,53525,760,0.014198973,6.6333184,3.9103134,4375.7554,0.6471837162971497,1.0
"Context:
They migrated the blog and watched the import tool map old categories to new ones. A sitemap generator updated automatically after each post went live. With a security scanner running, suspicious logins were blocked and reported. The team documented the workflow so anyone could add pages consistently.",137.82364,4.925975,695,9.475,1,0.12261821,528.173,5.346397,0.0,43112,757,0.017558916,6.629363,3.3672333,4307.4595,0.6620858907699585,1.0
"Context:
I spent the morning troubleshooting a marketing automation tool and fixing the tagging rules. At lunch, a coworker asked if ""Oppenheimer"" was worth seeing, and I said the pacing surprised me. Back at my desk, I wrote a short script to export leads into the CRM without duplicates. By evening, the campaign was live and the bugs were gone.",48.346756,3.8783991,696,8.993746,0,0.09902003,474.56293,4.1475806,0.0,57974,757,0.013057577,6.629363,3.6748462,4792.595,0.6433355808258057,1.0
"Context:
She measured her progress by the rating number, not by how good she felt. Each victory added a small bump, while one loss erased a week of work. The competitive ladder forced her to face stronger opponents as she improved. When she finally hit her target tier, she stopped playing for the night.",66.03375,4.190166,697,8.225,1,0.1576546,451.20303,5.801446,0.0,46831,757,0.016164506,6.629363,3.7266636,2861.972,0.6888647079467773,1.0
"Context:
The training plan has three tiers, and I enrolled in Level 2 after finishing Level 1 last month. In the fourth week, the coach asked everyone to write a short report on Part 3 of the nutrition handbook. I traced the handout back to its source and found it was adapted from a university sports lab. When the session ended, the group compared which module number felt hardest.",81.15214,4.3963256,698,9.28125,1,0.17050757,427.2465,5.594803,0.0,59479,763,0.012828057,6.637258,4.1550913,2505.7334,0.4957805573940277,1.0
"Context:
He complained that the World Wide Web felt slower when the router overheated. After rebooting, pages loaded instantly and the video call stopped stuttering. They compared search results and noticed how different sites point to each other. It turned into a long conversation about how the web is stitched together.",86.219406,4.4568954,699,9.537499,1,0.16269994,544.0978,6.6690226,0.0,46081,757,0.016427595,6.629363,3.577297,3344.1794,0.7030251026153564,1.0
"Context:
I entered the giveaway myself because I wanted to test the form before anyone else used it. Blue Harbor Tech, a subsidiary of Coastal Systems, offered to host the media file, and the post mentioned the Dublin office, in the same sentence. The dashboard showed 2.4 million views, 38,000 clicks, and 14 scholarships funded so far. During the afternoon, I walked from the cafe to the venue and toward the registration desk as volunteers arrived. I stayed at the end to answer questions because people kept asking where the link went.",71.17401,4.2651277,700,9.25625,0,0.094139874,589.01636,4.2562947,0.0,81760,766,0.009368884,6.641182,3.92417,6256.8213,0.07101398706436157,0.0
"Context:
A neighborhood meeting kept circling around the same issue, and every speaker sounded more tired than angry. Someone said the problem had been ignored for years, while others insisted it was too complicated to fix quickly. When the vote finally happened, nobody looked satisfied. The dispute lingered even after the chairs were stacked.",44.461147,3.7946157,701,7.1093745,1,0.13087523,488.6472,5.6668797,0.0,47567,756,0.015893372,6.6280413,3.4412324,3733.6873,0.7126023173332214,1.0
"Context:
I started the new medication right after breakfast because the doctor said timing mattered. I kept my day simple, and I went back to bed when the nausea hit. I texted a friend to cancel plans and explained that the side effects were stronger than I expected. By evening, I felt steady enough to eat soup.",50.76737,3.9272537,702,8.362499,1,0.093907766,533.4812,4.2966967,0.0,48310,754,0.015607535,6.6253924,3.3438969,5680.9062,0.69980388879776,1.0
"Context:
If you want to personalize the experience, you can adjust the settings and see the preview update as you move the slider. You should save after each change so you don’t lose what you liked. If you’re interested in the offer, you can activate the promoted plan and access the extra tools right away. You can cancel later if you decide it’s not worth it. When you’re done, you can return to the main page and keep going.",27.976526,3.3313658,703,7.296874,0,0.15905932,509.594,5.949263,0.0,75801,754,0.009947098,6.6253924,4.2075086,3203.7983,0.46960312128067017,1.0
"Context:
The little island had clean beaches, friendly locals, and plenty of quiet spots to sit with a book. I kept a travel journal because the place had so many genuinely pleasant details. In the evenings I also tracked a tournament ladder, comparing my results against opponents in a small online league. The destination stayed relaxing even when my competitive side kicked in.",86.41846,4.4592013,704,9.499998,1,0.099991366,435.27823,4.414925,0.0,53511,754,0.01409056,6.6253924,3.5021493,4353.158,0.6668319702148438,1.0
"Context:
Before the heat peaked, we went down to the office and through the lobby to the back elevator. I needed to install a software update for the sales team, so I did it quickly and left. Later, I watched ""Django Unchained"" at home and let the afternoon pass. By the time the credits rolled, the sun was finally less harsh.",42.11838,3.7404842,705,8.59375,1,0.106295176,1040.4211,5.680542,0.0,56485,754,0.013348676,6.6253924,3.490096,9788.037,0.6116760969161987,1.0
"Context:
I downloaded the dataset and immediately looked for the documentation. The file had columns but no explanation of how the values were collected. After some digging, I found a note describing the source as public records from a specific agency. Knowing the origin helped me trust the numbers.",71.48066,4.269427,706,8.171875,1,0.13737288,605.1429,5.971943,0.0,41619,754,0.018116726,6.6253924,3.4340737,4405.112,0.616017758846283,1.0
"Context:
An influencer post pushed a cosmetics bundle with a discount link and a countdown timer. The brand sponsored a small meet-up at a downtown studio that doubled as an event space. Between makeup tutorials, someone brought up the Quran’s parables and how they travel across cultures. I went home with product samples, a flyer for the next event, and a head full of unexpected conversation.",96.01638,4.564519,707,8.99375,0,0.18067302,817.4737,7.144867,0.0,60960,764,0.012532809,6.638568,3.931225,4524.603,0.6243707537651062,1.0
"Context:
The recipe began with: Bake for [10] minutes, then rotate the pan halfway through. It also told her to set a rack in the middle so the crust browned evenly. After baking, it instructed her to let the tart cool and chill it in a refrigerator until the filling set. The final line simply said to serve it cold with fresh fruit.",54.534904,3.998841,708,7.8625,0,0.14995773,321.1504,4.722679,0.0,55768,757,0.013574093,6.629363,4.139822,2141.606,0.5637660622596741,1.0
"Context:
I was restocking shelves when the manager asked me to help with a quick audit. We weighed a boxed appliance and confirmed its dimensions so it could be shipped safely. In the office, a dashboard showed measured changes in cost per order, processing rate, and overall performance for the week. A printed sheet on the wall listed points and rank for the sales contest, which explained why everyone kept checking the leaderboard. Back on the floor, I compared material, size, and strength details between two similar products before placing them. Later, payroll updated and the wage amounts and hourly rates hit everyone’s accounts, ending the day with money on people’s minds.",99.34361,4.5985847,709,9.012499,0,0.12823595,1024.4963,6.1899405,0.0,101825,765,0.00751289,6.639876,4.1051807,7989.151,0.04071628302335739,0.0
"Context:
The public health alert mentioned Listeria in pre-packaged salads and urged pregnant customers to avoid them. The announcement included a link to the official list of affected lots, and I bookmarked it for later. I checked my refrigerator, bagged the salads, and took them back for a refund. The cashier thanked me for bringing the link to the counter so they could verify it.",44.991646,3.8064768,710,8.3,1,0.17657407,997.95496,6.7750688,0.0,60958,760,0.0124676,6.6333184,4.054331,5651.764,0.7073671221733093,1.0
"Context:
My friend asked why my computer was so loud, so I showed him the case airflow and the settings in the control panel. He suggested a different browser extension, and we ended up talking about building a simple portfolio website. After dinner, I wrote a brief review of the espresso machine I had been testing. I closed the note with a quick summary of the concert we went to, because the set list was still in my head.",45.31899,3.8137262,711,7.218749,1,0.11254998,614.14026,4.90916,0.0,66151,758,0.011458633,6.6306834,3.778718,5456.6,0.6209359169006348,1.0
"Context:
In the scrimmage, the coach kept shouting about spacing, and I had to hold my position while tracking the runner behind me. Every action mattered, from the first press to the last recovery sprint. When we reset, he moved me two steps wider and demanded a quicker pass. The match felt like a lesson in placement and decisions, not just effort.",74.15016,4.3060923,712,8.862499,0,0.1447502,463.03696,5.251724,0.0,54263,758,0.013969003,6.6306834,3.8877943,3198.8694,0.6585200428962708,1.0
"Context:
I swapped the old hard drive for an SSD and the boot time dropped from minutes to seconds. After updating the operating system, I spent the evening tweaking a small website so the pages loaded cleanly on mobile. I wrote a short review of the new mechanical keyboard, mostly about the feel of the switches. Later, I added a quick recap of the weekend match because it was too chaotic to forget.",49.20638,3.8960233,713,7.7999997,1,0.132342,656.0134,5.5631022,0.0,61693,761,0.012335273,6.6346335,3.7754781,4956.9556,0.5362317562103271,1.0
"Context:
The resort was easy and comfortable, the kind of place you recommend without thinking twice. I spent one morning updating a small website using a theme editor and a hosting panel because the client wanted changes immediately. Between edits I walked outside and enjoyed how effortless everything felt there. Even the work session seemed lighter in that setting.",145.86887,4.982708,714,9.262499,1,0.07540699,330.43988,3.6313944,0.0,49794,752,0.015102221,6.6227365,3.2584748,4382.0854,0.7201341390609741,1.0
"Context:
The label on the skin gel mentions salicylic acid and niacinamide in small print. It warns that irritation may occur if the concentration is too high for daily use. A separate insert describes the formula as non-comedogenic and notes a pH range suitable for sensitive areas. After a week, the redness eased and the texture felt more even.",37.73214,3.6305122,715,8.199999,1,0.16493616,471.77136,5.559858,0.0,55749,756,0.013560781,6.6280413,4.087616,2860.3271,0.7023939490318298,1.0
"Context:
Before packing the bike, I measured the wheelbase and the handlebar width to make sure it fit the case. The wheelbase came out to 100.5 centimeters, and the bars were 44 centimeters end to end. I lowered the seatpost until the overall height dropped under 80 centimeters. The checklist only needed the figures, so I wrote them clearly and moved on.",42.704056,3.754294,716,8.087502,1,0.14846098,502.4784,5.6999044,0.0,57234,758,0.013243876,6.6306834,3.868538,3384.582,0.6535691022872925,1.0
"Context:
The dermatologist switched her from a mild topical cream to a stronger prescription ointment after the rash spread. She set reminders so she would not miss the morning dose, even on busy days. At the follow-up visit, the doctor reviewed side effects and adjusted the plan to reduce nausea. The pharmacist explained how the new medication could interact with her allergy pills. After two weeks, the swelling finally eased and she could sleep through the night.",36.158035,3.5878992,717,7.481249,1,0.11134123,509.86093,4.2748866,0.0,69134,759,0.010978679,6.632002,4.042807,4579.264,0.6040869951248169,1.0
"Context:
A message arrived from MK, who signed off on behalf of the Org Comms team. It mentioned a screening of The Last Voy, with tickets reserved under the name R and Co. The thread also referenced a partnership with Univ Labs, though the exact campus was left implicit. I had to piece together the full names from the fragments.",166.51233,5.1150694,718,10.125,1,0.12416197,453.85718,4.778757,0.0,52777,761,0.01441916,6.6346335,3.7940235,3655.3638,0.48572811484336853,1.0
"Context:
The boutique email says you will love a new clutch from Lark & Alder because it features a raised floral pattern that catches the light. It offers you an early-access code and claims you can save 15 percent if you order today. The copy keeps nudging you toward the checkout button and promises free returns if you are not satisfied. A close-up photo shows the artwork-like texture pressed into the material beside the brand name. You close the email, then reopen it because the pattern is hard to forget.",75.15724,4.3195825,719,9.337498,1,0.14505674,716.6166,5.877683,0.0,79534,763,0.009593382,6.637258,4.1644425,4940.25,0.16827695071697235,0.0
"Context:
A boutique launched a special opening night, turning shopping into an exceptional, formal event with reserved entry times. I met the designer, who described her area of expertise in textile work with quiet confidence. She presented a holiday special edition jacket that was hand-crafted, with tiny details that didn’t repeat across pieces. The store also demonstrated enhanced features in their fitting service, like precise measurements and faster alterations. In the lounge area, a podcast about a special counsel played softly while customers talked about special education specialists and special economic changes affecting imports.",161.37651,5.08374,720,9.375,0,0.13765259,469.78198,4.7127595,0.0,83265,774,0.009295623,6.6515718,4.4269896,3412.8088,0.14281101524829865,0.0
"Context:
The engineer documented the product's attributes, including size, strength, color, and material, then added the unit cost and expected performance. A special services team offered installation for customers who wanted white-glove delivery. The spec sheet went into the packaging next to a small warranty card. Buyers could opt into the service at checkout.",82.887184,4.4174805,721,9.06875,1,0.11305076,992.64667,5.715585,0.0,52022,752,0.014455423,6.6227365,3.5228026,8780.539,0.6498458981513977,1.0
"Context:
The jacket looked ordinary on the rack, but its qualities stood out once I tried it on. The product card described a 2% benzoyl peroxide liner treatment and mentioned the coating was tested against common irritants. I cared less about the chemistry and more about whether the fabric felt breathable. After a few minutes, the fit and the texture convinced me it had the right attributes for winter walks.",52.21776,3.9554226,722,7.9312496,1,0.13770543,529.581,5.4840655,0.0,62435,759,0.012156643,6.632002,3.919425,3845.7524,0.5940821766853333,1.0
"Context:
The poster listed a QR code and said details were in the footnote for additional information about accessibility. Under it, Aya wrote her name and then typed sh ! "" ) \n as a weird signature she always used. Someone asked if it was a typo, and she just nodded. The punctuation stayed exactly the same every time.",122.49803,4.808095,723,9.69375,0,0.12243021,491.01508,5.2653832,0.0,52024,755,0.014512532,6.6267176,3.550672,4010.571,0.7054031491279602,1.0
"Context:
I built a small site using a set of web tools, then realized the product photos were the wrong size. The client wanted exact dimensions on every listing, so I measured the box and wrote 30 cm by 20 cm right into the description. After updating the layout, I republished the pages and checked them on mobile. The whole job felt like switching between code and a tape measure.",66.186165,4.1924715,724,8.88125,0,0.11190185,849.32336,5.4590735,0.0,59462,759,0.012764455,6.632002,3.5924306,7589.8955,0.6508275270462036,1.0
"Context:
The recall notice said the ready-to-eat sandwiches might be contaminated with Listeria, so I cleared out the fridge. At the same time, a nurse called to confirm I should start the prescribed antiviral as soon as possible. I disinfected the shelves, washed my hands again, and lined up the tablets next to a glass of water. When everything was clean, I finally ate something safe and bland.",30.031355,3.402242,725,7.450001,0,0.101573326,727.2331,4.6980586,0.0,64666,756,0.011690842,6.6280413,3.7164998,7159.6855,0.5081466436386108,1.0
"Context:
The student lab posted minimum hardware specs for the design suite, and half the class realized their machines were underpowered. Someone passed around a printed periodical whose newest issue dissected a campus controversy in painful detail. In the same room, a photographer adjusted lighting to soften a subject’s jawline for a feature on mental health and social pressure. Later, we visited the library to pull old magazines and collected works for citations.",185.87823,5.225092,726,9.799999,0,0.15357284,366.2707,5.1856313,0.0,66159,766,0.011578168,6.641182,4.205344,2384.9966,0.2947304844856262,0.0
"Context:
The hotel rolled out a revised service tier that came with real upgrades. Check-in was faster, the room had better soundproofing, and a small concierge chat handled requests smoothly. The enhanced offering wasn’t about luxury words; it was about fewer friction points. I left feeling like the service had been engineered rather than improvised.",99.92098,4.6043797,727,9.562497,1,0.14954722,529.581,5.1882777,0.0,54268,764,0.014078278,6.638568,4.03668,3541.2292,0.48244550824165344,1.0
"Context:
A banner ad offered half-price tickets to a wellness fair at the convention center downtown. The event guide listed corporate sponsors alongside booths for cosmetics, snacks, and meal-prep demos. In one corner, a speaker quoted Augustine while discussing how people chase comfort. I sampled a named brand of herbal tea, listened to the talk, and noted the venue for future events.",106.21014,4.6654196,728,9.375001,0,0.1724295,501.24896,5.981958,0.0,57247,763,0.0133282095,6.637258,4.0607414,2906.979,0.4756706655025482,1.0
"Context:
The entertainment site posted a positive review, calling out the actor’s performance by name. The article also cited viewership figures and a small technical detail about how ratings are calculated. A map widget pointed to the premiere location and the exact date of the red-carpet event. I uploaded my own behind-the-scenes clip, selected a lower bitrate, and confirmed the streaming quality in two browsers. Then I booked a pet grooming slot and bought a basic tool kit for home repairs.",87.98134,4.4771247,729,8.862499,0,0.15588419,675.55426,5.8943424,0.0,76566,767,0.010017501,6.6424866,4.265831,4333.6934,0.11096921563148499,0.0
"Context:
The delivery driver called because he was at the right street but the wrong building, so I gave him the exact coordinates and the shop name on the corner. Later, I read a forum thread where a buyer described withholding a percentage from the sale price and remitting it as required tax through escrow. Someone replied that the rule is easy when you are wealthy and crushing when you are not, and the disparity stories piled up. I spent the evening tuning my PC fans and pushing a website update that included a review of the cooler I installed. The thread ended up as much about money gaps as it was about paperwork.",85.048615,4.443223,730,8.90625,0,0.11669449,581.2557,5.078493,0.0,93654,768,0.008200397,6.64379,4.1354213,4981.004,0.045216742902994156,0.0
"Context:
The art class handbook was organized in parts, and part three said level one techniques should be practiced before trying the second option for shading. I made a numbered list of supplies and circled the first pencil and the fourth brush. The studio had easels arranged in order, and I took the third spot in the second row near the fourth window. The teacher demonstrated step 1 to sketch and step 2 to blend, then the critiques ended with a list of pieces ranked from first to fifth.",93.86572,4.5418653,731,9.831249,0,0.17247497,586.2248,5.920415,0.0,74346,766,0.010303177,6.641182,4.3606286,3398.898,0.14824722707271576,0.0
"Context:
I posted the advertisement early because I wanted it to be seen before lunch breaks began. Solara Capital, through Helio Ventures, added its Milan branch to manage local partners, and the structure line was written like a corporate profile. The campaign counted 410,000 DKK in donations and 14 scholarship slots, alongside 22,105 tickets sold for the charity game. During the afternoon, we met at the arena and moved toward the stands as the crowd arrived. I explained the totals afterward because people asked how the money was calculated.",126.07456,4.8368735,732,9.706249,0,0.1730372,865.24817,7.011316,0.0,80287,770,0.009590594,6.6463904,4.199724,5000.3594,0.08811652660369873,0.0
"Context:
You are reading a notice that reminds you to update your details, then it shifts into an upbeat offer claiming you will love the new tier. The first part sounds neutral and practical, while the second part tries to persuade you with promises and urgency. Both parts use you and your constantly, but they feel like different rooms in the same building. You scroll to the bottom to find the opt-out link. After you click it, the page still tells you what you can do next.",51.36066,3.9388726,733,8.875,0,0.11369987,416.69928,4.0893726,0.0,74331,762,0.010251443,6.6359468,4.2283583,3664.9055,0.2538951635360718,0.0
"Context:
I tested the software on two machines to confirm the performance difference was tied to hardware specifications. The write-up was for a magazine issue that also tackled a public controversy, treating it as the defining topic of the month. The cover photo emphasized a subject’s eyes and jawline to match the story’s focus on inequality and policy failures, and printed inserts provided extra context. In my sources, I leaned on bound journals and a collected anthology to anchor the claims.",125.03929,4.828628,734,9.924999,0,0.15158035,376.07925,4.8940063,0.0,73601,765,0.01039388,6.639876,4.410322,2481.0554,0.2122122198343277,0.0
"Context:
The online portal provides a status tracker that updates as your request moves through each stage. I used the help chat function to ask a quick question and got an automated response right away. There’s also a simple export button that downloads your data in one file. Those built-in functions made the process feel controlled.",81.94063,4.405995,735,8.525,1,0.17192598,538.7895,6.853738,0.0,49795,754,0.015142082,6.6253924,3.6510355,3133.8457,0.6932483911514282,1.0
"Context:
At the flea market, I brought a scale and a ruler to verify the weight and size of a vintage lamp. The seller claimed it was a bargain, but I also kept notes on the prices I saw across different stalls. A nearby booth ran a little contest where buyers earned points, and the top rank won a discount. I inspected the lamp’s material and the color of the wiring insulation to judge condition. When I got home, I calculated what I’d spent and compared the total amount to my weekly budget.",63.72286,4.1545434,736,8.4375,0,0.1662167,934.2557,6.7033644,0.0,82502,762,0.00923614,6.6359468,4.228321,5620.709,0.13015861809253693,0.0
"Context:
They designed a clean page for the league table and made sure it loaded quickly on phones. In the derby, the opponent took an early lead, so the team reorganized and tightened spacing between lines. The equalizer came from a planned movement, with a runner arriving from deep as the forward drifted wide. After the game, the club store posted exact glove sizes and palm measurements for winter sales.",107.50568,4.6775436,737,9.6625,0,0.11025287,684.76697,4.9130306,0.0,60948,760,0.0124696465,6.6333184,3.728929,6210.8765,0.5268862843513489,1.0
"Context:
The report stated that the documentary earned 3.6 million minutes watched in its first week. Donations to the associated scholarship program totaled 410,000 DKK, funding 16 awards. The club’s charity match sold 22,105 tickets and raised 2.1 million DKK after costs. A follow-up chart compared the numbers to last season’s figures and showed a clear jump. Everyone kept pointing at the totals as if they settled the debate.",81.17482,4.396605,738,9.21875,1,0.13616306,753.7745,5.212024,0.0,71354,761,0.0106651345,6.6346335,4.1476436,5535.8223,0.41580259799957275,0.0
"Context:
A billboard promoted a weekend festival and named corporate sponsors in giant letters. The festival grounds were set up beside the waterfront, with tents for skincare samples and local food stalls. At a small stage, a speaker referenced Augustine while talking about desire and restraint. I ate something new, collected a branded coupon, and saved the location for next year.",116.1347,4.7547507,739,9.6875,0,0.15923108,381.19598,5.517292,0.0,54272,764,0.014077241,6.638568,3.9106016,2393.9797,0.46079838275909424,1.0
"Context:
The seaside cliff path was a positive surprise, gentle enough for a slow afternoon. In town, a crowded surf competition made the beach highly active, with riders chasing every wave like it was a personal duel. Salt spray hit their lips, wet sand stuck to ankles, and whistles cut through the wind. The day carried a bright quality that made the horizon look closer than usual. The vibe was sunny and competitive, a lively atmosphere that pulled everyone toward the water.",105.26398,4.6564713,740,8.9375,0,0.109853856,491.01508,4.595363,0.0,72087,756,0.010487327,6.6280413,3.9138477,4469.712,0.6481546759605408,1.0
"Context:
A quality inspector measured thickness, tensile strength, and color consistency as quantifiable attributes of each fabric roll. The factory's planning lead arranged a special production run for a formal client presentation. Workers tagged the best rolls for that run and logged the measurements. Everyone knew the batch had to look exceptional under showroom lights.",178.78558,5.1861873,741,9.562499,1,0.10877365,472.43613,4.47387,0.0,49795,755,0.015162165,6.6267176,3.572435,4343.296,0.6904705166816711,1.0
"Context:
At the community center, the property management service set up a table to explain the new lease support program. A long-time member of the tenants’ union asked pointed questions about the service’s reliability and responsiveness. The representative showed where the funding comes from and which components of the plan are paid by municipal grants. Only a portion of the attendees signed up on the spot, while the rest took the brochures home.",69.5239,4.2416706,742,8.5625,0,0.15403792,629.0301,6.1778355,0.0,66145,756,0.011429436,6.6280413,3.943748,4083.6055,0.6345570087432861,1.0
"Context:
The guide I’m following is split into six parts, and I opened Part 2 because Part 1 was mostly introductions. Step 3 told me to calibrate the scale before weighing anything. When I missed the first attempt, I went back to Step 1 and started over. By the time I reached Part 4, my notes were full of little corrections.",64.43737,4.1656938,743,9.5125,0,0.13989694,400.77444,5.0133457,0.0,55746,757,0.01357945,6.629363,3.9010754,2864.7834,0.5670626759529114,1.0
"Context:
After three failed attempts, I finally obtained the last achievement badge in the game’s global tournament. My friend celebrated by cooking a dish from a cookbook that collects globally related concepts from different regions. We ate at the kitchen counter while the results page updated. The win felt real once my name appeared on the leaderboard.",109.433,4.6953125,744,9.224999,1,0.09102767,277.99152,3.8345184,0.0,51282,752,0.014664015,6.6227365,3.4765143,3053.923,0.6787011027336121,1.0
"Context:
At the dinner table, everyone compared rent, and the gap between neighborhoods sounded like a different country. One friend described working full time and still choosing between groceries and heating. Another talked about investments as if they were inevitable, not optional. The conversation turned quiet when we realized the same city was offering radically different lives.",73.69956,4.299997,745,9.09375,1,0.13342834,566.68396,5.834348,0.0,49059,760,0.015491551,6.6333184,3.4693995,4247.1035,0.6727610230445862,1.0
"Context:
After the urgent-care visit, I started a prednisone taper and kept a strict schedule for each dose. I also forwarded a fundraiser link that a neighbor set up to help cover the pharmacy bill. The comments filled with people offering spare pill organizers and practical tips for remembering the morning tablet. The swelling went down enough that I could sleep through the night.",90.73154,4.507905,746,9.5625,1,0.08806161,605.1429,4.0213366,0.0,56487,757,0.013401314,6.629363,3.592495,6871.8125,0.6238235831260681,1.0
"Context:
In a hotel lobby in Berlin, the TV ran a headline about an esports final, 3–0, and the ticker kept throwing in team abbreviations and quick punctuation. My phone opened the device manual for the router: ports, LEDs, and error codes were separated by colons and slashes. On the desk sat a bottle labeled isopropyl alcohol 70% with a note about flammability and skin contact. The concierge suggested Museum Island, the zoo, or the riverwalk, and the city map had clipped names like St Pl and Univ Sq.",125.01581,4.82844,747,10.1875,0,0.17151111,647.6388,6.4554486,0.0,89927,756,0.008406819,6.6280413,4.3814583,3776.0747,0.29463931918144226,0.0
"Context:
The purchase agreement looked straightforward until the section about mandatory withholding caught my eye. My attorney said the law can require a slice of the sale price to be remitted to the government when certain conditions apply. The title company prepared a separate transfer so the tax payment would go out on the same day as the deed. I left the meeting with fewer cash worries and more forms than I expected.",69.93106,4.24751,748,9.21875,1,0.10538974,567.9564,4.8254037,0.0,59457,757,0.01273189,6.629363,3.5688908,5389.1055,0.6923708319664001,1.0
"Context:
The forum post included the café’s full address and a tiny sketch of the corner where the entrance sits. People replied with their own notes about nearby parking and which door stays unlocked. The thread turned into a running log of arrivals and delays. Nobody asked the same question twice because the details were already there. A simple location note powered a whole conversation.",117.35863,4.7652345,749,8.95,0,0.118237436,448.5489,4.5486298,0.0,55740,755,0.013545031,6.6267176,3.8318086,3793.6284,0.6629655957221985,1.0
"Context:
A drainage company inspected the property after water pooled near the basement door. The technician praised the gravel’s filtering quality and then traced the blockage to a collapsed pipe section. The replacement tube was sourced from the supplier down the road, and the coupling component had to be the exact diameter. Only a portion of the yard needed digging, while the rest remained untouched to keep access open for residents’ group members.",118.36777,4.7737966,750,8.775,0,0.11849144,516.7892,4.8017206,0.0,64662,758,0.011722496,6.6306834,3.9201596,4361.4053,0.6027131080627441,1.0
"Context:
At the aquarium store, the clerk asked for the tank dimensions before recommending a stand. I noted the length and volume so the setup would be safe. He then showed me a chart tracking filter performance, flow rate, and replacement costs over time. On a screen near the register, the shop displayed a popularity ranking for the most bought items, complete with points for each purchase. I compared two heaters by material type, size, and power rating. When I paid, the receipt listed the amount, price per item, and the total cost after tax.",65.154335,4.176759,751,9.131249,0,0.12018515,1024.4963,5.7624445,0.0,84720,758,0.00894712,6.6306834,3.9972444,8524.317,0.06820839643478394,0.0
"Context:
The newsroom upgraded its machines, debating CPU models and driver support like it was a moral question. On the table, a fresh periodical lay beside a list of open issues the staff argued about, each one louder than the last. A photo editor zoomed in on a subject’s eyes while the team planned coverage of unemployment and public safety. In the archive room, old magazines and collected works were piled high, ready for reference.",109.461815,4.6955757,752,9.731251,0,0.1382654,455.3885,4.8573923,0.0,68389,765,0.011186009,6.639876,4.2102113,3293.5823,0.2803848385810852,0.0
"Context:
Lev Levison chaired the meeting and opened with an update on the software migration plan for the customer team. Someone mentioned they missed last night’s 'Arcane' rewatch, and the room briefly relaxed. Midway through, an email from facilities flagged a possible Listeria exposure in the cafeteria, so everyone was told to avoid certain items. When the session ended, the heat outside hit them like a wall as they crossed the lot. Lev reminded a colleague to check their voter registration before the deadline.",125.66566,4.833625,753,9.53125,0,0.13992538,759.08276,5.9246297,0.0,78779,762,0.009672629,6.6359468,4.047385,5424.911,0.14775076508522034,0.0
"Context:
I navigated to the escrow office using the posted address and the suite number, which mattered because the complex had multiple entrances. In a forum thread about selling a condo, someone warned that the buyer may have to withhold part of the proceeds and remit it as tax through the transaction. Another person replied with a rant about wealth gaps, arguing that small sellers feel every percentage point while others barely notice. I tinkered with my PC build notes and published a product review of a cheap CPU cooler on my site. When I checked again, the discussion had doubled in size and split into arguments and advice.",81.59712,4.401794,754,8.79375,0,0.1344672,833.39856,5.9021525,0.0,92166,768,0.008332791,6.64379,4.188553,6197.783,0.04071628302335739,0.0
"Context:
The landlord sent a confirmation that the apartment was held for her, and she immediately began gaining the documents needed for the lease. When she arrived, she fastened the nameplate to the mailbox and joined the keys to a ring so none would disappear. Her bank reviewed deposits and insurance details to keep finances stable during the move. Before leaving the office, she made the agreement definite by signing and closing the folder with the final copy inside.",91.54288,4.5168076,755,9.15625,0,0.13224523,578.6015,5.693146,0.0,66888,755,0.011287525,6.6267176,3.8122554,4375.2163,0.630024254322052,1.0
"Context:
You open the app to learn how to change a setting, and the guide tells you what you can click and where you will see the result. A banner interrupts with a limited-time deal that says you will save more if you upgrade right now. You follow the instructions anyway, but the promo keeps nudging you toward the purchase button. After you finish, you notice the guide still speaks to you directly, while the offer tries to flatter you into spending. You close the banner and keep reading the steps.",49.42426,3.9004414,756,8.03125,0,0.18407936,732.5414,6.546969,0.0,78792,758,0.009620266,6.6306834,4.3880663,3979.4866,0.2940486967563629,0.0
"Context:
The festival had a bright, upbeat quality during the afternoon, like everyone had agreed to be in a good mood. Later, the park felt calm and settled, and the evening took on a slower quality. I stayed for both, surprised by how the same place could shift so much. The time itself seemed to change the tone.",57.114,4.045049,757,7.475,0,0.0866358,368.92484,3.9080179,0.0,51281,755,0.014722802,6.6267176,3.4279647,4258.342,0.6701231598854065,1.0
"Context:
The organizer asked for my laptop’s specs to ensure the presentation software would run without crashes. The event handed out a magazine that framed the conference’s main topic as a problem the field could no longer ignore. A speaker compared facial recognition bias to wider social harms, then held up printed handouts showing the consequences for vulnerable communities. In the bookstore afterward, I found bound journals and collected anthologies expanding the same debate.",152.73788,5.0287232,758,10.0,0,0.15428594,400.77444,5.2218423,0.0,66904,762,0.011389454,6.6359468,4.234663,2597.6084,0.3344605565071106,0.0
"Context:
I uploaded a small giveaway announcement with a link to the signup form, and I kept the caption casual. I did it because I promised my cousin I’d help her reach more people. I answered questions in the comments and explained the pick-up time. By the end of the day, the post had spread farther than I expected.",51.17028,3.935159,759,9.049999,0,0.11860548,525.5188,4.5970798,0.0,54264,759,0.013987174,6.632002,3.7901306,4430.814,0.6270902156829834,1.0
"Context:
You can adjust the brightness by dragging the slider until the text looks comfortable. If your eyes feel strained, you can switch to a warmer tone without changing the layout. You should test it in the room where you usually use it, because lighting changes everything. When you find a setting you like, you can save it as a preset for later. You’ll notice the difference the next time you read for a while.",37.378372,3.6210923,760,7.0499997,1,0.13020869,583.9098,5.4638143,0.0,65399,753,0.011513937,6.6240654,3.843915,4484.415,0.6313614845275879,1.0
"Context:
I ran diagnostics and noted every specification because the publisher blamed the crashes on my setup, not their software. While waiting for a response, I read a magazine that treated a local corruption story as the month’s defining issue. The photo spread lingered on faces, then pivoted into a broader piece on inequality and public trust. I ended the night with bound journals and collected essays open beside the laptop, trying to connect details across formats.",207.8304,5.3367224,761,10.699999,0,0.10314235,431.82098,4.3124013,0.0,69126,762,0.011023349,6.6359468,3.840064,4186.6504,0.3054678738117218,0.0
"Context:
I stood outside the gym on Strandvejen, checking the street number because two buildings shared the same logo. In a long forum discussion about a recent sale, users posted settlement screenshots showing a tax withholding line and the remittance amount. The conversation slid into who can afford surprises and who cannot, with examples that made the social gap feel immediate. I came home, installed drivers, and added a small page to my site to archive notes from my hobbies. By the time I wrote a quick event recap, the thread had new replies arguing over the same numbers.",148.58318,5.001145,762,10.03125,0,0.12825732,683.9289,5.0856876,0.0,86217,763,0.008849762,6.637258,4.2347045,5332.4746,0.08127372711896896,0.0
"Context:
I planned the itinerary as a numbered list so I could see the 1st stop, the 2nd stop, and the 3rd stop at a glance. After booking the train, I wrote out a short procedure: Step 1 pack chargers, Step 2 print tickets, Step 3 set an alarm. The list looked tidy until I realized the 4th stop was closed on Sundays. I renumbered everything and pushed the museum down to 5th.",37.028103,3.6116772,763,8.9625,0,0.14168936,480.14603,5.361519,0.0,69134,764,0.011051002,6.638568,4.091913,3388.7231,0.3051072061061859,0.0
"Context:
At payroll, the accountant reviewed financial metrics like wages, premiums, and monthly amounts before approving transfers. Meanwhile, the company hired a special counsel to review a contract dispute tied to the bonus policy. The spreadsheet showed rates changing by role and tenure. After the legal review, the CFO adjusted the premium schedule for the next quarter.",87.29687,4.4693146,764,8.674999,1,0.102777004,690.0752,4.9969535,0.0,51280,754,0.014703589,6.6253924,3.387377,6714.2954,0.6914849877357483,1.0
"Context:
A newcomer revived a years-old thread, and half the replies were people annoyed by the notification. One user pasted a screenshot, another demanded a source, and the original poster returned to clarify. Likes and downvotes shifted the tone faster than the words did. Reading through it was like watching a crowd decide what counted as acceptable.",110.77166,4.707471,765,9.893749,1,0.14215596,737.8497,5.9176173,0.0,52034,758,0.0145673985,6.6306834,3.6849003,5190.424,0.6536750793457031,1.0
"Context:
They gathered at the park, then spread out along the path as more friends showed up. While the music played, people danced near the speakers and chatted by the food tables. After the speeches, the group moved toward the lake and took photos in the fading light. When the event ended, everyone drifted into different streets and toward different stops. By midnight, the park was quiet again.",43.27291,3.7675269,766,7.46875,1,0.072774924,352.89374,3.4146564,0.0,60198,756,0.012558557,6.6280413,3.495098,4849.112,0.6793755888938904,1.0
"Context:
I ordered a repair visit for the kitchen sink, but only part of the problem was the faucet itself. The plumber replaced one of the valves and then inspected the line behind the cabinet. A portion of the bill covered materials, and some of the cost was labor for tracing the leak. By the end, the drip stopped and the wood stayed dry.",57.52836,4.052278,767,9.0,0,0.14711441,410.35736,5.1697016,0.0,56485,757,0.013401788,6.629363,3.9691315,2789.3757,0.6182312965393066,1.0
"Context:
I woke up at night with a whistle in my chest and that prickly feeling that my lungs were closing. In the dark, I felt around the nightstand until my quick-relief inhaler was in my hand. Two quick puffs, then slow breaths, then another pause to see if the pressure would lift. The room stopped spinning once I could draw a full breath again. I stayed propped up on pillows until the episode fully passed.",47.168167,3.8537192,768,7.9124994,1,0.1210552,520.2106,5.3633137,0.0,70599,755,0.010694202,6.6267176,3.7787318,4297.3003,0.6545807123184204,1.0
"Context:
After the derby, Elena clipped the best moment and uploaded it to an online service that let her pick the resolution before publishing. She chose a common file format so it would play on everyone’s phones. The platform previewed the file format and warned her when the bitrate might cause buffering. She kept smiling while reading comments that called the match the highlight of the week.",109.3095,4.6941833,769,9.34375,0,0.116345085,419.3534,4.4411225,0.0,59468,757,0.012729535,6.629363,3.839718,3604.3928,0.6203022599220276,1.0
"Context:
When you open the box, you can scan the card and you’ll land on a page that walks you through the first steps. You should keep the device close, because you’ll need to press a button when the prompt appears. If you want to extend coverage, you can add the protection plan while it’s still discounted. You’ll get a message as soon as registration completes, and you can save the receipt to your email. If anything feels confusing, you can tap help and read the short explanation under each option.",41.673515,3.7298658,770,7.6375,0,0.12463767,459.16544,5.5369105,0.0,85461,758,0.008869543,6.6306834,3.996431,3684.002,0.21592333912849426,0.0
"Context:
She played the away fixture with noise in her ears and defenders at her heels. The opposing team targeted her early, hoping to disrupt rhythm. She absorbed the contact, kept the ball moving, and waited for the right opening. When the final whistle came, the result felt earned rather than lucky.",75.8047,4.3281603,771,9.662498,1,0.09893802,548.8809,4.4630685,0.0,46076,751,0.016299158,6.6214056,3.377719,5547.725,0.7391276359558105,1.0
"Context:
She offered me honey and promised it was local. I asked which farm produced it, and she named a beekeeper outside town. The jar had a batch code that matched the beekeeper’s website. The origin made the flavor feel more personal.",157.08185,5.056767,772,9.375,1,0.0898624,329.1128,3.7586272,0.0,40132,752,0.018738164,6.6227365,3.3021913,3662.4082,0.5954675078392029,1.0
"Context:
In the library, he used the World Wide Web to pull up maps of global events or locations for a class project. A teacher nearby described global locations/events from a different era, pointing at borders that no longer exist. At home, his sister played a game built around globally related concepts and quizzed him with bits of historical education while stirring a simmering sauce. When the World Trade Center came up in a podcast on global affairs, the topic suddenly felt heavier than homework.",103.455894,4.6391454,773,8.7625,0,0.12190867,706.00006,4.753127,0.0,73580,758,0.010301712,6.6306834,4.1507945,5791.2207,0.2966979444026947,0.0
"Context:
I inherited a box of magazines from my grandfather, tied together in bundles by decade. Some were single issues, others had been bound into thicker collected volumes. As I flipped through them, the ads and editorials formed a strange portrait of changing tastes. The pile felt like a private archive.",91.75217,4.519091,774,9.375,1,0.112124234,382.1955,4.3267603,0.0,45340,757,0.016696075,6.629363,3.6036496,3408.6787,0.624973475933075,1.0
"Context:
The shop window advertised a new service package, and the staff pointed everyone toward a signup table by the door. The address matched the event listing I had seen online for a cooking demo later that night. While waiting, a customer mentioned the Bhagavad Gita and how routines can be freeing. I left with a receipt bearing a company name, a recipe printout, and a reminder of the venue’s calendar.",79.916084,4.380977,775,9.46875,0,0.13834226,642.3008,5.6201105,0.0,66896,764,0.011420713,6.638568,3.958384,4642.8384,0.46654608845710754,1.0
"Context:
You are reading a long memorial post where personal names are repeated alongside dates, places, and short notes from friends. Halfway down, the writer turns to you directly and asks you to remember the same name when you see it in an obituary later. A link at the bottom leads to a news report, and it uses the same surname in a completely different tone. You scroll back up because you want to confirm you did not misread the spelling. The post ends by telling you where you can send condolences.",42.197475,3.7423604,776,6.9562483,1,0.13868177,461.81958,5.3461556,0.0,79535,764,0.009605834,6.638568,4.1771374,3330.067,0.2911008298397064,0.0
"Context:
The phone company kept advertising unlimited data, trying to make the offer look effortless. At the same time, every accessory on the shelf screamed its brand, from the cases to the chargers. He bought the plan because the promotion sounded good and picked the cable because the company had a reputation for lasting longer. The receipt looked like a list of services tied to names.",71.545784,4.2703376,777,9.125,0,0.11926701,371.99036,4.1748495,0.0,57234,757,0.013226404,6.629363,3.9806097,3118.9712,0.5486818552017212,1.0
"Context:
I renewed my membership within the neighborhood association at the same time I registered our building for the winter maintenance plan. The letterhead read St. Ansgars Plads Co-op and listed the chair as Ms. R., which made it feel oddly official. After I paid, they emailed a confirmation that I was included in the group for the next year. The janitor service started the following Monday and cleared the entryway without being asked.",92.11773,4.5230675,778,9.4375,1,0.117053114,721.92487,5.0754414,0.0,67632,757,0.011192926,6.629363,3.8725214,6167.498,0.5642361044883728,1.0
"Context:
She trained for months and finally achieved the qualifying time on a cold Saturday morning. The stopwatch read what she had been chasing, and the coach nodded without hesitation. Later, she obtained the official certificate from the organizers. The goal that felt distant all spring was now in her hands.",77.34741,4.348307,779,8.325,1,0.15919882,923.63916,7.0676622,0.0,44601,756,0.016950293,6.6280413,3.5012422,5801.7964,0.6869064569473267,1.0
"Context:
Lev Levison drafted a note to HR about benefits covering a new prescription, then turned to finalize documentation for a software rollout. A teammate mentioned finishing 'The Hobbit' again and offered to lend the copy, which made Lev smile. Before lunch, the cafeteria posted a warning about Listeria and removed several ready-to-eat items. The heat outside was relentless, so everyone ate indoors and avoided the sunlit patio. Later, Lev checked the voter rolls site when a coworker said their name had disappeared after a move.",141.46512,4.952053,780,9.75625,0,0.097990625,753.7745,4.6767445,0.0,81752,761,0.009308641,6.6346335,3.8770456,7692.312,0.08648081123828888,0.0
"Context:
Step 1 said to preheat the oven, so I turned the dial before touching anything else. Step 2 told me to whisk the eggs until they foamed, and my arm started to ache. Step 3 was to fold in flour gently, which felt like a warning not to rush. By step 4, the batter looked smooth enough to trust.",40.03119,3.6896589,781,8.362499,1,0.08668625,469.78198,3.627358,0.0,54255,755,0.013915768,6.6267176,3.608801,5419.3364,0.6956661939620972,1.0
"Context:
At the retreat, the instructor opened a worn copy of the Bhagavad Gita and read a passage about duty without attachment. She spoke slowly, then let the words hang in the air. Later, a guest compared it to a Buddhist teaching they had heard years ago. The discussion stayed calm, but it felt intense.",43.203587,3.7659235,782,8.912499,1,0.15182988,489.72598,6.122582,0.0,51290,758,0.014778709,6.6306834,3.6489034,3225.4915,0.6690129637718201,1.0
"Context:
Lev checked the label on his antibiotics and took them with water before leaving for a product demo. The demo focused on software features that would help the sales team track leads more cleanly. On the ride home he listened to a podcast episode dissecting 'The Last of Us' and the adaptation choices. At the grocery store, he noticed a Listeria recall sign near the deli counter and walked away from the sliced meats. The heat wave lingered into the evening, and he filled out a change-of-address form to keep his voter registration current.",65.22082,4.1777787,783,9.75,0,0.14545302,675.55426,5.980113,0.0,86232,770,0.0089294,6.6463904,4.201535,4644.4844,0.04607365280389786,0.0
"Context:
The first section of the application had to be concise, so I tightened the opening paragraph and cut the fluff. Then I attached a list of products and features we were requesting funding for. The committee also wanted a list of sessions and speakers for the public showcase, so I included the lineup they sent. When the portal rejected my submission, support reopened the form and verified the timestamp. I drew from a line of credit to cover travel costs until the grant reimbursement.",87.20987,4.4683175,784,9.65625,0,0.12839498,618.4136,5.253055,0.0,71353,760,0.010651269,6.6333184,3.9893265,4816.4937,0.5899814963340759,1.0
"Context:
The company brought in a specialist mediator and a special counsel to handle a dispute. Each person stayed inside their area of expertise, one on negotiation process and the other on legal risk. Meetings were short and structured. By Friday, both sides had a draft settlement.",58.6566,4.0717,785,7.949999,0,0.17329535,668.84216,6.4953856,0.0,42366,753,0.017773686,6.6240654,3.7311394,3859.5505,0.6895603537559509,1.0
"Context:
The event flyer listed the venue location and then added options connected by conjunctions: arrive early and grab a seat, or come later and stand by the bar. Near the bottom, it named sponsors with fragments like St. Arts and Media Co. The layout was busy, but the details were clear enough. I showed up early and got a good spot.",92.290565,4.524942,786,9.906249,0,0.089101106,443.24063,3.7636676,0.0,54995,755,0.013728521,6.6267176,3.599018,4974.5806,0.6595521569252014,1.0
"Context:
Fei sits with you and asks what you want to do about the plan, then waits while you think. You tell Fei you are unsure, and Fei says you can take the safer option if you do not feel ready. The tone stays practical, focusing on what you can do next rather than what you should have done earlier. You nod and say you will message later once you decide. Fei answers that you should not overthink it and reminds you that you have time.",33.91276,3.5237913,787,7.224998,1,0.14463687,455.23297,5.051354,0.0,72834,750,0.010297389,6.6200733,4.2971725,3147.42,0.7104995250701904,1.0
"Context:
They organized a special retirement dinner, and it felt exceptional with formal speeches and a carefully planned service. A colleague talked about her area of expertise in logistics and how she approaches difficult planning constraints. The retiree received a holiday special edition watch strap, hand-crafted and engraved with initials. The slideshow system had enhanced features this year, so videos played smoothly without awkward pauses. After the final toast, someone mentioned a special counsel update on the news, and another guest discussed special education specialists and special economic incentives at their workplace.",130.63747,4.872426,788,9.324999,0,0.09214275,509.594,4.169564,0.0,79524,759,0.009544289,6.632002,3.8576849,5530.4834,0.1806037276983261,0.0
"Context:
A restaurant offered a special chef’s table night that turned dinner into an exceptional, formal event. Across from me, a guest introduced his area of expertise in trade law and answered questions carefully. The server presented a holiday special edition dessert that was hand-crafted and available only that week. Their reservation system had enhanced features too, sending clear updates instead of confusing texts. Afterward, the bar TV mentioned a special counsel filing, and someone at the counter discussed special education specialists and a proposal for a special economic zone nearby.",156.63481,5.053917,789,9.575,0,0.11848957,417.01303,4.4146643,0.0,81025,765,0.00944153,6.639876,4.239712,3519.407,0.17072992026805878,0.0
"Context:
Lev Levison showed up early and introduced himself with a firm handshake. He spoke calmly about the project timeline and answered questions without rushing. When someone challenged his assumptions, he paused and clarified his reasoning point by point. After the meeting, he stayed behind to help a teammate untangle a scheduling conflict. By the time he left, people were using his name like he had always been part of the group.",39.581806,3.6783695,790,7.2468743,1,0.09731511,398.12033,4.0556064,0.0,62427,754,0.012078107,6.6253924,3.754392,4091.0432,0.6281257271766663,1.0
"Context:
I mixed the batter, poured it into the pan, and baked it until the top set and the edges pulled away slightly. After it cooled, I covered it and left it in a refrigerator so the texture could firm up. The next day, the slice held together cleanly without crumbling. I served it cold with a quick drizzle on top, and it tasted brighter than it did warm.",30.066744,3.4034197,791,7.7000003,1,0.14461778,639.64667,6.09312,0.0,60963,757,0.012417368,6.629363,3.8242354,4423.015,0.5987747311592102,1.0
"Context:
We put on ""Elden Ring"" streams while I waited for my migraine medication to kick in. The room was dim, and I kept the triptan pack in my hoodie pocket in case the pain returned. My friend narrated the boss fight as I sipped tea and tried not to move too quickly. When the match ended, the pressure behind my eyes eased a little.",54.79982,4.003687,792,8.75,0,0.09953057,317.1692,3.8534806,0.0,60201,755,0.01254132,6.6267176,3.8359745,3186.651,0.5640458464622498,1.0
"Context:
The spec sheet listed graphics memory, storage speed, and the software license terms in tight columns. Next to it sat a brochure with a headshot that drew attention to bright eyes and a carefully shaped smile. The brochure also hinted at a broader social problem the campaign wanted to address, and it was clearly meant for mass printing. Both pages tried to persuade, one with numbers and one with a face.",89.59438,4.4952927,793,8.424999,0,0.1560682,566.68396,6.0059547,0.0,63184,765,0.012107495,6.639876,3.9874134,3631.002,0.3492405414581299,0.0
"Context:
The museum guide started with a list of galleries connected by commas and prepositions: through the atrium, into the modern wing, and up to the rooftop. It ended by recommending a specific location, a small terrace facing the canal, as the best place to rest. I followed the route and found the terrace without asking anyone. The map was accurate for once.",46.896496,3.847943,794,8.2125,0,0.1385743,427.3158,4.898883,0.0,59469,759,0.012762952,6.632002,4.0332,3083.6582,0.6038864850997925,1.0
"Context:
On the train to Aarhus, I skimmed a tech article that compared CPU temps at 65°C vs 82°C and used parentheses to cite the source. The next page described a hand sanitizer with ethanol and glycerol, calling out concentration and storage conditions. At the next station, the announcement board showed Platform 4; Track 2; Exit A in quick, clipped lines. A seatmate suggested music, podcasts, or the series Deep Harb, and he said it was hosted by TN from the Org Studio team.",124.85109,4.8271217,795,9.8375,0,0.18359281,796.24066,6.912103,0.0,84728,763,0.009005288,6.637258,4.3442345,4336.9927,0.22742071747779846,0.0
"Context:
The graphics card ran hotter than expected, so I cleaned the fans and replaced the thermal paste. Once the machine was stable, I installed a new editor and rebuilt my personal site with a simpler layout. I ended up writing about my running habit in the blog section, partly to test the comments feature. The post turned into a mix of product impressions and a summary of the local race.",65.93385,4.188652,796,8.90625,1,0.12063011,461.81958,5.003312,0.0,59464,758,0.012747209,6.6306834,3.7048373,3828.394,0.6744324564933777,1.0
"Context:
The bakery announced a special tasting night with a formal seating plan and a short toast. On the counter, a chalkboard listed quantifiable attributes of each loaf, including weight and hydration percentage. Guests compared the numbers while sampling slices. The host described the evening as an exceptional celebration with limited tickets.",109.30289,4.694123,797,8.724999,1,0.1018091,530.8271,4.6900783,0.0,46821,752,0.01606117,6.6227365,3.3089576,5213.9453,0.7391276359558105,1.0
"Context:
The courier handed me a box and asked me to confirm the weight before signing. I read the label: 3.8 kilograms, with dimensions of 42 by 28 by 16 centimeters. The inner foam insert was cut to a depth of 6 centimeters, so the item sat flush and didn’t rattle. On the form, I wrote the exact numbers and circled the measurement units to avoid any mix-ups.",63.293633,4.1477847,798,8.59375,1,0.13300589,555.1646,5.153963,0.0,63914,757,0.011844041,6.629363,3.9408545,4173.9854,0.5917240977287292,1.0
"Context:
The app kept recommending articles, so I checked where the links were coming from. Many were reposts with different headlines, and the same text showed up on multiple domains. I searched for the earliest publish date and found the original outlet. Knowing the source made it easier to ignore the clones.",50.169792,3.9154131,799,8.321874,1,0.11697185,468.97983,4.889522,0.0,46084,755,0.016383126,6.6267176,3.4196947,4009.339,0.7033423185348511,1.0
"Context:
When the stew tasted strangely sweet, I checked the label on the tomatoes. They were packed in one country but grown in another, and the supplier name was buried in fine print. I called the shop to ask where their produce came from. The cashier read the source off the invoice as if it were a secret.",61.529217,4.119512,800,9.674999,1,0.13424821,623.72186,5.977696,0.0,49805,756,0.015179199,6.6280413,3.5253668,4646.0347,0.699261486530304,1.0
"Context:
At the awards dinner, the organizer planned a special event with a formal program and timed speeches. She hired a speaker whose area of expertise was public health to deliver the keynote. The guest list was strict and the seating chart was color-coded. When the lights dimmed, the keynote began right on cue.",53.005466,3.970395,801,8.6625,0,0.18979193,494.10376,6.734756,0.0,48328,762,0.015767258,6.6359468,3.8334608,2603.397,0.5540927648544312,1.0
"Context:
The hearing room was tense, and the attorneys spoke carefully about the special counsel’s authority. On the drive home, I listened to an interview with a specialist who explained how special education evaluations are conducted. The radio host then pivoted to special economic measures proposed for a struggling region. It was strange how one adjective could connect such separate worlds in a single day.",96.253975,4.5669904,802,9.237501,1,0.18083072,498.97748,6.425088,0.0,57239,761,0.013295131,6.6346335,4.0332136,2759.3623,0.5588586926460266,1.0
"Context:
He booked the cabin because the photos promised quiet and it delivered. The lake was clear, the trails were easy to follow, and the air felt clean after the city. Each day ended with simple food and a slow sunset that never seemed to hurry. By the time he left, the trip felt like a reset.",71.58233,4.2708483,803,9.0625,1,0.0862697,443.24063,3.8784065,0.0,49049,753,0.015351995,6.6240654,3.363529,5137.848,0.6958988308906555,1.0
"Context:
Mads compared two router options and wrote down the throughput, warranty terms, and a couple of business notes about vendor pricing. He added a line about latency because the technical team cared more about that than the sticker price. If anyone wanted the full spec sheet, the memo pointed to the support portal and the “Downloads” section as the place to look. He forwarded the link along with his recommendation.",101.1274,4.616381,804,9.4375,1,0.17230013,684.76697,7.2300344,0.0,63922,759,0.011873846,6.632002,3.828703,3974.2683,0.6106706261634827,1.0
"Context:
They met again in the cup, and the rivalry brought out a sharper edge in every challenge. The other side defended deep and waited for a counter, so patience became the main weapon. One set piece swung momentum and the stadium roared. When it ended, both squads looked exhausted but satisfied.",100.75631,4.6127048,805,8.3125,1,0.18968901,621.0677,7.607825,0.0,45342,757,0.016695337,6.629363,3.5486133,3274.1365,0.7632847428321838,1.0
"Context:
A friend brought me a small box wrapped in brown paper and twine. Inside was a hand-crafted ornament made for a winter release, with tiny details you could only notice up close. The tag called it a special edition and listed the batch number. Hanging it on the tree felt like placing something rare into a familiar tradition.",72.33987,4.2813754,806,8.3875,1,0.15932941,315.84213,4.969084,0.0,52035,757,0.0145479,6.629363,4.11376,1982.3215,0.5927197933197021,1.0
"Context:
The streamer glanced at the analytics panel and sighed. View count was fine, but chat activity dropped and the follower total barely moved. When the platform updated the popularity chart, his channel slid down a few spots in the rankings. He changed the thumbnail and title, hoping the traffic would pick up before the next hour.",84.05392,4.4314585,807,9.112499,1,0.14781319,727.2331,5.9571795,0.0,49806,759,0.015239128,6.632002,3.680655,4919.9473,0.6556722521781921,1.0
"Context:
A magazine ran a special issue focused on water quality, treating it as a major concern that deserved its own spotlight. Across town, a venue advertised a public talk with signs that promised a helpful service for residents. Readers carried the issue into the hall and asked pointed questions. The topic lived both on the page and in the event.",79.813416,4.3796916,808,9.575,1,0.13691814,502.05692,5.41982,0.0,51288,760,0.014818281,6.6333184,3.7192757,3666.8398,0.6605881452560425,1.0
"Context:
A friend sent me a spec sheet for a new mini PC, and I compared it to the software requirements for my workflow. At the cafe, I flipped through a periodical that framed a messy dispute as the city’s biggest issue, complete with sharp quotes and rebuttals. A nearby table argued about a politician’s facial expressions while discussing broader social problems, and someone left printed pamphlets on the seat. Back home, I filed the magazine beside old issues and collected works on the same themes.",104.01232,4.6445093,809,9.375,0,0.112943746,392.81204,4.157094,0.0,78784,759,0.009633936,6.632002,4.216243,3477.944,0.2413599193096161,0.0
"Context:
A family member in the hospital asked them to avoid bringing certain foods because of Listeria concerns. They skipped the pre-cut fruit and chose shelf-stable snacks instead. The nurse explained that the bacteria can be dangerous for patients with weakened immune systems. At home, they checked expiration dates and separated raw items from ready-to-eat foods. The warning turned into a permanent change in how they packed visits.",56.083256,4.0268373,810,9.03125,1,0.1603168,748.4662,6.156148,0.0,63929,762,0.011919473,6.6359468,4.0605683,4668.67,0.5502321124076843,1.0
"Context:
The coach assigned grades and rank based on match points and season totals. He also tracked quantifiable attributes of each player, like average sprint speed and strength numbers. A defender with lower points still impressed with elite speed. The selection note explained how both scoring and measured traits influenced the decision.",127.960945,4.851725,811,9.7625,0,0.12723115,358.3083,4.668331,0.0,44598,757,0.016973855,6.629363,3.6690764,2816.1995,0.5551163554191589,1.0
"Context:
We met at the station, then walked toward the clinic, and afterward we stopped near the river for a break. The doctor adjusted my treatment plan, so I took the new prescription straight to the pharmacy. Later, Lev called to say he had updated his voter rolls and was relieved. By night, the air cooled and the day finally felt finished.",80.61423,4.389675,812,8.4625,1,0.12105847,504.28574,5.0334706,0.0,54259,758,0.013970032,6.6306834,3.6532676,4165.6377,0.6435378789901733,1.0
"Context:
She talked about globally related concepts, the kind that show up in games and in the way families cook. Later she opened a slideshow titled Global events or locations and made us pick which ones shaped migration patterns. The overlap made the room buzz with arguments. By the end, everyone wanted to check maps again.",193.31929,5.2643433,813,9.65,0,0.13754894,432.62408,5.109113,0.0,47571,759,0.015955098,6.632002,3.7535806,3145.2375,0.5943381786346436,1.0
"Context:
The antique watch came with a certificate, but I still questioned its provenance. The seller described the origin as a military gift, while the source of the engraving was supposedly a local jeweler. Later, a historian identified where it came from by comparing serial numbers. The watch kept ticking through the whole conversation.",55.47157,4.0158706,814,8.031249,0,0.106081985,371.57898,4.3561144,0.0,49799,756,0.015181027,6.6280413,3.5384235,3502.753,0.6524338722229004,1.0
"Context:
I ran into Fei in the hallway outside the meeting room, and she greeted me like we had spoken yesterday. She asked how my project was going and listened closely, nodding at the parts that worried me. When I hesitated, she filled the gap with a light joke that made the stress drop a notch. I told her I hadn’t slept much, and Fei offered to grab coffee after work. By the time we parted, my shoulders felt lower.",53.292828,3.9758017,815,7.825,1,0.082236074,416.69928,3.7304337,0.0,70601,753,0.010665571,6.6240654,3.7266681,5067.1104,0.6007150411605835,1.0
"Context:
I left the meeting early because my stomach was turning and I could not focus. I told my manager I would send the notes once I got home, so nobody would be stuck waiting. I made tea, took a short break, and then wrote the summary while it was still fresh in my head. I also explained why I had skipped the last agenda item, since I did not want it to look careless. By the time I hit send, I felt calmer and a little embarrassed.",25.599451,3.2425709,816,7.25,1,0.096632935,467.12784,4.6365047,0.0,75057,752,0.010019052,6.6227365,3.686609,4834.044,0.7474693655967712,1.0
"Context:
The festival weekend gave the town a different personality than the rest of the year. Streets closed, stages appeared, and the ordinary routines vanished behind crowds and music. Even the sky seemed to cooperate, bright and clear through the afternoon. She remembered it as a time when everything felt slightly amplified.",80.38656,4.386847,817,9.0625,1,0.12550086,700.6918,5.9585,0.0,45338,755,0.016652698,6.6267176,3.2703454,5583.163,0.6897373199462891,1.0
"Context:
The museum opening had a formal quality, and the room felt carefully composed. Still, the atmosphere was slightly eerie, as if the quiet was watching you back. I moved slowly between exhibits because the vibe demanded it. Outside, normal street noise felt almost rude.",116.76209,4.7601385,818,8.4625,0,0.13488504,812.16547,6.1618843,0.0,40881,754,0.018443776,6.6253924,3.273232,6021.1675,0.6061922907829285,1.0
"Context:
You keep the quick-relief asthma medication in the side pocket of your backpack for emergencies. When you open the inhaler case, you check that the dose counter moves and the mouthpiece is clean. If you feel tightness in your chest, you breathe out fully, seal your lips around it, and inhale while you press the canister. Afterward, you hold your breath for a few seconds so the medicine can work. You put it away and note which option you used on your symptom log.",32.37052,3.4772482,819,7.6875,1,0.15817454,474.56293,6.139622,0.0,78788,756,0.00959537,6.6280413,4.1404514,3000.2483,0.5451319813728333,1.0
"Context:
The subway platform vibrated as the train approached, and the air shifted before the doors opened. Metal screeched, announcements crackled, and a warm draft rushed out. The smell of rubber and brake dust mixed with perfume and coffee. She stepped in and gripped the pole, feeling the faint tremor in it.",65.69979,4.185096,820,8.40625,1,0.086545646,404.77426,3.8898542,0.0,49053,755,0.015391516,6.6267176,3.3286083,4677.003,0.6836997270584106,1.0
"Context:
The city center was wild with motion, and the energy made it hard to stand still. In the afternoon I watched a rivalry game, a full-on sports competition against an opponent where the pace never dropped. The intensity in the stands matched the intensity on the field. When it ended, the streets still felt like they were vibrating.",47.739803,3.8657656,821,7.65625,1,0.14132087,382.1955,5.180699,0.0,52778,760,0.014399939,6.6333184,3.8160763,2704.452,0.6111075282096863,1.0
"Context:
The lab protocol listed step 1 as labeling tubes, and I double-checked every cap. Step 2 required adding reagent slowly, so I counted each drop under my breath. Step 3 was a five-minute incubation that made the room feel silent. Step 4 ended with a quick spin in the centrifuge.",67.994225,4.219423,822,9.3125,1,0.13785802,849.32336,6.104904,0.0,49050,754,0.01537207,6.6253924,3.5559337,6160.8555,0.6875962615013123,1.0
"Context:
At the museum entrance in Rome, a guide handed us tickets numbered 0142 and 0143 and pointed to Hall C, then Hall D. I opened a review that talked about a camera firmware update, v4.1, using acronyms and semicolons to keep the pacing sharp. In my bag, a small tube of hydrocortisone cream had a label full of medical terms and dosage advice. The audio tour offered English, Italian, or French, and the credits listed only fragments like Dr F and the Intl Hist Inst.",105.69435,4.6605515,823,9.04375,0,0.13223784,1029.8046,6.7053933,0.0,84722,756,0.008923302,6.6280413,3.8565924,7787.518,0.11426221579313278,0.0
"Context:
The agent handed me a simple menu of add-ons, from extended warranty to priority service, and asked me to choose. Before I signed anything, I asked about the property transfer paperwork because the purchase triggers specific taxes. He explained what portion of the transaction must be reported and paid and who files it. I kept the feature list in front of me while double-checking the closing costs. Only after the tax details were clear did I pick the extras.",66.39688,4.19565,824,9.025,1,0.14204267,618.4136,6.1033845,0.0,69864,759,0.010863964,6.632002,3.9049103,4353.717,0.5966505408287048,1.0
"Context:
He bought over-the-counter cold medicine and promised himself he would rest, but a client issue pulled him back to the laptop. The ticket involved a software integration between a support platform and the sales database, so he spent hours tracing errors. When he finally stopped, he watched 'Spirited Away' to reset his brain. A neighbor knocked with news about Listeria found in a local deli, and they compared what was in their fridges. The night stayed uncomfortably hot, and sleep came late.",82.19954,4.4091496,825,8.912499,0,0.12347434,384.84964,4.2952476,0.0,81018,760,0.009380631,6.6333184,4.3391886,3116.839,0.2426813840866089,0.0
"Context:
The journalist arrived with a photo and asked who first published it. The editor demanded the original source before running a correction. A researcher on the call traced the image back to a small municipal archive and confirmed its provenance with a dated stamp. Once the origin was clear, the story shifted from accusation to explanation.",63.111454,4.144902,826,8.1875,0,0.12811686,483.8476,5.0149336,0.0,48318,757,0.01566704,6.629363,3.6441257,3776.6113,0.6354272365570068,1.0
"Context:
On the train to a seaside town, I opened my laptop and updated a small website using a content editor, a deployment dashboard, and a few plugins. The guidebook promised the place was easy to get around and perfect for a lazy weekend, so I added a page about local walks. After the upload finished, I refreshed the site and checked that the new photos loaded correctly. By the time we arrived, the homepage was live and the destination already felt like a good choice.",47.59805,3.8627918,827,8.25625,1,0.124992035,440.5865,4.940394,0.0,74326,762,0.010252132,6.6359468,4.0173664,3524.9165,0.25610265135765076,0.0
"Context:
You can follow the on-screen steps to connect everything, and you should keep the cable plugged in until the process finishes. If you don’t see the device listed, you can refresh and try again without panicking. You’ll get a prompt offering an upgrade with a discount, and you can accept it or skip it depending on what you need. If you take it, you’ll see new options appear right away. When you’re done, you can return to the dashboard and start using it.",27.723883,3.3222942,828,6.8125,0,0.15114321,469.78198,6.0133085,0.0,82490,755,0.009152625,6.6267176,4.1721687,3108.1912,0.41581469774246216,0.0
"Context:
The museum guide said to look at the last page for more background on the exhibit, and it even mentioned the audio guide station as the best place to ask questions. He circled that note so he would remember where to go later. Outside, the sign pointed toward Skagen, and the bus schedule showed platform 3 at 08:10. He snapped a photo so he wouldn’t forget.",96.72622,4.5718846,829,9.5375,1,0.11570093,567.985,5.019213,0.0,60941,753,0.012356213,6.6240654,3.6952717,4909.0786,0.6558776497840881,1.0
"Context:
The operations review tracked shipment counts, delay rates, and performance levels across lanes. It also summarized cost metrics, including per-route price and overtime amount for the staff. When delays rose, overtime followed and costs climbed. The team used the combined dashboard to set a new performance target.",153.59854,5.0343423,830,9.7,0,0.085742824,376.88724,4.003713,0.0,44594,754,0.016908104,6.6253924,3.1537175,4395.554,0.6336066722869873,1.0
"Context:
I opened the settings menu and found a page that enumerated everything the device could do. Some features were toggles, others were greyed out until an update arrived. Reading the list made it clear the cheaper version was missing one crucial option. I stopped debating and chose the model that had it.",57.566227,4.052936,831,8.03125,1,0.12848975,371.57898,4.9548473,0.0,46825,755,0.016123865,6.6267176,3.591105,2891.896,0.6240667700767517,1.0
"Context:
I needed the opening section to justify the proposal, so I wrote a tight introduction and kept it on one page. Then I described how we’d use a line of credit to smooth cash flow during the slow months. The intro framed it as a temporary tool, not a long-term crutch. In review, the finance team asked for clearer repayment triggers. I revised the beginning so the credit plan felt controlled.",102.332,4.6282225,832,9.75,0,0.14960894,496.32333,5.771241,0.0,65407,760,0.011619551,6.6333184,4.006357,3317.4712,0.6000625491142273,1.0
"Context:
In the race results, he took first place and I landed in third, which stung more than I expected. The second-place finisher kept shrugging as if it was no big deal. After the medals, we lined up in order for the photo, and the third spot felt suddenly important. When the announcer read the rankings again, the crowd clapped louder for first than for anyone else.",45.920906,3.8269205,833,7.95,1,0.11392085,822.782,5.6524563,0.0,63176,756,0.011966569,6.6280413,3.5524635,7222.4,0.5579541921615601,1.0
"Context:
During the meeting, a chart appeared on the screen with no citation. Someone asked for the data source, and the presenter admitted it was forwarded without context. We tracked the numbers back through shared drives until we found the original report and its publication date. With the origin identified, the team rewrote the conclusion to match what the source actually said.",57.470375,4.0512695,834,8.046875,0,0.15900166,534.6977,5.992971,0.0,53521,762,0.014237402,6.6359468,3.8041236,3362.8433,0.48488524556159973,1.0
"Context:
She clicked the final checkbox and the document status changed to finalized. The draft stopped accepting edits, and the version number locked. She saved a copy and closed the laptop so she would not second-guess any wording. The decision was now definite, not something to revisit tomorrow.",86.929405,4.4650965,835,9.074999,1,0.1489197,572.267,6.011287,0.0,44593,754,0.016908484,6.6253924,3.5068955,3842.7893,0.6915159821510315,1.0
"Context:
The school meeting included a counselor, a teacher, and a specialist who knew how accommodations are structured. Afterward, the parents read an article about a special counsel and how the role operates under scrutiny. Later, a business newsletter discussed special economic policies aimed at reducing unemployment. The overlaps were accidental, but the repetition made the week feel oddly themed.",83.681725,4.4270205,836,9.012499,1,0.14538158,493.6692,5.8270426,0.0,54265,760,0.014005344,6.6333184,3.753379,3395.679,0.6672990322113037,1.0
"Context:
After the tournament, the site posted the standings and everyone refreshed the page obsessively. I had twelve points, which put me in fifth place, and my rating nudged up by a few points. A friend teased me about the grade I’d earned in the opening quiz at the venue, as if it mattered more than the rank. By the time traffic spiked on the results page, the comments were already sorting players into tiers.",64.69361,4.1696625,837,9.75,1,0.12119218,360.96243,4.3783545,0.0,67644,765,0.011309207,6.639876,4.1091638,2978.43,0.3035260736942291,0.0
"Context:
If you want to avoid mistakes, you can follow the instructions on screen and you’ll be prompted at each step. You should wait for the save message before you exit the menu. If you accept the promotional deal, you’ll see the discount applied instantly and the extra options unlocked. You can try them out and decide later whether to keep them. Once you’re finished, you can return to the main screen and continue working.",36.439518,3.5956538,838,7.6312494,0,0.16006424,563.8924,6.1096334,0.0,69859,754,0.010793169,6.6253924,4.077244,3522.913,0.6639972925186157,1.0
"Context:
The budget spreadsheet balanced only after the fixed costs were separated from variable expenses. A small change in interest rate assumptions shifted the forecast by thousands, so the sensitivity table was rebuilt. The system design doc specified memory limits, CPU allocation, and a clear rollback strategy. Once the numbers aligned with the constraints, the proposal finally looked defensible.",168.6165,5.127627,839,9.75,1,0.14607078,580.7482,5.959029,0.0,52777,760,0.014400212,6.6333184,3.712164,3975.8003,0.6690129637718201,1.0
"Context:
The manual is split across multiple sections, and Section 1 is just safety notes while Section 2 shows the first setup. I wrote my own numbered checklist beside it, marking the 1st cable, 2nd cable, and 3rd cable as I connected them. A later page gives a strict procedure, and Step 2 warns to restart the device after changing settings. Once I finished Section 4, the system booted without errors.",56.562195,4.035341,840,8.5625,0,0.12428359,392.81204,4.672773,0.0,63924,763,0.011936049,6.637258,3.9683166,3160.6106,0.39578795433044434,0.0
"Context:
At the wine shop, the clerk asked if I cared about provenance or just the price. He pointed to a label that named the vineyard and the hillside where the grapes grew. Another bottle only named a bottler in the city. The clearer origin made the choice easy.",65.814026,4.186833,841,9.75625,1,0.14411168,764.391,6.339438,0.0,44604,760,0.017038831,6.6333184,3.5465107,5304.157,0.6525382995605469,1.0
"Context:
Before the hike, I checked my pack weight and measured the water bottle capacity so I wouldn’t run short. Afterward, my watch summary displayed statistics like pace, elevation gain, and performance trends across the month. In our club, someone posted a rank table with points from the weekend route challenge. I bought a new jacket and looked closely at the fabric material, size, and performance rating for wind resistance. When I reviewed my expenses, the total amount included the jacket price and a small insurance premium I’d forgotten about.",94.25863,4.5460424,842,9.049999,0,0.103805736,1003.2632,5.269847,0.0,83238,759,0.009118431,6.632002,3.869359,9664.814,0.0971534326672554,0.0
"Context:
At the café on King Street, the table tent advertised Wi-Fi: SSID GuestNet, PW 7391, and a note about 5GHz vs 2.4GHz. I flipped over a box for a topical gel that mentioned lidocaine and a warning about broken skin. A tourist brochure pointed to the palace, the bridge, and the old theater, each marked with neat dots and commas. On my phone, a clipped review from SD praised the series Night Shad, published by Intl Stream Co.",162.71179,5.0919805,843,10.093748,0,0.13306756,626.376,5.1413784,0.0,80273,760,0.009467691,6.6333184,4.20201,4707.2026,0.14605830609798431,0.0
"Context:
The museum shop had a fragile sculpture that required careful packing. I measured its height and width and confirmed the weight before choosing a box. The shipping clerk pulled up statistics on delivery times, cost bands, and error rates to pick the best service level. On the wall, a poster listed donor tiers by rank and the points needed to reach each status level. The item’s tag described the material, color, and composition in surprising detail for a souvenir. At checkout, the receipt broke down price, taxes, and the total amount charged to my card.",99.339386,4.598542,844,8.9375,0,0.11582254,633.6811,4.9251866,0.0,86214,762,0.008838472,6.6359468,4.101844,5471.1377,0.08436749875545502,0.0
"Context:
I stayed inside during the storm and listened to the wind against the windows. After it passed, I stepped onto the balcony and looked across the street at the soaked pavement. Then I walked down the stairs and into the courtyard to check on the bikes. While I was there, a neighbor called from the doorway and waved me over. Before I went back upstairs, I took a long breath and felt the air change.",22.212727,3.1006653,845,6.03125,1,0.0908482,448.5489,4.3467417,0.0,63907,750,0.011735803,6.6200733,3.538899,4937.3447,0.7182129621505737,1.0
"Context:
The page showed a list of available options, and I compared them like I was shopping with a stopwatch. Right below it, there was a separate list of upcoming demos with times, which helped me decide when to show up. I circled two options and bookmarked the demo schedule. The structure made it easy to plan without scrolling forever. I left knowing what I wanted and when to see it.",54.713577,4.002112,846,8.487499,0,0.103847325,342.38348,4.41789,0.0,61684,754,0.012223591,6.6253924,3.6604385,3296.989,0.6220789551734924,1.0
"Context:
The fabric felt gritty, and the air carried a sharp chemical scent from fresh paint. I was also building a small website for the project, using tools that manage pages and files in one place. Toggling between the tactile work and the screen made the whole environment feel even more intense. By the end, both the smells and the software menus were stuck in my head.",78.43968,4.36233,847,8.99375,1,0.14878644,499.68683,5.6375885,0.0,57982,762,0.013142009,6.6359468,3.9028912,3358.4165,0.48488524556159973,1.0
"Context:
The report showed that pay raises had clustered at the top while entry wages barely moved. In the meeting, a manager called it 'market reality' and someone else called it unfair. People shared stories about who gets opportunities and who gets overlooked. By the time we left, the numbers felt personal rather than abstract.",84.74031,4.4395914,848,8.6375,1,0.1418247,491.6516,5.705469,0.0,48311,757,0.015669309,6.629363,3.560424,3466.6147,0.6774069666862488,1.0
"Context:
The grocery chain emailed customers about Listeria concerns in smoked fish and advised discarding unopened packs. The email also contained a link to a customer service form for refunds. I filled it out, wiped down the drawer, and avoided the fish section for a while. A few days later, the refund arrived without any follow-up.",63.8317,4.15625,849,9.75,1,0.11114534,464.4737,4.7592745,0.0,52770,757,0.0143452715,6.629363,3.5770042,4178.976,0.6648484468460083,1.0
"Context:
The security team warned that the World Wide Web was now the main doorway for attacks on finance and healthcare systems. They kept saying stability depended on boring habits like patching and access controls. In the business unit, we ran a drill and realized half the staff reused passwords. The room got serious when they showed how quickly accounts could be taken.",120.69202,4.793242,850,9.4375,1,0.10632145,509.11407,4.5826178,0.0,52772,758,0.014363678,6.6306834,3.5543842,4788.442,0.6590372323989868,1.0
"Context:
The community center held a fundraiser dinner, and the place cards showed everyone’s names in elegant script. Fei sat across from me and kept the conversation light, asking about my week between bites. Midway through the meal, a guest excused themselves to use a quick-relief inhaler in the hallway, returning with a calmer face. The silent auction sheets listed business sponsors and legal names next to the bid lines, and a loyalty program sign promised points for donations. Even the table numbers were printed on thick paper with a raised floral pattern around the event’s brand name.",122.99096,4.812111,851,9.524998,0,0.14776659,1024.4963,6.8528895,0.0,91429,772,0.00844371,6.6489844,4.0597544,6933.207,0.04333706572651863,0.0
"Context:
I tried a new streaming plan through Spotify because the family bundle looked cheaper on paper. The app kept recommending upgrades and add-ons, as if the service itself had moods. When I complained about an error, the help center directed me through branded steps. Even the troubleshooting sounded like marketing.",129.32542,4.862332,852,8.6625,1,0.11311284,613.1053,4.927834,0.0,46823,754,0.016103197,6.6253924,3.4443476,5420.298,0.69980388879776,1.0
"Context:
The parcel depot asked me to confirm the package dimensions before they accepted it. Once it was scanned, an email arrived with delivery statistics, including cost options and service levels by rate. I noticed the carrier’s app also displayed a score and rank for my neighborhood based on delivery success. Back at my desk, I reviewed the item’s specifications: material type, size, and strength rating for the casing. The invoice listed the amount due and showed the exact price used for the shipment.",85.16066,4.4445395,853,8.875,0,0.12875167,1003.2632,6.0194345,0.0,76557,761,0.009940306,6.6346335,3.9185715,7792.2344,0.13774454593658447,0.0
"Context:
The invoice looked simple until I saw how many corporate names were stacked in the fine print. I called customer support, and the agent repeated the company name twice before asking for my details. When the charge was reversed, a confirmation message arrived with the bank’s name, the merchant’s name, and my account name all in a tidy row. Later, a loyalty offer popped up promising points if I kept spending with the same brand. It felt like my life was being indexed by names and numbers.",57.190716,4.0463915,854,8.25,1,0.11373113,450.27176,4.974701,0.0,78788,764,0.009696908,6.638568,3.9241018,3959.0898,0.334553062915802,0.0
"Context:
The invitation card had a raised floral pattern that caught the light when I tilted it, as if the paper itself were blooming. In the corner, a brand name sat in crisp letters, modest but unmistakable. I ran my fingertip over the texture and felt the petals press back against my skin. Under the lamp, the pattern looked deeper, almost embossed like a stamp. I kept the card on my desk because it made ordinary paper feel ceremonial.",57.041435,4.043778,855,8.487499,1,0.10076064,480.39853,4.4968348,0.0,72092,756,0.010486601,6.6280413,3.7636967,4767.72,0.6614518761634827,1.0
"Context:
You can earn double points today if you sign up for the loyalty program, and you will see your balance update instantly. The email tells you your name will appear on the digital card and reassures you that the finance partner is trusted. If you refer a friend, you both get a bonus, and you can redeem it on your next purchase. A footer lists business names connected to billing and a short legal line about eligibility. You click through because the offer is hard to ignore.",55.37595,4.0141454,856,8.875,1,0.14784689,483.05264,5.7368646,0.0,74331,761,0.01023799,6.6346335,4.1097603,3267.2493,0.2893957197666168,0.0
"Context:
We asked people to share the link and included a donation option for those who wanted to help. Coastal Systems, with Blue Harbor Tech, provided the media hosting, and the Dublin office was noted, in the partner section. I joined the planning call because I wanted to understand the timeline before speaking publicly. The final report included 120,000 DKK in costs, 900,000 impressions, and a match attendance of 18,742. After the meeting ended, I walked down the hall and into the stairwell to breathe.",69.840256,4.2462106,857,8.55625,0,0.13900058,591.80786,5.384813,0.0,80280,765,0.009529148,6.639876,4.1850038,4257.593,0.07814668864011765,0.0
"Context:
The morning email said a frozen-meal line was being pulled over Listeria concerns, so I checked our freezer right away. That afternoon, I opened ""The Martian"" and tried to unwind after scrubbing the shelves. I kept thinking about how quickly a small contamination notice changes your plans. By the time the movie ended, the kitchen was clean and the trash was tied off.",90.25825,4.502675,858,9.4375,0,0.14492416,631.91547,6.257279,0.0,60205,759,0.012606926,6.632002,3.6928031,4360.3184,0.6663134694099426,1.0
"Context:
I watched my ranking slide after a couple of mistakes, and the numbers on the screen made my stomach tighten. The room felt heavy and close, with a faint hum from the lights and the scratch of chairs on the floor. I took a sip of water and tried to settle my focus before the next game. Even when the match ended, that tense atmosphere lingered in my senses.",42.84459,3.7575793,859,7.640625,1,0.13104542,716.6166,6.08227,0.0,59460,759,0.012764884,6.632002,3.635749,5468.4595,0.6729479432106018,1.0
"Context:
When you open the statement, you see personal and business names listed under legal notices and finance summaries. You can update your profile if your name is spelled differently than the one on your payment method. If you join the loyalty program, you will see partner company names in the fine print as well. You should read the terms carefully because the legal entity responsible for fees may not be the brand you expected. After you confirm, you can download the PDF for your records.",43.450138,3.771614,860,8.699999,1,0.16069584,483.53046,6.1426196,0.0,72104,760,0.010540331,6.6333184,4.1238465,3008.9792,0.5506533980369568,1.0
"Context:
A mechanic replaced a part and handed me a box with no branding. I asked where it was sourced and whether the origin was OEM or aftermarket. He showed the invoice and the provenance chain from distributor to manufacturer. With the source clarified, I stopped worrying about the repair.",93.86733,4.5418825,861,9.75,0,0.1390417,575.0586,5.849347,0.0,43859,758,0.017282655,6.6306834,3.459638,4135.871,0.657475471496582,1.0
"Context:
During the walkthrough, we talked about paint and appliances, but the real surprise came in the closing packet. A page spelled out a duty to withhold a percentage of the proceeds and forward it to the tax office. The title agent said this step protects compliance when property changes hands. I initialed the page and watched the numbers on the statement shift.",122.23168,4.805918,862,9.974999,1,0.15538025,435.27823,5.091886,0.0,54271,765,0.014095926,6.639876,4.0848827,2801.3743,0.41502946615219116,0.0
"Context:
We scheduled a friendly sports match against a rival side and agreed to keep it clean. Even so, I couldn’t stop thinking about where I stood compared to them and how the result would affect my place in the pecking order. The game stayed tight until late, and then one mistake decided it. On the bus home, I kept replaying the moment and the ranking it implied.",59.576984,4.0872693,863,7.7375,0,0.14398767,586.2248,5.8146725,0.0,60950,763,0.012518458,6.637258,3.8561094,4071.354,0.4216562509536743,0.0
"Context:
The game turned into a battle of movement, with everyone adjusting positions after every turnover. I had to decide when to step up, when to cover, and when to sprint back, all in a few seconds. One lapse opened a gap and nearly cost us. After that, my actions stayed sharper and my spacing stayed tighter.",46.76604,3.8451574,864,8.456249,0,0.13398355,419.3534,5.106573,0.0,50547,759,0.015015728,6.632002,3.7567713,3129.887,0.5862795114517212,1.0
"Context:
I joined a ladder tournament and cared way too much about my rank against opponents. When the day ended, we still played a simple sports match against a neighboring club just for fun. The contrast was strange: one felt like pressure, the other felt like release. I slept well anyway, because both scratched the same competitive itch.",89.376595,4.492859,865,9.9125,0,0.10989799,358.3083,4.288801,0.0,50541,755,0.014938367,6.6267176,3.6459334,3260.3716,0.6399096250534058,1.0
"Context:
He joined the customer success team and was immediately put in charge of cleaning up the CRM pipeline. After auditing the fields in HubSpot, he built validation rules and a simple workflow to reduce duplicate leads. He demonstrated a Tableau report that tracked renewals by segment and showed churn risk at a glance. When finance asked for an export, he wrote a quick SQL query and delivered it before lunch. The managers cared less about the code and more about the numbers moving in the right direction.",72.73993,4.2868905,866,9.11875,1,0.13704666,475.85538,4.9958925,0.0,75822,768,0.010128986,6.64379,4.2251406,3472.214,0.23850993812084198,0.0
"Context:
Our fantasy league app turned the season into a set of numbers everyone argued about. Each match awarded points, and the leaderboard updated within seconds. One late substitution cost me a place in the rank table, and my friend wouldn’t stop mentioning it. The whole week was shaped by those scores, not by how entertaining the games actually felt.",107.76523,4.679955,867,8.987499,1,0.14748783,477.35446,5.501753,0.0,54264,761,0.01402403,6.6346335,3.8570697,3236.5684,0.5151781439781189,1.0
"Context:
The coach posted metrics like points, rank, and grade on the whiteboard after the tryouts. For the club's gala, they also announced a special event to honor the top three players. Parents photographed the rankings and compared them to last season's list. The invitation described the night as a noteworthy celebration with a set dress code.",88.66665,4.484884,868,10.0,1,0.15764771,653.9282,6.5610585,0.0,52780,758,0.014361501,6.6306834,3.692104,4148.0347,0.6790384650230408,1.0
"Context:
Our supplier offered financing with a credit line tied to monthly orders. The paperwork spelled out the draw period and the minimum payment schedule. When cash flow tightened, that line of credit kept the business from missing payroll. I watched the balance like a hawk until it was back down.",124.38232,4.82336,869,9.487499,1,0.1549298,594.5994,6.2722597,0.0,43110,755,0.017513338,6.6267176,3.5066042,3837.8635,0.7109357714653015,1.0
"Context:
She took her migraine pill early because the headache warning signs were unmistakable. The afternoon was spent polishing a client-facing dashboard and explaining the toolset to the sales director. On the way out, she saw a poster for 'Dune: Part Two' and impulsively bought tickets. At home, a recall alert about Listeria made her clean the fridge and toss an unopened salad kit. The evening air was still hot enough to make the curtains hang limp.",81.50325,4.400643,870,7.95,0,0.13714643,1109.4286,6.184087,0.0,73581,762,0.0103559345,6.6359468,3.9519746,8089.3726,0.16247539222240448,0.0
"Context:
The doctor prescribed an anti-nausea drug after my stomach bug, and I stopped by the store on the way home. Right at the entrance, a sign mentioned a Listeria recall on soft cheese, so I skipped that aisle entirely. I got home, took the pill, and drank water slowly. Later, I wiped down the counter and tried to rest.",45.00316,3.8067327,871,7.6124954,0,0.11509649,248.01921,3.7662368,0.0,57983,757,0.013055551,6.629363,4.077802,2154.8809,0.5486818552017212,1.0
"Context:
During the tech review, I listed the storage type, the OS build, and the software requirements so readers could replicate the test. The same article appeared in a periodical alongside a sidebar on an ongoing controversy, framed as the publication’s central issue this month. The cover photo emphasized cheekbones and tired eyes, a deliberate choice for a story about the housing shortage. In the endnotes, I cited a bound journal and a collected volume of essays for background.",118.23776,4.7726974,872,9.599998,0,0.17051864,415.94043,5.3481684,0.0,72110,767,0.010636527,6.6424866,4.448574,2439.2666,0.2478039264678955,0.0
"Context:
At the bakery, the new oven arrived with a checklist that began with physical numbers: width, depth, and total weight. The owner was more interested in the energy report, which summarized operating cost, usage rate, and performance readings from the first test day. A local food critic had posted a ranking list, and the staff kept mentioning where the shop sat in the popularity table. I read the manual’s notes on stainless material, heat tolerance, and component sizes before starting the first batch. After closing, we counted the cash amount and compared it to the day’s sales totals.",89.54561,4.494748,873,8.624998,0,0.12198463,775.00757,5.279398,0.0,91428,771,0.008432865,6.6476884,4.1874447,6353.3213,0.04092297703027725,0.0
"Context:
The beginning section of the proposal was cluttered, so I rewrote the introduction in plain sentences. Then I created a list of products and features that fit the client’s requirements. The organizer forwarded a list of events and speakers for the conference, and it helped us choose the best demo slot. When the system locked me out, customer support verified my identity and restored access. We leaned on a revolving credit line to pay vendors while waiting for reimbursements.",79.998245,4.3820047,874,9.875,0,0.1760613,631.68427,6.0682073,0.0,71371,773,0.010830729,6.650279,4.3197746,3587.8655,0.19333060085773468,0.0
"Context:
My surgeon recommended a short course of painkillers after the procedure, and I spent the evening rewatching ""Interstellar"". Every time the soundtrack swelled, I checked the clock to make sure I wasn’t taking the next tablet too early. The stitches tugged when I shifted on the couch, so I stayed still and let the film carry me. By midnight, the ache was manageable and I fell asleep.",56.298256,4.0306635,875,7.821871,0,0.10991249,759.08276,4.8790355,0.0,65410,757,0.011573154,6.629363,3.8025873,6906.2466,0.4646430015563965,1.0
"Context:
The arena buzzed long before the first note, and the crowd never stopped moving. People jostled for space, shouted lyrics, and argued about who had the best spot. Heat rose in waves, and the energy stayed sharp instead of fading. When the lights finally dropped, the room erupted like it had been waiting all day.",47.543312,3.8616412,876,8.893749,1,0.14975196,838.7068,6.4869018,0.0,52034,757,0.01454818,6.629363,3.5964417,5600.6396,0.6679328680038452,1.0
"Context:
The carpenter fastened the gate latch so it closed with a clean click. After that, he made the final fit certain and definite by tightening the hinge pins and checking the swing. The gate stopped wobbling immediately. Even the wind could not rattle it.",99.3835,4.598986,877,8.5,0,0.08130917,400.77444,3.6825962,0.0,41622,754,0.01811542,6.6253924,3.1735573,4929.019,0.583084762096405,1.0
"Context:
At the repair shop, I measured the replacement screen so it would match the device frame exactly. The technician showed me a log of measured failures, part costs, and performance outcomes for similar fixes. On the wall, a monthly contest listed rank and points for technicians based on customer feedback scores. I chose a part after checking its material quality, thickness, and color tint. The final receipt included the labor amount and the price of the component, plus a small premium for same-day service.",87.707726,4.47401,878,9.5,0,0.117594525,552.7262,5.1684594,0.0,75068,761,0.010137475,6.6346335,3.8879914,4700.2715,0.2506181597709656,0.0
"Context:
At the tasting, the first cheese was mild, the second was sharp, and the third had a smoky edge that lingered. I wrote quick notes so I could remember the order later. The fourth sample reset my palate with something clean and grassy. By the fifth, I was confident the third was my favorite.",42.482254,3.7490864,879,8.45,1,0.10474171,466.68005,4.378644,0.0,50554,758,0.014993868,6.6306834,3.628805,4455.532,0.6525332927703857,1.0
"Context:
The app store page looked convincing until I read the feature list carefully. It promised offline mode, custom alerts, and cloud sync, but the reviews suggested half of it was locked behind a subscription. I compared the listed options to what I actually needed for travel. The decision came down to two features I refused to compromise on.",78.81074,4.367049,880,8.70625,1,0.14236562,679.4587,5.4285393,0.0,50545,760,0.015036106,6.6333184,3.8612583,4772.632,0.6493227481842041,1.0
"Context:
I made a shortlist of features I actually care about, then compared it to what each plan promises. The payment section offered financing through a revolving credit line, which made the monthly cost look smaller than it really is. I ran the numbers and realized the interest changes the story fast. After that, I chose the cheaper plan and skipped the credit option. The feature list mattered, but the financing terms mattered more.",55.119072,4.0094957,881,7.71875,0,0.12326927,615.7594,5.190257,0.0,63924,758,0.011857831,6.6306834,3.8421128,4995.239,0.5990248918533325,1.0
"Context:
You can start the guide, and you should keep an eye on the status line as it updates. If something looks wrong, you can back up a step without losing everything. You’ll see a promotional upgrade option appear, and you can choose it if you want the extra tools. If you decide later it isn’t worth it, you can downgrade without hassle. When the final checkmark appears, you can move on with your day.",41.335697,3.7217264,882,7.574998,0,0.17735894,865.24817,6.5380173,0.0,69873,761,0.010891188,6.6346335,4.242774,4878.5146,0.47003087401390076,1.0
"Context:
The librarian told me the mystery novels were on the second shelf, and the first shelf was reserved for new releases. I reached for the third book in the row because its cover looked worn in a comforting way. The fourth title was missing, leaving a gap that made the order obvious. I checked out the third and left the others in place.",45.879482,3.826018,883,7.768747,1,0.1158517,446.64746,4.7339354,0.0,54267,759,0.0139864,6.632002,3.6799474,3855.338,0.650778591632843,1.0
"Context:
The phone case came in a special model with enhanced features, including extra grip and a reinforced corner design. The product page also listed properties like material composition, size, and strength rating. A customer pressed the corner with a thumb to feel the stiffness. The checkout screen showed the final price and shipping amount.",79.6073,4.3771057,884,9.0875,1,0.14064127,1035.1128,6.6270437,0.0,47572,757,0.015912721,6.629363,3.4978204,7359.95,0.6138224601745605,1.0
"Context:
I dropped a quick post advertising a community raffle and attached the link to the entry page. While typing it up, I remembered the Listeria recall and added a note to check refrigerated snacks before sharing food at the event. A few neighbors replied that they had already thrown out the affected items. By evening, the raffle link had been shared across several local groups.",67.20851,4.2078,885,8.6375,1,0.11500565,598.65674,4.704868,0.0,58730,764,0.013008684,6.638568,3.7994404,5205.455,0.57933509349823,1.0
"Context:
The course page offers two options, and I chose the 2nd level because it includes the tougher assignments. In the first week, the instructor posted a numbered procedure with Step 1 reading, Step 2 exercises, and Step 3 a quiz. I kept mixing up the order until I wrote the steps on sticky notes. By the end of Level 2, the routine felt automatic.",61.484512,4.1187854,886,8.6,0,0.15332559,422.00754,4.839286,0.0,57250,758,0.013240174,6.6306834,4.1875105,2752.362,0.5763201117515564,1.0
"Context:
I borrowed a bound volume of old journals, each issue stitched into a thick spine. The pages held research notes, reviews, and small announcements that made the era feel close. Later, I found a collected anthology of essays and read it straight through like a single long argument. The stack on my desk looked like a record of many voices gathered in one place.",80.906784,4.3932977,887,8.96875,1,0.12372211,528.173,5.0062027,0.0,56481,753,0.013331917,6.6240654,3.7593303,4269.0264,0.6693558692932129,1.0
"Context:
The tournament started badly, and my position on the board made every decision feel risky. I still tracked my ranking against opponents after each round, trying to ignore the slide. One clean win steadied me, and then the numbers stopped dropping. By the end, the tactical choices and the rank both looked a little better.",86.97241,4.465591,888,9.599999,0,0.1478493,494.10376,5.063354,0.0,49807,762,0.015299055,6.6359468,3.9247038,3341.9417,0.45882612466812134,1.0
"Context:
The administrator added a password-protected section to share tactics documents and training plans. On game day, the opponent’s early chances forced quick adjustments, and players shifted positions to close gaps. The final score improved their ranking, and the table reflected it within minutes. A shipment of commemorative medals came with diameter specifications, which he recorded for display cases.",226.79295,5.4240375,889,10.5375,0,0.15482217,674.1504,5.999503,0.0,55751,763,0.013685853,6.637258,3.85431,4354.353,0.48136767745018005,1.0
"Context:
The venue had a calm, formal vibe, like a concert where everyone knows the rules. I still had to show up early because our website’s schedule page needed an update using a content tool and a deployment console. The quiet made it easy to concentrate on the edits. When the doors opened, the whole night kept that composed mood.",132.5648,4.8870716,890,9.49375,1,0.11170475,453.85718,4.5466223,0.0,53517,758,0.014163723,6.6306834,3.654485,4063.0068,0.650778591632843,1.0
"Context:
At the monthly board meeting, the property management service presented options for new hallway lighting. Members cared about the warm quality of the bulbs and whether the fixtures looked cheap. The electrician said the drivers are sourced from the same factory as the current units, and each lamp includes a heat-sink component to prevent failures. Only some of the corridors will be retrofitted this quarter, with the rest pushed to next year.",65.886055,4.187927,891,9.85,0,0.16472304,475.3223,6.2993793,0.0,64667,759,0.011737053,6.632002,4.0012145,2885.5847,0.6367798447608948,1.0
"Context:
The pharmacy window promotes a quick-relief asthma medication with a big sticker that says you can get same-day pickup. You scan the QR code, and the page tells you the offer is valid if you add it to your cart before midnight. A short line claims you will notice easier breathing within minutes, then reminds you to follow the label directions. At checkout, you see a suggested add-on and a prompt asking if you want to subscribe for refills. You decide against the extras and just buy the rescue inhaler.",56.484028,4.033958,892,8.69375,1,0.14239268,594.52637,6.0230536,0.0,81761,761,0.009307616,6.6346335,4.0365596,4175.2593,0.24804969131946564,0.0
"Context:
The public health notice warned that a batch of soft cheese might be contaminated with Listeria. At the grocery store, employees pulled the product from the shelves and posted the recall number near the dairy case. A pregnant customer called her doctor to ask what symptoms to watch for after eating it. Inspectors reviewed the facility’s sanitation logs and traced the distribution to a few counties. Everyone in the neighborhood seemed to be checking their fridge that night.",67.84878,4.2172813,893,8.174999,1,0.12936603,350.3459,4.3507037,0.0,69129,764,0.011051802,6.638568,4.2376695,2708.1753,0.28505828976631165,0.0
"Context:
We met at the courthouse steps because the email included a specific location and the official building name. While waiting for the clerk, I skimmed a thread where homeowners explained how a percentage of the sale price can be withheld and sent to the tax authority. The comments kept circling back to who gets hurt when extra costs show up, and the talk of disparities sounded more like exhaustion than politics. I used the downtime to patch my system and post a short summary of my weekend project on a small website. The mix of coordinates, compliance details, and personal stories was oddly consistent.",91.98671,4.521644,894,8.974998,0,0.13319436,639.26416,6.152314,0.0,86959,761,0.008751251,6.6346335,3.9487503,4799.484,0.09556207805871964,0.0
"Context:
During the rental turnover, a locksmith and a plumber arrived back-to-back to get the unit ready for the next tenant. The manager kept complimenting the new fixtures for their sturdy feel and neat design. Replacement valves came from the building’s original parts catalog, and the faucet head was a compatible component from the same line. A few of the neighbors who are members of the residents’ committee stopped by, and only part of them agreed on the final checklist.",76.6603,4.339384,895,9.349998,0,0.15857804,817.4737,6.7029047,0.0,76555,759,0.009914441,6.632002,4.0435667,5155.0244,0.2149183750152588,0.0
"Context:
The app warned that the original video was too large, so I reduced the bitrate and tried again. A progress bar crawled while the service processed the file into multiple resolutions. When the upload finished, the embedded player stuttered until I disabled an experimental setting. The moment the stream stabilized, the user experience changed from frustrating to effortless.",74.33549,4.3085885,896,8.5625,1,0.09983167,660.73816,4.5842724,0.0,52767,754,0.014289234,6.6253924,3.498356,6618.5225,0.6746439337730408,1.0
"Context:
A notebook on the shelf had a raised floral pattern pressed into the cover, and it looked like a garden trapped under lacquer. The brand name was stamped below the spine in shiny letters. I opened it and heard the soft crack of a new binding, then closed it just to feel the cover again. The pattern made the book feel heavier, even though it wasn’t. I bought it because it felt like a small luxury I could touch every day.",60.287277,4.099121,897,8.71875,1,0.14326316,483.53046,5.319473,0.0,71350,756,0.010595655,6.6280413,4.1176205,3375.1206,0.6344893574714661,1.0
"Context:
Her area of expertise was forensic accounting, so she spoke confidently about costs, rates, and other measurement quantities in the ledger. The firm brought her in to train new hires on spotting anomalies. After the workshop, trainees practiced recomputing totals to verify performance figures. She left behind a checklist of the most important metrics to watch.",85.340126,4.446645,898,8.674999,1,0.14880344,395.4662,5.497175,0.0,52033,757,0.01454846,6.629363,3.7875667,2657.6414,0.6223530173301697,1.0
"Context:
She obtained the visa stamp at the airport and finally achieved what she had worked toward for months. The stamp mattered because the trip was for a global locations/events conference that moved cities each year. At the gate, she clutched her passport like it could vanish. Only after takeoff did her shoulders drop.",116.09113,4.7543755,899,9.468749,1,0.14194782,944.87225,6.877492,0.0,47570,754,0.015850326,6.6253924,3.4147463,6656.476,0.6909320950508118,1.0
"Context:
A cooking demo turned into an impromptu tasting event, with people swapping recipe tricks between bites. The host also handed out discount cards for her catering service and encouraged everyone to book early. Someone asked where the next meetup would be held and scribbled the location down. By the end, it felt like a party and a pitch.",66.954636,4.2040153,900,8.18125,0,0.13210306,647.6091,5.916467,0.0,52027,756,0.014530917,6.6280413,3.5232413,4902.302,0.6892676949501038,1.0
"Context:
On a rainy weekend, they used the World Wide Web to plan a virtual tour of landmarks and read about global locations/events. The tour guide paused on global events or locations that changed travel patterns, and the chat filled with questions from students doing historical education assignments. Afterward, they played a trivia game packed with globally related concepts and laughed at how often food and geography overlapped. The mood shifted when someone referenced the World Trade Center while talking about global affairs and the world in general.",73.57856,4.2983537,901,9.0,0,0.11319466,597.391,5.053223,0.0,75075,766,0.010203131,6.641182,3.9125364,5277.5547,0.15286535024642944,0.0
"Context:
Before the panel, I checked my laptop’s CPU, RAM, and software versions like a ritual. The conference handed out a magazine issue that framed the discussion as a pressing problem, with an editorial about a controversy that had escalated in recent weeks. One speaker highlighted how facial features are read differently across communities while linking the topic to larger social harms, then distributed printed reports. In the lobby bookstore, bound journals and collected works sat in neat stacks, waiting for the next curious reader.",155.30725,5.0454054,902,9.875,0,0.16734315,865.24817,6.745506,0.0,75073,762,0.010150121,6.6359468,4.121671,5170.5024,0.2265792191028595,0.0
"Context:
The radio announced a feel-good story about a charity concert, and the host kept repeating the artist’s name like it was already history. He wrote the name down so he wouldn’t miss the sale. Tickets were listed for Oslo, June 7, Section 12, and the organizer’s company name sat right under the venue address. He saved the details so he could plan the trip.",85.872505,4.4528637,903,9.0625,0,0.14393063,644.8473,5.837722,0.0,63921,760,0.011889677,6.6333184,3.9274688,4480.2646,0.5970417857170105,1.0
"Context:
The advertisement asked people to share the link and mentioned a giveaway for anyone who registered early. Solara Capital, through Helio Ventures, assigned its Milan branch to handle local partners, and the company line was packed with commas. I called first because I wanted confirmation before using their logo. The stats listed 420,000 impressions, 120,000 DKK budgeted, and 14 scholarship spots at 10,000 DKK each. After the kickoff, we moved from the lobby into the hall and toward the front rows.",128.037,4.8523192,904,9.75,0,0.1262817,602.97406,4.9678726,0.0,79540,766,0.009630375,6.641182,4.1316986,4774.8335,0.09699413180351257,0.0
"Context:
I listed ""The Witcher 3"" as my favorite game in the team icebreaker, then opened my laptop to install the new database client. The onboarding checklist had me set up access keys and configure the reporting app before lunch. By the afternoon, I’d written a quick query template for the account managers. On the way out, someone joked that my taste in games was as intense as my to-do list.",83.206116,4.421321,905,9.2625,0,0.14085679,634.3384,5.325804,0.0,66156,760,0.011487998,6.6333184,4.054845,4503.4277,0.5899814963340759,1.0
"Context:
The film premiere turned into a small celebration when the director walked out and greeted the audience. People clapped before the opening credits even finished because the mood was already warm. Afterward, I told my sister it was the best night out I’d had all season, and she immediately asked for the title. Walking past the posters outside, I caught myself humming the theme music.",63.13427,4.1452637,906,7.3999996,1,0.10880117,838.7068,5.0558047,0.0,59464,756,0.012713575,6.6280413,3.716323,7708.619,0.6789251565933228,1.0
"Context:
The venue changed last minute, so the organizer sent the new location with a full street address and the name on the door. During the train ride I read a forum argument about property sales where a percentage gets withheld and remitted as tax before the seller sees the money. Someone pointed out that the same rule is barely noticed by people with assets but hits harder for anyone living paycheck to paycheck. I edited my website on the ride, adding a quick review of a used laptop I had just bought. Later I wrote a short recap of the day and found the thread still running.",77.07302,4.3447533,907,8.11875,0,0.15739147,689.512,7.086637,0.0,87704,765,0.008722521,6.639876,4.018807,4380.8726,0.05271584168076515,0.0
"Context:
A procurement call focused on unit economics, with emphasis on gross margin and payback period. The analyst walked through the conversion funnel and pointed out where the drop-off rate spiked. A technical note clarified that the data pipeline would batch requests to avoid throttling. When the meeting ended, the decision hinged on cost per acquisition and expected lifetime value.",109.14591,4.6926856,908,9.562498,1,0.12253395,759.08276,5.649352,0.0,54256,757,0.0139523735,6.629363,3.570468,6194.8774,0.6324151754379272,1.0
"Context:
At the county office, she helped a resident update their registration after discovering they were missing from the voter rolls. The paperwork required a current address and a signature, and the clerk checked each field carefully. A line formed behind them as people asked about deadlines and eligibility. When the update finally went through, the resident asked for confirmation in writing. The clerk handed over a printed receipt and wished them luck on election day.",42.104034,3.7401435,909,7.046875,1,0.10055135,446.64746,4.097701,0.0,63918,758,0.011858944,6.6306834,3.8694074,4441.9834,0.5947022438049316,1.0
"Context:
The email asked whether I preferred Monday, Tuesday, or Wednesday for the call. It also suggested morning, afternoon, or evening, depending on my schedule. I replied with two options and added a third as a backup. The thread grew longer with every new comma and conjunction.",40.087532,3.6910653,910,8.59375,1,0.12477512,392.81204,4.590804,0.0,43113,755,0.017512118,6.6267176,3.6367893,3148.16,0.6177297234535217,1.0
"Context:
The investigation hinged on a single document, but its source was unclear. The header looked copied, and the signatures were oddly cropped. A colleague found the original file on an old server with a creation date from years earlier. Once the origin was verified, the rest of the timeline lined up.",59.57352,4.087211,911,9.456249,1,0.15659031,538.7895,6.3955765,0.0,46091,758,0.016445726,6.6306834,3.5336602,3440.7588,0.7030251026153564,1.0
"Context:
The flyer mentioned Dr. K., Inc. as a sponsor and highlighted a short film festival lineup. I grabbed one of the wristbands from the desk, plus a portion of the vouchers for food and drinks. The names on the poster were full of abbreviations and fragments, like St. Hall and Univ. Arts, which made it feel bigger than it was. By midnight, I still had some of the vouchers left in my pocket.",52.57377,3.9622173,912,8.6875,1,0.13217844,384.84964,4.5332956,0.0,67632,761,0.01125207,6.6346335,4.1969824,2911.5916,0.3105911910533905,0.0
"Context:
In a late-night thread, people argued about why some neighborhoods keep getting investment while others decay. One user posted a personal story about growing up watching opportunity skip their block. Replies ranged from sympathetic to hostile, but the discussion stayed focused on uneven outcomes. A moderator tried to cool things down without shutting anyone up. By sunrise, the forum had become a raw debate about disparity.",81.98506,4.406537,913,9.45,0,0.12693608,565.3309,5.3046265,0.0,59466,763,0.012830861,6.637258,3.7874522,4453.666,0.536210834980011,1.0
"Context:
In the hotel lobby, Fei handed me a program for the charity gala, and the cover had a raised floral pattern that felt like embossed petals. I flipped through and saw a long list of honorees and memorial mentions, each name paired with a short note about their work. A guest at the next table paused mid-sentence to use a quick-relief inhaler, then apologized as if breathing were a social mistake. At check-in, the clerk asked whether I wanted to link my stay to a loyalty program and confirmed the business name that would appear on the payment authorization. Later, the news feed on the lobby screen scrolled past another familiar name from the program, now in a headline about finance.",59.51103,4.0861616,914,9.112499,0,0.12673104,748.9927,5.4401736,0.0,112981,774,0.006850709,6.6515718,4.4020343,5910.0967,0.04926663264632225,0.0
"Context:
In the dashboard, the engineer tracked prices, costs, and rates across the week, treating each number as a measurement of performance. A separate tab advertised a special service package for clients who wanted weekend support. When the cost-per-request spiked, the team adjusted the on-call rotation. The brochure called the package an exceptional offering for formal launches.",98.33301,4.58836,915,9.924999,1,0.09812769,408.73685,4.1119113,0.0,55740,756,0.013562971,6.6280413,3.6117783,4165.357,0.6582618951797485,1.0
"Context:
A heating contractor offered a seasonal tune-up service for the row houses on the street. The technician described the system as reliable in quality when filters are changed on time. The replacement filters come from the manufacturer’s stock, and the thermostat module is the component most likely to fail first. Only some of the homeowners joined the neighborhood group, so part of the street got the discount and the rest paid full price.",84.32449,4.4346724,916,9.15,0,0.15167826,594.5994,5.9094934,0.0,66157,760,0.011487825,6.6333184,4.0173817,3920.136,0.5956599116325378,1.0
"Context:
I was comparing two shipping crates, so I measured their internal length and checked the maximum supported weight. The logistics portal displayed measured statistics on delivery times, service rates, and how performance changed by route. In a sidebar, the platform ranked carriers with points and status levels that buyers seemed to trust. I chose the crate with better material thickness and stronger corners, even though it looked less stylish. The purchase order recorded the amount and price per unit, which made accounting happy.",125.31404,4.830823,917,9.362499,0,0.10035937,461.81958,4.51375,0.0,72089,757,0.010500909,6.629363,3.7841756,4601.6587,0.5175834894180298,1.0
"Context:
His note to himself read “for [1] try” and then he immediately derailed it by typing sh! into the margin. In the same scribble he added a stray "" and a closing ) before writing \n as a reminder to start a new line. He laughed, tore out the page, and started over. The messy punctuation made the page look like a bad joke.",124.82264,4.826894,918,9.537499,0,0.13732217,445.89474,5.239533,0.0,61690,757,0.012271033,6.629363,3.9263663,3247.0703,0.5689213871955872,1.0
"Context:
He used the World Wide Web to follow live updates about global events or locations, watching markers appear on an interactive map. His roommate studied historical education notes that connected those global locations/events to earlier conflicts. Later, they played an online game built around globally related concepts and argued over which regions mattered most. When a documentary segment mentioned the World Trade Center in the context of global affairs, the match paused without anyone saying why.",116.15957,4.754965,919,8.506248,0,0.12098933,298.59024,4.166842,0.0,65412,759,0.011603376,6.632002,4.1380014,2467.9055,0.5429866909980774,1.0
"Context:
The review page listed the desktop’s hardware details, including a 2 TB SSD and a high-end GPU, and even noted the OS build number. On the opposite page, a spa brochure advertised massages and a discounted first visit. He compared the machine specs as carefully as the service options, like both were purchases that needed research. By evening, he’d bookmarked the tech model and the appointment link.",156.4643,5.052828,920,9.356249,1,0.105836466,622.5149,4.210322,0.0,66894,764,0.011421055,6.638568,3.978093,5881.8564,0.4727745056152344,1.0
"Context:
The photo album jumped from Rio to Reykjavik and then to Nairobi in a single page turn. Each caption tied the scene to a specific moment, like a festival night or a stormy landing. He traced the route with his finger and felt the scale of the world. The locations and events blended into a vivid travel map in his head.",55.48683,4.0161457,921,8.5,1,0.13379936,451.20303,4.9509387,0.0,55751,761,0.01364998,6.6346335,3.8939013,3372.236,0.47766512632369995,1.0
"Context:
The market square was frantic, with music, shouting vendors, and crowds pressing toward the center. At the same time, the air carried sharp smells of spice and smoke, and the pavement felt gritty underfoot. The intensity made every sound seem louder and every scent stronger. When I finally stepped away, my senses still felt overloaded.",80.12622,4.383603,922,9.149998,0,0.09804731,522.8647,4.545672,0.0,51289,756,0.014740002,6.6280413,3.4356017,5332.7793,0.7014383673667908,1.0
"Context:
The alleyway café felt cozy and safe, with soft music and a welcoming atmosphere. Outside, the neighborhood looked rough, but inside the ambiance smoothed everything out. I stayed longer than I needed because the place felt good. When I finally left, the street seemed louder than before.",45.327515,3.8139143,923,9.75,0,0.100056976,387.50378,4.2620463,0.0,45338,752,0.016586527,6.6227365,3.3934114,3872.8313,0.7165035009384155,1.0
"Context:
The giveaway post asked viewers to share the link and tag friends who might care. Arden Labs, a division of Meridian Holdings, was listed as a partner, and the Denmark office appeared, in the operational clause. I filmed the clip because I wanted to show what the scholarship recipients actually do. The update included 240 applications, 9 recipients, and a reach of 210,000 views on the explainer. After the talk, we moved from the lobby toward the exit and then into the cold night air.",96.49271,4.5694675,924,9.549999,0,0.14848243,499.68683,5.394988,0.0,77315,767,0.0099204555,6.6424866,4.2477765,3365.2927,0.1761869490146637,0.0
"Context:
The news ticker tracked global events or locations, and the room fell quiet when the alert hit. In the business office, they linked the disruption to security and stability in finance and supply planning. A manager from healthcare procurement called to ask whether shipments would arrive on time. The conversation turned practical fast.",144.84941,4.9756947,925,9.75,1,0.17022645,1109.4286,7.797625,0.0,46830,758,0.016186206,6.6306834,3.4941382,6517.3687,0.6376187801361084,1.0
"Context:
The sponsorship package listed 6 events, 2 keynote spots, and an estimated media reach of 900,000 impressions. The budget line showed 120,000 DKK allocated to production, with 35,000 DKK for paid distribution. A separate section described 14 student scholarships, each capped at 10,000 DKK. The sports segment highlighted a 4-match winning streak and 11 goals scored across the run. It read like someone had turned impact into arithmetic.",84.6592,4.438634,926,8.424999,1,0.1361036,294.60904,4.7180963,0.0,69123,758,0.010965959,6.6306834,4.1744447,2164.594,0.5429439544677734,1.0
"Context:
A map of the city showed clear borders between districts that thrive and districts that struggle. I walked through two areas a few stops apart and felt the difference in shops, repairs, and foot traffic. People talk about disparity like it’s abstract, but the contrast was right there on the street. The route made the gap visible without any charts. I went home unsettled and more attentive.",116.56656,4.7584624,927,10.087501,0,0.09790497,347.69174,3.5961115,0.0,60949,756,0.012403813,6.6280413,3.9598694,3551.3184,0.545828640460968,1.0
"Context:
They drove into the seaside town and immediately noticed how pleasant everything looked for a weekend away. The streets were bright and inviting, with small shops that made it easy to wander. At the same time, the central square was lively and intense, packed with performers and people pushing for a view. Salt air, street food, and live music blended into a sensory blur, and the whole place felt cheerful and electric at once. By sunset, the weekend had its own distinct character, turning the town into something warmer than it probably was on a normal day.",47.418957,3.8590221,928,7.834375,0,0.08482307,438.27283,3.9045036,0.0,84723,756,0.008923197,6.6280413,3.8387396,5166.906,0.3134007751941681,0.0
"Context:
The course email said the material was split into three parts and that part two unlocked only after finishing level one. I copied a numbered list of tasks and started with item 1 before I walked to the second building and the third room. Our cohort was the fourth group on the roster, and I took the fifth seat in the first row when I arrived. The handout gave step 1 through step 4 for the exercise, and later the instructor ranked our drafts as first, second, and third.",72.63003,4.2853785,929,9.0,0,0.13830976,664.38806,5.304221,0.0,75075,762,0.0101498505,6.6359468,4.1966195,4803.6235,0.23552455008029938,0.0
"Context:
I added a donation request to the caption because the scholarship fund was short this year. Helio Ventures, part of Solara Capital, pledged support, and the Stockholm office was listed, in the formal sponsor line. The tracker showed 7 scholarships at 10,000 DKK each and a media reach estimate of 500,000 impressions. During the morning, I walked from the station to the venue and into the volunteer room to pick up badges. I explained the budget numbers afterward because people kept asking where the money went.",93.33389,4.5361834,930,9.53125,0,0.12841389,541.56006,4.943377,0.0,78794,764,0.00969617,6.638568,4.204464,4217.3013,0.2266969382762909,0.0
"Context:
They booked the private dining room because the anniversary deserved something more than a normal night out. The staff treated the party like a formal occasion, with coordinated service and polished timing. A special dessert cart rolled in at the end, complete with a small sparkler and a custom message. Even the check arrived in a sealed envelope as if it were part of the ceremony.",69.935234,4.2475696,931,9.09375,1,0.08204752,281.33835,3.4773426,0.0,56485,755,0.013366381,6.6267176,3.5624545,3428.9683,0.6462458372116089,1.0
"Context:
After the season ended, I stared at the standings and saw my ranking against opponents had stalled. The next morning I joined a new league, determined to climb by beating the same names that kept edging me out. Every win nudged my position upward, and every loss dragged it back. By the end of the week, the numbers finally moved in my favor.",43.682266,3.7769423,932,7.65625,0,0.11069272,605.1429,4.7962894,0.0,56486,753,0.013330737,6.6240654,3.6448584,5466.8716,0.6729520559310913,1.0
"Context:
The makeup artist studied my jawline and brows, then said the camera would exaggerate anything uneven. I tried to relax while she worked, but my attention kept slipping back to the mirror. On the way out, I grabbed a small booklet about workplace inequality that someone had left by the door. It was strange how a printed publication could feel as blunt as a close-up.",60.26161,4.0986953,933,8.831249,1,0.106192246,429.96994,4.53418,0.0,59451,752,0.012649072,6.6227365,3.6792572,4048.9768,0.7323657274246216,1.0
"Context:
She drove from the city to the countryside and stopped at a small shop along the road. After a short chat, she turned back toward the car and continued through the fields. During the drive, she kept glancing at the sky as clouds gathered in the distance. When she reached the house, she walked into the kitchen and set the bags on the counter. Before dinner, she went out to the garden and watered the herbs.",17.278708,2.849475,934,5.9499993,1,0.074195616,437.93234,3.9716487,0.0,66133,748,0.011310541,6.617403,3.3979945,5902.402,0.687433660030365,1.0
"Context:
During pricing review, the team debated metrics like cost per unit and profit level thresholds. They also verified the product attributes, checking chemical composition and color consistency across lots. A small shift in composition increased scrap and pushed the cost line up. The meeting ended with a revised spec and a tighter cost target.",181.66496,5.202164,935,10.2125,0,0.13145758,455.1571,4.996733,0.0,46826,753,0.01608081,6.6240654,3.6854374,3462.3877,0.6692124605178833,1.0
"Context:
The package smelled faintly of cedar, making me wonder about its origin. The warehouse source was printed on the shipping label, but the provenance sticker from customs had a different code. When I opened it, the invoice explained where it came from, down to the supplier’s address. I kept the paperwork because it answered every question I had.",58.316303,4.0658817,936,9.324999,0,0.119116366,516.7892,4.6099124,0.0,55004,758,0.0137808155,6.6306834,3.8194673,4338.524,0.6270902156829834,1.0
"Context:
The sports recap felt like a celebration, listing player names and replaying the winning moment twice. A graphic added attendance counts, ad revenue, and a few timing metrics from the tracking system. They pointed out the next city on the tour and the match number on the calendar. I uploaded a short montage, set the output to a common format, and verified that the 4K option wasn’t wasting bandwidth. Afterward, I compared prices on a new SSD and a sturdy dog crate.",127.96193,4.8517327,937,9.499998,0,0.12789111,806.8572,5.7946396,0.0,76559,763,0.0099661695,6.637258,4.016465,6308.939,0.13793638348579407,0.0
"Context:
I edited the introduction so the beginning section explained who the guide is for and what it solves. Then I inserted a list of features and included services for each plan. The venue sent a list of speakers and the session order, and that list dictated our rehearsal times. A support agent fixed my account when the login kept failing. I financed the short-term gap with a line of credit instead of delaying the launch.",102.69338,4.6317477,938,9.65625,0,0.1617107,697.88666,6.5056167,0.0,63927,765,0.011966774,6.639876,3.9508274,4315.6494,0.35584303736686707,0.0
"Context:
The game studio dropped a unique winter event that lasted only a weekend. Players unlocked a special edition skin that wouldn’t return after the holiday. The art looked hand-crafted compared to the usual mass of cosmetic items. Even those who rarely logged in showed up because the event itself felt notable.",131.70425,4.880559,939,9.4625,1,0.07720424,189.77069,3.0856378,0.0,46823,754,0.016103197,6.6253924,3.4558628,2458.0344,0.6350952982902527,1.0
"Context:
I picked the second module of the program, but the site warned that module three was locked until part one was finished at level one. I made a numbered list of errands for the day and crossed off the first two before lunch. The receptionist told me the lab was the third door on the left and that our group was the first team scheduled for the afternoon. The protocol read step 1 to label, step 2 to mix, and step 3 to wait, and when results came in we ranked them with the best as first and the weakest as fifth.",61.0692,4.1120076,940,8.7875,0,0.12941267,636.4726,5.2330704,0.0,85480,758,0.008867571,6.6306834,4.1771393,4918.163,0.09256049245595932,0.0
"Context:
He looped the rope through the ring and pulled the knot down with steady force. The bundle stayed compact once the cord was cinched and tucked. He checked every tie point before lifting it onto the cart. Only when it held firm did he wheel it toward the van.",84.18845,4.433058,941,8.9625,1,0.116288826,618.4136,5.142349,0.0,43851,755,0.017217396,6.6267176,3.4004304,5317.9106,0.6890513300895691,1.0
"Context:
The old library had a steady, quiet dignity that made voices drop automatically. Sunlight fell through tall windows and landed in neat rectangles on the floor. The place felt unchanged by decades, like time behaved differently inside. He stayed longer than planned because the mood encouraged patience.",170.86446,5.1408706,942,9.693749,1,0.104880765,445.89474,4.6660995,0.0,43101,749,0.017377786,6.618739,3.322644,4251.4443,0.685529887676239,1.0
"Context:
The cabinet hinges were sourced from a local metal shop, but the handle belonged to an older set we already had. I liked how the components came together even though they were from different places. In the end it looked intentional, not patched. The mix made the kitchen feel more personal.",68.45684,4.2262034,943,9.606249,0,0.13482568,501.439,5.2034745,0.0,44603,758,0.016994372,6.6306834,3.6613336,3719.1653,0.64503413438797,1.0
"Context:
Before the storm, we drove toward the coast, and after we arrived we wandered through the harbor. I kept describing what I was doing as I went, so my friend could follow along. The directions were mostly connecting words and quick landmarks. By sunset, we found the café and finally sat down.",63.157505,4.145632,944,8.624999,0,0.10062892,406.08273,4.2781053,0.0,46822,755,0.016124899,6.6267176,3.4873028,4035.4475,0.6650984883308411,1.0
"Context:
The captain kept pointing, pulling the line up and telling the nearest player to close down. In transition, the striker drifted into the channel to drag a marker away. A third-man run arrived late at the top of the box, perfectly timed. The move worked because every action matched the role each player held.",83.616104,4.426236,945,8.234375,1,0.1600403,674.1504,6.930464,0.0,49049,752,0.015331607,6.6227365,3.5553772,4212.379,0.7398024201393127,1.0
"Context:
The parcel service rejected my form until I added the apartment letter and the exact postcode. Once the full address was there, the route planner stopped looping me in circles. I taped the label on the box and double-checked the line with the shop name, because there were two stores with the same chain logo. The delivery finally went to the right building on the first try.",70.634705,4.2575216,946,9.3875,1,0.10525796,650.43036,5.1875863,0.0,59459,756,0.012714644,6.6280413,3.5424743,6179.3936,0.7257710695266724,1.0
"Context:
You receive an email that tells you you will get a bonus if you sign up before Friday. A second paragraph explains what you can do with the bonus and where you can see it in your account. The promotional lines keep pushing urgency, while the informational lines slow down and spell out details. You read the fine print because you want to know what counts as eligible. In the end, you delete it because you do not like being rushed.",33.082882,3.499016,947,7.65625,0,0.1234446,498.97748,5.21382,0.0,67643,761,0.01125024,6.6346335,3.893467,4042.1167,0.3352963626384735,0.0
"Context:
I rewrote the beginning section of the brochure until the opening paragraph sounded like a clear invitation. On the next page I added a list of available features for the ticketing app so buyers could compare plans. The coordinator sent a list of performers and set times, and that list told us when the busiest rush would hit. When the portal froze, customer support stayed with me on chat until it loaded again. I paid the venue deposit by drawing from a line of credit and planned to repay it after ticket revenue arrived.",86.22805,4.4569955,948,8.275,0,0.15811387,557.36847,6.0423303,0.0,79537,764,0.009605592,6.638568,4.209727,3525.1082,0.18385212123394012,0.0
"Context:
At the holiday market, a vendor demonstrated a new hair oil by rubbing a drop between her palms. She talked about shine the way a chef talks about texture. Nearby, someone handed out samples of spiced cookies with printed recipe cards. The whole place mixed beauty talk with food like it was normal.",95.99688,4.564316,949,8.525,1,0.13155767,318.6631,4.6507807,0.0,47581,758,0.015930729,6.6306834,3.7677867,2422.231,0.568731427192688,1.0
"Context:
You should tighten the strap until it feels secure, but you shouldn’t cut off circulation in your wrist. If you see the indicator light blinking, you can hold the button down for three seconds to reset it. You’ll get better readings when you keep the sensor flat against your skin. When you’re done, you can rinse it briefly and let it air-dry. If you store it dry, you won’t get that sour smell later.",32.525562,3.4820263,950,7.815625,1,0.14364992,817.4737,6.181632,0.0,74317,751,0.010105359,6.6214056,3.979623,5690.7354,0.6179675459861755,1.0
"Context:
The hospital offered a special clinic day staffed by specialists, including a cardiologist and a nutritionist. The notice framed it as an exceptional service, meant for patients who needed focused attention. Appointments were longer than usual and follow-ups were scheduled immediately. Patients left with clear next steps and a contact list.",55.14068,4.0098877,951,9.34375,0,0.16253817,383.75433,5.014949,0.0,49065,758,0.015448894,6.6306834,4.1107163,2361.0105,0.6050243973731995,1.0
"Context:
The email ended with a pointer to the FAQ page for additional information. I clicked through and found a section that explained the policy in plain language. Later, I used the same location to confirm the deadline when I couldn’t remember it. The extra details were exactly where the message said they would be.",51.240917,3.9365385,952,8.3125,1,0.14141257,565.3309,5.988049,0.0,48310,752,0.015566136,6.6227365,3.5026333,3997.7412,0.7377670407295227,1.0
"Context:
The lab received samples with labels that did not match the shipment note. The technician asked for the source batch and the origin freezer location, because mixing them would ruin the results. A supervisor pulled the provenance log and found a swap during transport. Once the origin was corrected, the tests could finally proceed.",116.132545,4.754732,953,9.506249,0,0.1125309,602.97406,5.0650525,0.0,47568,758,0.015935082,6.6306834,3.455152,5358.2974,0.6572840213775635,1.0
"Context:
I walked to the storefront at Vesterbro 31 because the message included both the address and the shop name. A heated thread online debated a real estate rule that forces a slice of the sale price to be withheld and remitted through the closing process. In between replies, people started comparing salaries, inheritance, and who can absorb a surprise deduction without missing rent. I opened my laptop, adjusted the fan curve, and published a brief recap of the meetup on my website. Later I went back to read the newest comments and realized the arguments were spreading faster than the facts.",93.75649,4.540701,954,9.206249,0,0.13226362,480.9721,5.266328,0.0,87711,766,0.008733226,6.641182,4.1856837,3636.4658,0.12646785378456116,0.0
"Context:
Fei met me at the bank café, where the menus were printed on thick paper with a raised floral pattern around the logo. A TV in the corner ran a local news segment, and the anchor repeated names of people and companies as if they were the whole story. At the next table, an older man read an obituary section and traced a familiar name with his finger. A customer at the counter used a quick-relief inhaler after laughing at a joke, then pulled out documents covered in business names and legal terms. When I paid, the terminal offered loyalty enrollment and flashed a finance processor name before approving the charge.",73.334076,4.2950253,955,9.0,0,0.14255565,583.9098,5.860685,0.0,97371,769,0.0078976285,6.645091,4.2664866,4096.0127,0.04936936870217323,0.0
"Context:
The cooking site let him scale servings, save the recipe, and print a clean version with one click. A sidebar showed which ingredients would update automatically as he changed portions. Right under the ingredient list, it told him to chill the dough in a refrigerator before baking and to serve the pastries warm. He appreciated how the platform kept the instructions impossible to miss.",91.70414,4.5185676,956,9.6,0,0.12768745,299.9173,4.34541,0.0,55758,758,0.013594462,6.6306834,3.9917955,2348.839,0.5526220202445984,1.0
"Context:
I wrote a numbered shopping list with the 1st item as rice and the 2nd as tomatoes so I would not forget anything. At the store, I paused at the spices because I wanted the original source of the curry blend I liked. The clerk told me which farm the chilies came from and handed me a small label with the name. Back home, I crossed out the 3rd line and rewrote it with a different brand.",47.883354,3.868768,957,8.1875,1,0.1093515,625.30646,5.208101,0.0,67635,761,0.011251571,6.6346335,3.6813378,5718.316,0.4443950057029724,0.0
"Context:
The boutique launched a new product line and plastered the window with ads, trying to catch everyone on the street. Inside, the shelves were arranged by company name, so shoppers could match items to the brands they trusted. A cashier talked about which manufacturers had better quality control. The marketing and the logos worked together.",68.822624,4.2315326,958,7.6624994,0,0.1309822,597.391,5.491194,0.0,49801,758,0.015220578,6.6306834,3.6123233,4560.856,0.6740236282348633,1.0
"Context:
An artisan released a special edition watch with a serial number and a custom dial color. The maker highlighted unique characteristics, including a smoother winding action and a quieter movement. Collectors compared it to last year's run. A few placed deposits the same day.",114.814865,4.743321,959,9.525,0,0.11065456,530.8271,4.592315,0.0,40134,750,0.018687397,6.6200733,3.3523993,4797.155,0.6199662089347839,1.0
"Context:
The brochure for a new gym promised quick results and highlighted a limited-time membership rate. The facility sat in a renovated mall space, and the front desk was stacked with branded water bottles for sale. After the orientation, a trainer mentioned the Bhagavad Gita when talking about discipline without obsession. I left with a trial pass, a protein recipe handout, and the gym’s logo stuck in my mind.",81.33142,4.3985324,960,9.043749,0,0.14173236,589.01636,5.3570733,0.0,66906,771,0.0115236305,6.6476884,4.0604687,4155.8354,0.2249964475631714,0.0
"Context:
A headline about an awards night was surprisingly wholesome, and the presenter’s name was everywhere. The article sprinkled in figures about sponsorship packages and a technical note about live broadcast delay. It also specified the venue, the city district, and the date for the rerun. I shared a fan-cam clip, chose a smaller file size, and watched the platform generate different resolutions for slower connections. Once done, I ordered a replacement router cable and a grooming brush for my dog.",128.37157,4.854929,961,9.875,0,0.16955508,753.7745,6.0186043,0.0,75090,774,0.0103076305,6.6515718,4.3384676,4445.6025,0.12778794765472412,0.0
"Context:
The sports field was so hot that the coach cancelled practice and told us to hydrate and stay indoors. I posted a quick notice with a link to a community giveaway of fans and water bottles. A guy named Lev volunteered to load the boxes into cars under the blistering sun. After ten minutes outside, my shirt was soaked through.",78.76129,4.3664217,962,9.7625,1,0.13059282,854.6316,5.983947,0.0,52027,756,0.014530917,6.6280413,3.562452,6544.246,0.6892676949501038,1.0
"Context:
I followed a recipe for chickpea stew that started with toasting spices until the kitchen smelled warm and smoky. The instructions insisted on adding lemon at the end, and it actually made everything brighter. When I served it, everyone asked for the method like it was a secret. Cooking felt like hosting a small event.",64.99019,4.1742363,963,8.6,1,0.22023402,335.74814,5.918,0.0,50580,755,0.014926849,6.6267176,4.363342,1524.5062,0.7130750417709351,1.0
"Context:
They planned a special anniversary evening, and the restaurant made it exceptional with formal service and a custom course. A friend at the table explained her area of expertise in nutrition and answered questions without drifting into fads. The gift I brought was a holiday special edition tea blend, hand-crafted and sealed with wax. The new kettle I gave them had enhanced characteristics that held temperature more accurately. As the night wound down, the conversation touched on a special counsel in the headlines and then shifted to special education specialists and special economic concerns in the neighborhood.",111.88729,4.717492,964,8.9375,0,0.12529151,536.1354,4.715986,0.0,82518,768,0.00930706,6.64379,4.270808,4279.1035,0.12961061298847198,0.0
"Context:
A customer returned a jacket and said it was not the material promised. The manager checked the invoice to see the source mill and the origin country for the fabric. The supplier had switched provenance mid-season without telling anyone. When the paperwork exposed the origin change, the refunds made immediate sense.",116.55322,4.758348,965,9.29375,0,0.11598514,577.85016,5.092927,0.0,46082,757,0.016427238,6.629363,3.4076586,4982.105,0.653992235660553,1.0
"Context:
The news summary kept switching between abbreviations and name fragments, like Inc., Dr. L., and a station code. The piece also used lots of conjunctions and punctuation, with short clauses stitched together by and, or, and commas. I had to reread a few lines to catch the timeline. Once it clicked, the story was straightforward.",78.403824,4.3618727,966,9.0,0,0.18178537,472.43613,6.036252,0.0,56494,764,0.01352356,6.638568,4.1133237,2598.8677,0.544559121131897,1.0
"Context:
In the meeting notes, Jakob kept writing quick fragments and ending them with a ) as he rushed. At one point he muttered sh! and then tried to quote a vendor line with a stray "", followed by \n in the transcript. The page also listed cost estimates and technical constraints, so nobody missed the point. He reread the names afterward to make sure he’d attributed decisions correctly.",201.98775,5.308207,967,10.162498,1,0.16875817,467.12784,6.0497413,0.0,62440,759,0.01215567,6.632002,4.037177,2768.031,0.6383830308914185,1.0
"Context:
Arden Labs, a division of Meridian Holdings, focuses on clinical software for hospitals. The Denmark office, in Aalborg, supports implementation teams across Scandinavia. A smaller branch, under Arden Labs, handles onboarding and training. Meridian Holdings, through its European unit, provides compliance oversight. The description looks simple, but the subsidiaries and branches are tightly interlinked.",88.63604,4.4845386,968,9.474999,1,0.16756068,374.2331,4.883553,0.0,57986,758,0.013072121,6.6306834,4.3365426,2233.4182,0.5908523797988892,1.0
"Context:
The contract packet was thicker than I expected, and each page carried a business name in the header like a warning. My advisor explained the difference between the brand on the storefront and the legal name on the documents. After signing, I received a welcome email inviting me to enroll in a loyalty program with its own polished title. The whole process felt like stepping through nested doors, each one labeled with another name. I tucked the copies into a folder and hoped I’d never need to read them again.",72.22255,4.2797523,969,9.2125,1,0.10098318,504.28574,4.653184,0.0,77296,760,0.009832333,6.6333184,3.7950006,4993.76,0.28007733821868896,0.0
"Context:
At the café, the TV showed a cheerful segment about a community sports fundraiser. The chyron displayed totals raised and a few performance stats, mixing finance with simple technical metrics. They mentioned the city park, the event name, and the hour the races started. I later posted the recorded footage, selected 1080p, and let the service optimize the stream for mobile. After that, I looked up a local hardware store and bought a new pet water bowl online.",129.80954,4.8660684,970,9.28125,0,0.13691805,457.81363,5.1018844,0.0,71358,761,0.010664537,6.6346335,4.098847,3343.7053,0.32938307523727417,0.0
"Context:
The city released a reminder about checking voter rolls ahead of the election, and the message included a link to the official site. I forwarded it to Lev because he’d recently moved apartments and was worried he was listed at the old address. Even the short walk to the mailbox felt punishing in the heat. We agreed to handle the paperwork early, before another scorching afternoon.",111.59904,4.7149124,971,9.499999,1,0.16026564,527.6023,5.89681,0.0,58725,762,0.012975735,6.6359468,3.9881186,3292.0488,0.48488524556159973,1.0
"Context:
The community hall hosted a pop-up clinic on the ground floor, with signs pointing from the street. Upstairs, a small stage had been set for an evening talk, and volunteers taped programs to the doors. The building smelled like coffee and fresh paint. It felt like the neighborhood’s living room.",55.108166,4.009298,972,7.90625,1,0.16350481,570.6391,5.95928,0.0,49067,760,0.015489025,6.6333184,3.8166635,3490.0447,0.6799463033676147,1.0
"Context:
You can start by selecting the option on the left, and you should wait until the loading circle disappears before clicking again. If you’re following along, you’ll notice the screen changes as each step completes. You can also take the offer at the bottom if you want extra features, but you don’t have to decide right now. If you choose it, you’ll see the discount applied immediately at checkout. You can come back later and change your plan without redoing the setup.",31.213606,3.440854,973,7.1499996,0,0.13271026,599.8346,5.5166326,0.0,79515,752,0.009457335,6.6227365,4.0843253,4519.881,0.37200799584388733,0.0
"Context:
My ranking against opponents barely changed all month, so I stopped obsessing over the number. In the next competition I focused on clean play, and the wins came more naturally. When I finally looked again, the ladder had shifted in my direction. The climb felt earned rather than chased.",102.95182,4.634261,974,9.69375,0,0.16178012,597.1805,6.419261,0.0,44603,758,0.016994372,6.6306834,3.6339014,3691.3093,0.6743238568305969,1.0
"Context:
When you click the help button, you can read a short explanation that tells you what each option does. You should follow the steps in order so you don’t miss the confirmation screen. If you want, you can also accept the promotional upgrade that appears at the end of the flow. You’ll see the discount applied before you finalize anything. After you confirm, you can go back to your work without revisiting the tutorial.",32.762375,3.4892807,975,7.737499,0,0.12681703,445.89474,5.346116,0.0,69115,754,0.010909354,6.6253924,3.8537903,3516.0479,0.6154782772064209,1.0
"Context:
On the radio, the host read an upbeat script about a meal-delivery deal for first-time customers. The jingle repeated the phone number until it stuck in my head. When I arrived at work, the same promotion appeared on a poster by the elevator. It felt like the day had been wrapped in one long pitch.",64.050255,4.159668,976,8.09375,1,0.16737217,552.60626,6.0182834,0.0,52031,758,0.0145682385,6.6306834,3.8725803,3301.6616,0.6799463033676147,1.0
"Context:
You can start the setup by plugging the cable in before you press the power button. When you see the first screen, you should select the option that matches your region so the defaults make sense. If you choose the wrong setting, you can go back without losing the rest of your progress. You’ll know it’s saved when the confirmation message appears at the bottom. Once you close the window, you can begin using the tool right away.",30.907682,3.4310048,977,6.859375,1,0.1093516,706.00006,5.455575,0.0,71341,751,0.010526906,6.6214056,3.6167884,6456.2393,0.6710981726646423,1.0
"Context:
The press release read like a patch note: version 3.5, fixes, known issues, and a short line of punctuation-heavy disclaimers. It also included a product insert for an antiseptic wipe, naming chlorhexidine and noting contact time in seconds. The event took place at Riverside Center, a venue two stops past City Hall. The schedule listed talks, demos, and screenings, and the speakers were shortened to AL, MQ, and reps from the Org Dev Lab.",87.09201,4.466965,978,9.66875,0,0.18844399,602.97406,6.6333976,0.0,77303,762,0.009857315,6.6359468,4.377985,3199.7522,0.2774311602115631,0.0
"Context:
The street market was packed so tightly that walking became a slow shuffle. Vendors called out prices, scooters squeezed through gaps, and every corner felt like a contest for attention. The noise bounced off the buildings and turned into a constant roar. He left with a full bag and the strange feeling of having survived something.",78.135704,4.358447,979,8.2125,1,0.13906033,844.0151,6.9550743,0.0,49793,753,0.015122607,6.6240654,3.357918,6069.4165,0.6903191804885864,1.0
"Context:
If you want a faster checkout, you can save your details so you don’t retype them next time. You should read the note under the button so you know what will be stored and what won’t. When you see the confirmation banner, you’ll know the change is active. If you decide you don’t like it later, you can turn it off in settings without losing your account. You’ll still be able to browse the same way either way.",22.980003,3.1346245,980,6.8999996,0,0.1602015,812.16547,6.827262,0.0,78035,755,0.009675146,6.6267176,4.0409374,5069.6494,0.40408986806869507,0.0
"Context:
I updated the company website by merging a pull request and deploying the changes through our CI tool. Right after that, I posted an ad for our open role and included the link to the application page. A few candidates replied asking what programming stack we use and whether remote work is possible. I answered quickly, then went back to monitoring the release.",69.445305,4.2405396,981,8.30625,1,0.09991274,398.12033,4.029924,0.0,53514,758,0.014164518,6.6306834,3.6611156,3984.6802,0.6029230356216431,1.0
"Context:
Their itinerary started at Gate 14 in Copenhagen and ended at Hall 3 for the expo where the new robotics demo would run all weekend. The badge list included company names and booth numbers so visitors could find the right entities quickly. To avoid confusion, the coordinator added a line telling everyone to check the FAQ page for additional information about badges and entry times. She also highlighted the sponsor names so nobody missed the right booth.",86.64251,4.4617906,982,8.9875,1,0.10930572,610.7171,4.580189,0.0,64666,761,0.011768162,6.6346335,3.8433816,5587.2383,0.5416417121887207,1.0
"Context:
At the deli counter, the manager apologized and explained that the sliced turkey was being recalled due to possible Listeria contamination. I saw a neighborhood post sharing the recall link and re-shared it so more people would notice. That evening, I disinfected the cutting board and threw out leftovers that had been sitting too long. The next day, the store put the notice right by the entrance.",50.19565,3.9159284,983,8.79375,1,0.14170119,716.6166,6.2710414,0.0,62439,763,0.012219926,6.637258,3.7592099,5057.2373,0.5483043193817139,1.0
"Context:
The sports club said attendance hit 3,400 for the derby, and they sounded proud of the crowd. After the match, I met Lev in the parking lot and he complained about the heat in the stands. We walked slowly to the bus stop and talked about the next fixture. The number was still on the poster as we passed.",43.670708,3.7766776,984,7.921873,1,0.12928589,838.7068,6.909713,0.0,52025,755,0.014512254,6.6267176,3.2753553,6487.226,0.6903191804885864,1.0
"Context:
He took painkillers only when necessary, following the doctor’s instructions to the letter. His afternoon was packed with demo calls where he explained how the software improved pipeline visibility for the sales team. At dinner, his friends argued about 'Disco Elysium' and whether it counted as literature. A news report about Listeria linked to packaged salads made the restaurant swap out their greens. The walk home through the lingering heat felt longer than it should have.",137.94,4.926819,985,9.46875,0,0.11451737,395.4662,4.5238,0.0,71354,760,0.01065112,6.6333184,3.95585,3453.3293,0.5668652653694153,1.0
"Context:
The inhaler instructions mention micrograms per dose and list the active compound in full. It advises rinsing the mouth afterward to reduce the risk of candidiasis. A short paragraph explains how the propellant delivers the medication into the airway. When used correctly, breathing becomes easier within minutes.",58.766483,4.0735717,986,8.8375,1,0.12568307,591.8722,5.11954,0.0,46825,754,0.01610251,6.6253924,3.5985293,4709.2437,0.6809203624725342,1.0
"Context:
The student compared points earned, grade levels, and leaderboard rank after each assignment. The school announced a special awards assembly to recognize the top performers. Friends whispered about who would be called to the stage. The program described it as a noteworthy event with a short formal speech.",108.5156,4.686894,987,9.75,1,0.15026218,565.3309,5.7136254,0.0,43110,752,0.017443748,6.6227365,3.6360388,3762.2966,0.704649806022644,1.0
"Context:
Keystone Labs, a division of Silvercrest Holdings, partnered with a local branch for outreach. The announcement named the parent company, the subsidiary, and the site team, with commas breaking up every clause. It felt like a formal statement, but it was still just an email. I forwarded it to the right department and moved on.",74.61227,4.312305,988,8.299999,0,0.14915933,636.4726,5.3572493,0.0,53519,761,0.01421925,6.6346335,3.9606185,4267.0654,0.5002347230911255,1.0
"Context:
My laptop kept overheating, so I replaced the thermal paste and cleaned the vents. After that, I upgraded the SSD and noticed the boot time dropped immediately. A new router improved the Wi-Fi coverage, which made video calls more stable. Small electronics fixes ended up saving me from buying a whole new machine.",49.870094,3.9094214,989,7.3125,1,0.09995246,406.08273,4.100037,0.0,49055,752,0.015329732,6.6227365,3.5071156,4062.7588,0.7016916275024414,1.0
"Context:
The conference app showed a guaranteed seat in the sold-out session, and she was gaining access that others could not. She clipped her badge to the lanyard and fastened the clasp so it would not drop in the crowd. A panel on finance and healthcare security focused on maintaining stability during data breaches. After the last talk, she made the travel arrangements certain and closed the itinerary on her calendar.",77.07827,4.3448215,990,9.6625,0,0.14449157,780.31586,6.039235,0.0,63179,760,0.0120293135,6.6333184,3.8201554,5400.425,0.595548689365387,1.0
"Context:
We shared the link with a donation request and asked people to repost the media clip. Blue Harbor Tech, a subsidiary of Coastal Systems, handled the hosting, and the Dublin office was listed, in the partner sentence. I joined the planning call because I wanted to understand the timeline before speaking. The report showed 95,000 DKK collected, 1,800 applicants considered, and 9 recipients chosen, plus a game attendance of 5,600. After the call ended, I walked down the hall and into the stairwell to clear my head.",86.639244,4.461753,991,9.049999,0,0.15539469,597.391,5.623061,0.0,83259,767,0.009212217,6.6424866,4.3521605,3844.3462,0.08598602563142776,0.0
"Context:
The clinic started her on a targeted migraine medication after months of trial and error. She tracked triggers, took the tablet at the first warning signs, and noted how quickly it worked. When the headaches returned more often, the neurologist suggested a preventive injection and reviewed the risks. The insurance approval took a week, but the pharmacy called as soon as it cleared. By the second month, the attacks were shorter and less frequent.",57.31408,4.0485463,992,8.80625,1,0.101382636,557.36847,4.2978916,0.0,65414,756,0.011557159,6.6280413,3.7697906,5497.672,0.6558776497840881,1.0
"Context:
The antique shop smelled like old paper, and Fei immediately drifted toward a shelf of framed newspaper clippings. I leafed through a binder of historical accounts and obituaries, noticing how often the same names resurfaced across decades. A customer at the counter used a quick-relief inhaler after laughing too hard, then resumed bargaining like nothing happened. The owner rang up my purchase under a business name that didn’t match the storefront sign and asked if I wanted to join a loyalty program for discounts. When she wrapped the item, the gift paper had a raised floral pattern that made the plain brand name look ornate.",89.822685,4.4978375,993,8.9375,0,0.11022467,403.4286,4.448226,0.0,98109,767,0.007817836,6.6424866,4.279389,3660.0571,0.10140428692102432,0.0
"Context:
The opening paragraph of my pitch was only four lines, but I edited the beginning section for an hour anyway. Then I showed a list of features the tool includes, because the audience wanted specifics. A separate message contained a list of performers and the running order, and it made the timing constraints obvious. When the livestream tool refused to connect, a support technician stayed with me until it worked. I financed the extra equipment using a revolving credit line for a short period.",90.4476,4.5047708,994,8.78125,0,0.14566797,736.9683,5.8390822,0.0,71363,763,0.010691815,6.637258,4.079416,5059.234,0.34582239389419556,0.0
"Context:
She posted an ad for her new tutorial series and included a link to the full playlist. The caption asked viewers to share it with anyone who was learning the same topic. At the end of the post, she mentioned a donation button for those who wanted to support future uploads. A small giveaway was attached to the launch, with a random draw announced next week. People kept replying with screenshots to prove they had clicked through.",42.887985,3.7585917,995,7.5062494,1,0.12341082,475.09024,5.2488465,0.0,66143,756,0.011429781,6.6280413,3.8195004,3849.6643,0.6407976150512695,1.0
"Context:
The little coastal town felt welcoming the moment the train doors opened. Cafés spilled onto the sidewalk, and strangers gave directions without being asked. In the evening, the harbor lights reflected softly on the water and made everything look calmer. She left thinking it was the kind of place you return to.",71.33975,4.2674537,996,9.075,1,0.10861459,381.19598,4.6429987,0.0,46822,754,0.016103541,6.6253924,3.402925,3509.6206,0.6905945539474487,1.0
"Context:
The concert night had a loud, intense quality, like the city had turned up the volume on purpose. The air was cold and sharp, and the metal railing felt icy when I grabbed it. My ears rang even after the last song. On the walk home, the quiet streets felt almost unreal.",68.328735,4.2243304,997,7.8062496,0,0.072588995,315.84213,3.3462627,0.0,46821,753,0.016082527,6.6240654,3.2190928,4351.102,0.6688607335090637,1.0
"Context:
When we sold the apartment, the paperwork wasn’t just signatures and keys; it came with a tax bill tied to the transaction. The broker explained that a percentage of the sale price had to be withheld and sent to the authorities on schedule. I didn’t want to guess, so I called the municipal help line and asked for the exact steps. The agent walked me through the form numbers and where to submit proof of payment. That call saved me from filing the wrong document.",50.743225,3.926778,998,7.987499,1,0.12146742,529.581,5.019213,0.0,75808,761,0.010038518,6.6346335,4.018264,4359.8604,0.29101839661598206,0.0
"Context:
The shop window displayed a limited holiday candle with a label that looked hand-printed. Each one had a slightly different swirl of wax, as if it had been poured slowly rather than stamped out by a machine. The owner said this edition only appeared in December and would not be restocked. I bought it because it felt like a small, notable event you could carry home.",74.85081,4.315497,999,9.387499,1,0.17147772,859.9399,7.382662,0.0,57973,757,0.013057803,6.629363,3.7677362,5014.878,0.6611161231994629,1.0
"Context:
The legal update mentioned special counsel again, this time alongside revised cost estimates and rate assumptions. Analysts recalculated the expected settlement amount and compared it to prior returns. A small change in the projected rate moved the total by millions. The memo ended with a focused set of numbers for leadership.",122.02308,4.80421,1000,10.0,1,0.17461942,626.376,6.89273,0.0,45342,756,0.016673284,6.6280413,3.5798326,3587.0923,0.7838283777236938,1.0
"Context:
My friend wrote a cheerful recap of a local tournament and dropped the team names like everyone already knew them. He included the scoreline plus a quick note about the prize money and registration costs. The post pinned the location, listed the field number, and referenced the organizer’s name. I attached a short highlight reel, chose an MP4 export, and let the platform compress it for faster viewing. Afterward, I checked deals on RAM upgrades and a new leash.",115.087776,4.745695,1001,9.343748,0,0.09937686,313.188,3.623225,0.0,72839,757,0.010392784,6.629363,4.11538,3151.5183,0.4072256088256836,0.0
"Context:
During a client pitch, I mentioned that I learned SQL while bingeing ""Mr. Robot"" in college. The room laughed, but the new automation workflow I built actually saved them hours each week. After the meeting, I updated the documentation and pushed the changes to the shared repo. That night, I played one more episode and felt oddly proud of the day.",70.89351,4.261179,1002,8.75,0,0.12829287,737.8497,5.639551,0.0,56482,753,0.013331681,6.6240654,3.6366315,5751.291,0.6774144768714905,1.0
"Context:
A bookstore created a special edition of a classic novel with a new cover and a numbered slipcase. The listing showed price, traffic rank, and popularity across the site. Collectors debated the grade of the binding. The manager said the edition would stay on the shelf only until the stock count hit zero.",74.046074,4.3046875,1003,9.025,1,0.13866018,629.0301,5.698085,0.0,47569,755,0.015871681,6.6267176,3.574439,4536.487,0.6976202726364136,1.0
"Context:
The seating chart put me in the fifth chair, but the usher insisted I was in the fourth row. I counted from the aisle and realized the first chair was not where I assumed. The third seat ended up by the window, not the middle. Once the order clicked, everyone stopped shuffling.",58.90294,4.075891,1004,7.8625,1,0.10405927,390.15793,4.3640814,0.0,46828,758,0.016186897,6.6306834,3.471623,3749.3816,0.6341503858566284,1.0
"Context:
A guttering company came by to clear the downspouts before winter. They set up a ladder, scooped out wet leaves, and flushed the line with a hose until the water ran clean. The crew pointed out one loose bracket and tightened it without making a fuss. By afternoon, the roof edge looked neat again and the splash marks were gone.",76.91805,4.3427405,1005,8.275,1,0.111662,684.76697,5.1711473,0.0,54999,755,0.013727522,6.6267176,3.535388,6132.4976,0.6967390179634094,1.0
"Context:
Before the open house, a handyman service patched small holes and fixed a sticky door. Buyers praised the place for its well-kept quality and the quiet feel of the rooms. The door hinge came from the original hardware set, and a new latch component was installed to stop the scrape. A member of the owners’ committee noted that only some of the storage cages transfer with the apartment.",113.584305,4.7325454,1006,10.462495,0,0.1731342,679.8549,7.121826,0.0,61698,763,0.01236669,6.637258,3.8094752,3926.7512,0.408390074968338,0.0
"Context:
The café had a cozy, welcoming atmosphere that made strangers talk like friends. I opened my laptop anyway and checked my ranking against a few rivals, trying not to care too much. The pleasant vibe softened the sting of seeing myself below someone I usually beat. I stayed longer than planned because the place felt good.",91.76517,4.5192327,1007,9.224998,1,0.10764889,382.1955,4.732514,0.0,48309,752,0.015566458,6.6227365,3.371466,3550.3896,0.7348887324333191,1.0
"Context:
The laptop was assembled from a new battery, a refurbished motherboard, and a second-hand screen. The technician said the overheating came from a cracked heat pipe, so that component was swapped out first. Afterward, the fan curve was adjusted to match the new hardware. It now runs smoothly, even under heavy loads.",38.25996,3.644404,1008,7.124994,1,0.15092441,603.7735,5.86788,0.0,51292,757,0.014758637,6.629363,3.7969506,4000.5024,0.6511692404747009,1.0
"Context:
The weekly paper ran a story that turned a small complaint into a full-blown issue overnight. Letters poured in, and the editor printed responses that barely hid their frustration. It felt like the town had split into camps over something that started as a single rumor. The uproar was loud enough to drown out everything else.",56.60366,4.0360737,1009,7.859375,1,0.12900229,413.1489,4.6932893,0.0,49066,761,0.015509722,6.6346335,3.7688947,3202.6477,0.46733546257019043,1.0
"Context:
The local radio spot promoted a new salon package and repeated the address until it sounded like a mantra. When I arrived, the storefront displayed branded bottles and a sign for an evening launch party. While waiting, two customers debated the Buddha’s teaching on craving as if it explained their shopping habits. I walked out with a smoother haircut, a coupon for next month, and an unexpected thoughtfulness.",143.4211,4.965785,1010,9.75,0,0.15659514,411.391,5.501772,0.0,61699,763,0.012366489,6.637258,4.0293484,2627.0994,0.40024542808532715,0.0
"Context:
Her expertise was in logistics planning, so she tracked shipment counts, delay rates, and cost per route every morning. When leadership asked for improvements, she showed the performance numbers and proposed a new lane strategy. A month later, the rates dropped and on-time performance rose. The team treated the optimization as her signature specialty.",102.014496,4.625115,1011,9.5,1,0.11613436,398.12033,4.651923,0.0,50544,758,0.014996834,6.6306834,3.6631775,3428.101,0.613896906375885,1.0
"Context:
The first paragraph sounded uncertain, so I rewrote the beginning section to start with the outcome we promised. Then I attached a list of product features and upgrades, keeping the language simple. The coordinator shared a list of events and sports teams for the weekend, and that list showed which day would be crowded. When the payment page froze, customer support escalated the case and called back with a fix. We paid the deposit using a revolving credit line and cleared it after the first payout.",76.820694,4.341474,1012,8.912498,0,0.16173008,575.9474,5.9860435,0.0,73591,767,0.01042247,6.6424866,4.2079616,3561.1643,0.1373480260372162,0.0
"Context:
Our guidebook came in four parts, and the first option for assignments was only available at level two. A printed list on the table numbered the supplies, so I grabbed number three and left number four for my partner. The sign on the door said to meet at the second hallway, third door, because our group was the second team for the session. The setup followed step 1, step 2, and step 3 in order, then we compared results and marked the first and fifth entries as the best and worst.",65.06488,4.175385,1013,8.78125,0,0.13887621,452.23056,4.7742395,0.0,78795,764,0.009696047,6.638568,4.3433237,3256.3572,0.23259708285331726,0.0
"Context:
You can start by clicking continue, and you should keep going even if the screen flashes for a second. If you’re offered an extra bundle, you can take it and the discount will show at the end. You’ll know the system accepted your choice when the banner appears at the top. If you don’t like the result, you can undo the change before you exit. When you finish, you can close the window and carry on.",36.01386,3.5839038,1014,7.781248,0,0.15099832,716.6166,6.43442,0.0,72085,755,0.010473746,6.6267176,3.9309702,4745.858,0.5724790096282959,1.0
"Context:
Lev Levison carried a small cooler bag because the heat had ruined his lunch the day before. He took his prescription with breakfast, then spent the morning troubleshooting a software issue affecting sales reporting. Someone in the chat quoted 'Parks and Recreation', and Lev replied with a line he remembered. A news update about Listeria contamination made him decide against buying pre-cut fruit on the way home. In the evening, he helped a neighbor figure out why their name was missing from the voter rolls.",90.21854,4.502235,1015,8.3375,0,0.124556705,382.1955,4.8059807,0.0,77296,757,0.009793521,6.629363,4.1048813,3068.4458,0.4329322576522827,0.0
"Context:
The street fair was packed and high-energy, with people pushing toward the stage and vendors competing for attention. The heat, the smell of grilled meat, and the rough texture of a paper ticket in my hand made the scene feel close-up and real. I could barely hear my friend beside me. When the crowd shifted, the whole environment moved like one body.",51.25738,3.9368596,1016,7.5000005,0,0.16449703,796.24066,6.740692,0.0,57232,758,0.013244339,6.6306834,3.7668333,4840.456,0.6611161231994629,1.0
"Context:
They filmed the street parade in Aarhus and made sure the banner with the date 17/05 was visible in the first shot. The crowd kept shouting the city name whenever a float rolled past. Back at the hotel, she uploaded the footage to a sharing site and chose a format that would play smoothly on most phones. The next morning, the clip was already circulating among friends.",65.53574,4.1825957,1017,7.7906246,0,0.12924844,796.24066,5.752512,0.0,59462,757,0.01273082,6.629363,3.664876,6160.5435,0.6303759217262268,1.0
"Context:
When the package arrived late, the tracking page listed a facility I had never heard of. I looked up the address and found it was the source warehouse, not the local depot. The timeline made sense once I separated the origin scan from the transfer scans. Everything after that was just movement.",68.34617,4.2245855,1018,8.9375,1,0.14333034,435.27823,5.447583,0.0,45349,761,0.016780965,6.6346335,3.6347847,3036.8884,0.5064538717269897,1.0
"Context:
If anything seems unclear, the details are listed in the help center at the bottom of the page. A short line points readers to the appendix for additional information without interrupting the main flow. I followed the reference to the troubleshooting section and found the exact answer tucked under a subheading. After that, I bookmarked the place where the extra notes live so I could return quickly.",44.14698,3.7875245,1019,8.15,1,0.11937463,461.81958,5.4830146,0.0,59452,753,0.01266568,6.6240654,3.5685742,3868.6575,0.7329379320144653,1.0
"Context:
I started ""Breaking Bad"" for the first time on the same week I began a new blood-pressure pill. The pharmacist had warned me about dizziness, so I stood up slowly during the first commercial break. The opening theme hit, and I laughed at how intense it felt while I was reading the dosing instructions. Later, I set the blister pack beside the TV stand so I wouldn’t forget tomorrow.",56.564,4.0353727,1020,8.275,0,0.15606448,1019.188,6.241512,0.0,66157,763,0.011533171,6.637258,4.0681763,6530.557,0.39910438656806946,0.0
"Context:
The museum sits across from the cathedral, and the entrance opens into a wide marble hall. One room overlooks the square where street musicians gather every afternoon. I spent an hour in the sculpture wing and then stepped outside to the quiet garden. The whole place felt like an island in the middle of traffic.",44.570957,3.7970824,1021,7.706249,1,0.13271147,513.03815,5.5545774,0.0,47573,758,0.015933407,6.6306834,3.497797,3865.8162,0.6710430979728699,1.0
"Context:
You might spot the raised floral pattern first, because it catches the light when you tilt the box. Then you notice the brand name, Lark & Alder, printed beside the texture as if it is part of the design. The card inside talks to you like a friend and tells you how you can care for the material. A short note says you can exchange it within thirty days if you keep the packaging. You put it back on the shelf and imagine how it would look on your desk.",41.42032,3.7237716,1022,8.068748,1,0.12959778,395.4662,4.819325,0.0,76559,756,0.009874737,6.6280413,4.209742,3051.4888,0.5092960596084595,1.0
"Context:
A targeted ad offered a discount on a subscription service and urged me to sign up before midnight. The company hosted a demonstration at a hotel that also ran an evening cooking event in a side room. While people sampled snacks and tested beauty products, a guest quoted Rumi about longing and attention. I went home with branded coupons, a recipe printout, and the sense that the place was built for events.",108.22916,4.684251,1023,9.2125,0,0.12747718,619.7233,5.8053584,0.0,62439,760,0.012171879,6.6333184,3.6242816,4861.445,0.6083586812019348,1.0
"Context:
The theater ran a special benefit night that felt exceptional, right down to the formal attire and the curated service. During the reception, I met an engineer who described his area of expertise in acoustics and explained why the hall sounded so clear. A vendor sold a holiday special edition poster, hand-crafted with slight ink variations. The lighting crew showed off enhanced features in the new control system that made scene changes smoother. Later, someone mentioned a special counsel statement on the news, and a volunteer talked about special education specialists and special economic grants that fund accessibility.",109.97997,4.7002983,1024,9.162498,0,0.10721162,538.7685,4.3634605,0.0,85481,763,0.00892596,6.637258,4.1317415,5025.281,0.11059374362230301,0.0
"Context:
The hotel emailed a confirmation that my room was held and the late check-out was guaranteed. I double-checked the details on the World Wide Web before I boarded the train. The page loaded slowly on the station Wi-Fi, but the booking reference matched. I saved the screenshot in case the front desk asked for proof.",68.392105,4.2252574,1025,9.5625,1,0.13673785,597.391,5.667404,0.0,51288,756,0.01474029,6.6280413,3.6316113,4368.878,0.6863822937011719,1.0
"Context:
When you pick the default option, you can still customize later without starting over. You should follow the prompts in order, because skipping ahead can hide the buttons you need. If something doesn’t match what you see, you can refresh and try again. You’ll get a confirmation message once the change is applied. After that, you can move on with the rest of your work.",40.381493,3.6983716,1026,7.0499997,1,0.14055243,480.39853,5.9057655,0.0,61681,751,0.012175549,6.6214056,3.799522,3417.9312,0.6762223839759827,1.0
"Context:
The new detergent came with a detailed label that read more like a lab report than a household item. It listed chemical composition, highlighted the active ingredient percentage, and warned about mixing it with certain cleaners. The bottle included size, recommended dilution, and a performance claim tied to stain removal. I chose it because the properties were clear, not because of the slogan on the front.",57.337944,4.0489626,1027,8.799999,1,0.16847572,1072.2708,6.942474,0.0,59471,765,0.0128634125,6.639876,3.9778152,6364.542,0.654549241065979,1.0
"Context:
The seller texted the exact street address of the apartment and the name of the title office, so I would not show up at the wrong door. On the community board, a pinned post explained that certain sales require the buyer to withhold a percentage of the proceeds and send it to the tax office. A side argument erupted about how those requirements hit small sellers harder than people who can float the cash, and the disparities in who gets to own property kept coming up. I spent the afternoon installing updates and writing a short review of a budget printer while I built a simple webpage for tracking receipts. By the time I returned, the thread had been locked and the location details were the only calm thing left.",69.14634,4.236225,1028,8.4375,0,0.12906231,611.3487,5.5482635,0.0,105544,767,0.0072671114,6.6424866,4.25917,4736.849,0.0434904471039772,0.0
"Context:
Half of the water spilled when the bottle tipped in the bag. A few drops soaked the notebook, while most of the mess pooled at the bottom. I saved the pages by blotting them with a towel and letting them air out. By morning, part of the ink had faded, but the notes were still readable.",51.940594,3.9501007,1029,8.6375,1,0.11677774,464.4737,5.23017,0.0,49792,751,0.015082744,6.6214056,3.3600879,3977.4163,0.7661723494529724,1.0
"Context:
The local news reported a small Listeria outbreak linked to packaged salad mixes. The story included interviews with shoppers who had eaten the product days earlier and felt anxious. Stores posted signs at the entrance with instructions for refunds and disposal. Investigators asked the producer for traceability records and cleaning procedures. By evening, the salad aisle looked oddly empty.",99.65665,4.601731,1030,9.4375,1,0.141119,376.88724,5.171547,0.0,52770,755,0.014307371,6.6267176,3.8320742,2670.705,0.6401767134666443,1.0
"Context:
The receptionist told me to take the second hallway and stop at the third door on the right. I counted slowly because every corridor looked identical. A small plaque confirmed I was on the fourth floor, not the third. When I finally found the second waiting area, my name was already called.",41.78017,3.7324219,1031,9.093748,1,0.108846456,365.8458,4.4888067,0.0,46088,759,0.016468495,6.632002,3.481093,3361.1182,0.6098250150680542,1.0
"Context:
Lev Levison took a call from his doctor about adjusting his migraine preventive injection schedule. He then reviewed a resume stack and kept pausing on candidates who listed strong SQL and CRM experience for the business analytics role. On a second monitor, someone had left 'Parks and Recreation' running, and the familiar theme song drifted through the room. A building-wide email advised throwing out certain refrigerated items due to a Listeria recall. After work, Lev swung by the civic office to confirm a correction on the voter rolls.",144.31999,4.972033,1032,9.56875,0,0.10105644,626.376,4.766818,0.0,81750,760,0.009296636,6.6333184,3.8668172,6198.2783,0.10673268139362335,0.0
"Context:
On the train, she read a short passage about forgiveness that mentioned a famous religious figure and a line from an old text. Across the aisle, a poster advertised a weekend meditation workshop with early-bird pricing. The contrast made her smirk, but she bookmarked the page anyway. By the next stop, she’d decided to attend.",80.697296,4.390705,1033,9.424998,0,0.13998944,562.6767,5.4098415,0.0,54264,757,0.013950317,6.629363,3.8108766,4019.4226,0.6427195072174072,1.0
"Context:
During the heatwave, the election office extended hours so people could update their voter rolls without standing outside too long. I shared the announcement link in our group chat so neighbors would know where to go. A staffer named Levison checked my ID and guided me through the form. When I stepped back outside, the hot air felt like it came from an oven.",71.501144,4.2697134,1034,8.699999,1,0.12552342,445.89474,4.9652886,0.0,55745,760,0.01363351,6.6333184,3.7549062,3552.2832,0.6192944049835205,1.0
"Context:
The shop released a special holiday edition candle, hand-poured and numbered on the base. Its label bragged about unique characteristics, including a longer burn and a stronger scent throw. Customers sniffed the sample jars and compared notes. The clerk said the edition would be gone after the weekend market.",124.78478,4.8265905,1035,9.912499,0,0.10222089,392.81204,3.9098723,0.0,46829,758,0.01618655,6.6306834,3.6225846,3842.7764,0.6029081344604492,1.0
"Context:
At the end of the quarter, my manager walked me through the compensation update. The base salary rose, and there was a bonus amount tied to performance targets. She also explained the commission rate for new accounts and how it translated into expected earnings. I left the meeting with a clear understanding of the financial figures, not just a vague promise.",42.53051,3.7502217,1036,7.75,1,0.15994272,491.01508,5.9441185,0.0,52770,756,0.014326322,6.6280413,3.8238456,3069.9434,0.6957229971885681,1.0
"Context:
The anthology collected interviews from decades of periodicals and bound them into a thick volume. Someone hosting a cooking event slipped a promotional card inside, advertising catering services and a sign-up link. The next reader found the ad tucked between essays and laughed. Even the collected works couldn’t escape marketing.",218.43863,5.386505,1037,9.98125,1,0.119954504,605.1429,4.8550434,0.0,47573,759,0.015954427,6.632002,3.632308,5044.77,0.6448394656181335,1.0
"Context:
After the accident, I called the roadside assistance number on the insurance card. The dispatcher verified my location and sent a tow truck without asking for a long explanation. While I waited, she checked in and offered a nearby service station option. The relief came from the small, practical steps they handled for me.",62.345432,4.1326904,1038,8.474998,1,0.05020887,219.94168,2.425296,0.0,47560,751,0.01579058,6.6214056,3.1137238,4380.534,0.7208114862442017,1.0
"Context:
The evening news ended with a feel-good segment about a community library reopening with a new children’s wing. The reporter interviewed families who had donated books, and everyone looked proud rather than performative. I recognized a familiar name in the story and felt oddly happy for someone I’d never met. By bedtime, I’d already decided to visit the place next weekend.",87.33438,4.469744,1039,9.412498,1,0.1698563,520.2106,5.9810257,0.0,62440,762,0.012203716,6.6359468,4.124798,3062.6511,0.429821640253067,0.0
"Context:
The team manager used a website builder to post the schedule, maps, and registration form. During the main game, the opponent targeted the left side, so the fullback adjusted positioning and shut down the lane. The win nudged them up the rankings, and everyone refreshed the table to confirm it. Afterward, a new order of training cones arrived, labeled by diameter and height for the equipment room.",88.39297,4.4817924,1040,9.099998,0,0.122812115,530.8271,4.7416153,0.0,61701,763,0.012366088,6.637258,3.9357042,4322.2695,0.4162672758102417,0.0
"Context:
A sports journalist described the win as historic and quoted the captain in full. They added a few revenue numbers tied to merchandise sales and broadcast rights. The piece referenced the city, the stadium name, and the matchweek number so the context was obvious. I downloaded the official highlight package, converted the file, and re-shared it through a platform that supports multiple resolutions. While it rendered, I compared prices on a refurbished laptop and a cat scratching post.",108.381355,4.685656,1041,9.3125,0,0.11667736,471.77136,4.555557,0.0,70615,764,0.010819231,6.638568,3.9812787,4043.384,0.3152809143066406,0.0
"Context:
I posted a question and refreshed the thread every few minutes, watching new replies stack underneath. Someone quoted my sentence line by line and challenged the assumption I had made. A moderator stepped in to remind everyone to stay on topic, then split the argument into a separate discussion. By the end, the original post had turned into a long back-and-forth with links and edits.",54.102077,3.9908726,1042,8.25,1,0.11742614,411.391,4.5654554,0.0,58719,757,0.012891909,6.629363,3.817501,3503.402,0.6243835687637329,1.0
"Context:
He traced the outline of my eyes with a pencil, explaining how angles change what people notice first. The talk about facial features felt technical, almost like architecture. Outside the studio, volunteers handed out newspapers about the city’s drug crisis and the strain on clinics. I folded the paper and felt the weight of the topic settle in.",120.58439,4.79235,1043,9.5625,1,0.12659033,589.01636,5.490188,0.0,52770,758,0.014364222,6.6306834,3.5946784,4652.9336,0.6793978810310364,1.0
"Context:
The handout said the shuttle ran for [3] hours after the closing talk, so nobody needed to rush. A staff member repeated the same number at the door as people filed out. If you missed any details, it pointed you to Appendix C on page 9 for additional information. He folded the paper and kept it in his badge holder.",75.629486,4.325846,1044,9.04375,0,0.14771615,711.3083,6.1484027,0.0,53514,758,0.014164518,6.6306834,3.7273557,4815.3726,0.6539250016212463,1.0
"Context:
I posted an ad for a used bicycle and included a link to the photo album. At the bottom, I mentioned I was recovering from a medical procedure and preferred porch pickup. A buyer messaged me and kept the exchange short and polite. The sale went through without any hassle.",69.54078,4.2419133,1045,9.325,1,0.0849322,269.39474,3.2298756,0.0,43852,751,0.017125787,6.6214056,3.4864488,3171.88,0.6835917830467224,1.0
"Context:
Fei joined me at the boutique launch, where the brand name appeared everywhere, from the signage to the loyalty kiosk by the door. The invitation cards had a raised floral pattern that felt like carved petals, making the paper seem thicker than it was. A slideshow played on the wall with names of designers and patrons, mixing art credits with business acknowledgments like a news report turned into décor. When the crowd grew dense, someone stepped outside to use a quick-relief inhaler and returned once their breathing steadied. At checkout, the receipt displayed a legal entity name and a finance partner name that didn’t match the storefront, and I suddenly understood why people keep paperwork.",111.926895,4.717846,1046,8.974999,0,0.1356137,844.0151,6.195123,0.0,106291,765,0.0071972227,6.639876,4.2031612,6223.6714,0.04071628302335739,0.0
"Context:
Our group was split into three teams, and I was placed in the second team with the quietest people. The coach asked the first team to start, then waved the second forward. We met near the fifth station on the track, right beside the third cone. By the time the fourth round ended, everyone knew where to stand.",48.3025,3.8774834,1047,7.578124,1,0.15577576,506.55573,5.885018,0.0,52032,756,0.014529521,6.6280413,3.784427,3251.8264,0.7049264311790466,1.0
"Context:
I rewrote the beginning section of the contract summary so the introduction stated the scope clearly. After that, I inserted a list of available features and services included in the quote. The event manager sent a list of performers and times, and the lineup forced us to keep setup tight. When the vendor site would not accept our payment, customer support fixed the account settings. We relied on a revolving credit line to bridge the gap until the final invoice was paid.",76.92219,4.3427944,1048,8.8375,0,0.1572999,599.8346,5.943033,0.0,69881,770,0.011018732,6.6463904,4.138412,3813.318,0.19680386781692505,0.0
"Context:
You buy a quick-relief asthma medication in a compact case from Cedarline, and the cover has a raised floral pattern you can feel through your glove. The pharmacist warns you not to store it in extreme heat, even if the case looks sturdy. Later, you set it on the table and notice the brand name stamped beneath the petals. A friend asks why your inhaler looks fancy, and you explain it came with the case. You decide the texture is nice, but the real value is having the medicine close by.",53.561993,3.9808397,1049,8.0625,0,0.15636593,650.2632,5.7473426,0.0,82516,766,0.009283048,6.641182,4.375849,4158.5986,0.084885373711586,0.0
"Context:
The restaurant closed for a day after a routine test flagged Listeria in the prep area. Management brought in a cleaning crew and replaced containers that could not be sanitized properly. The health department required follow-up sampling before the kitchen could reopen. Staff were retrained on temperature control and cross-contamination risks. When they returned, every surface seemed to gleam a little too brightly.",53.250557,3.9750082,1050,8.625,1,0.1695571,658.2256,6.586267,0.0,60949,760,0.012469442,6.6333184,3.9521444,3882.029,0.6248241662979126,1.0
"Context:
A street team handed me a flyer advertising a charity gala, complete with a QR code and sponsor list. The venue was a restored theater, and the lobby featured a cosmetics counter offering touch-ups before the show. During dinner, my table drifted into a discussion of the Quran’s imagery and how translation changes meaning. The evening ended with me carrying a branded tote bag and the event’s dessert recipe.",99.818115,4.6033497,1051,9.849998,0,0.18631664,772.03864,7.174798,0.0,66174,768,0.011605767,6.64379,4.0535703,4143.6914,0.28255170583724976,0.0
"Context:
The magazine arrived late, but the whole town still read it because it always chased controversy. When the editors finally published a correction, the argument shifted to whether the publication could be trusted at all. People debated the issue at the grocery store as if it were personal. The paper kept selling while the dispute kept growing.",56.74159,4.0385075,1052,7.78125,0,0.11333746,409.33795,4.576443,0.0,49049,752,0.015331607,6.6227365,3.6012902,3611.674,0.7096529603004456,1.0
"Context:
He made the plan definite by choosing a date and shutting down the endless back-and-forth. Later that night we played a board game built around world history, full of globally related concepts and little facts about distant places. Dinner followed the same theme, with a recipe picked from a regional cuisine book. The weekend finally felt settled instead of floating.",116.08786,4.7543473,1053,9.762499,1,0.10205983,464.4737,4.1683745,0.0,54260,758,0.013969775,6.6306834,3.7141893,4550.994,0.6433355808258057,1.0
"Context:
The lab assignment begins with a list of tasks, and the 1st item is to label the samples while the 2nd is to record their weights. After that, the instructions switch into steps: Step 1 rinse the vial, Step 2 add reagent, Step 3 start the timer. I nearly skipped the 3rd task because the list and the steps looked similar on the page. When the supervisor checked my work, she asked why my 4th measurement was missing.",42.97802,3.7606888,1054,8.174999,0,0.14245082,549.9347,5.593864,0.0,72103,765,0.010609822,6.639876,4.064798,3860.523,0.19854064285755157,0.0
"Context:
At the clinic, the team focused on keeping patient records stable and protected during the system upgrade. New access rules were introduced so only authorized staff could reach sensitive files. The compliance officer walked through procedures meant to maintain security without slowing care. By the end of the week, the rollout was considered safe and controlled.",85.04359,4.443164,1055,8.25,1,0.103770204,465.62192,5.0724792,0.0,48306,752,0.015567425,6.6227365,3.2317843,4487.0483,0.7469136118888855,1.0
"Context:
The landlord handed me a written confirmation that my storage unit was reserved. In the same breath, he fastened a new padlock to the door and made sure it joined the hasp securely. I tugged the metal once to test it. The lock did not budge.",49.823418,3.9084852,1056,9.649999,0,0.10028192,401.66287,3.9121208,0.0,43854,758,0.017284626,6.6306834,3.5199988,4005.337,0.6014565229415894,1.0
"Context:
The recipe laid out clear steps: first toast the seeds, then add the onions, and finally simmer everything for ten minutes. I wanted the source of the method because it tasted like something from my grandmother’s kitchen. My aunt explained the origin was a small village cookbook that got copied around the family. When I repeated the process, I added an extra step between the second and third stages.",67.92164,4.2183547,1057,9.431249,1,0.17481585,511.67245,5.6127973,0.0,62455,760,0.012168761,6.6333184,4.297646,2926.9226,0.6664968132972717,1.0
"Context:
The wallpaper sample arrived rolled tight, and when I uncurled it the raised floral pattern stood out like sculpted foam. A brand name was printed along the edge, partly hidden by the tube’s shadow. I held it against the wall and watched the bumps cast tiny outlines in the afternoon sun. Each flower seemed to shift as I moved, turning flat color into something dimensional. I understood why people pay extra for texture.",117.27533,4.7645245,1058,9.643749,1,0.10860011,511.67245,4.662198,0.0,66900,764,0.01142003,6.638568,3.830359,4711.528,0.4693719446659088,1.0
"Context:
The tech support form asked for every detail, from GPU model to operating system build, before it would accept my ticket. I filled it out while reading a weekly periodical whose newest issue was fueling a controversy across town. A photo essay inside focused on faces, pairing close-ups with reporting on poverty and strained public services in a way that felt uncomfortably intimate. When I got home, I stacked the magazine with older issues and collected volumes that traced the same problem over decades.",96.44473,4.56897,1059,9.3375,0,0.13392241,447.429,4.914463,0.0,74328,763,0.01026531,6.637258,4.186827,3340.9568,0.26625117659568787,0.0
"Context:
He visited the capital for a leisure weekend and found a pleasant corner near the park. A packed street basketball run made the square intense, with players arguing calls and spectators cheering each move. The air smelled of rain on asphalt, sneakers squeaked sharply, and a nearby food cart hissed with steam. The evening had a distinct quality, restless and social, like the city refused to slow down. The mood felt energetic and urban, a gritty kind of ambiance that suited the lights.",121.46595,4.799634,1060,9.75,0,0.07604313,338.40228,3.540908,0.0,74318,755,0.010159046,6.6267176,3.6634674,4450.136,0.6226441860198975,1.0
"Context:
We calculated the net proceeds twice because the tax holdback changed the numbers. The broker warned that ignoring the withholding requirement could create a liability for the wrong person. A clerk printed instructions for where the withheld percentage had to be filed and paid. The final settlement statement showed the money leaving in two different directions.",136.8394,4.918808,1061,9.306249,1,0.10063498,557.36847,4.7536297,0.0,47562,752,0.015810942,6.6227365,3.3519678,5538.516,0.7408725023269653,1.0
"Context:
The operations team tracked quantities like shipment counts, error rates, and average handling time to monitor performance. A specialist team offered a special training session for new hires during peak season. Supervisors used the numbers to pick which stations needed help first. The training was framed as an enhanced program with practical drills.",129.62498,4.8646455,1062,9.0,1,0.13900633,575.63153,5.3974175,0.0,46828,754,0.016101478,6.6253924,3.6550844,4141.0454,0.6847023963928223,1.0
"Context:
My membership in the running club started with a trial session, then a small fee for the season. The organizer explained the group’s kit, pointing out attributes like reflective strips and breathable fabric. I bought the top that fit best and showed up for the first interval day. It was easier to commit once I felt included.",135.941,4.912221,1063,10.018749,0,0.09574456,748.4662,4.694059,0.0,52026,755,0.0145119745,6.6267176,3.4205532,7817.323,0.5749683976173401,1.0
"Context:
Our meeting point was the small café by the central station, a place everyone in town knows. I brought the spare key that belonged to my neighbor and explained it originally came from the landlord’s office. After coffee, we walked to the building entrance and checked the mailbox labels. By the time we split up, the handoff felt routine and the location did all the organizing for us.",75.26527,4.3210187,1064,7.9125004,1,0.12410169,488.52066,5.0919886,0.0,60951,761,0.012485439,6.6346335,3.7840037,3936.4546,0.4444723129272461,0.0
"Context:
The courier could not find the house until I added the exact coordinates and the name of the corner shop nearby. Later, in an online thread, people debated a rule that requires withholding a percentage of the property sale price and remitting it to the tax office. One commenter insisted the policy is fair, another pointed to widening financial disparities in the same neighborhoods being discussed. I spent the evening fixing a software bug on my website and writing a short review of the headset I used while coding. The thread ended up reading like a messy map of both places and positions.",79.59989,4.3770127,1065,8.174999,0,0.124054745,597.391,5.214563,0.0,85478,766,0.00896137,6.641182,4.1134415,4815.5435,0.08035026490688324,0.0
"Context:
The city hosted a special commemorative dinner that felt exceptional, complete with a formal speech and a curated service flow. A historian beside me defined her area of expertise and stuck to it even when the table tried to jump topics. The gift on each plate was a holiday special edition chocolate, hand-crafted and stamped with the event year. An upgraded badge system had enhanced characteristics that made entry smoother and lines shorter. After the program, attendees discussed a special counsel update and then turned to special education specialists and special economic incentives announced for local businesses.",162.44519,5.0903406,1066,9.5625,0,0.12631261,443.24063,4.5324945,0.0,82511,764,0.009259371,6.638568,4.3215876,3509.0764,0.20466823875904083,0.0
"Context:
The special edition focused on childhood nutrition, but the letters section showed how heated the topic had become. One reader praised the reporting, another called it fearmongering, and both sounded certain. The layout was beautiful, yet the underlying concern was messy. I kept flipping back to the statistics to ground myself.",95.40042,4.558083,1067,9.506249,1,0.12836042,406.08273,4.4705048,0.0,47571,757,0.015913056,6.629363,3.814991,3163.6133,0.5778002142906189,1.0
"Context:
He got an alert about a deli meat recall and realized he had just made sandwiches from the same brand. The announcement mentioned Listeria and urged people to discard the product immediately. He wiped down the fridge shelves, tossed the leftovers, and washed the cutting board with hot soapy water. Later, he read that older adults and immunocompromised people were at higher risk. The whole situation made him rethink how he stores ready-to-eat foods.",38.590736,3.6530123,1068,8.009374,1,0.14796622,1189.0527,6.7926183,0.0,72839,757,0.010392784,6.629363,3.9935691,8035.974,0.365440309047699,0.0
"Context:
The website had a section that spelled out what the service includes. It listed add-ons, storage tiers, and the specific tools available on each plan. I clicked through the options until the differences were obvious. The list was dull, but it prevented an expensive mistake.",58.027878,4.0609236,1069,8.974998,1,0.14816615,615.7594,6.3134527,0.0,42371,756,0.017842392,6.6280413,3.4657054,4155.871,0.6875959038734436,1.0
"Context:
You can choose the basic mode if you want something simple, and you can switch later without losing your work. You should read the small labels under the toggles because they explain what changes right away. If you decide to upgrade, you’ll get the promotional price shown on the banner at the top. You can cancel the upgrade later if it doesn’t fit, and you won’t be stuck with it. When you’re done, you can return to the main screen and keep going.",31.119148,3.4378233,1070,6.7874994,0,0.1442444,498.97748,5.7089963,0.0,80261,753,0.009381891,6.6240654,4.1065125,3459.2502,0.4658246338367462,1.0
"Context:
The replacement hinges came from a supplier that sources components in Italy, so the package included a note about origin and materials. I followed the hardware documentation that mentioned v2.1 compatibility and a torque spec written as 3.0 N·m. The instructions used abbreviations like mm, qty, and S/N, plus plenty of punctuation around warning labels. Once the screws were set, the cabinet door swung cleanly with no wobble.",77.18365,4.3461876,1071,9.16875,1,0.10665099,541.44366,4.6786637,0.0,69861,756,0.010821489,6.6280413,3.8456812,5076.7803,0.6396805047988892,1.0
"Context:
The local club scheduled a friendly, and we lined up for a straightforward game against the neighboring town. Their area was known as an easy getaway with good food and wide bike paths, so a few of us stayed overnight. After the final whistle, we ate by the harbor and talked about the best spots to visit. The trip felt like a small vacation wrapped around a clean contest.",59.755253,4.090257,1072,8.3125,1,0.103958584,432.11118,4.62513,0.0,59461,759,0.012764669,6.632002,3.6052787,4156.5703,0.6708076596260071,1.0
"Context:
Only some of the chairs matched, so I tried to choose a set based on their shared attributes. I bought four of the same model and kept two of the older ones as backups. A portion of the dining area looked coordinated at last, even if part of it stayed eclectic. It turned out the mix made the room feel more lived in.",73.01237,4.290629,1073,8.43125,0,0.11318969,355.65414,4.667812,0.0,53512,755,0.014108985,6.6267176,3.588283,3142.1072,0.6340793371200562,1.0
"Context:
His weekend list started with a stop in Odense for a new set of shelves, then continued with a quick visit to the vet clinic across from Station 2. He underlined the place names so he wouldn’t mix them up. The receipt had the store name, the address, and a few item numbers for returns. By Sunday evening the apartment looked better and the dog was calmer.",91.49523,4.516287,1074,9.799999,0,0.14201663,446.64746,5.4145217,0.0,61691,761,0.012335673,6.6346335,3.9715948,3145.0361,0.45458346605300903,1.0
"Context:
At the community event, the speaker reads personal names from a memorial plaque and then from an obituary printed in the program. In the middle of it, you hear a short excerpt from a historical account that was quoted in a recent news report. The host shifts to a talk about a gallery show and mentions the artist by name, then adds how the same name appears in a business interview about sponsorships. You sit quietly, because you recognize one of the surnames from your own street. Later, you search for the recording so you can share it with your cousin.",48.73322,3.886361,1075,8.674998,1,0.15849529,550.0479,5.6791987,0.0,87725,763,0.008697635,6.637258,4.440304,3470.437,0.30876752734184265,0.0
"Context:
The hotel lounge felt elegant in a quiet, effortless way. Soft chairs, muted colors, and steady service made the space feel polished. Even the conversations sounded calmer there. She could have stayed for hours without needing a reason.",91.31039,4.5142646,1076,9.38125,1,0.12237868,504.28574,4.8996973,0.0,37164,753,0.020261543,6.6240654,3.323849,4120.699,0.5999473333358765,1.0
"Context:
I promised to do it for [30] seconds only, just to test the idea. The instructions also mentioned of [5] attempts, which made the limit feel fair. When I reread the message, the bracketed quantities were the only parts my eyes kept catching. It was oddly calming to have the numbers framed that way.",91.35054,4.514704,1077,8.3125,1,0.1654475,429.96994,5.801714,0.0,52030,759,0.014587738,6.632002,3.9322968,2598.83,0.6573916673660278,1.0
"Context:
She built a portfolio with a template kit and customized it using a drag-and-drop builder. The media library organized photos into folders, and a form tool routed inquiries to the right inbox. She set roles so collaborators could write drafts but not publish. The version history let her undo a mistake in seconds.",140.10303,4.942378,1078,9.599999,1,0.17863835,629.0301,6.3408384,0.0,48326,759,0.015705831,6.632002,3.8726754,3521.2488,0.7394872903823853,1.0
"Context:
The clinic advised her to start a new asthma inhaler, and she tucked it into her bag beside her laptop. At work she demonstrated a Tableau dashboard for the sales team, then joked about staying up too late watching 'The Crown'. A coworker walked in with a printed notice about Listeria found in a local cheese brand, and the office fridge was cleaned out immediately. Outside, the heat was so intense that the air conditioner ran nonstop. She ended the day confirming her registration after hearing the voter rolls had been updated.",65.362915,4.179955,1079,8.737499,0,0.12970188,934.2557,6.1102014,0.0,83253,762,0.009152823,6.6359468,3.9870396,7203.1,0.09104977548122406,0.0
"Context:
The cruise brochure described a formal night as the highlight of the itinerary. Passengers were invited to dress up, and the dining room switched to an exceptional menu with a sommelier making rounds. A special toast was poured at every table at the same moment, like choreography. The evening made the whole trip feel larger than its schedule.",62.318714,4.1322618,1080,8.687497,1,0.13902272,575.63153,6.0327835,0.0,54262,762,0.014042976,6.6359468,3.5693777,4140.557,0.5005508661270142,1.0
"Context:
The meeting agenda was a neat numbered list, and I was assigned the 3rd point right after the budget update. Before I spoke, I double-checked the source of the numbers in the spreadsheet because last time they came from an outdated export. The finance lead confirmed the origin was the new quarterly report. Once the 4th item wrapped up, the chair asked if anyone wanted to add a 5th.",73.95873,4.3035073,1081,8.681249,1,0.14274396,496.32333,5.9069786,0.0,62431,758,0.012141404,6.6306834,3.7750208,3477.018,0.6156370043754578,1.0
"Context:
Their team tracked performance across a series of tournaments and compared results to rivals. Consistent finishes mattered more than one spectacular day because the standings rewarded stability. They reviewed stats, fixed weak routines, and aimed to move up before qualifiers ended. The higher their position, the tougher the next field became.",154.11958,5.037729,1082,8.674999,1,0.13059328,613.1053,5.400046,0.0,46088,757,0.0164251,6.629363,3.5337896,4694.769,0.672309160232544,1.0
"Context:
She scheduled a follow-up appointment to review her new prescription and set reminders on her phone for each dose. In the office, she trained a new hire on the reporting stack and explained how the dashboard tied to quarterly sales goals. During lunch, the conversation shifted to 'Succession', and everyone argued about the finale. A recall notice about Listeria in packaged salads went around, so the team avoided the cafeteria greens. The heat outside was harsh enough that the walk to the bus felt like a small test.",102.11776,4.626127,1083,9.75,0,0.13695809,631.68427,5.467894,0.0,78791,761,0.009658463,6.6346335,4.1081934,4612.245,0.17150281369686127,0.0
"Context:
A friend posted a throwback picture and wrote that it was from a famous concert. Someone asked for the source, and the comments turned into a hunt for the origin. A fan page had reposted it, but the provenance led back to the photographer’s own gallery. The credit was fixed once the source was found.",60.52947,4.1031303,1084,8.5625,0,0.15496947,623.72186,5.8440285,0.0,52781,761,0.014418067,6.6346335,3.8538413,4024.8047,0.5026770830154419,1.0
"Context:
The kitchen smelled of citrus and smoke, and the heat from the oven rolled over my face in waves. I took a break to watch a sports match against a rival team, and the shouting on the broadcast mixed with the sizzling sounds in the room. The sensory overload made it hard to focus on either one fully. When the game ended, the food was ready too.",33.862587,3.5223107,1085,8.824999,1,0.11450209,468.97983,4.7548823,0.0,58716,756,0.012875536,6.6280413,3.7291965,4095.819,0.712485671043396,1.0
"Context:
The festival opened with an exceptional kickoff reception, and the organizers treated it as a formal occasion with a special welcome address. I attended a talk where the presenter stated her area of expertise and stayed within it, which made the session feel clean and useful. At a craft stall, I bought a holiday special edition scarf that was hand-crafted and tagged with the maker’s name. The festival app had enhanced features like live queue updates that actually worked. In a quiet corner, people debated the appointment of a special counsel while others talked about specialists in special education and special economic measures for local artists.",96.99962,4.574707,1086,9.199999,0,0.14129356,496.32333,5.367768,0.0,91437,767,0.008388289,6.6424866,4.3581705,3512.7102,0.08609628677368164,0.0
"Context:
The finance director watched prices, costs, and rates in real time as the commodity market moved. At the same time, a specialist in risk management joined the call to explain hedging rules. The team revised the rate assumptions for next week's procurement. Before signing off, the director thanked the specialist for the unusually focused briefing.",75.96529,4.3302765,1087,9.53125,1,0.13808703,573.2933,5.8916736,0.0,50539,754,0.014919171,6.6253924,3.5717564,4151.6807,0.6980528831481934,1.0
"Context:
The building directory says the library is on the 2nd floor and the archives are on the 4th, so I took the stairs instead of the elevator. In the reading room, the clerk handed me an ordered list of boxes to request, starting with the 1st and ending with the 6th. Each box had its own ordinal label, and I had to match it to the shelf notes. By the time I reached the 5th box, my hands were covered in dust.",25.678457,3.2456524,1088,8.6875,0,0.14926353,589.01636,6.240406,0.0,74331,763,0.010264896,6.637258,3.9905598,3946.1504,0.2151462733745575,0.0
"Context:
Directions to the museum said to enter through the first gate, then turn left at the second courtyard. The exhibit I wanted was in the third gallery, tucked behind the fourth arch. A map on the wall marked it as the fifth stop on the route. I followed the order and arrived without backtracking.",50.962986,3.9310997,1089,8.074999,1,0.11049072,407.21924,4.350932,0.0,48318,756,0.015646342,6.6280413,3.6108446,3685.5515,0.6650984883308411,1.0
"Context:
I drafted the beginning section carefully, because the first lines decide whether people keep reading. Right after that, I introduced the topic of unequal outcomes and how certain groups get boxed out by money and connections. The opening paragraph used a short story instead of a statistic. A friend told me the intro felt honest but could be sharper. I revised until the start and the inequality discussion flowed naturally.",110.65134,4.706384,1090,9.581249,1,0.15715465,615.7594,6.438983,0.0,59468,761,0.012796799,6.6346335,3.8192036,3918.1748,0.5256637930870056,1.0
"Context:
You keep saying you’re fine, but your voice drops whenever you mention the deadline. If you want, you can call me after dinner and we can talk while you walk home. You don’t have to explain everything in order; you can just start with what feels loudest in your head. If you get stuck, you can pause and I’ll wait without filling the silence. When you’re ready, you can decide what to do next.",31.34378,3.445016,1091,7.153125,1,0.1474813,897.0978,6.4528704,0.0,74310,751,0.010106311,6.6214056,3.9826841,6082.7896,0.6168792843818665,1.0
"Context:
The bank offered a line of credit with a limit that looked generous on day one. When I got confused by the terms, I called a support line and asked someone to explain the difference between interest-only and full payments. The agent walked me through the monthly statements and the fees I’d missed. After that call, I adjusted the limit and set alerts. The assistance turned a risky offer into something I could manage.",60.707813,4.1060724,1092,8.349999,0,0.13240285,886.48126,6.337926,0.0,66145,757,0.011444554,6.629363,3.699299,6695.3335,0.4605449140071869,1.0
"Context:
After joining the tenants council, my membership within the group came with a shared calendar and monthly dues. The building also arranged a property maintenance service that checks locks and lights in common areas. At the first meeting, they welcomed new members and assigned me to the entryway inspection rota. It felt formal, but it made the place run better.",104.11056,4.6454535,1093,9.137499,0,0.14147736,374.2331,5.0808706,0.0,53526,762,0.014236072,6.6359468,3.8675785,2645.18,0.4063970446586609,0.0
"Context:
The lab launched a special service line aimed at researchers who wanted quick turnaround. It marketed unique or enhanced characteristics, including custom reports and a dedicated specialist contact. Clients sent samples with clear labels and got same-week results. The new line quickly became the lab's signature offering.",130.44357,4.8709407,1094,9.249999,0,0.13191232,306.91696,4.34929,0.0,43867,759,0.0173023,6.632002,3.7911098,2326.6738,0.5380831956863403,1.0
"Context:
The poster included a small line directing people to the program guide for additional information. I checked the reference and found a page number that led to the full schedule and terms. The next time someone asked, I sent them straight to that location instead of trying to explain it myself. Having a clear place to look made the follow-up effortless.",51.388054,3.9394057,1095,8.081249,1,0.13235235,743.15796,6.1253853,0.0,53515,757,0.014145567,6.629363,3.506591,5614.996,0.6618668437004089,1.0
"Context:
The library had a shelf of collected works that bundled decades of writing into uniform covers. Next to it sat neatly archived periodicals, stacked by year and numbered issue. I pulled one volume and felt the paper crackle like dry leaves. Reading it felt like stepping into a timeline.",179.02786,5.1875415,1096,9.799999,1,0.122918665,456.5113,4.8529887,0.0,43857,758,0.017283443,6.6306834,3.5677402,3713.9297,0.6493860483169556,1.0
"Context:
She compared two compression methods and noted how each affected file size, upload time, and playback stability. A quick cost estimate showed what the extra storage would mean for the quarter. The dashboard showed network throughput numbers alongside the export settings for different formats. By the end, she had a clear technical rationale for which video profile to use.",107.3088,4.6757107,1097,10.037499,0,0.13653323,833.39856,5.7700934,0.0,51286,755,0.014721367,6.6267176,3.688152,6103.998,0.6760576367378235,1.0
"Context:
The health inspector traced the outbreak to a batch of soft cheese contaminated with Listeria and ordered it pulled from shelves. A local community page posted a warning with a link to the recall notice so people could check their fridges. I tossed the package immediately and cleaned the shelf where it had been stored. Later, I sent the link to my sister because she shops at the same store.",43.21807,3.7662587,1098,8.0625,1,0.13873185,530.8271,4.880333,0.0,60212,760,0.012622069,6.6333184,4.099619,3826.2812,0.643473744392395,1.0
"Context:
The product sheet listed quantifiable attributes of the new jacket: weight in grams, water column rating, and seam strength. It was released as a special edition for the winter festival, with a stitched date on the inside tag. Customers checked the measurements before buying because sizes varied between runs. The shopkeeper rang it up like any other item, but the display table made it feel like a notable release.",100.280205,4.6079683,1099,9.125,1,0.12882629,753.7745,5.6740932,0.0,62435,763,0.01222071,6.637258,3.8323655,5851.092,0.5414825677871704,1.0
"Context:
Blue Harbor Media, a subsidiary of Ardent Capital, merged its Copenhagen branch into the Nordic division. The update used crisp commas and tiny prepositions to keep the structure clear. I reread the sentence twice to make sure I understood who reported to whom. Then I saved it for later.",94.26425,4.546102,1100,9.225,0,0.1584431,360.96243,4.899803,0.0,46829,759,0.016207905,6.632002,3.9904804,2278.1833,0.5927197933197021,1.0
"Context:
The pamphlet showed a close-up of a politician’s face, emphasizing tired eyes and a forced smile. It also described broader social problems that people were anxious about, and it was printed cheaply enough to hand out in stacks. At the same time, a nearby storefront promoted an event with posters in every window. The street felt full of faces, worries, and paper.",94.04363,4.543759,1101,9.799999,1,0.13971056,480.9721,5.4873447,0.0,58714,756,0.012875975,6.6280413,3.8146372,3442.6323,0.6956647634506226,1.0
"Context:
A friend pointed out my smile lines while adjusting my collar for a portrait. The comment was casual, but it made me suddenly aware of every feature on my face. Later, we picked up a stack of printed leaflets about rising rent and crowded shelters. The pages were plain, but the problem they described was not.",78.28088,4.3603034,1102,8.84375,1,0.10733348,666.188,4.7443676,0.0,49058,760,0.0154918665,6.6333184,3.5228643,6206.712,0.6101088523864746,1.0
"Context:
I wrote a long post about building a quiet workstation, from choosing the CPU cooler to picking a stable browser for testing. Then I added a clean list of the site’s features so readers could see what the dashboard actually does. Comments came in asking about compatibility, plugins, and which parts were worth paying extra for. A few people shared their own hobby setups and linked product reviews they trusted. By the end, the thread looked like a small buyer’s guide and a mini web-dev diary.",85.358444,4.4468594,1103,9.199999,1,0.14411783,494.25293,4.973193,0.0,79538,764,0.009605472,6.638568,4.3657017,3429.5056,0.23167888820171356,0.0
"Context:
I posted the property address and the GPS pin in a thread so the other buyers could see exactly which building I meant. Replies poured in, and one person warned that the closing statement might include a required withholding where a percentage of the sale price gets remitted to the tax authority. Another commenter turned the conversation toward how first-time buyers get squeezed while wealthier investors shrug at the same fees. After reading through, I updated my laptop and drafted a small webpage to organize the documents, adding a quick note about the router I just replaced. By evening, the thread had become a messy mix of practical advice, frustration, and tech chatter.",79.00342,4.369491,1104,9.125,0,0.13562705,596.0984,5.895246,0.0,97362,763,0.007836733,6.637258,4.1775427,4395.129,0.07920088618993759,0.0
"Context:
The watch belonged to my father, and it still kept time despite its scratches. I joined a small collectors circle, and membership within the group required you to share provenance for each piece. I brought the watch to a meetup and explained its origin and the parts that had been serviced. They nodded like that was exactly what they wanted to hear.",59.590816,4.0875015,1105,8.631249,0,0.18674584,567.9564,6.9692698,0.0,55012,763,0.013869701,6.637258,3.9510307,3041.3337,0.5584476590156555,1.0
"Context:
The flyer promised same-day repairs and a free diagnostic if I booked before Friday. At the bottom, a bold banner pushed a limited-time discount in bright, glossy colors. I kept turning it over, noticing how every line sounded like a guarantee. By the time I reached the checkout page, the offer felt less like information and more like pressure.",82.995476,4.418786,1106,8.631249,1,0.121886685,573.2933,5.1256123,0.0,55001,759,0.013799749,6.632002,3.6365316,4703.4937,0.6679762601852417,1.0
"Context:
During the run, my breathing suddenly turned shallow, like I was pulling air through a straw. I stopped near the park bench and used my quick-relief inhaler, keeping my shoulders relaxed. The medicine kicked in fast enough that the dizziness passed before it became scary. I watched people stroll by while I recovered, letting my heart rate settle. After a few minutes, I headed home instead of pushing the workout.",48.611485,3.8838599,1107,7.624997,1,0.09493274,618.4136,4.8254113,0.0,65398,752,0.011498823,6.6227365,3.4404671,6514.2285,0.6980539560317993,1.0
"Context:
The clinic advertised a special program led by specialists, including a dietitian and a physical therapist. Each patient received a report with measurable quantities like blood pressure readings, weight change, and adherence percentages. The nurse explained how the numbers would be reviewed at every visit. The program brochure framed it as an enhanced service.",54.085686,3.9905696,1108,8.474999,1,0.106432684,534.6977,4.5835986,0.0,49795,750,0.015061753,6.6200733,3.5570526,5023.811,0.727206289768219,1.0
"Context:
The community group requested donations for winter coats and pinned a link to the signup page. They explained how drop-off worked and asked members to share the message beyond the neighborhood. A sponsor offered a giveaway of gift cards to encourage participation. The post read like an announcement, but it carried a clear call to action. Within an hour, the link had been forwarded dozens of times.",53.122692,3.9726043,1109,8.199999,1,0.15365891,679.4587,6.206803,0.0,59468,762,0.012813614,6.6359468,3.8962371,4421.8633,0.5031945705413818,1.0
"Context:
In the photo booth, the harsh light made my cheekbones look sharper and my nose more prominent. I stared at the printouts, noticing tiny asymmetries I had never cared about before. On the counter beside me, pamphlets described a local campaign about housing insecurity. The paper felt heavy in my hand, like a reminder that faces and cities both carry their own histories.",76.05115,4.331406,1110,8.799999,1,0.100189075,267.8591,3.8458018,0.0,58716,756,0.012875536,6.6280413,3.7921054,2673.536,0.6280187964439392,1.0
"Context:
On payday, I looked at the slip and checked every financial figure. Gross wages were higher because of overtime, but deductions pulled the net amount down. The payroll note mentioned a revised hourly rate and a change to the pension contribution. Seeing the numbers laid out like that made the month’s budget feel less uncertain.",154.83105,5.0423346,1111,9.7125,1,0.090711266,451.20303,4.3338294,0.0,49792,752,0.015102828,6.6227365,3.2702436,4974.057,0.7483838796615601,1.0
"Context:
The news ticker listed an earthquake, an election, and a summit in three different regions within minutes. He pulled up a map to see where each location sat relative to the others. The scale of what was happening made his morning coffee go cold. It was hard to ignore how global events travel quickly from place to place.",49.05069,3.8928542,1112,7.56875,1,0.15808745,374.2331,5.5995646,0.0,50549,760,0.015034917,6.6333184,3.8315506,2367.2537,0.6363027095794678,1.0
"Context:
You open the embossing kit from Willowcrest Studio and set out the sheet that will become a raised floral pattern on the cover. The instructions tell you how to warm the tool, how much pressure you should use, and which tip gives the cleanest petals. After the first pass, you check the design under a lamp and adjust your angle. The box notes that the finished look matches the Willowcrest Studio sample card. You let it cool and run your fingers across the ridges.",57.35924,4.049334,1113,8.174999,1,0.10909298,408.73685,4.45944,0.0,77299,760,0.009831951,6.6333184,3.9952962,3746.6833,0.35216793417930603,0.0
"Context:
They planned a movie night around 'Spirited Away' because everyone claimed to love it. Afterward, he argued that 'Interstellar' deserved another rewatch, just for the soundtrack. She brought her handheld and played 'Stardew Valley' while the others chose snacks. Someone mentioned 'The Name of the Wind' and the room split into fans and skeptics. The conversation kept circling back to what they should watch next.",53.887413,3.986897,1114,7.8937497,1,0.13161705,650.43036,5.339571,0.0,66892,763,0.011406446,6.637258,3.94233,4941.8394,0.4641154408454895,1.0
"Context:
In the dim library, I worked through a tutorial on web-building software and tried out a new theme editor. The air smelled of old paper and warm coffee, and the keys felt cool under my fingertips. I uploaded the updated files and watched the preview render line by line. When the page loaded, it looked clean, and the room still sounded like soft breathing and distant footsteps.",72.292244,4.280717,1115,8.50625,1,0.11525763,446.64746,4.898344,0.0,59465,760,0.012780627,6.6333184,3.6759713,3875.2095,0.6824488043785095,1.0
"Context:
I bought a device case that was exactly 32 cm long so it would fit in my backpack. Later, I spent an hour updating a website using a page builder and a hosting tool to publish a new support article. The case sat beside me while I worked, a reminder that everything has to fit somewhere. When I finished, both the file layout and the physical dimensions felt settled.",59.29431,4.0825133,1116,8.45,0,0.15229695,610.4512,5.8087354,0.0,58722,759,0.012925309,6.632002,3.9302711,4008.2957,0.6494113206863403,1.0
"Context:
They replaced the old subscription plan with one that actually felt improved. The new tier included expanded storage, better sharing controls, and a clearer audit trail. Support response times dropped dramatically, which changed how safe the service felt to rely on. Those enhanced characteristics mattered more than any marketing tagline.",113.44898,4.7313533,1117,9.5625,1,0.08651297,549.40607,4.0185566,0.0,45334,751,0.016565932,6.6214056,3.3483472,6350.563,0.7247716188430786,1.0
"Context:
She updated the site’s banner to promote the next fixture and set the page to publish automatically. The opponent arrived with a strong record, so the atmosphere carried extra tension. Players followed roles closely, switching marks and making runs that pulled the defense apart. When the standings changed after full time, she also corrected the product listings to include exact frame measurements for the new posters.",213.33965,5.3628855,1118,9.599999,0,0.14412278,700.6918,5.7482843,0.0,58713,756,0.012876194,6.6280413,3.8852954,4861.7695,0.7009811997413635,1.0
"Context:
He wanted a streaming subscription but couldn’t decide which company treated customers better. The salesperson pulled up a chart comparing hardware requirements and software compatibility across devices. They talked through the service tiers like they were picking parts for a build. By the end, the choice felt as technical as it was about brands.",125.70712,4.833955,1119,9.03125,1,0.13530844,613.1053,5.2237625,0.0,49059,757,0.0154304,6.629363,3.7285504,4531.168,0.6618740558624268,1.0
"Context:
An investor update centered on financial metrics such as revenue amounts, commodity costs, and return percentages. The slides also tracked performance quantities like growth rate and churn level across quarters. When churn fell, projected returns rose in the model. The final page tied the rate assumptions to the updated financial table.",194.274,5.2692695,1120,9.75,0,0.10645426,374.2331,3.9369948,0.0,45330,749,0.016523274,6.618739,3.6654267,3515.4355,0.6824883818626404,1.0
"Context:
The budget line showed 91,000 kroner in projected costs, and the finance lead read it aloud twice. Right after that, the report noted 23 deliveries delayed by weather. The room went quiet as people did the math in their heads. We wrapped up with action items and a tight deadline.",115.84257,4.752232,1121,9.612499,0,0.10412257,516.4361,4.6185465,0.0,46822,754,0.016103541,6.6253924,3.3750925,4959.886,0.6978952884674072,1.0
"Context:
On the loyalty-program page, you see a list of personal and business names tied to legal disclosures and finance partners. The text tells you how your points work, where you can redeem them, and what happens if you close your account. It also explains which brand partners may contact you and what you can change in your settings. You scroll until you find the section that says your name must match your payment card. After a quick edit, you save and log out.",42.639614,3.7527838,1122,7.5125,1,0.16622742,743.15796,6.288676,0.0,72099,761,0.010554931,6.6346335,4.208733,4470.7305,0.3697335422039032,0.0
"Context:
The restaurant hosted a memorial dinner, and every menu included a page of names with short tributes. Fei sat beside me and whispered translations when the older guests switched languages mid-story. A guest across the room used a quick-relief inhaler discreetly, turning their chair toward the wall until the tightness passed. When the bill came, it listed a business name different from the sign outside, and the server asked if I wanted to apply my loyalty points. The menu cover had a raised floral pattern around the brand name, and my fingers kept finding the texture while I listened.",106.81789,4.6711254,1123,9.3125,0,0.10911552,469.78198,4.7034774,0.0,89937,769,0.00855043,6.645091,4.0721555,4305.364,0.07886946946382523,0.0
"Context:
In last night’s esports recap, the scoreline read 2–1 and the crowd count was listed as 18,402. The article jumped between player tags, team acronyms, and quick side notes in brackets. A single semicolon separated the turning point from the final result, which made it feel brisk. By the end, the whole piece looked like it was written to fit on one phone screen.",78.79638,4.366867,1124,8.86875,1,0.2120516,833.39856,7.693824,0.0,65424,768,0.011738812,6.64379,4.2130275,3930.1687,0.49450454115867615,1.0
"Context:
In the gaming cafe, the manager tracked revenue amounts, table rates, and hourly costs to see which nights performed best. They also promoted a special tournament night with reserved seats and a formal bracket ceremony. Players checked the entry fee and prize pool before signing up. The flyer made the tournament sound exceptional and time-limited.",139.25468,4.9363046,1125,9.5875,1,0.08719395,390.15793,4.304851,0.0,49795,752,0.015101918,6.6227365,3.1574147,4474.5986,0.7375170588493347,1.0
"Context:
He fixed the site’s broken stylesheet and then posted a preview for the big match. The opponent arrived unbeaten, and the contest felt like a test of nerve. Players adjusted positions constantly, tracking runners and choosing when to step out or hold the line. After the final whistle, the ranking table updated, and the club store added exact dimensions for the new duffel bag.",131.18591,4.8766155,1126,9.75,0,0.12852235,388.02496,4.713165,0.0,60204,757,0.0125739155,6.629363,3.9608092,3019.1243,0.5876332521438599,1.0
"Context:
A simple software update became an issue when it broke a feature people relied on. The forum threads filled with screenshots, accusations, and calls for refunds. Engineers posted explanations, but the controversy had already gained momentum. The problem wasn’t only technical; it was about trust.",91.43622,4.5156417,1127,9.237499,1,0.14898206,302.57144,4.714641,0.0,43865,761,0.017348684,6.6346335,3.8775835,2030.9253,0.42671728134155273,0.0
"Context:
The community center hosted an exceptional fundraiser with a formal program and a special meal prepared by local chefs. I sat near a guest who spoke about his area of expertise in education policy and kept his points precise. A raffle prize included a holiday special edition quilt that was hand-crafted and stitched with a winter motif. The ticketing system had enhanced features this year, so check-in moved quickly. In the hallway, a TV played coverage of a special counsel hearing, and parents exchanged notes about special education specialists and special economic support for after-school programs.",81.443886,4.3999143,1128,8.762499,0,0.15690953,525.5188,5.3635163,0.0,86984,769,0.008840706,6.645091,4.49667,3349.1836,0.12414128333330154,0.0
"Context:
You left your keys on the table again, and you didn’t even notice until you were halfway to the door. If you’re going to rush, you can at least take one second to check your pockets. You always think you’ll remember, and then you end up texting me from the stairwell. If you want, you can put a small bowl by the entrance so you have one place to drop them. Next time you’ll thank yourself when you’re not sprinting back upstairs.",33.593067,3.5143197,1129,6.96875,1,0.15059969,419.3534,5.623231,0.0,82487,755,0.009152957,6.6267176,4.2725773,2784.557,0.3880954086780548,0.0
"Context:
The chef explained the origin of the sourdough starter as if it were a family heirloom. He gave me steps to refresh it: first feed it, then wait, and finally chill it overnight. The source culture had been kept alive for a decade, and you could taste it in the crust. On my 2nd attempt at baking, the loaf rose higher.",51.064434,3.9330883,1130,7.840625,1,0.15773149,614.00696,5.9934473,0.0,57976,757,0.013057127,6.629363,3.9358397,3892.7354,0.6742525696754456,1.0
"Context:
Fei joins the group chat late and asks if you already booked the table for dinner. You reply that you did, but you are not sure whether you should bring anything. Fei says you can just show up, then posts a photo of the menu and asks what you want to eat. Someone else jokes that you always pick the spiciest option, and Fei reacts with a laughing message. You confirm the time and tell Fei you will be there early.",33.36215,3.507422,1131,7.5874996,1,0.17219907,459.16544,6.137085,0.0,70612,753,0.01066391,6.6240654,4.2092667,2666.4802,0.6725645065307617,1.0
"Context:
The match program included a list of both teams and the starting players. I looked for the captain’s name first, then checked the bench to see who might come on late. A kid next to me asked about one unfamiliar player and his dad read from the list to answer. The paper roster made the game easier to follow.",86.44163,4.4594693,1132,9.018749,1,0.12702972,530.39386,5.124516,0.0,52031,758,0.0145682385,6.6306834,3.647838,4175.3525,0.6660741567611694,1.0
"Context:
A hardware guide compared processors and listed recommended software builds for each setup. A separate pamphlet, printed in black and white, focused on a social problem and used close-up drawings of facial features to make its point. He kept both documents on his desk because they demanded different kinds of attention. One page optimized performance, the other challenged conscience.",132.56589,4.8870797,1133,10.375,0,0.14359844,371.57898,5.2817616,0.0,52773,759,0.014382355,6.632002,3.8526924,2587.6255,0.607914388179779,1.0
"Context:
We agreed to meet at the old cinema, but the city has two of them with almost identical names. I asked for the precise intersection, and she replied with the cross street and a photo of the neon sign. That detail saved me from waiting outside the wrong entrance in the rain. When I arrived, the exact place she meant was obvious.",58.554604,4.0699596,1134,8.3125,1,0.13751459,414.82672,5.3025904,0.0,53517,758,0.014163723,6.6306834,3.7413576,3016.6016,0.6260336637496948,1.0
"Context:
A law firm circulated a memo about special counsel procedures and how outside specialists might be retained. The note highlighted which field of focus each consultant covered, from compliance to finance. Partners used the memo to assign tasks for the week. The next meeting started with a roll call of the specialists.",114.64652,4.7418537,1135,8.399998,0,0.16936131,519.34753,6.540671,0.0,44598,756,0.016951432,6.6280413,3.6590726,3066.5063,0.6941530704498291,1.0
"Context:
The installer asked whether I was on the right architecture and whether my system met the minimum requirements. I verified the kernel version, the available disk space, and the supported libraries. Once everything matched, the app ran smoothly and the benchmark numbers made sense. A small mismatch in specifications can waste an entire afternoon.",60.89191,4.1091003,1136,8.474998,1,0.131398,502.4784,5.5539927,0.0,47564,753,0.015831301,6.6240654,3.4886913,3824.0945,0.6964078545570374,1.0
"Context:
When the espresso machine arrived, the manual started with a list of properties. It specified stainless steel for the boiler, the size of the portafilter, and the capacity of the water tank. A separate section described performance limits and how temperature stability was tested. Those details made the machine feel real in a way glossy photos never could.",52.735058,3.9652805,1137,7.71875,1,0.19243911,1072.2708,8.041139,0.0,52768,758,0.014364767,6.6306834,3.7392404,5572.0,0.7457809448242188,1.0
"Context:
Nicolai celebrated his new job by buying a decent laptop and a pair of headphones, then added a pet-care grooming kit to the same order. The receipt listed the services and shipping options as if it were a tiny business contract. On the train home he read an upbeat entertainment piece that mentioned the actor he’d always liked. He felt like everything was finally going his way.",93.4639,4.5375752,1138,8.918751,0,0.08493995,310.53384,3.7219553,0.0,60943,754,0.012372216,6.6253924,3.5899816,3655.922,0.5832998156547546,1.0
"Context:
I wrote the opening of the manual as if the reader had never seen the tool before, keeping the first lines calm and direct. Even so, people still asked the same basic questions, so I added a note telling them where to get help. The support channel handled the tricky cases, while the intro handled the first step. After the update, fewer messages came in with panic and more came in with specifics. A good beginning plus reliable assistance fixed most of the confusion.",64.74753,4.1704955,1139,8.212498,0,0.13385,562.6767,5.3476844,0.0,72100,763,0.010582524,6.637258,4.0325274,4203.7856,0.28788232803344727,0.0
"Context:
If you want to get started quickly, you can follow the prompts in order and you’ll be finished in a few minutes. You should keep an eye on the status line, because it tells you when it’s safe to move on. If you choose the limited-time deal, you’ll unlock the extra tools without changing the layout you’re used to. You can test those features and decide later whether they’re worth it. When you’re satisfied, you can confirm and continue with your normal routine.",25.202242,3.226933,1140,6.40625,0,0.14309196,461.81958,5.572922,0.0,85462,755,0.008834336,6.6267176,4.2458334,3227.432,0.26524555683135986,0.0
"Context:
The charity banquet felt unusually formal, and the catering team presented a special course that wasn’t available on ordinary nights. A keynote speaker described her area of expertise in public health with a focus that cut through small talk. In the lobby, volunteers sold a unique holiday edition ornament, hand-crafted and numbered. The event app had enhanced features this year, including faster check-in and better seating navigation. Near the exit, a television replayed a clip about a special counsel, and a donor mentioned special economic proposals alongside the specialists supporting special education initiatives.",144.73901,4.974932,1141,9.1375,0,0.17142048,634.3384,6.101779,0.0,85494,767,0.008971389,6.6424866,4.4329953,3700.4817,0.11135640740394592,0.0
"Context:
After three interviews, he received the offer and obtained the role he wanted. The relief hit when he saw the salary details and the start date in writing. He achieved what he had promised himself after last year’s rejection. That evening he called his parents and let the news land slowly.",100.33913,4.608556,1142,8.099999,1,0.12705933,966.1053,6.468194,0.0,46081,754,0.016362492,6.6253924,3.2952776,7603.576,0.6980873346328735,1.0
"Context:
The packaging for the perfume was simple until I noticed the raised floral pattern wrapping around the box like a hidden relief. A brand name sat centered on the front, sharp against the soft texture behind it. I turned the box in my hands and let the light skim the raised petals. It was the kind of design that makes you slow down before you even open the lid. For a moment, the box itself felt like the product.",55.24039,4.0116944,1143,9.03125,1,0.10194258,475.09024,4.177934,0.0,66892,758,0.011331699,6.6306834,3.8806329,4660.371,0.6007810831069946,1.0
"Context:
I compared two laptops by checking the CPU model, the amount of RAM, and the storage type. The operating system version mattered because one app required a newer build. I also looked at the screen resolution and the ports, since I needed a specific connector. By the end, the choice felt like it came down to specs, not vibes.",46.324276,3.8356662,1144,7.5156245,1,0.114634395,544.0978,5.5118437,0.0,53513,757,0.014146095,6.629363,3.4421191,4746.3745,0.6967006325721741,1.0
"Context:
I tried to learn where a family saying came from, because it sounded older than any of us. My uncle said the source was our great-grandfather, but he could not name the origin story. A cousin later found the phrase in a popular radio show transcript. The provenance turned out to be entertainment, not ancestry.",55.130424,4.0097017,1145,9.099998,0,0.1057729,439.62497,4.4896793,0.0,51285,759,0.014799649,6.632002,3.5493994,4156.31,0.6363646388053894,1.0
"Context:
The slideshow jumped from global locations/events to close-up photos of street markets and stadium crowds. I obtained a front-row seat only because my mentor pulled strings and got my name on the list. The speaker pointed at the map and asked us to guess the next host city. By the end, I wanted to travel more than study.",85.46498,4.448107,1146,8.875,1,0.14398597,671.4963,6.642398,0.0,53513,757,0.014146095,6.629363,3.5686386,4663.623,0.6662160754203796,1.0
"Context:
The university guaranteed her position in the lab, and she started gaining access to equipment she had only read about. She fastened the protective shield to the bench and joined the sensor leads with a locking clip. A briefing on security and compliance covered how to maintain stability in research data and funding. She made the schedule certain by confirming dates and closing the registration page.",112.989876,4.7272983,1147,9.5125,0,0.13675167,552.0602,5.4604816,0.0,55751,759,0.013614106,6.632002,3.780113,4036.9539,0.6449597477912903,1.0
"Context:
I walked into the venue, then across the lobby, and afterward out to the street to catch my ride. I kept narrating the route because I didn’t want to get lost in the crowd. The whole evening flowed from one spot to the next without any gaps. When I got home, my feet hurt but my head was clear.",38.886677,3.6606517,1148,7.8374987,0,0.13880421,775.00757,6.475417,0.0,54255,755,0.013915768,6.6267176,3.5665941,5583.4585,0.6892676949501038,1.0
"Context:
The café was cozy enough that strangers didn’t feel like strangers for long. He sank into the corner seat and noticed how the warm light made the rainy street look softer. The chatter stayed gentle, like everyone had agreed to keep the world outside. When he left, the place still felt friendly behind him.",120.76622,4.7938566,1149,9.53125,1,0.093017995,575.9474,4.7369857,0.0,49046,748,0.015250989,6.617403,3.1806703,6191.7847,0.7408725023269653,1.0
"Context:
They visited the city for a leisure trip and found the waterfront surprisingly pleasant. A packed food fair nearby ran at full speed, with vendors competing loudly and crowds pressing forward in waves. Spices stung their noses, music vibrated through the pavement, and the heat from grills followed them down the row. The afternoon had a distinct character, busy and bright, made for wandering without a plan. The ambiance felt festive and slightly chaotic, the kind that leaves you smiling and tired.",96.715385,4.5717726,1150,8.625,0,0.10953457,844.0151,5.552888,0.0,75062,757,0.010084996,6.629363,3.6737142,7705.468,0.2010410875082016,0.0
"Context:
I pinned the meet-up spot as 17 Søndergade, Aalborg, right next to the bakery with the green awning. The message also included GPS coordinates so nobody would wander to the wrong corner. When our train got delayed, I called the station’s support desk to ask about the next connection. They walked me through the platform change and sent an updated link by SMS. We still made it to the café without anyone getting lost.",81.64161,4.402339,1151,8.393749,1,0.11630025,671.4963,5.1934376,0.0,72833,757,0.01039364,6.629363,3.8569567,5773.8164,0.507189154624939,1.0
"Context:
At the hardware shop, I asked to see the drill bits that matched the job requirements. The clerk showed me a set with a coating meant for harder material, plus a chart of strength and wear resistance. I checked the size markings and picked the one that fit the anchor holes exactly. Even the finish color helped me keep the bits sorted in my kit later.",82.57963,4.413763,1152,9.2,1,0.13891274,966.1053,6.255612,0.0,55743,758,0.01359812,6.6306834,3.7221756,6954.7637,0.6055064797401428,1.0
"Context:
The yoga studio sat above a bookstore, and the entrance was easy to miss. Inside, candles and a sign-in desk created a quiet rhythm before class. Afterward, people gathered near the window for tea and conversation. It was a location that offered a service and a gentle pause.",64.25567,4.16287,1153,8.625,1,0.12937938,437.93234,4.773334,0.0,45346,761,0.016782075,6.6346335,3.686007,3384.8699,0.4756387770175934,1.0
"Context:
The office confirmed his assigned desk and guaranteed the badge would work on arrival, so he was obtaining a real foothold. He fastened the monitor mount and joined the cables into a sleeve to keep the station tidy. A briefing on business security focused on keeping systems stable as new hires onboarded. Before lunch, he made his start date certain and closed the onboarding checklist.",209.03079,5.3424816,1154,9.875,0,0.1081521,437.93234,4.4361167,0.0,57233,761,0.013296525,6.6346335,3.6865041,4049.2263,0.48441988229751587,1.0
"Context:
For the sales demo, I built a small Python tool that pulls customer records and flags missing fields. On the train home, I read a review of ""Cyberpunk 2077"" and realized I still hadn’t played it. The next morning, my manager asked for the script so the marketing team could reuse it. I sent it over and went back to polishing the dashboard.",49.7412,3.9068336,1155,8.24375,0,0.1367865,538.7895,5.037369,0.0,60954,763,0.012517637,6.637258,4.013594,3938.9082,0.4171261191368103,0.0
"Context:
She maintained the club’s site and spent the morning fixing broken links and updating the roster page. By afternoon, they faced a stubborn opponent and the match turned into a tense battle for small advantages. A tactical switch moved the winger inside, opening space for overlapping runs that changed the flow. When she posted the highlight clip, she also updated the store listings with inseam lengths and waist measurements.",128.73392,4.8577476,1156,9.16875,0,0.12371341,642.0557,5.045037,0.0,62436,761,0.012188481,6.6346335,3.8729708,5189.8633,0.5363940000534058,1.0
"Context:
At the museum shop, a scarf from Maribel House is displayed with a raised floral pattern that looks like pressed petals. A placard credits the designer by full name and notes the piece was inspired by patterns found in local memorial carvings. You glance at the donor wall and recognize a few personal names from recent obituaries. The cashier wraps the scarf carefully so the texture won’t flatten in your bag. You leave with the brand name printed on the receipt and the pattern still visible through the tissue.",83.2632,4.4220066,1157,9.0125,0,0.13884096,907.71436,6.063621,0.0,81761,758,0.009270924,6.6306834,4.1133547,6537.7993,0.09626130759716034,0.0
"Context:
On the genealogy site, you are asked to enter personal names pulled from memorials and obituaries before you can save a family tree. You cross-check the spelling against a historical account in the local archive and a news report about the same incident. The help panel tells you where to find the artist’s full name in a museum catalog and how to cite a business profile if the person also ran a company. You click the option that tags each record with its source type. When you finish, you export the list and review it for duplicates.",59.184937,4.080667,1158,8.074999,1,0.16053507,512.24817,5.568156,0.0,86973,764,0.008784335,6.638568,4.4783773,3190.8801,0.3166695237159729,0.0
"Context:
The online store showed metrics like price, traffic rank, and popularity for each listing. On the same page, it described product properties such as color, size, and material blend. A shopper filtered by strength rating and then compared the cost across brands. The final choice balanced the specs with the lowest listed price.",93.511635,4.538086,1159,9.5625,0,0.13763213,976.72186,6.108307,0.0,49062,760,0.015490604,6.6333184,3.6433082,7096.6123,0.5968098640441895,1.0
"Context:
At the warehouse intake, I measured each plank with a tape and wrote down the length to the nearest millimeter. The batch ranged from 1.96 to 2.04 meters, which mattered for the cutting plan. I also checked thickness with calipers and noted a consistent 18.2 millimeters. When the supervisor asked why I was being so precise, I pointed at the tight tolerances on the project diagram.",52.22193,3.9555025,1160,8.6875,1,0.12091393,748.4662,5.517453,0.0,63909,751,0.011751084,6.6214056,3.7247643,6190.074,0.6904096603393555,1.0
"Context:
A friend asked me to share her fundraiser link, so I reposted it with a simple caption. In the same message, I mentioned the heat had been brutal and that the cooling center downtown was taking volunteers. People started replying with their own tips for staying safe in the sun. The organizer later said the link helped her reach new donors.",60.633034,4.10484,1161,8.999997,1,0.13887058,475.09024,5.550437,0.0,54261,759,0.013987947,6.632002,3.704419,3421.1006,0.6659439206123352,1.0
"Context:
She started with the World Wide Web, searching for global locations/events to match photos in an old scrapbook. Her brother joined in with a game that teaches globally related concepts and turned it into a quick round of historical education. A breaking alert highlighted global events or locations, and they watched the footage in silence. When the anchor referenced the World Trade Center while discussing global affairs, the room felt suddenly too quiet.",117.7513,4.7685747,1162,8.28125,0,0.12993503,1072.2708,7.0500665,0.0,63915,753,0.011781272,6.6240654,3.578103,8252.361,0.4467330276966095,0.0
"Context:
You look tired, and the way you’re scrolling makes it seem like you’re hoping the screen will solve something for you. If you’re hungry, you can eat first and then decide whether the problem still feels urgent. You don’t have to respond to every message the second it arrives. If you want a break, you can put your phone down and sit with me for five minutes. You’ll still have time afterward, even if it doesn’t feel like it right now.",23.98302,3.1773462,1163,6.96875,1,0.17065623,684.76697,6.7753468,0.0,82488,753,0.0091286,6.6240654,4.178322,4012.5518,0.5371421575546265,1.0
"Context:
After the knee surgery, the surgeon prescribed a short course of antibiotics and a tapering schedule for pain medication. He followed the instructions carefully, taking the pills with food to avoid stomach upset. When dizziness showed up on day three, the clinic advised a different drug and a lower dose. Physical therapy started a week later, and the therapist tracked how inflammation responded to treatment. By the end of the month, he was walking without a limp.",29.537281,3.3856533,1164,7.059375,1,0.1263391,416.69928,4.481884,0.0,68401,759,0.011096329,6.632002,4.1310234,3298.2607,0.564858078956604,1.0
"Context:
I ordered a pair of running shoes from Nike because the sizing history was already saved in my account. The box arrived with branding on every surface, like a package that wanted to be seen. When the sole felt too stiff, the return portal made the process feel effortless. The company’s system was almost as memorable as the product.",77.596695,4.351525,1165,8.55625,1,0.11097053,506.93988,5.152971,0.0,53513,757,0.014146095,6.629363,3.4625115,4568.239,0.6800124645233154,1.0
"Context:
I was reading the third installment of a multi-part report when a message asked me to choose between the first option and the second option for the demo. The agenda was a numbered list, and my slot was item 2 right after item 1. The meeting room was on the third floor, and I found it by taking the second stairwell to the fourth door with our team name on it. The checklist was written as step 1 to step 3, and afterwards we sorted issues in order and agreed the first fix beat the second and third.",48.09164,3.8731084,1166,8.8125,0,0.1548979,485.7068,5.5815525,0.0,82521,764,0.00925825,6.638568,4.340751,3135.6577,0.20318742096424103,0.0
"Context:
To make a clean impression, you set the sheet on a flat surface and align the stencil where you want the raised floral pattern to appear. You press firmly and move slowly so your lines stay crisp. If you are using the Marigold & Co. plate, you can rotate it to match the curve of your cover. When you lift the tool, you check the ridges under light and fix any shallow spots. Once you are satisfied, you let it dry before you handle it again.",43.25225,3.7670493,1167,8.7125,1,0.13020366,443.24063,5.0305686,0.0,76548,755,0.009863093,6.6267176,4.1230426,3404.2102,0.6038386225700378,1.0
"Context:
Sofie walked into training with a grin because the coach had praised her by name on the local sports show. On the ride home she replayed the clip from the news segment and saved it. Later she opened her budget app and adjusted the numbers to cover a new membership fee and a replacement sensor for her bike computer. The mix of good news and tidy spreadsheets made the day feel oddly productive.",81.29063,4.3980308,1168,8.993749,0,0.17020653,461.81958,6.3280106,0.0,62439,761,0.012187895,6.6346335,3.9783833,2713.2893,0.46091100573539734,1.0
"Context:
The museum sold a special holiday print as a limited edition, signed and numbered. The placard next to it included price history and popularity rank from the online catalog. Visitors debated whether the cost justified the uniqueness. A staff member explained that the edition would not be reprinted once the numbers ran out.",83.32948,4.4228024,1169,9.531249,1,0.12502746,468.1803,4.851396,0.0,46081,752,0.01631909,6.6227365,3.6230593,3744.6196,0.7177514433860779,1.0
"Context:
A university committee debated special economic measures and invited specialists to explain tradeoffs. Each expert stayed within their area of expertise, speaking in plain terms. After the presentations, the chair summarized the options. The minutes recorded which specialist supported each measure.",103.717285,4.641669,1170,8.6875,0,0.12957595,280.87225,4.212915,0.0,37918,761,0.020069623,6.6346335,3.6707516,2167.6265,0.4224027991294861,0.0
"Context:
In the first lecture, the professor set boundaries about what the course would cover. His field of focus was modern political philosophy, not history in general. When students tried to pull the discussion into unrelated events, he brought it back to the central texts. The clarity of that expertise made the seminar feel purposeful.",52.52823,3.9613507,1171,8.112498,1,0.24038082,520.2106,6.995807,0.0,48337,763,0.015785009,6.637258,4.270548,2164.11,0.5446676015853882,1.0
"Context:
The analyst compared quantities like traffic volume, conversion rate, and average order value to judge campaign performance. The marketing team paired the report with a special holiday bundle that came in limited stock. When the numbers dipped, they refreshed the landing page to match the bundle's announcement. The email called it a notable seasonal edition with hand-packed inserts.",155.61482,5.047384,1172,9.9375,1,0.123817585,342.38348,4.659226,0.0,52772,755,0.014306829,6.6267176,3.7611258,2765.225,0.6187914609909058,1.0
"Context:
If you want fewer interruptions, you can turn on quiet mode, and you’ll still get the important alerts. You should read the brief note under the switch so you know what counts as important. If you’re curious, you can also try the paid version that’s being promoted on the same screen. You can cancel later if it doesn’t feel useful. Once you save, you can go back and keep working without the menu popping up again.",41.071186,3.7153068,1173,7.46875,0,0.16447578,780.31586,6.3913035,0.0,75059,756,0.010072077,6.6280413,4.182005,4744.26,0.4307444095611572,0.0
"Context:
At the meeting, people talked about how wealth clusters in some circles while others can’t catch up, even when they work the same hours. Someone pointed out how unequal access to savings changes what risks people can take. Later, the banker explained that a line of credit can look like relief but often becomes a long-term drag if it’s used to cover basics. One person in the room said they relied on revolving credit to bridge rent gaps and felt stuck. The conversation ended with a promise to focus on solutions instead of blame.",69.032684,4.23458,1174,8.674999,1,0.16529824,676.80457,6.6023684,0.0,83991,763,0.009084307,6.637258,4.2027693,4094.445,0.2765454053878784,0.0
"Context:
At the gym, the membership card finally worked after the front desk updated my account. I was given access to the members-only training room and the early-morning classes. The trainer greeted me by name and pointed out the lockers reserved for regulars. Walking in felt different once I officially belonged there.",73.91104,4.302862,1175,9.237497,1,0.12209388,676.80457,5.9402156,0.0,47565,754,0.015851991,6.6253924,3.326758,5543.313,0.7113256454467773,1.0
"Context:
If you want a simple gift, you can choose the bundle and have it wrapped for you. You’ll get a tracking link the moment it ships, so you won’t have to guess when it arrives. If you add a note, you can personalize it without spending extra time. You can pick the delivery day at checkout, which helps if you’re traveling. You’ll finish the whole thing in less than five minutes.",27.55846,3.3163097,1176,6.921875,1,0.17641063,870.55646,7.191393,0.0,71345,753,0.010554349,6.6240654,4.056967,4934.83,0.7402049899101257,1.0
"Context:
The lecture series had five parts, and part five promised level two case studies that built on the first module. I followed a numbered list of reminders and moved from item 1 to item 3 without skipping. The campus map led me to the second building, fourth floor, third classroom, where our group was the third section in the roster. The exercise was step 1 to read the prompt and step 2 to write, and when we shared, the teacher arranged responses in order and praised the first one most.",94.25131,4.5459647,1177,9.137499,0,0.15125346,400.605,5.0141273,0.0,76575,766,0.010003265,6.641182,4.3771243,2648.5676,0.17993953824043274,0.0
"Context:
A volunteer handed me a confirmation slip that guaranteed my seat for the evening program. The talk focused on the World Trade Center and how people around the world responded in the days after. I kept the slip in my jacket so I would not lose my place in line. When the doors opened, the usher waved me through without questions.",38.186928,3.6424932,1178,8.562499,1,0.1229981,504.28574,5.1868243,0.0,51286,758,0.014779862,6.6306834,3.5847485,4099.9473,0.6804451942443848,1.0
"Context:
Fei and I stood in line at the theater while volunteers handed out programs embossed with a raised floral pattern around the logo. Inside, a memorial slide listed names of past performers, and the crowd applauded as each name appeared. The person next to me used a quick-relief inhaler during the intermission rush, then joked about needing to avoid the fog machine. At the bar, the payment screen showed a different business name than the one on the marquee, followed by an offer to join a loyalty program for points. Fei nudged me when I started reading the legal fine print instead of choosing a drink.",69.980064,4.2482104,1179,8.849999,0,0.099212214,881.173,5.35037,0.0,95128,760,0.007989235,6.6333184,3.799359,8881.698,0.06425172835588455,0.0
"Context:
At the book launch, the host read out names of editors, patrons, and local historians, and the applause rose and fell with each introduction. Fei leaned against the wall beside me, amused by how formal everyone suddenly became. Someone in the front row used a quick-relief inhaler between questions, then continued speaking clearly once the tightness eased. The signing table offered a loyalty program for future events, and the sign explained that payments processed under a different business name for finance reasons. The author’s tote bags had a raised floral pattern pressed into the fabric around the brand name, and they looked more like art than merchandise.",105.74094,4.660992,1180,9.5625,0,0.11656013,672.76276,5.4535136,0.0,98110,763,0.007776985,6.637258,4.0701723,5771.8086,0.07412029802799225,0.0
"Context:
My playlist is arranged in an ordered list, and the 7th track always hits harder than the 1st. I tried to find the original source of the live recording because the crowd noise sounded different from the studio version. A comment thread traced the origin back to a small venue in 2018. When I reordered the songs, I moved that recording up to 2nd place.",49.446075,3.9008827,1181,7.7749977,1,0.17593564,817.4737,6.973576,0.0,57988,764,0.01317514,6.638568,3.9251513,4646.436,0.6821439266204834,1.0
"Context:
During the workshop, we talked about how income gaps shape daily choices, from housing to health. The facilitator then explained how a revolving line of credit works and why it can quietly deepen financial stress. One attendee said borrowing felt like breathing room until interest piled up. Another described using credit only for planned expenses and paying it down fast. The session made it clear that credit can amplify inequality if it becomes a habit.",70.86022,4.2607093,1182,9.0,1,0.20685458,477.7444,7.2841864,0.0,64672,755,0.011674295,6.6267176,4.111558,2309.5664,0.7437989115715027,1.0
"Context:
I set a timer for [15] minutes and walked away so I wouldn’t hover. The note said to wait for [2] hours before checking again, which made the delay feel official. Later, I scribbled “of [3] batches” in the margin so I could keep track without doing math. By the end of the day, the square brackets turned vague timing into something concrete.",76.6311,4.339003,1183,9.937502,1,0.115549594,448.5489,5.069807,0.0,64655,755,0.011677365,6.6267176,3.6980414,3881.8733,0.661715030670166,1.0
"Context:
If you want your coffee delivered faster, you can switch to the subscription and skip the extra fee. You’ll get a reminder before each shipment, so you can adjust the date when life gets busy. If you choose the larger bag, you can save more per cup without changing the flavor you like. You can cancel anytime, and you won’t be stuck with a long contract. You’ll notice the savings the first month.",37.79704,3.6322308,1184,6.6218743,1,0.12707971,464.4737,5.55333,0.0,69856,753,0.0107793175,6.6240654,3.8204634,3654.9792,0.6430432796478271,1.0
"Context:
Our team’s website was built with a static-site generator and a bundle of tools that handle hosting, forms, and analytics. On launch day the office felt like a packed arena, with everyone moving fast and trying to outdo each other’s progress. I pushed a fix, watched the build pipeline run, and then merged the final change. When the site finally stayed green, the room was still buzzing like the moment before a final whistle.",73.836784,4.301857,1185,8.0,1,0.13250516,623.72186,5.794223,0.0,71358,764,0.010706578,6.638568,3.8616095,4707.1514,0.3438264727592468,0.0
"Context:
I applied for a credit facility to smooth the gap between shipping costs and customer payments. The approval came with a rate, a cap, and a requirement to report revenue each quarter. Using the credit line was simple, but closing it required a phone call and a final statement. The financing solved a timing problem, not a profitability problem.",70.62569,4.257394,1186,8.625,1,0.13876805,581.2557,6.392184,0.0,52026,755,0.0145119745,6.6267176,3.4494395,4188.685,0.6980528831481934,1.0
"Context:
On the whiteboard, the first line said to shut the door, and the second line reminded us to silence our phones. The third line was a quick check of attendance, so we moved down the list together. Someone skipped the fourth line and the teacher pointed back to it. When we reached the fifth line, the room was finally settled.",40.275623,3.6957464,1187,8.0625,1,0.17908445,934.2557,7.627312,0.0,53532,766,0.014309199,6.641182,3.7675328,5216.844,0.7191053032875061,1.0
"Context:
I wrote a stronger opening paragraph to anchor the beginning section of the report. Next I pasted a list of features and options for the platform we planned to use. The attachment also included a list of teams and fixtures for the season opener, which guided our timing. Support resolved a strange error message in the signup flow and sent steps for avoiding it. The initial spend went onto a credit line that we pay down each week.",100.30101,4.6081758,1188,9.787499,0,0.15180352,629.0301,5.4497304,0.0,66156,761,0.011503113,6.6346335,4.1303024,4143.712,0.37199097871780396,0.0
"Context:
The itinerary gave a list of stops connected by conjunctions: museum, bakery, and the old tower, plus a final detour. I packed a part of the snacks into a small pouch and left some of the heavier items at home. By noon, only two of the granola bars were left. The rest of the day ran on coffee and whatever we could find.",55.092876,4.0090203,1189,8.812498,1,0.110038966,519.22766,4.578664,0.0,58713,758,0.012910258,6.6306834,3.6921563,4718.58,0.6448537111282349,1.0
"Context:
The car came with special features like adaptive suspension and a unique interior trim package. The brochure also included quantifiable attributes: horsepower, torque figures, and fuel economy numbers. During the test drive, the buyer watched the consumption rate on the screen. The dealer used the metrics to justify the higher price.",48.582832,3.8832703,1190,7.9406247,1,0.07073406,427.3158,3.8391738,0.0,47560,750,0.015769554,6.6200733,2.9692822,6041.16,0.7379699945449829,1.0
"Context:
I met my friend at the bookstore on Algade, and the message even included the floor and the door facing the square. In a forum thread I checked during coffee, a buyer described how the closing agent withheld a percentage of the sale price and remitted it to the tax office. Replies argued about whether those rules deepen the divide between people with savings and people without. After lunch I fixed a driver issue, pushed a website update, and typed a quick review of a budget microphone. Later, the same thread had turned into a running commentary on both neighborhoods and numbers.",97.84266,4.5833607,1191,9.45,0,0.14485389,544.35156,5.644652,0.0,88457,772,0.008727404,6.6489844,4.296809,3757.9353,0.06498409807682037,0.0
"Context:
During the match, I kept drifting inside, and our coach pointed sharply to the touchline. He wanted clearer positions and quicker actions, with each player committing to the role at the right moment. On the next play I stayed wide, pressed the fullback, and cut the passing lane. The shift worked immediately, and the shape finally held.",71.83311,4.2743454,1192,8.125,0,0.12757403,660.87976,5.6857657,0.0,52769,754,0.014288692,6.6253924,3.5801396,5180.363,0.6904508471488953,1.0
"Context:
I kept returning to the first page because the beginning sounded flat. The story only came alive when I let the opening line introduce the setting with a small detail. After that, the next sentences felt less forced and more natural. Editing the start took longer than writing the ending.",67.326706,4.209557,1193,7.340625,1,0.110504,544.0978,5.096709,0.0,43105,753,0.01746897,6.6240654,3.3002894,4923.7837,0.6666640639305115,1.0
"Context:
A newspaper story covered a special counsel investigating procurement, and it also noted the role of various specialists assisting the review. The article described the work as a focused effort inside a narrow field of expertise. Readers followed the names as they appeared in court filings. The next day, the paper ran a short update with new testimony.",77.74454,4.3534284,1194,8.287498,0,0.13895443,483.05264,4.99645,0.0,49809,760,0.015258287,6.6333184,3.840417,3476.3386,0.6206633448600769,1.0
"Context:
The manager read an alarming email and wanted to know who it came from. We checked the header, traced the source domain, and found it was spoofed. The origin of the message was a phishing kit hosted on a compromised site. Knowing the true source stopped the panic instantly.",51.067623,3.9331508,1195,8.90625,0,0.117859624,445.15503,4.711395,0.0,44599,759,0.017018318,6.632002,3.4797766,3776.9934,0.6203386187553406,1.0
"Context:
Our purchase agreement listed the parcel number and the exact address, which made the tax paperwork easier to trace. The accountant reminded us that a portion of the transaction value must be paid to the authorities as part of the transfer process. We set the payment date before we even booked movers. When the receipt came back, it matched the property details line for line. That one match prevented a messy follow-up.",64.87983,4.172537,1196,8.1625,0,0.146316,596.0984,5.763662,0.0,63176,762,0.012061542,6.6359468,3.9194434,4074.0476,0.42812222242355347,0.0
"Context:
I set the pickup pin to 57.0480, 9.9190 so no one wandered around the square. The note said to meet by the red door at Østerågade 12, not the front entrance on the corner. When I arrived, the bakery sign was half-lit and the smell of cinnamon drifted outside. A cyclist rolled up and said the address finally made sense once he saw the canal.",105.38561,4.657626,1197,8.412499,1,0.10336588,567.985,4.8373857,0.0,65401,754,0.011528876,6.6253924,3.6047573,5494.898,0.6681345105171204,1.0
"Context:
The advertisement included a link to the registration page and a note about a small giveaway for students. Helio Ventures, part of Solara Capital, added its Stockholm office to the partner list, and the branch note was tucked in after a comma. I attended the meeting because I wanted to understand the rules before answering questions. The report listed 78,500 DKK in ad spend and 1.3 million views, plus 12 grants at 15,000 DKK each. After the session, we moved from the room into the hallway and toward the elevators.",73.759605,4.3008113,1198,8.949999,0,0.122738905,519.22766,4.8719244,0.0,84734,765,0.009028253,6.639876,4.2029696,4230.343,0.13354377448558807,0.0
"Context:
We played a cup match against a stubborn opponent, and the pace never let up. The stadium district was chaotic, packed with vendors and shouting crowds from early afternoon onward. Every sprint felt like it belonged to the surrounding rush. When it ended, both teams looked wrung out, and the streets were still roaring.",83.595375,4.425988,1199,9.34375,1,0.119402334,554.7143,5.0329394,0.0,49061,757,0.0154297715,6.629363,3.5724308,4645.7573,0.6590372323989868,1.0
"Context:
I drafted the opening paragraph on the train, then rewrote the beginning section in the lobby to match the client’s tone. Next I pasted a list of available features for the service package, with a note about what costs extra. The confirmation email included a list of events and teams for the weekend, so we could plan coverage. When the QR scanner would not sync, help and support staff pushed an update while I waited. I bridged the gap with a revolving credit line instead of draining savings.",80.76744,4.391574,1200,8.84375,0,0.15783498,658.2256,5.751332,0.0,78794,764,0.00969617,6.638568,4.3225765,4170.3403,0.18096384406089783,0.0
"Context:
We found a stray dog with a collar tag that looked homemade. The vet asked for the dog’s origin, and we started calling shelters to find the source of the registration number. A small rescue confirmed the provenance and told us which neighborhood it came from. That tiny trail brought the dog back home by evening.",84.225235,4.4334946,1201,9.70625,0,0.15229164,419.3534,5.3958855,0.0,50544,756,0.014957265,6.6280413,3.8618653,2753.6206,0.6604194045066833,1.0
"Context:
The invoice total came to 48,750 DKK, and the finance team flagged it for review. The same day, the clinic sent me a note about renewing my prescription before the refill window closed. I updated my calendar and forwarded the bill to accounting. Everything felt routine, just busy.",83.098946,4.420032,1202,9.862499,1,0.094428,572.267,4.4108853,0.0,46084,756,0.016404826,6.6280413,3.318223,6060.353,0.6800448298454285,1.0
"Context:
The café on the corner taped up a flyer advertising a new lunch deal and a weekend brunch special. Right beside it, the tech store next door hung a poster listing laptop specs like 16 GB RAM, a Ryzen 7, and a fresh Windows install. People compared prices while the barista pointed out the limited-time offer on pastries. By noon, the sidewalk looked like a mini market of services being promoted.",97.4108,4.578937,1203,8.90625,1,0.12260104,732.5414,5.1951165,0.0,63934,766,0.011981105,6.641182,3.86577,5975.0015,0.47293660044670105,1.0
"Context:
The factory floor was loud and fast, and the pace of work never eased. I had to install a set of panels that were precisely 120 cm by 60 cm, so I kept checking the dimensions while people hurried past. The intensity made every measurement feel higher stakes than it should have been. When the last panel fit, I finally relaxed.",67.195564,4.2076073,1204,7.875,1,0.09420731,552.0602,4.49494,0.0,52769,757,0.014345543,6.629363,3.3697672,5860.0566,0.6762985587120056,1.0
"Context:
The teacher used a popular geography game to make students remember capitals and coastlines. Afterward, they switched to a short historical education segment about how ideas spread across borders. At home, she tried a recipe that showed up in many countries with slight twists. The mix of games, lessons, and culinary practices kept circling back to global connections.",107.08895,4.67366,1205,8.9375,1,0.1284995,533.4812,5.030877,0.0,52776,760,0.014400485,6.6333184,3.7235286,4151.621,0.6372305154800415,1.0
"Context:
At the store planning session, we reviewed measured results rather than anecdotes. The manager called out a higher rate of returns and a lower average basket size. We also tracked stock levels, total units sold, and the cost of expedited shipping. Once the measurements were on the table, the next week’s targets practically wrote themselves.",113.31982,4.730214,1206,10.106249,1,0.14243437,849.32336,6.724346,0.0,52028,757,0.014549858,6.629363,3.473134,5962.91,0.6495640873908997,1.0
"Context:
The entertainment blog described a great night out and kept repeating the venue name as if it were iconic. It included ticket price ranges and a small technical aside about audio levels and mixing. The post also listed the street address and a date for the next show. I shared a short video clip, converted it to a common format, and checked the platform’s preview before sending the link to friends. After that, I ordered a new monitor cable and some dog treats.",88.14636,4.4789987,1207,9.5875,0,0.105190806,711.3083,4.5289354,0.0,72099,763,0.0105826715,6.637258,3.9445543,6762.0767,0.24185720086097717,0.0
"Context:
I headed into the county building, and after a short wait I found the desk where they handle voter rolls. Lev was there already, and he waved me over. We filled out the forms, then walked out into the hot street and looked for shade. The whole trip was simple, just a lot of moving from one place to another.",44.139282,3.7873502,1208,8.4375,1,0.1240907,427.3158,4.998146,0.0,52769,757,0.014345543,6.629363,3.686611,3443.5762,0.6211150884628296,1.0
"Context:
The restaurant’s online profile lived or died by small numerical signals. A dip from 4.7 to 4.5 stars changed where it appeared in the local rank list. Foot traffic stayed steady, but reservations slowed after the rating shift. The owner kept asking what number would get them back into the top results.",139.48251,4.937939,1209,9.799999,1,0.11212798,371.57898,4.2650127,0.0,49800,757,0.015200803,6.629363,3.694009,3313.8826,0.598588228225708,1.0
"Context:
The itinerary listed two cities, one festival name, and a hotel check-in time that I didn’t want to miss. At the venue, the staff directed everyone to Entrance 2 and repeated the event title over the loudspeaker. I wrote down the organizer’s name and the booth number so I could return later. By the end, the trip notes looked like a chain of locations tied together by identifiers.",60.509438,4.1027994,1210,9.6375,1,0.129379,549.9347,4.8104873,0.0,66895,762,0.011390986,6.6359468,4.08306,4250.5713,0.34920498728752136,0.0
"Context:
When my friend missed the appointment, I sent the exact location: Vestervej 9, next to the small pharmacy with the blue sign. He still sounded panicked, so I called an assistance line and asked if they could help reroute him. The operator suggested a quicker bus and confirmed the nearest stop to that address. I forwarded the instructions and a map pin. He arrived just as the doors were closing.",69.30046,4.2384515,1211,7.796875,1,0.1261863,435.27823,4.8390336,0.0,63925,758,0.011857646,6.6306834,3.949945,3449.4888,0.5749356150627136,1.0
"Context:
The box said the monitor was 27 inches, and the stand depth was exactly 20 cm, so it would fit my desk. The electronics market was packed and loud, with vendors shouting prices and customers pushing through narrow aisles. I kept checking the measurements while the crowd pressed around me. When I finally paid, the whole purchase felt like winning space in a busy place.",91.7372,4.518928,1212,8.74375,1,0.17488135,796.24066,6.8115935,0.0,57985,763,0.013158576,6.637258,3.9003549,4553.0337,0.6821439266204834,1.0
"Context:
You said you’d be here at six, and it’s already dark outside. If you got delayed, you can just tell me instead of pretending the train wasn’t late. You don’t need an excuse that sounds perfect; you just need to be honest. If you want, you can call when you’re two stops away so I can start the oven. When you arrive, you can drop your bag and breathe for a second before we talk.",36.525116,3.598,1213,7.1437497,1,0.14324439,467.12784,5.3736115,0.0,76544,753,0.009837479,6.6240654,4.190006,3261.0552,0.5898745059967041,1.0
"Context:
Fei and I stopped by a courthouse café after her appointment, and the counter display advertised a rewards program with a shiny brand name. At the next table, a lawyer read from a document that repeated company names and personal names with careful precision. A man nearby suddenly reached for a quick-relief inhaler, and the barista quietly offered him water without staring. On the wall, framed newspaper clippings and old obituaries covered local history, each one anchored by bold names. The café menus were printed on thick stock with a raised floral pattern that made the place feel fancier than it was.",71.63433,4.2715745,1214,8.125,0,0.12616262,591.8722,5.7273073,0.0,93648,763,0.008147531,6.637258,4.034011,4691.3438,0.07998697459697723,0.0
"Context:
She edited a travel vlog on a new laptop, using faster storage so the render didn’t crawl. The edit included a quick screen showing the site’s upload status bar. Once it was done, she uploaded the file to a platform that handled the format and let viewers switch between resolutions. The whole setup felt like a clean blend of computing gear and online sharing.",116.69007,4.7595215,1215,9.581249,0,0.09381413,323.80453,3.8940692,0.0,59461,761,0.012798305,6.6346335,3.6863704,3451.554,0.48850831389427185,1.0
"Context:
The supplier meeting opened with a question about where the parts were manufactured. The manager wanted a clear source for every component, not just the final assembly location. A spreadsheet showed one item sourced from three countries depending on the month. That shifting origin explained why the quality kept changing.",86.664536,4.4620447,1216,8.574999,1,0.120075844,496.32227,5.7384624,0.0,43107,752,0.017444963,6.6227365,3.1661534,4133.4062,0.7123967409133911,1.0
"Context:
She handed me a printed list with the first name circled in pen. The second name had a note in the margin, and the third had a question mark. I scanned down to the fourth to see where my friend landed. The fifth line was blank, as if the list had been cut off mid-thought.",36.29602,3.5917082,1217,7.546875,1,0.11849521,759.08276,5.8955355,0.0,49054,755,0.015391202,6.6267176,3.3204937,6406.0205,0.7113256454467773,1.0
"Context:
We included a donation request alongside the link to the highlight reel, and the giveaway rules were kept simple. Coastal Systems, with Blue Harbor Tech, coordinated the branch support, and the Dublin office appeared, in the logistics clause. I joined the effort because I wanted to help beyond just reposting. The report showed 18,742 attendance, 3 goals in the final 20 minutes, and 60,000 DKK in production costs. After the match, we walked from the field toward the main gate and into the city noise.",121.81803,4.8025284,1218,10.049999,0,0.15957206,569.4755,5.813966,0.0,81027,765,0.0094412975,6.639876,4.3285027,3568.767,0.10788595676422119,0.0
"Context:
On the platform, a single menu handles uploads, downloads, and permission settings for shared items. I tried the search bar with a keyword and watched the suggestions update instantly. The profile page also has a privacy section where you can disable public visibility. Once I learned where those functions lived, the site felt intuitive.",88.79611,4.486343,1219,8.25,1,0.10486746,437.93234,4.0064096,0.0,49056,756,0.015410959,6.6280413,3.7150733,4176.0557,0.6440491676330566,1.0
"Context:
The loan offer looked attractive until I ran through the financial numbers carefully. The interest rate was lower than my current deal, but the fees raised the overall cost. I modeled the monthly amount over the full term and checked the break-even point. Once the calculation was done, the decision felt obvious.",51.496346,3.941511,1220,7.5,1,0.09979017,432.62408,4.288657,0.0,46815,748,0.015977785,6.617403,3.4174182,4335.3374,0.7331181764602661,1.0
"Context:
The neighborhood park had new benches on one side of town and broken swings on the other. Parents joked about it at first, then started listing the services their kids never see. A teacher explained how resources follow wealth, not need. The complaint ended with a simple question about why some people always have to make do.",87.613716,4.4729376,1221,9.5,1,0.16462396,737.8497,6.6292744,0.0,49058,759,0.015471483,6.632002,3.6782136,4482.031,0.6802883744239807,1.0
"Context:
We arranged a sports match against a nearby team as part of their anniversary event. After the game, I helped update the website using a simple admin tool so the schedule and results were accurate. The page went live while people were still clearing the field. It was a small way to make the day feel complete.",50.479073,3.9215589,1222,7.90625,0,0.06874807,319.76227,3.1411192,0.0,48308,755,0.015628882,6.6267176,3.2583253,4651.218,0.672132670879364,1.0
"Context:
I ordered a standing desk and checked the measurements twice because my room is narrow. The frame was listed as 140 cm wide, which matched the exact space between the radiator and the wall. When it arrived, I laid out the pieces and verified each dimension before tightening a single bolt. Once it was up, the fit felt as satisfying as the numbers promised.",69.24754,4.2376876,1223,7.75,0,0.118666254,469.78198,4.570263,0.0,55001,757,0.013763386,6.629363,3.8208132,3958.8506,0.6344752311706543,1.0
"Context:
A special magazine issue focused on a health scare and treated it as a pressing concern for readers. Alongside the article, a sidebar explained what software settings and device specifications could help people access updates and alerts. The editors clearly wanted the topic to feel practical, not distant. The worry was packaged with technical instructions.",130.41551,4.8707256,1224,9.725,0,0.15802886,854.6316,6.944823,0.0,48315,760,0.015730105,6.6333184,3.5760198,5408.0728,0.6746286749839783,1.0
"Context:
A concert announcement made the group chat explode, and everyone kept repeating the artist’s name like it was a password. Someone posted the venue location with a street number and a reminder about doors opening time. Another friend added a quick cost breakdown and a note about ticket tiers and service fees. I offered to upload the rehearsal footage, choosing a platform that handles large files and lets viewers switch resolutions. While waiting, I priced out a new router and a dog bed to replace the worn one.",129.6889,4.8651385,1225,9.656248,0,0.118567795,512.24817,4.6531534,0.0,75816,764,0.010077029,6.638568,4.0616865,4320.298,0.26542147994041443,0.0
"Context:
The coach confirmed his spot on the roster, and he started obtaining the confidence that had been missing. In the locker room, he joined the broken buckle pieces and fastened the replacement until it held. A sponsor meeting covered financial planning and security measures to keep the program stable. After practice, the coach made the lineup certain and closed the discussion with the final list.",109.18287,4.693024,1226,9.375,0,0.114039,379.54138,4.9508595,0.0,56488,760,0.013454185,6.6333184,3.5614257,3328.1719,0.6098398566246033,1.0
"Context:
A friend sent me an ad for a new meal-kit service, praising the company behind it by name. The pickup was at a storefront that hosted weekend tastings and short workshops. During the session, the instructor compared cooking patience to a Buddhist practice of attention. I carried out a printed recipe card, a branded apron discount, and the address for the next class.",104.89815,4.65299,1227,9.706249,0,0.14515932,796.24066,6.4548244,0.0,57983,762,0.013141783,6.6359468,3.6423793,5485.288,0.6080523133277893,1.0
"Context:
The parking garage felt bleak and uninviting, and the echo made each step sound harsher. I was carrying a box labeled 60 cm by 40 cm, and the tight stairwell forced me to angle it carefully. The unpleasant atmosphere made the simple task feel longer. When I reached the car, the relief was immediate.",80.82681,4.3923087,1228,9.9625,1,0.11082429,446.64746,4.6156917,0.0,49800,758,0.015220883,6.6306834,3.5756874,4030.2307,0.6648484468460083,1.0
"Context:
He left the hospital with a new treatment plan and a strict schedule for taking the tablets. At work he prepared a short memo about migrating reports into Power BI for leadership review. Someone joked that the office felt like 'Blade Runner 2049' because of the glare and the haze outside. A Listeria recall hit the news, and they tossed the communal hummus and salad boxes without hesitation. After the meeting, he stepped into the heat and immediately regretted not bringing water.",96.24375,4.566884,1229,9.187497,0,0.12657663,577.85016,5.1989355,0.0,72843,764,0.010488311,6.638568,4.0261636,4565.2197,0.33485516905784607,0.0
"Context:
The tournament ended on a slow Sunday, and my final placement against the field was lower than I wanted. The whole weekend had a reflective mood, like a season closing rather than a celebration. I packed my notes, looked once more at the standings, and accepted the result. On the ride home, the time itself felt like a quiet reset.",60.496773,4.10259,1230,8.5625,1,0.11201372,551.48224,5.164577,0.0,53510,755,0.014109512,6.6267176,3.4244857,4923.345,0.7224624156951904,1.0
"Context:
He cared about being ahead of the people he practiced with, even if nobody said it out loud. The chart showed who was rising and who was slipping, and it changed how they talked after games. A close result still counted, but the ranking only remembered the final score. He set a personal goal to stay in the top group all month.",69.006485,4.2342005,1231,7.865625,1,0.13489284,581.2557,5.3869543,0.0,53514,758,0.014164518,6.6306834,3.740049,4309.018,0.6588528156280518,1.0
"Context:
At the airport hotel in Dublin, the elevator panel flashed 7, then 12, then briefly showed ERR before resetting. I read a one-page quick start guide full of abbreviations, punctuation, and short conjunctions, as if it were written for technicians. In the minibar, a cough syrup leaflet mentioned dextromethorphan and a maximum daily dose. The shuttle schedule listed Terminal 1, Terminal 2, and City Ctr, and the confirmation email was signed JL from Org Travel.",78.85246,4.3675785,1232,9.0,0,0.14910917,602.97406,5.8271246,0.0,81764,765,0.009356196,6.639876,4.2195163,4043.8428,0.08598602563142776,0.0
"Context:
They chose the desert town because it promised a pleasant weekend and clear skies. A crowded night festival made the center feel intense, with drummers competing for attention and crowds surging toward the loudest corner. Warm dust coated their shoes, grilled meat scented the air, and fireworks rattled the windows. The evening had its own quality, louder and brighter than the quiet afternoons they expected. Somehow the atmosphere felt both welcoming and relentless, like the town was daring them to keep up.",81.351204,4.3987756,1233,8.518749,0,0.10595754,528.173,4.41842,0.0,74330,762,0.010251581,6.6359468,3.9325542,4984.7607,0.28299254179000854,0.0
"Context:
In the engineering lab, I started by weighing the test piece and recording its thickness and length. The project lead compared measured performance values and other tracked numbers from last week’s trial, focusing on changes in rate and efficiency. A noticeboard showed a ranking of teams by points for completed tasks, which kept everyone competitive. We selected a replacement part after confirming its chemical composition, color code, and strength requirements. At the end of the day, finance sent an update about budget amounts, unit prices, and the premium charged for rush orders.",121.48142,4.7997613,1234,8.943747,0,0.10897544,516.4361,4.528924,0.0,83244,765,0.009189852,6.639876,4.0829706,4739.0137,0.14097172021865845,0.0
"Context:
The coach asked for a simple summary of what the training block produced. I showed average pace, heart-rate level during intervals, and the number of completed reps. We compared the measured improvement to the previous block and noticed that performance gains plateaued when recovery days were skipped. Even the equipment spend was captured as a cost so the full picture stayed grounded in measurable outcomes.",125.36855,4.831258,1235,9.6,1,0.15578555,596.0984,6.029569,0.0,57221,752,0.013142028,6.6227365,3.9251962,3826.4036,0.7420595288276672,1.0
"Context:
My grandfather kept a scrapbook of clippings, and every article was marked with a circle around the name that mattered to him. One page held an obituary, another held a report about a factory opening, both connected only by the people named in them. At dinner, he recited those names like they were neighbors he could still visit. I could tell which ones meant something by the way his voice softened. When he closed the book, the silence felt respectful.",45.846912,3.8253078,1236,7.48125,1,0.14546272,982.03015,6.468904,0.0,73576,757,0.010288681,6.629363,3.9870915,6751.0776,0.3911563754081726,0.0
"Context:
In the factory, inspectors measured thickness and tensile strength as quantifiable attributes of each panel. The same sheet listed the allowed cost range and the performance score target for the order. When one batch fell below the strength limit, it was rejected despite being cheap. The accepted batch met both the attribute thresholds and the price constraints.",150.5367,5.014207,1237,9.61875,0,0.16710658,583.4332,6.4112716,0.0,50546,759,0.015016025,6.632002,3.8018198,3491.3838,0.6769756078720093,1.0
"Context:
The old cinema had a slightly eerie atmosphere, and the dim corners made the room feel strange. Still, the film itself had a light, cheerful quality that kept the audience laughing. The contrast made the night memorable without needing anything dramatic. Walking out, the air felt crisp and ordinary again.",68.37408,4.2249937,1238,7.96875,0,0.09141518,854.6316,5.2785573,0.0,45334,752,0.016587991,6.6227365,3.015333,9348.902,0.6447382569313049,1.0
"Context:
You can upgrade your plan today and get priority support whenever you need help. When you switch, you’ll keep your current settings, so you won’t lose the work you’ve already done. You can try the premium tools for a week and decide if they actually fit your routine. If it’s not for you, you can downgrade without paying extra. You’ll see the new features appear immediately after purchase.",31.023964,3.4347599,1239,7.5156245,1,0.14765778,400.77444,5.2604556,0.0,69859,757,0.010836112,6.629363,4.1866837,2714.2114,0.5681101083755493,1.0
"Context:
The lab report focused on quantities related to measurement: temperature in Celsius, flow rate per minute, and pressure over time. Alongside the numbers, the team wrote down quantifiable attributes of the device, like its weight, battery capacity, and peak output. A faulty sensor made one pressure column jump, so they reran the trial. The corrected dataset matched the expected range and the device specs stayed consistent.",78.196976,4.359231,1240,8.60625,0,0.09631757,591.80786,4.458585,0.0,62428,757,0.012125969,6.629363,3.6231775,6144.34,0.581606388092041,1.0
"Context:
I drove to the address on the contract, but the street had two similar house numbers on different sides, so I checked the coordinates. In an online discussion, someone explained that the buyer might need to withhold a slice of the sale proceeds and remit it, even if the seller insists everything is settled. Replies kept mentioning how unequal the market feels when fees appear only to those who cannot negotiate. I spent the evening reconfiguring my desktop and posting a short summary of the whole mess on a simple webpage I maintain. The thread, like the map, became clearer only after I zoomed in on details.",69.090836,4.235422,1241,8.78125,0,0.10057316,417.01303,4.067721,0.0,93648,767,0.008190244,6.6424866,4.2094336,4146.3647,0.10012789070606232,0.0
"Context:
I shut the door and turned off my phone because the noise was distracting me. I needed an hour to finish the report without interruptions. I explained to the team that I was not ignoring them, just trying to hit the deadline. I came back later and answered every message in order. The work was not glamorous, but it was finally complete.",36.256775,3.5906262,1242,7.3374977,1,0.114078,737.8497,5.4930677,0.0,54251,752,0.013861496,6.6227365,3.4797585,6467.94,0.738070011138916,1.0
"Context:
She wrote a short profile for her portfolio describing projects in data engineering and business analytics. It included Snowflake experience, dbt transformations, and automated reporting for stakeholders. In a case study, she explained how she reduced query time and improved reliability for a weekly metrics pipeline. She also noted collaboration practices, like code reviews and clear documentation in the repo. It read like a professional summary built around software and outcomes.",116.965546,4.7618794,1243,9.6,1,0.12166811,390.15793,4.443641,0.0,63182,758,0.011997088,6.6306834,4.0216026,3206.7395,0.5700418949127197,1.0
"Context:
On graduation day, the university held a special ceremony with a formal procession. After the speeches, students checked the posted list of grades, points, and class rank. Families took photos of the ranking board. The dean called the ceremony a noteworthy occasion for the whole department.",55.440838,4.0153165,1244,9.3375,1,0.14034717,557.36847,5.492431,0.0,42372,756,0.01784197,6.6280413,3.5968134,3971.3552,0.6833927631378174,1.0
"Context:
I chose a bookshelf based on its exact width, because anything larger would block the door. The listing said 90 cm, and I measured the space on the wall to confirm it. When it arrived, I compared the real dimensions to the label before unwrapping it fully. The relief came when the numbers matched and it slid into place.",58.532627,4.0695844,1245,8.887499,0,0.11425481,355.65414,4.2053356,0.0,54261,760,0.014006376,6.6333184,3.8407733,3112.8154,0.5486818552017212,1.0
"Context:
I wrote a detailed response, hit submit, and immediately noticed a typo in the first line. After editing, the page showed a small marker that the post had been changed. Someone replied with a single sentence that derailed everything into a side debate. The conversation kept moving even after I logged out, as if it had its own momentum.",61.367504,4.1168804,1246,8.38125,1,0.13152508,514.23083,5.3369627,0.0,52029,760,0.014607239,6.6333184,3.6847413,3909.755,0.6605881452560425,1.0
"Context:
On the tram stop sign, the route numbers 5 and 16 were printed next to arrows and commas that pointed toward the waterfront. A blog post about a new graphics driver, v31.0, used acronyms and tight punctuation to describe performance changes. In my pocket, a blister pack listed acetaminophen and warnings about liver toxicity at high doses. The tour guide offered museums, parks, or cafés, and she introduced herself only as Dr N from the Intl Guide Guild.",122.585686,4.80881,1247,9.912499,0,0.15508941,546.7519,5.990131,0.0,76552,759,0.009914829,6.632002,4.1648874,3525.398,0.30991649627685547,0.0
"Context:
She pressed the two boards together and drove the screws until the heads sat flush. The frame stopped wobbling once the brackets were tightened. She gave the joint a hard shake to test it. Nothing moved, so she added the final bolt and wiped away the sawdust.",66.230934,4.1931477,1248,8.025,1,0.102452986,463.06357,4.4567533,0.0,42365,756,0.01784492,6.6280413,3.2751718,4519.7666,0.6736732125282288,1.0
"Context:
The conference badge read Copenhagen 2024, and the hall sign pointed to Room 12 for the keynote. I noted the address on my phone so I could find the venue again after lunch. Later, the schedule sent us to Gate B7 for the shuttle, and the volunteer repeated the route twice. By dusk, the city names and event numbers blurred together, but the landmarks made it easy to navigate.",111.320595,4.7124143,1249,9.725,1,0.15771486,615.7594,6.2208357,0.0,60961,763,0.012516199,6.637258,3.922598,3904.2573,0.4216562509536743,0.0
"Context:
A chef streamed a lesson on the World Wide Web and explained how a familiar dish changes across regions, tying it to globally related concepts in culinary practices. While chopping, she talked about global locations/events that influenced ingredient routes and family traditions. Her partner pulled up a list of global events or locations for a trivia night game and read them aloud. The conversation shifted to global affairs and, briefly, the World Trade Center as a moment people still reference when talking about the world in general.",89.74772,4.4970026,1250,9.0,0,0.14697748,419.3534,4.9498925,0.0,74340,767,0.010317461,6.6424866,4.3539524,2853.1812,0.216541588306427,0.0
"Context:
My friend’s newsletter opened with a positive story from the music scene and mentioned the band by name. It included subscriber counts, a cost estimate, and a brief note about server capacity planning. A separate paragraph listed the tour stop location and the venue’s seating number for our section. I uploaded the rehearsal video, picked the right container format, and checked that the player controls worked well on mobile. Then I bought a new set of screwdrivers and a kitten toy bundle.",90.97457,4.51058,1251,9.4375,0,0.106350206,583.4332,4.626435,0.0,75071,764,0.010177032,6.638568,3.9083862,5485.9624,0.23456412553787231,0.0
"Context:
The stadium district was intense, with a competitive edge in the crowd before anything even started. The air smelled like fried food and cold concrete, and the chanting rattled in my chest. I could feel the environment as much as I could see it. When I left, the noise seemed to follow me for blocks.",56.34356,4.031468,1252,8.5875,0,0.15648638,817.4737,7.120945,0.0,48317,761,0.01575015,6.6346335,3.507024,5223.9287,0.5818820595741272,1.0
"Context:
Harborline Services, a branch of Vesta Partners, consolidated three offices into one shared unit. The notice placed commas between each subsidiary name and added prepositions like ""of"" and ""in"" to keep the chain readable. It sounded bureaucratic, but the meaning was straightforward. Everyone joked about needing a translator for corporate prose.",134.95992,4.904978,1253,9.1875,0,0.15327965,264.0865,4.757703,0.0,52777,762,0.014438108,6.6359468,4.104567,1722.9064,0.4103991985321045,0.0
"Context:
For the new apartment listing, the agent hired a photographer and a minor repair service on the same morning. The photos emphasized the home’s airy quality, especially the way the light played on the walls. The cabinet handles are a component from the original hardware set, and the flooring was sourced from reclaimed oak. Some of the amenities belong to the building rather than the unit, which the owners’ association members kept repeating.",100.77019,4.6128426,1254,9.5625,0,0.15961763,511.67245,5.952449,0.0,67646,765,0.011308873,6.639876,4.116026,3205.6135,0.27597925066947937,0.0
"Context:
The river looked calm near town, but my grandfather always talked about its source in the hills. He described a spring that bubbled out from under a flat stone, cold enough to sting your fingers. We hiked until the trail narrowed and the sound grew louder. Standing at the origin made the whole map feel simpler.",93.93177,4.5425687,1255,8.237499,1,0.09433162,480.14603,4.2620325,0.0,49794,756,0.015182552,6.6280413,3.4234526,5089.9795,0.7014383673667908,1.0
"Context:
He checked into the small hotel because the neighborhood felt pleasant and walkable. Outside, a busy street race made the area highly active, and the competitiveness showed in every shouted split time. Rubber smelled sharp near the starting line, and the crowd’s noise rose and fell like surf. The morning had a crisp, purposeful quality that made even bystanders stand straighter. The atmosphere was energized and focused, as if the whole district had a single heartbeat.",125.642586,4.8334413,1256,9.71875,0,0.10350803,753.7745,4.872732,0.0,71347,757,0.010610117,6.629363,3.7876344,7282.28,0.42386436462402344,0.0
"Context:
After three rounds, my rating dipped and I started thinking about how I measure up against opponents. Outside the venue, the festival was nonstop, with loud music and people pushing toward the front. The intensity around me matched the pressure of trying to regain a spot near the top. I took a breath, signed up for the next round, and chased the climb again.",45.721268,3.8225636,1257,7.9250007,1,0.11176656,775.00757,5.147354,0.0,57232,754,0.013174448,6.6253924,3.572665,6934.163,0.6967390179634094,1.0
"Context:
She asked for a specialist because the symptoms weren’t resolving with basic advice. In the same week, her brother mentioned working with a special counsel on a case that had become public. At dinner, someone else brought up special economic incentives being offered to attract jobs. The conversation kept landing on that word, but every time it pointed to a different kind of seriousness.",117.7162,4.7682767,1258,8.725,1,0.12545681,711.3083,5.236101,0.0,57224,755,0.013193765,6.6267176,3.7619424,5669.746,0.682759165763855,1.0
"Context:
At the lab, they walked me through the infusion protocol and monitored my pulse the whole time. The hospital volunteer later sent a message about a raffle giveaway to support the ward, with a link to the entry form. I entered once and then went back to resting with a warm blanket. When the drip finished, I felt tired but stable.",56.16574,4.028307,1259,8.80625,1,0.1337803,626.376,5.883441,0.0,53513,756,0.014127408,6.6280413,3.581886,4682.124,0.699261486530304,1.0
"Context:
The match day neighborhood was loud from noon, with chants echoing between bars and buses. Every conversation seemed to be about who would win and how hard it would be. Lines formed, tempers flared, and the pace stayed relentless. Even after it ended, the intensity lingered in the streets.",57.760513,4.0563054,1260,8.11875,1,0.112730876,591.8722,4.9647512,0.0,46087,759,0.016468853,6.632002,3.4462538,5250.311,0.653992235660553,1.0
"Context:
I obtained the final part for the shelf after hunting across three stores. Back home, I fastened the brackets and joined the boards securely so the whole thing would not sway. The screws squealed once, then caught. The shelf stood straight when I pushed it.",101.18124,4.6169133,1261,8.899999,0,0.10414518,461.81958,4.3046694,0.0,42368,756,0.017843656,6.6280413,3.381383,4434.383,0.6724098920822144,1.0
"Context:
A letter guaranteed access to the storage unit, and she began gaining room for the move. She joined the boxes with plastic wrap and fastened the tape in long clean strips. The insurer explained how to maintain security and stability for valuables during transport and storage. When the padlock clicked, the arrangement felt definite, as if the day had been closed properly.",116.718124,4.759762,1262,9.25,0,0.12142607,429.80487,4.9022126,0.0,56486,757,0.013401551,6.629363,3.771503,3539.6426,0.6217793226242065,1.0
"Context:
A professor recommended a compilation that gathered articles from multiple journals into one book. The introductions explained why each piece had been chosen, but the writing spoke for itself. I carried the collected volume around for a week, marking passages with scraps of paper. It was a slow way of learning, but it stayed with me.",47.002613,3.8502033,1263,8.624999,1,0.121336706,629.3571,4.8901806,0.0,49810,765,0.015358361,6.639876,3.672874,5186.8647,0.5931783318519592,1.0
"Context:
The museum plaque described the sculpture as coming from a private collection. That sounded tidy until I asked when it entered the collection and where it had been before. The curator pulled out a file showing the earliest record was a shipping receipt. The origin was still a guess, just better documented.",96.451775,4.569043,1264,9.525,1,0.12451016,379.54138,4.508838,0.0,44601,757,0.016972713,6.629363,3.6707659,3048.2764,0.5598124265670776,1.0
"Context:
The bike tire box had more useful information than most reviews. It named the rubber compound, gave the exact width and bead type, and described how the sidewall was reinforced. There was a small table about puncture strength and rolling performance on different surfaces. I bought it because the attributes matched what I needed for winter roads.",75.66934,4.326373,1265,8.85,1,0.12955,468.1803,4.6119623,0.0,50542,757,0.014977642,6.629363,3.8588083,3613.8967,0.6281002759933472,1.0
"Context:
The onboarding packet was divided into three parts, and part two only applied after level one safety training was completed. The supervisor wrote a numbered list on the board and told us to start with item 2, not item 1. My badge placed me in the second cohort, and we lined up at the third station on the fourth floor. The procedure was written as step 1 to scan in and step 2 to confirm, and later the tools were arranged in order with the first wrench missing from the set.",69.43237,4.240353,1266,8.537499,0,0.1641167,544.93115,5.785093,0.0,76571,763,0.009964608,6.637258,4.3564262,3320.3882,0.24529299139976501,0.0
"Context:
The hotel shampoo had a label with medical-sounding chemical terms and dosage-like numbers. The welcome booklet pointed to nearby locations, including a pharmacy on the corner and a café by the station. I walked to both, mainly to get a feel for the neighborhood. By night, the area felt familiar and easy to navigate.",69.000206,4.2341094,1267,8.625,0,0.1137011,700.6918,5.029187,0.0,50545,757,0.014976754,6.629363,3.5887272,6162.577,0.6101088523864746,1.0
"Context:
The opening section of the guide was bland, so I rewrote the first paragraph to start with a real example. After that, I included a list of available features in the portal so users would know what to expect. The venue provided a list of events and speakers for the launch day, and I matched our staffing to that schedule. When my upload failed, the support line opened a ticket and stayed until the file appeared. We used a credit line to cover the initial order and repaid it once payments cleared.",57.79123,4.056837,1268,8.3125,0,0.15981008,711.3083,5.765605,0.0,78052,765,0.009801158,6.639876,4.2937913,4450.96,0.08943091332912445,0.0
"Context:
Our weekend match against their side landed on a cold evening when the whole event felt restrained and formal. The referee kept everything tight, and even the crowd stayed unusually quiet. We finished the game, shook hands, and the night closed quickly. It was the kind of competition that leaves a neat memory rather than a loud one.",79.011406,4.369592,1269,8.3875,1,0.1490762,822.782,6.5737753,0.0,50547,761,0.015055295,6.6346335,3.535917,5519.2046,0.601373016834259,1.0
"Context:
In the scrimmage, I tracked how our back line stepped up, when the striker pressed, and which runs opened the channel. The training session itself had a steady rhythm, like an event designed for learning rather than drama. We cooled down, talked through each action, and then headed home. The whole time felt orderly, the way a well-run practice should.",79.78979,4.3793955,1270,8.59375,1,0.13055529,574.8942,5.340291,0.0,56488,756,0.013383374,6.6280413,3.751701,4403.454,0.6863822937011719,1.0
"Context:
The email offered a list of choices connected by commas and or: Saturday, Sunday, or the next holiday slot. Because I had membership within the club, I got early access to the registration link. I picked the Sunday session and sent the confirmation to the group chat. The organizer replied that members were already filling most of the spaces.",85.01666,4.4428473,1271,9.0625,1,0.12458311,706.00006,5.475976,0.0,52772,758,0.014363678,6.6306834,3.6488018,5666.9004,0.6568160653114319,1.0
"Context:
In game night, he chose a strategy that depended on thinking beyond local moves and reading the whole board. The conversation drifted into a history lesson about empires and trade routes that shaped classrooms everywhere. Someone brought a dish seasoned with spices they associated with different regions. By the end, the themes felt globally connected through play, learning, and food.",145.06847,4.9772058,1272,9.75,1,0.115659215,475.09024,4.2749915,0.0,52777,757,0.014343369,6.629363,3.8989146,4107.673,0.6362661719322205,1.0
"Context:
The nurse suggested a different anti-nausea drug, and she felt grateful when it worked within an hour. She spent the rest of the morning documenting a data pipeline and explaining the software handoff to the marketing team. In the evening, she met friends who debated whether 'Interstellar' deserved another theater run. Their table avoided the salad special after hearing about a Listeria issue at a supplier. When they stepped outside, the air was so hot it felt like breathing through fabric.",83.11908,4.4202743,1273,9.174999,0,0.09192596,358.3083,3.679855,0.0,75816,758,0.009997889,6.6306834,4.0091333,3897.7922,0.24346709251403809,0.0
"Context:
After the match, Nora posted a short recap that sounded like a real headline, upbeat and proud. She included a few numbers about attendance and ticket revenue so the story felt grounded. The post also tagged the stadium location and the exact kickoff time to help latecomers understand what happened. Then she attached a highlight clip as an MP4 in 1080p and shared it through a familiar video platform. Before logging off, she mentioned buying a new dog harness and a replacement laptop charger on the way home.",89.934364,4.49908,1274,8.65,0,0.1308628,578.6015,5.123005,0.0,76559,764,0.009979231,6.638568,4.17421,4421.436,0.19197887182235718,0.0
"Context:
The new monitor arrived and I tested it with a few games to check for flicker and dead pixels. While everything was on the desk, I cleaned up my code repo and pushed a redesign of my website. I wrote an anecdote about learning to solder after ruining a cable, then added a short product review of the iron I used. The page ended with a tidy summary of the week so I could remember what I had actually done.",64.661964,4.1691732,1275,8.8875,1,0.11996276,483.05264,4.7909107,0.0,66894,758,0.01133136,6.6306834,3.9202127,4026.6882,0.6027131080627441,1.0
"Context:
The river’s source is a cold spring above the village, and you can hear it before you see it. On the hike, the 1st bridge is wooden and the 2nd is a narrow stone arch that sways under your feet. A ranger explained the origin of the trail markers, which were painted decades ago by local volunteers. By the 3rd bend, the water is wide enough to reflect the trees.",46.953434,3.8491564,1276,8.262499,1,0.15914893,547.4895,6.3496327,0.0,65407,758,0.011588974,6.6306834,3.9814708,3440.108,0.6305086016654968,1.0
"Context:
The donation link was pinned, and the giveaway prize list was shown in the attached image. Nordic Freight, a subsidiary of Fjord Group, handled deliveries, and the Aarhus branch was cited, in the operations note. I stayed up to post because I wanted the timing to match the press release. The recap showed 3.6 million minutes watched and 35,000 DKK set aside for distribution, plus 7 scholarship awards added. After the screening, we walked from the hall toward the station and into the last train home.",100.32886,4.6084533,1277,9.25,0,0.155774,616.9318,6.3017893,0.0,82511,763,0.009247252,6.637258,4.187664,3960.4287,0.21082812547683716,0.0
"Context:
Before the holiday party, she traded tips about a moisturizer that worked under makeup and a recipe for roasted carrots with cumin. The local paper later called the whole event a mess after a minor dispute about the venue’s rules turned into a controversy. Her group chat kept switching from ingredients to gossip. The night ended with leftover snacks and a headline nobody wanted.",155.28732,5.045277,1278,9.8,1,0.20144531,414.04514,6.228614,0.0,57255,765,0.013361279,6.639876,4.2726254,2055.3723,0.5815843939781189,1.0
"Context:
I adjusted the introduction so the beginning did not sound like a sales pitch. Then I laid out a list of products and features that fit the project timeline. The festival’s email arrived with a list of performers and set times, and we used it to plan breaks. I contacted customer support because the checkout page mispriced fees, and they corrected it on the spot. The deposit was paid from a line of credit that we pay down monthly.",83.18867,4.421111,1279,9.512496,0,0.13074261,560.0226,5.3548045,0.0,69126,764,0.011052282,6.638568,3.9637156,4283.3975,0.301016628742218,0.0
"Context:
I walked out of the cinema buzzing, still thinking about the lead actor’s name and the crowd’s applause. On the way, I checked the event listing to confirm the theater address and the start time for tomorrow’s screening. The newsletter added a brief revenue figure and a technical note about streaming capacity that surprised me. At home, I uploaded my reaction video, picked a smaller file size, and let the site generate multiple resolutions. While it processed, I compared prices on a cordless drill and a bag of cat food.",76.57756,4.338304,1280,8.29375,0,0.14287713,870.55646,6.344159,0.0,84735,767,0.0090517495,6.6424866,4.1080093,6093.0425,0.0727757140994072,0.0
"Context:
The carpenter marked the board and cut it to an exact length, checking twice before the final pass. A small error in angle would throw off the entire frame, so he used a square and level. When the pieces met, the joints sat flush without force. Good work showed up in millimeters, not in talk.",97.12786,4.5760283,1281,8.80625,1,0.098859355,332.9704,4.4358807,0.0,50536,750,0.014840906,6.6200733,3.3408868,3368.1223,0.7294848561286926,1.0
"Context:
He opened the deck with a screenshot of the new internal tool and explained the rollout plan. The team needed a centralized ticketing system, so he recommended ServiceNow and mapped the workflow to existing processes. In the Q&A, he discussed API integrations, data quality checks, and user training for the support staff. A director asked about cost, and he compared license tiers and implementation effort. The decision hinged on whether the software would actually stick after launch.",81.038994,4.3949304,1282,9.125,1,0.11890062,591.8722,5.519326,0.0,71345,758,0.01062443,6.6306834,3.746875,4977.873,0.6209359169006348,1.0
"Context:
I signed up for the local running club and got added to the weekly email thread. On the first night, the captain introduced me to the group and paired me with someone my pace. After a few sessions, my name showed up on the roster for the weekend relay. The sense of being included made it easier to keep showing up.",47.750664,3.865993,1283,9.081249,1,0.10902522,594.52637,4.931173,0.0,52026,755,0.0145119745,6.6267176,3.4800959,5453.109,0.684893012046814,1.0
"Context:
In the legal office, the receptionist slid a clipboard toward me with my name already printed at the top. The document packet inside had business names on every corner, along with disclaimers that sounded absolute. After the meeting, I checked my wallet and found a loyalty card from the same company, its program name glossy under the lights. I tapped the card against my phone case, amused at how the same brand could feel both friendly and formal. On the train, I reread the agreement and kept noticing how often names did the heavy lifting.",76.40602,4.3360615,1284,8.987499,1,0.104211316,392.80103,4.314804,0.0,83236,755,0.009070595,6.6267176,4.056668,3769.2742,0.6863054037094116,1.0
"Context:
The apartment listing felt vague until I started checking the actual dimensions. The ceiling height was 2.52 meters, and the bedroom window was 1.2 meters wide. I measured the alcove where a desk would go and got 87 centimeters. With those measurements, I could picture how the space would work without relying on photos.",50.71186,3.9261599,1285,8.325,1,0.075539365,302.57144,3.3664665,0.0,51277,752,0.014665444,6.6227365,3.3982277,4005.4802,0.7223769426345825,1.0
"Context:
The print shop asked for my system specs when the file export kept failing on their workstation. In the waiting area, someone read the newest issue of a weekly paper that was stoking debate about a local scandal. A poster nearby showed faces in close-up, linking expression and stigma to a broader discussion of addiction services. Behind the counter, boxed magazines and collected volumes were stacked like proof that topics return in cycles.",193.14507,5.2634416,1286,10.125,0,0.14840816,409.33795,5.7027793,0.0,64661,758,0.011722676,6.6306834,3.947226,2758.1904,0.5705055594444275,1.0
"Context:
My partner came home with a warning about Listeria in bagged lettuce, and we threw it away immediately. I was already on a new asthma treatment, so I didn’t want any extra health surprises. We scrubbed the sink, rinsed the produce we kept, and I took my inhaler exactly as instructed. The kitchen smelled like bleach for hours, but it felt worth it.",54.59906,4.0000167,1287,8.587499,0,0.14932029,562.6767,5.966559,0.0,63183,758,0.011996898,6.6306834,3.887256,3768.2534,0.6031661629676819,1.0
"Context:
By noon the air outside felt like it was coming from an open oven, and the sidewalk shimmered. She closed the blinds, drank water constantly, and still felt drained after a short walk. The city opened cooling centers and asked people to check on neighbors without air conditioning. Even at midnight, the apartment stayed hot and restless. When the forecast promised another day of extreme heat, she planned to stay indoors.",60.47944,4.1023035,1288,7.7625003,1,0.12432917,424.3151,5.1006584,0.0,64663,761,0.011768709,6.6346335,3.812977,3412.8362,0.4227498173713684,0.0
"Context:
You’ve looked at the same jacket three times, so you might as well claim the offer while it’s still in stock. If you add it to your cart now, you can lock in the price before it changes. You can also bundle it with the matching pants and get an extra discount automatically. If you’re unsure, you can check the reviews from people your height. You’ll know within minutes whether it’s the one.",36.767086,3.604603,1289,8.2125,1,0.15123932,456.5113,5.5721917,0.0,73571,753,0.010235011,6.6240654,4.239301,3018.4695,0.6096457839012146,1.0
"Context:
At year-end, the accountant prepared tables of financial metrics: wages paid, premium costs, and return amounts by department. She also tracked quantities like percentage growth, monthly rates, and total performance figures for the executive summary. A sudden rate change forced a recalculation of the quarterly totals. After the update, the totals aligned with the payroll ledger.",100.92166,4.6143446,1290,8.674999,0,0.10471374,493.6692,4.776982,0.0,54252,752,0.01386124,6.6227365,3.4981313,4714.4644,0.727206289768219,1.0
"Context:
I watched ""The Last of Us"" after dinner, but my mind kept drifting back to the antibiotics the doctor gave me earlier. The pill bottle sat on the table next to the remote, and the label reminded me to take it with water. Halfway through the episode, I paused to note the time for the next dose. By the credits, my throat felt less raw and I finally relaxed.",34.09444,3.5291343,1291,7.1562486,0,0.13987003,1019.188,7.016362,0.0,61693,757,0.012270436,6.629363,3.5882735,7286.6787,0.4511480927467346,1.0
"Context:
The brand’s loyalty program welcome letter arrives with the company name printed in bold at the top. Inside, it describes a limited-edition item featuring a raised floral pattern that will only be available to members. The fine print lists business names involved in billing and the legal entity responsible for point balances. You register, then immediately receive a finance summary that shows how points convert into discounts. You keep the letter because it is the clearest place where all the names appear together.",115.81225,4.7519703,1292,9.7,0,0.16793485,742.5514,6.3875475,0.0,73592,766,0.0104087405,6.641182,4.203699,4421.6636,0.13810497522354126,0.0
"Context:
The document opened with a short story, but the beginning section ran long, so I tightened the first lines. Right after, I attached a list of product features and add-ons so the committee could see options at a glance. The organizer shared a list of performers and a running order for the night, which dictated when we could set up. A support agent helped me recover the account after a lockout. I financed the equipment rental with a line of credit and cleared it once sponsorship money landed.",67.94263,4.2186637,1293,8.856249,0,0.14147294,586.56396,5.500101,0.0,75821,763,0.010063175,6.637258,4.129155,4146.1216,0.21561698615550995,0.0
"Context:
In the race results, she finished 1st overall while I landed in 4th, which still felt like a win. The scoreboard listed each lap in order, and the 2nd split time was where I lost ground. Afterward, I checked the origin of the timing data because my watch disagreed by a few seconds. The organizer said the official source was the chip reader at the finish gate. Later, the 3rd-place runner bought everyone coffee.",84.62373,4.438215,1294,9.025,1,0.10283506,482.93756,4.958785,0.0,69866,760,0.010877966,6.6333184,3.6487784,4696.2344,0.6178833246231079,1.0
"Context:
The apartment listing said the unit was on the sixth floor, but the elevator buttons only went to the fifth. A neighbor explained that the sixth was labeled as the fifth plus one in this building. I walked to the second stairwell and climbed to the third landing. The fourth door there had the correct nameplate.",49.839046,3.9087987,1295,7.8125,1,0.083236456,393.9878,3.5839462,0.0,49054,755,0.015391202,6.6267176,3.4375262,4733.356,0.6836997270584106,1.0
"Context:
At checkout he grouped the costs into hardware, software subscriptions, and a small business allowance for training courses. He double-checked the totals because a single digit error would throw off the month. The cart also had a replacement keyboard, a set of smart plugs, and a dog bed that shipped with the same delivery window. He liked that every line item felt justified.",113.76855,4.734166,1296,9.4375,0,0.09209473,379.54138,3.9376228,0.0,56490,761,0.013471411,6.6346335,3.6043043,4121.2065,0.4511110186576843,1.0
"Context:
The bank required collateral and a documented plan to keep the business stable through the next quarter. Their advisor reviewed risk controls, cash reserves, and the insurance coverage in one long meeting. A security audit was scheduled to protect customer accounts and reduce fraud exposure. With those safeguards in place, the lender approved the terms.",85.19408,4.444932,1297,8.187499,1,0.11814454,706.00006,5.9812527,0.0,48309,753,0.015587158,6.6240654,3.1907535,5975.7314,0.7113256454467773,1.0
"Context:
I joined the router to the wall jack and fastened the cable until it clicked securely into place. The connection mattered because I had to upload a document to the World Wide Web before midnight. A loose plug had ruined my deadline once already. This time the link lights stayed steady and bright.",115.077675,4.7456074,1298,9.5625,1,0.112865105,743.15796,5.502972,0.0,45333,753,0.016610416,6.6240654,3.2690916,6584.4795,0.6919911503791809,1.0
"Context:
The training plan ran in levels, and level three was introduced in part two of the handbook as the advanced track. I wrote a numbered list of drills and started with the first one while our coach placed us in the third group near the second cone. He told me to stand at the fourth marker, the one after the third, so I would not drift. The routine had step 1 and step 2 on a card, and when it ended he called out rankings and said I was second today instead of third.",68.75801,4.230593,1299,8.6875,0,0.13210398,514.23083,4.8419394,0.0,78797,768,0.009746564,6.64379,4.2380824,3892.6218,0.1671767681837082,0.0
"Context:
Outside the café on Frederiks Torv, I checked the coordinates I had copied from the listing to be sure I was at the right entrance. While waiting, I scrolled a long discussion thread where strangers argued about what buyers must withhold and remit from a home sale. Someone posted charts about the gap between incomes and housing costs, and the replies got sharper with every quote. I took a break to troubleshoot my overheating laptop and then pushed a clean layout update to my personal site. The whole day felt like juggling a place on a map, a comment storm, and a stack of transaction rules.",94.20076,4.5454283,1300,9.525,0,0.08443792,452.23056,3.7800636,0.0,94386,762,0.008073231,6.6359468,3.991627,5355.7754,0.0942995622754097,0.0
"Context:
The nightclub had an intense, competitive vibe, like everyone was trying to outshine everyone else. Inside, the bass shook the floor, and the air tasted faintly of smoke and citrus. The sensory punch made the room feel smaller than it was. When I left, the quiet street felt like a reset.",57.012474,4.04327,1301,8.078125,0,0.12079373,507.46167,5.0412483,0.0,47568,754,0.015850993,6.6253924,3.4735382,4201.0596,0.6819649934768677,1.0
"Context:
The university held a special alumni gala that felt exceptional, with a formal program and carefully timed service. On a panel, a guest speaker stated his area of expertise and kept the discussion anchored in that field. The bookstore sold a holiday special edition notebook, hand-crafted with stitched binding and a small run number. Their new campus app had enhanced features that finally made maps and schedules reliable. During dessert, people mentioned a special counsel investigation, and a dean spoke about special education specialists and special economic partnerships supporting scholarships.",146.24995,4.985317,1302,8.9625,0,0.1661511,705.78156,6.131796,0.0,79554,768,0.00965382,6.64379,4.339292,4247.8296,0.08943091332912445,0.0
"Context:
Brightline Logistics, a branch of Helios Partners, rolled out new pharmacy benefits for employees this quarter. The internal note used careful wording, with every subsidiary and division separated by commas. It also listed the clinic options for treatments and refills. By the end of the email, it felt like a map of the whole organization.",100.50362,4.6101937,1303,10.1875,1,0.15147772,366.2707,4.728512,0.0,52773,761,0.014420253,6.6346335,4.1073446,2417.984,0.42671728134155273,0.0
"Context:
My tea tin claimed rare leaves, and the marketing copy felt too poetic. I asked the seller for the source farm and the origin region, and they sent photos of the harvest. A separate certificate documented provenance through a cooperative and a shipping lot number. The paperwork made the aroma feel earned.",225.74055,5.4193864,1304,10.031249,0,0.13921529,647.6388,6.135354,0.0,46082,755,0.016383838,6.6267176,3.4664795,4652.0664,0.6875962615013123,1.0
"Context:
A new plugin added event listings, so he posted the match time and a preview in minutes. The opponent played a high line, and their defenders had to judge positioning carefully to avoid being caught by long balls. The contest ended with a narrow win, and the ranking update felt like a small reward for the effort. Before shipping prizes, he checked package dimensions against courier limits and adjusted the boxes.",142.52371,4.9595084,1305,9.5625,0,0.16649224,501.6316,6.1983614,0.0,60961,767,0.012581815,6.6424866,3.979644,3012.9429,0.40930619835853577,0.0
"Context:
The heat wave arrived earlier than anyone expected, and the asphalt softened near the crosswalks. He carried a bottle of water everywhere and took breaks in the shade between errands. The bus ride home was miserable because the air conditioning failed. At work, coworkers complained about headaches and sluggishness all afternoon. The first cool breeze after sunset felt like relief.",68.551636,4.227587,1306,8.924999,1,0.083400235,390.81653,3.625309,0.0,54996,754,0.013710088,6.6253924,3.5184515,4686.036,0.6595521569252014,1.0
"Context:
For the award night, the venue offered an exceptional service package, with a formal reception and a special menu designed just for the event. I chatted with a guest whose area of expertise was environmental economics, and she spoke with calm focus amid the noise. On the gift table, there was a unique holiday edition notebook, hand-crafted with embossed initials. The sponsor showcased an updated device with enhanced characteristics that solved a complaint everyone remembered from last year. During the speeches, someone mentioned the headlines about a special counsel, then shifted to praising the specialists who run special education programs in the community.",82.30414,4.4104214,1307,8.937498,0,0.12301515,501.6316,4.611639,0.0,91427,767,0.008389207,6.6424866,4.3461614,4077.8032,0.08668059855699539,0.0
"Context:
The press briefing referenced a special economic advisor, and reporters asked about rates, inflation levels, and wage premiums. The advisor answered by pointing to recent numbers and how they affected return expectations. A chart on the screen highlighted the key financial metrics. The room quieted as the forecast totals appeared.",94.05175,4.543845,1308,8.9375,1,0.14975037,737.8497,6.417651,0.0,45338,754,0.01663064,6.6253924,3.5062213,4927.1978,0.6917687654495239,1.0
"Context:
Hot air rose from the kitchen and carried the scent of garlic into the hallway. The floor tiles were cool against his bare feet, and the refrigerator hummed steadily. Somewhere in the building, a door clicked shut and echoed briefly. He poured a glass of water and tasted the sharp chill.",55.66563,4.019363,1309,8.0625,1,0.074611925,376.8588,3.2711632,0.0,45337,755,0.016653065,6.6267176,3.3697288,5050.919,0.6642913222312927,1.0
"Context:
The project plan listed deadlines, cost projections, and a few technical milestones that had to be hit before launch. He tracked the budget in a table with totals, invoices, and risks. It also included Berlin, Building 5, Room 210, plus the client’s legal entity name for the on-site review. He printed it out so finance and engineering could stay aligned.",108.99025,4.6912584,1310,9.375,0,0.09502593,530.8271,4.4156127,0.0,60197,754,0.012525541,6.6253924,3.563452,5586.129,0.6816480755805969,1.0
"Context:
The closing date arrived with a stack of forms, and the accountant flagged the transfer tax tied to the sale. Part of the proceeds needed to be set aside and remitted to the tax office instead of landing in our account. The realtor also sent a simple lineup of open-house slots and final walkthrough times so everyone knew when to show up. We followed the schedule, signed, and immediately arranged the tax payment. By evening, the transaction was done without any surprises.",71.20207,4.265522,1311,9.0,1,0.14165694,524.46423,5.915844,0.0,73591,767,0.01042247,6.6424866,3.9927254,3702.3547,0.21643753349781036,0.0
"Context:
The lab notebook had a blank table for mass, volume, and temperature. I weighed the sample, recorded 12.47 grams, and poured exactly 25 milliliters into the beaker. The thermometer climbed steadily and settled at 21.9 degrees after a minute. With those numbers in place, the next step was straightforward and didn’t depend on any guesswork.",70.8099,4.259999,1312,8.999999,1,0.11403025,817.4737,5.7669816,0.0,58705,750,0.012775743,6.6200733,3.51094,7168.9194,0.7489967942237854,1.0
"Context:
The webpage includes a “save for later” function that keeps items in a personal list. I clicked the sorting option to arrange results by newest, which changed the order immediately. A small icon opened a settings panel where language and layout could be adjusted. It all worked smoothly without any extra tools.",134.88965,4.904457,1313,9.5062475,1,0.112486765,562.8397,4.8711987,0.0,47566,754,0.015851658,6.6253924,3.4691193,5003.6084,0.6832088232040405,1.0
"Context:
Patch 1.0.7 fixed the crash that occurred after pressing F2 on the load screen. The notes used short labels like CPU, GPU, and UI, with colons and parentheses to clarify each change. In the same update, matchmaking timers dropped from 90s to 45s, which players noticed immediately. A brief headline later summarized it as a quiet but important stability win.",89.22602,4.491173,1314,9.625,1,0.19075342,560.0226,6.737665,0.0,60196,755,0.012542361,6.6267176,4.115131,2935.8457,0.7599446773529053,1.0
"Context:
A friend asked for the raw footage, so I used a file-sharing site that supports big uploads. The service recommended converting the file to a standard container to avoid playback issues. I tested the link in two browsers and noticed the 4K version took longer to buffer. After tweaking the settings, the same clip started instantly and looked crisp.",56.415016,4.0327353,1315,7.7593746,1,0.13513196,886.48126,5.795008,0.0,53513,756,0.014127408,6.6280413,3.711738,6560.1157,0.6720975637435913,1.0
"Context:
A glossy mailer advertised a new cleaning service and promised a free add-on if I signed up online. The company’s name was printed on every page, right down to the small footer. Their demo took place at a community center that later hosted a recipe swap and a short talk on philosophy. Someone cited Rumi while stirring soup, and the scene made the sales pitch feel strangely human.",98.82187,4.593319,1316,8.8125,0,0.15250178,663.5339,6.7367697,0.0,63182,761,0.0120445695,6.6346335,3.7512536,4350.991,0.43116986751556396,0.0
"Context:
I shared a donation link for the animal shelter, and I wrote a short note about why it matters to me. I posted it late because I had just gotten home and needed to explain the timing. A few friends replied and said they’d chip in. I closed my laptop feeling lighter.",76.24748,4.3339844,1317,9.3875,0,0.13914636,360.96243,5.0354185,0.0,46824,757,0.016166924,6.629363,3.7284257,2594.1206,0.568731427192688,1.0
"Context:
The travel blog named three locations, then added a point of interest tucked behind the old theater. In the same paragraph it dropped fragments like St. M. and Univ. Hall, which made the directions feel like insider shorthand. I followed the clues and ended up exactly where the photos were taken. The place was quiet, even though it sat near the busiest street.",121.10403,4.79665,1318,9.5,0,0.17722733,533.4812,6.334055,0.0,56496,760,0.013452279,6.6333184,3.967734,3010.1519,0.7330266237258911,1.0
"Context:
I wrote the donation post because I had just visited the center and could not ignore what I saw. Ravn Software, under Northbridge plc, offered staff time to help, and the Copenhagen team was named, in the same line. The update showed 95,000 DKK collected and 16 awards planned, with 318 press mentions tracked. During the event, we gathered in the park and then walked toward the stage as the music started. I stayed afterward to explain the numbers because people doubted the totals.",124.18679,4.821787,1319,9.23125,0,0.14741252,544.35156,5.7653217,0.0,77302,764,0.009883314,6.638568,4.1494293,3692.709,0.2814575433731079,0.0
"Context:
In the apartment lobby, a cleaning service polished the tiles before the annual inspection. The manager liked the glossy quality at first, then worried it looked slippery under the lights. The detergent was sourced from an industrial supplier, and the wax component was chosen to meet the building’s safety spec. Only some of the residents showed up to the meeting, even though every member of the association was invited.",70.88676,4.2610836,1320,8.79375,0,0.16697104,575.63153,6.2814097,0.0,62443,762,0.012203129,6.6359468,4.0306797,3447.4932,0.42812222242355347,0.0
"Context:
I bookmarked the warehouse address and noted the unit number because deliveries kept getting misrouted. Later, I pulled up the network dashboard and realized the server location setting didn’t match the region we were targeting. After updating it, latency dropped and the tracking page loaded faster. The fix was half logistics and half infrastructure. Both the physical location and the system location had to be right.",108.99955,4.691344,1321,9.93125,0,0.12531888,537.25604,5.4002967,0.0,60951,762,0.012501846,6.6359468,3.728435,4287.1113,0.4376598000526428,0.0
"Context:
At the company retreat, the organizers staged an exceptional dinner with formal seating and a special menu that highlighted local ingredients. I sat with a colleague whose area of expertise was forecasting, and he kept returning to concrete examples. The welcome bag included a holiday special edition snack, hand-crafted by a nearby bakery. We also got access to an upgraded internal tool, and its enhanced features made approvals less painful. Later, someone brought up the news about a special counsel, while HR discussed specialists supporting special education leave policies and a memo about special economic adjustments in a partner region.",149.62634,5.008141,1322,9.34375,0,0.1030933,567.506,4.5775194,0.0,86226,769,0.008918424,6.645091,4.0140514,5504.781,0.047127027064561844,0.0
"Context:
The hotel lobby had a registration table for the conference, right beside the bar. Staff members kept guiding guests toward the ballroom where the sessions would run all day. Even the elevators had printed schedules taped inside. The building itself seemed organized around the event.",94.12743,4.5446496,1323,9.625,1,0.14914751,337.37836,5.178421,0.0,40889,757,0.018513536,6.629363,3.672865,2262.045,0.6084777116775513,1.0
"Context:
The air was thick with the smell of damp stone, and the corridor echoed with slow footsteps. I had to unpack a device with a 15-inch screen and a slim frame that fit my bag’s exact width. The sensory details made the careful measuring feel oddly vivid. When I finally set it up, the cold surface of the table shocked my hands.",93.79315,4.541092,1324,9.4625,1,0.11724922,504.28574,5.219289,0.0,57222,752,0.013141799,6.6227365,3.614291,4300.973,0.7459838390350342,1.0
"Context:
The skincare box promised an antiseptic wipe with isopropyl alcohol and a small amount of salicylic acid for spot treatment. Inside were two of the sachets and a portion of the pads sealed in foil, so I saved some of the extras for travel. The label spelled out mg per sheet and a pH range in tiny print. After using one pad, the sharp smell faded and my hands felt dry but clean.",49.72608,3.9065297,1325,8.674998,1,0.13802819,599.8346,5.648005,0.0,69121,754,0.010908407,6.6253924,4.009399,4345.7397,0.630024254322052,1.0
"Context:
At the tasting lab, the chemist noted the sauce's sugar percentage and acidity as quantifiable attributes of the batch. The restaurant still labeled the dinner as a special offering for the anniversary week, with reservations limited to one seating. Guests compared the numbers on the clipboard to their own notes from last year's menu. A server brought a small card describing the event as an exceptional celebration.",80.67606,4.390442,1326,8.75625,1,0.17563981,426.34967,5.853741,0.0,59473,762,0.012812537,6.6359468,4.150229,2427.4092,0.5566350221633911,1.0
"Context:
The guests were told to wait on the 2nd floor, but the badge scanner only worked on the 3rd floor, so everyone kept shuffling between levels. I was in the 1st group for check-in and the 2nd group for the lab tour later. A staff member explained the origin of the building’s odd layout, saying it was converted from an older warehouse. When we finally reached the 4th door in the hallway, the guide called roll again.",49.448967,3.9009411,1327,8.162499,1,0.17365229,727.2331,6.883999,0.0,73587,762,0.01035509,6.6359468,4.1397705,4187.869,0.20874333381652832,0.0
"Context:
I rewrote the sales pitch deck and then fixed a small bug in the reporting tool because I didn’t want to look unprepared. I told my manager I stayed late since the client meeting got moved up. I walked home in the heat and drank water the whole way. I slept hard and woke up before the alarm.",89.056595,4.489272,1328,9.025,1,0.13934274,496.32333,5.6053915,0.0,51291,759,0.014797918,6.632002,3.6570573,3561.8887,0.6605881452560425,1.0
"Context:
The gaming article compared CPU and GPU settings and quoted patch notes with numbers like 120 FPS and 1.7 ms latency. In the sidebar it mentioned a clinic-grade disinfectant with isopropyl alcohol and a measured percentage. The mix felt odd, but both sections read like technical documentation. I closed the tab after saving the settings tweaks.",159.0943,5.069497,1329,9.862499,0,0.14150086,445.89474,5.524477,0.0,53513,758,0.014164782,6.6306834,3.740316,3151.1804,0.6273080706596375,1.0
