prompt,ppl_base,next_token_loss_base,original_index,ppl_spike_90,label,mean_cluster_risk,max_cluster_risk,std_cluster_risk,median_cluster_risk,n_hits,n_unique_features,polysemantic_ratio,feature_entropy,weighted_entropy,dominance_ratio,label_proba,label_pred
"Context:
In the student essay, every thought blurred together because nothing ended cleanly. The teacher circled spots where a question mark should have replaced a plain dot. After revision, the page finally breathed with clear stops and starts. End-of-sentence punctuation made the argument easier to follow.",77.3687,4.3485823,0,9.15625,1,2.7001429,5135.2617,65.48145,0.0,36276,660,0.018193847,6.49224,4.4367924,1901.8481,0.9910111427307129,1.0
"Context:
The agent’s brochure highlighted the district name and a list of nearby streets, all spelled with fussy precision. I checked the window latch with a tiny screwdriver I keep for quick repairs. My partner, balancing her pregnancy diet, measured a small amount of rice in a container and said she missed eating freely since the gestational diabetes warning. In the stairwell, a little sticker of a smiling cat contrasted with the tenant’s rant about politics, layoffs, and looming conflict.",115.07817,4.7456117,1,10.775,0,2.690262,4555.1274,60.775494,0.0,60334,726,0.012033016,6.58755,5.112832,1693.1909,0.010204160585999489,0.0
"Context:
At the reunion dinner, my uncle told a story about the day a new railway opened and the whole region celebrated in the central station. He rattled off the towns the line connected, then described the politician who cut the ribbon on camera. Someone else brought up a concert venue nearby that later became iconic for its live recordings. The conversation kept orbiting around places and events like they were family members.",50.904724,3.9299557,2,8.1875,1,2.524848,4125.3984,60.032917,0.0,50415,675,0.013388872,6.514713,4.7561307,1633.9196,0.9913437366485596,1.0
"Context:
They chose a remote island to avoid crowds and schedules. The mornings were for swimming, the midday for reading, and the evenings for slow dinners near the shore. A rented scooter carried them to viewpoints where the sea looked endless. Tourism became a simple routine of sun, salt, and sleep.",54.83377,4.0043063,3,9.5,1,2.797502,2879.1843,62.33792,0.0,38119,661,0.017340435,6.493754,4.5475206,1029.1982,0.9911423921585083,1.0
"Context:
The dishwasher started beeping at midnight and flashed an error code that wouldn’t clear. I pulled it out, tightened the hose clamp, and tried again, but the motor still sounded rough. On my laptop I downloaded a fresh driver so the diagnostic tool would recognize the appliance’s control board. By morning I had also scheduled pest control because the cabinet behind the machine was full of tiny black ants.",27.467121,3.3129897,4,7.134374,1,2.8501942,5758.3687,67.11068,0.0,52312,711,0.013591528,6.5666723,4.888341,2020.3425,0.9963992834091187,1.0
"Context:
He attended a short service, standing when others stood and staying silent when the room went quiet. On the train home, he wrote in his journal, describing the morning in plain sentences. The written communication steadied his thoughts more than he expected. By the time he closed the notebook, the day felt anchored.",44.425346,3.7938101,5,8.124999,1,2.3755302,6402.962,67.9165,0.0,40571,658,0.016218482,6.489205,4.3026676,2695.382,0.9850894212722778,1.0
"Context:
The coordination site demanded extra details, so she met the user registration requirements and finally joined the professionals network. She checked service availability for audio gear, then cooked a quick meal and finished a craft patch while still wearing a homemade cosmetic tint. A brief religious ritual ended, and written communication followed, outlining what action to take during the next shift. In the evening, a favela-focused grant type forced accountancy reviews, a reticle-based photo survey, and a choice of lubricant for worn hinges, and exhaustion brewed hallucinations while proper names and publicized items dominated the event feed.",399.19193,5.9894423,6,13.825,0,3.5044909,4512.1543,76.608444,0.0,73811,715,0.009686903,6.572283,5.281697,1287.5349,0.0013431189581751823,0.0
"Context:
The first snow of the year turned errands into a slog, but the cashier still greeted everyone like it was no trouble. A community table by the entrance collected donations, and the staff helped pack boxes between customers. In the following days, the office hosted a yearly planning meeting, and helpful assistants made sure the right people were in the right rooms. She spent nights organizing holiday travel and sketching summer ideas to give herself something bright to look forward to. When preseason started later, the sports calendar felt like another way the year divides itself into chapters.",60.310074,4.099499,7,8.6875,0,2.7670798,5092.2886,64.60918,0.0,68841,681,0.00989236,6.5235624,5.0833426,1840.3114,0.0030171633698046207,0.0
"Context:
The barge clipped a support beam, and the impact sent debris into the slow-moving river. Within a week, algae and invasive plants thickened around the broken pieces, turning the area into a green mat. Mosquitoes bred in the stagnant pockets, and residents complained they couldn’t sit outside. Cleanup crews worked in waders, swatting bugs while dragging rotting vegetation to shore.",40.275776,3.6957502,8,8.637499,1,3.0502572,4898.9106,63.71179,0.0,49280,723,0.014671266,6.5834093,5.1198816,1606.0648,0.9658507704734802,1.0
"Context:
A bank representative called to verify a transfer and asked him to read out a code from a secure message. The conversation turned to a dispute process and what documentation would be accepted. After the call, he received a letter that outlined a settlement option and a strict timeline. He couldn’t shake the feeling that every step was designed to leave a trail.",26.128626,3.2630315,9,6.468749,1,2.7112103,3889.0474,65.150375,0.0,45467,644,0.014164119,6.4676986,4.5204334,1434.4323,0.9353858828544617,1.0
"Context:
The brochure for Harbor Spa promised an soothing weekend, but the deal was exclusive to the first ten bookings. The receptionist explained that the package lasted only forty-eight hours and could not be extended. A couple arrived late and learned that the last room had already been taken. They stood in the lobby staring at the sign that said limited availability. By the time they called again, the offer was gone.",28.836779,3.3616517,10,8.999998,1,1.9743494,4211.344,56.19057,0.0,51631,661,0.012802386,6.493754,4.4060006,2133.0288,0.9924726486206055,1.0
"Context:
In the pitch room, the founder kept repeating the company name like it was a spell, even when the slide already had the logo in the corner. The investor asked about burn rate, convertible notes, and what the valuation would look like after the next round. A product manager chimed in with talk of cloud costs, encryption, and a roadmap tied to two specific vendors. The conversation sounded like finance and tech terms bouncing off the walls.",34.629215,3.5446978,11,8.375,1,2.3266096,3566.7507,58.844944,0.0,56551,672,0.011883079,6.510258,4.71754,1533.025,0.9586004614830017,1.0
"Context:
A coordinator tried to join a professionals network for managing event gear. The platform blocked her until she met the user registration requirements and confirmed her credentials. After that, she checked service availability for staging crews and lighting rigs in the schedule view. Her network actions finally went through, and the equipment list updated in real time.",122.599945,4.8089266,12,10.84375,1,2.7831671,4512.1543,70.813705,0.0,41182,654,0.015880724,6.4831076,4.423507,1621.2301,0.9513295292854309,1.0
"Context:
The opening paragraph leaned on previous roles and earlier projects to set credibility. Then an advertisement segment described a deal, ended on a short final sentence, and stopped without trailing text. A report-style section began with a title and a sentence of context, then ended right after stating the result. At the bottom, a debug excerpt showed [] filling the screen until a final word ended the run. The last line left nothing unresolved.",96.368744,4.568182,13,9.668745,0,2.0985875,2986.6167,53.06799,0.0,54703,662,0.012101713,6.4952655,4.6479383,1423.1556,0.13627640902996063,0.0
"Context:
Marcus flew into Tokyo for the Sony product launch and checked into the Aman hotel with a view of the skyline. At the gala, he heard Ms. Sato’s name three times in one minute because everyone needed her approval before the presentation started. The next day, he visited Keio University, where a physician explained a clinical trial for diabetes treatment. On the train, posters for the Marathon and logos from UNICEF and local startups filled the carriage. By evening, Marcus realized his trip had become a collage of places, organizations, medical talk, and names that kept resurfacing.",44.04943,3.7853124,14,8.43125,0,2.7104886,5672.423,66.30567,0.0,73199,713,0.009740571,6.5694814,5.1171713,2092.7676,0.0013516736216843128,0.0
"Context:
The cruise ship’s concierge booked shore excursions, but the galley staff were distracted by a Whirlpool dishwasher that kept throwing a drain error. They cleared food debris from the filter and got the machine running again. I visited the onboard office to fax papers for an adjudication process tied to a daycare issue and listened on VoIP as a doctor discussed kidney and bladder results. That night, fantasy trivia in the lounge mixed invented names with media references, political figures, and academic talk while appliances ran their routines.",140.81773,4.9474664,15,10.875,0,3.052127,5758.3687,68.854485,0.0,62805,735,0.01170289,6.5998707,5.2132373,1886.6741,0.05609126761555672,0.0
"Context:
I bought a camera after obsessing over its sensor size and frame rate, then carried the receipt straight to the hardware store for renovation supplies. My dentist called about the next procedure, and the reminder landed beside my tax folder and a note to add more to savings. In the background, a livestream tracked Brexit talks and the rumored shape of a deal, with experts arguing over what was conceded. That evening, I read a biography for class, got pulled into a discussion of class and grace, tried a virtual reality education demo, and ended the day by baking and posting a review of the camera lens.",61.31681,4.116054,16,10.012497,0,2.6837723,4769.992,68.18856,0.0,76227,689,0.009038792,6.535241,5.026606,1777.3461,0.0013967148261144757,0.0
"Context:
We stepped into a bright apartment near Nyhavn and the agent immediately pointed out the landmark view from the window. I used a small caliper to see if the radiator cover could be replaced without custom work. My partner listened to a voicemail about her glucose test and muttered about gestational diabetes as she packed a small, careful lunch for later. A little cartoon magnet on the fridge made me grin until I saw the headline about protests and economic shock on my phone.",86.85786,4.464273,17,10.4375,0,2.5876274,3437.832,53.26852,0.0,57901,734,0.012676811,6.598509,5.2287893,1328.5653,0.13633783161640167,0.0
"Context:
At the bottom of the article, the website inserted End of text, and the comment section was disabled beneath it. She downloaded the print version and noticed it used End of text/document instead, sitting above a blank margin. When she tried to submit a longer correction, the form preview cut her off with End of text/input before the final clause. A separate catalog page describing the service tier ended with End of text/short descriptions of items/products/services, which looked like a leftover label. She fixed her copy and resubmitted, determined to leave no stray markers behind.",60.38348,4.1007156,18,9.9375,0,2.4425192,3996.4797,60.57388,0.0,74986,678,0.0090416875,6.5191474,5.0151424,1636.2122,0.015543480403721333,0.0
"Context:
Elise signed in at the Mayo Clinic and recognized Dr. Patel’s name from three different referral letters stacked in her bag. Her brother booked a nearby Marriott and insisted on a celebratory lunch once the treatment plan was set. Over sandwiches, they watched a livestream of the New York Marathon and texted their friend Sam, whose name kept popping up in the group chat. The nurse practitioner explained the side effects of the new medication and scheduled physical therapy with a specialist. By evening, Elise’s world contained one city, one clinic, and a jumble of repeated names and brands tied to the same stressful event.",45.9439,3.8274212,19,9.0,0,2.6615083,4146.885,66.551544,0.0,76855,691,0.008990957,6.53814,5.053619,1558.0957,0.0027624680660665035,0.0
"Context:
He booked a room and asked for a late checkout because his flight left after dinner. The receptionist promised a quiet floor, a pool pass, and a breakfast voucher if he wanted it. In the lobby, he noticed a conference sign and a small bar set up for a private event. The hotel felt like a place designed around little comforts.",27.971865,3.3311992,20,6.25,1,2.152018,5887.287,63.14032,0.0,44263,666,0.015046427,6.50129,4.315882,2735.7053,0.9864304065704346,1.0
"Context:
Stockholm — The press release from NorthBridge Capital began with a list of familiar names and a promise of steady growth. At their office in Södermalm, a junior analyst tried to repair a jammed printer while downloading a driver that IT insisted was mandatory. The CEO paced the lobby of Grand Hôtel, worried that their partnership with a fintech startup could unravel after a competitor leaked contract details. On the walk back through Kungsträdgården, he stopped to buy sports eyewear and answered a call about pest control at the data center.",70.02613,4.2488685,21,10.287498,0,3.3666167,4941.884,67.564766,0.0,66506,740,0.011126815,6.6066504,5.40317,1467.9081,0.0038261846639215946,0.0
"Context:
The coach promised a reset weekend and spoke about selling with confidence, training with discipline, and building a better life. In the hotel lobby, he pitched a paid coaching program, collected payments, and warned that the spots were almost gone. An attorney told herself to keep every receipt, and a doctor introduced himself while reviewing medical waivers. A pastor listened to a guest describe private shame and hope, letting the feelings sit without fixing them. Nearly everyone seemed to be moving at once, and when departures finally started, the building emptied quickly.",87.08399,4.466873,22,11.075,0,2.4437356,4877.4243,61.441612,0.0,67602,665,0.009836987,6.499787,4.9080815,1995.8887,0.029931725934147835,0.0
"Context:
On the weekend before preseason games, the sports shop was packed with people buying gear, and the staff stayed friendly even when sizes ran out. A community team collected sign-ups for a charity tournament at the entrance, and the store offered customer-service style help to anyone confused about schedules. Monday brought the annual career development session at a nearby office, where helpful personnel guided participants through interviews and resume reviews. Between meetings, she planned a winter trip and penciled in a summer recovery week. When the regular season began, her calendar already held every season in a different form.",70.49057,4.255479,23,10.0,0,3.1511528,5629.45,70.91217,0.0,73149,688,0.00940546,6.5337887,5.187746,1786.4733,0.0023620608262717724,0.0
"Context:
In May, the town square filled with booths, and the information tent was staffed by people who were unusually patient and kind. A customer service volunteer helped visitors find lost items while a community group collected sign-ups for later events. The next month, an annual workplace seminar kicked off, and helpful personnel kept the sessions running on time while younger attendees asked career questions. As summer approached, she planned a trip with careful backups for delays and sudden changes. By the time preseason began, she could feel the year turning again, from offseason calm to regular-season intensity.",63.31271,4.148086,24,9.78125,0,2.648355,3631.21,64.71524,0.0,71909,674,0.009372957,6.5132303,5.0070877,1371.119,0.007064326666295528,0.0
"Context:
Their supplier agreement worked smoothly for years, right up until a strike shut down the port and delayed every shipment. The smaller company blamed the larger one for not securing backup routes, and the larger company threatened to pull the contract if deadlines slipped again. Meetings turned tense, with lawyers quietly joining the calls and taking notes. An outside disruption had turned a friendly partnership into a cautious standoff.",49.822,3.9084566,25,10.45,1,2.778698,3394.8591,60.26628,0.0,49175,665,0.013523132,6.499787,4.849118,1221.7445,0.9952261447906494,1.0
"Context:
I plugged a tiny USB adapter into my laptop so the presentation remote would pair instantly. The dongle was so small I nearly lost it in the lining of my bag. When the slides finally advanced on cue, I felt my shoulders drop. After the talk, I taped the adapter to the cable so it wouldn’t disappear again.",30.323158,3.4119117,26,7.874999,1,2.5925362,5672.423,67.367096,0.0,43062,681,0.015814407,6.5235624,4.554669,2187.9822,0.8375269770622253,1.0
"Context:
He tried to debug a script and saw the output turn into endless []. The terminal looked busy, but nothing was actually happening. After what felt like an eternity, one last token of text appeared and everything halted. He stared at it as if it might explain itself.",54.158157,3.9919086,27,8.8125,1,2.606513,4877.4243,62.17435,0.0,35058,668,0.019054139,6.504288,4.393921,1871.245,0.9777250289916992,1.0
"Context:
User registration requirements kept her out until late morning, then the equipment coordination network opened up with clear service availability for every kit. She posted network actions, cooked for the crew, mixed a cosmetic balm, and fixed a craft banner, then dragged boxes until exertion made her breathe hard. A small religious act steadied her before she sent written communication with the action to take for the next shift. The day ended with a favela grant type accountancy review, reticle-based documentation, and lubricant decisions, plus a hint of hallucinations as proper names and publicized items filled the closing montage.",424.08884,6.049943,28,12.825,0,3.264037,4060.939,70.76037,0.0,74464,739,0.009924259,6.605298,5.3637295,1244.1461,0.003098500892519951,0.0
"Context:
She scanned a news feed filled with proper names and bolded quotes. The company’s actions had been teased in advance, so the publicized items looked familiar before anyone touched them. A photo of the launch table went viral, and the names in the caption became part of the story. The attention made the event feel staged and unstoppable.",96.0238,4.564596,29,10.131243,1,2.4566207,3502.2915,58.36607,0.0,43663,668,0.015298994,6.504288,4.594271,1425.6542,0.9728068709373474,1.0
"Context:
He worked with the drill until the bit dulled, then swapped it out and tested the device again. Nearby, a man in a car watched him through the side mirror, observing the scene like it was a routine. He shook feeling back into his fingers, got into the truck, and said he was fine, even though his shoulder was tight. At the stop, a cat slipped near the bus tires, and he offered a piece of bread to distract it while someone guided it away. Later, he used a small tool to open his meal container and checked his phone for directions before driving on.",36.995377,3.6107929,30,7.4999986,0,2.359824,4727.019,65.51094,0.0,76207,680,0.008923065,6.522093,4.853301,2003.1237,0.0016780364094302058,0.0
"Context:
At the coworking space, the guest speaker walked to the front and told a story about turning rejection into revenue. She offered one-on-one coaching for founders and framed it as the missing piece between a good product and a thriving business. The room listened as she mapped goals onto weekly habits and asked people to write down a number they wanted to hit. After the talk, a signup sheet filled with names and credit cards. Later, the attendees compared notes and admitted the message felt like motivation and a sales funnel at the same time.",27.004726,3.296012,31,7.40625,1,2.1587467,4297.29,56.664154,0.0,68829,667,0.009690682,6.50279,4.8171616,1990.6411,0.436429500579834,0.0
"Context:
He tightened the machine’s housing, then used the measuring tool to confirm everything sat true. Across the way, a man in a pickup watched him, observing the scene with a stillness that felt deliberate. He pressed his thumb against the steering wheel mark, flexed his hand, and said he would drive carefully, because his shoulder was tense. At the ferry ramp, a trailer with sheep crept forward, and he gave up his seat to someone carrying a tired child. When the line moved, he opened his food with a small tool and checked a device for the next turn.",53.39694,3.9777534,32,8.75,0,2.4532673,5801.342,65.07109,0.0,73775,692,0.009379871,6.539586,4.9517617,2364.741,0.0025549763813614845,0.0
"Context:
He held the drill steady while the bit bit into the metal, listening to the pitch change when it hit resistance. Afterward, he adjusted the caliper and measured the hole with careful precision. The device on the bench hummed as he reattached the casing and tightened the last screw. When the machine finally started cleanly, he relaxed his shoulders and wiped grease from his fingers.",33.85906,3.5222065,33,7.418751,1,3.1824605,5801.342,74.769135,0.0,48000,693,0.0144375,6.54103,4.8037467,1822.9109,0.9903567433357239,1.0
"Context:
He joined a sightseeing tour after reading an excerpt in the lobby that ended right at the dramatic reveal. A sign on the bus ended with an exclamation point that matched the driver’s energy. When the last ticket token was scanned, activations flashed on the reader and the door hissed shut. The route sequence began, carrying them through the city’s highlights.",91.24709,4.5135713,34,9.887499,0,2.311367,4168.371,60.17527,0.0,46127,676,0.014655191,6.516193,4.518381,1803.4224,0.12950047850608826,0.0
"Context:
A business owner I know watched the negotiations with the intensity of someone reading weather before a storm. She kept a notebook of possible outcomes and what each deal would mean for shipments and staffing. Every time a rumor of progress appeared, it was followed by a reminder that nothing was signed yet. The uncertainty felt like its own kind of policy, hanging over daily planning.",49.354034,3.8990195,35,9.049997,1,2.4045844,4834.451,64.110985,0.0,46697,647,0.013855279,6.4723463,4.437503,2010.5143,0.9311233758926392,1.0
"Context:
At the seaside resort, the entertainment schedule promised live music, yet the restaurant was delayed because a Whirlpool dishwasher wouldn’t drain. A technician found the clog, cleaned the filter, and the kitchen finally caught up. I stepped into a business center to fax paperwork for an adjudication hearing, then answered a VoIP call about kidney function and a bladder scan. In the lobby, a panel on fantasy media tossed around names from fictional kingdoms, real politics, and university disciplines while the kitchen timers chirped in the background.",92.27252,4.5247464,36,10.562499,0,2.7262712,4168.371,62.257942,0.0,65232,716,0.010976208,6.5736804,5.123284,1528.9642,0.00941197108477354,0.0
"Context:
The bakery sold bite-size pastries shaped like animals, and the little bear one looked almost too cute to eat. I took it home in a paper box and set it on a plate like a centerpiece. The icing ears were delicate and melted the moment my fingers touched them. I ended up taking a photo before the first bite.",24.016756,3.1787517,37,6.237498,1,2.734964,3287.4268,65.24787,0.0,43057,674,0.015653668,6.5132303,4.591645,1202.0,0.9648085236549377,1.0
"Context:
We visited a townhouse near Frederiksberg Gardens, and the deed included the property’s formal name in a decorative font. I checked a shelf with a tiny level and made a note to bring proper tools if we ever moved in. My partner talked about the baby’s growth and the strict, small meals she’s stuck to since the gestational diabetes screening. A little figurine on the mantel looked charming until the conversation turned to layoffs, corruption, and a worsening international crisis.",82.99606,4.418793,38,11.124999,0,2.7501585,4619.587,62.15178,0.0,61560,727,0.011809616,6.5889263,5.1448054,1679.7529,0.024883711710572243,0.0
"Context:
He tightened the clamp, restarted the machine, and watched the tool head settle into a steady rhythm. Across the street, two men in a sedan kept observing the lot, eyes lingering on every vehicle that pulled in. He rubbed his wrist, drove off, and said he would stay focused, because his hands were tired. A crate of rabbits was carried onto the train, and he gave a bottle of water to the handler without waiting for thanks. When he finally ate, he used a utensil from his kit, set a timer on his phone, and cleaned up the device afterward.",40.32428,3.6969538,39,7.8437495,0,2.2897952,5801.342,58.754723,0.0,74401,700,0.009408476,6.55108,5.017363,2533.5637,0.0023504584096372128,0.0
"Context:
She chose a mountain resort for leisure, then got distracted by a guidebook excerpt that ended right after a cliffhanger anecdote. A period on the room-service card looked oddly comforting in its certainty. At the spa entrance, the final token tap triggered activations and the door slid open. The sequence of check-ins ended, and the weekend became pure travel calm.",150.22241,5.012117,40,10.1875,0,2.36808,5930.2603,59.318066,0.0,47368,684,0.014440129,6.527958,4.7189283,2504.2483,0.9004814624786377,1.0
"Context:
The opening focused on earlier roles and previous responsibilities, using details instead of slogans. Next came a promotional blurb for an item, ending on a final line that left no room for more copy. A short report section began with a title and a sentence of context, then ended right after stating the takeaway. At the bottom, a debug excerpt printed [] for a long time until a single final word ended the run. The last character on the page felt like a hard stop.",78.397575,4.361793,41,8.818748,0,2.0435092,2986.6167,51.655945,0.0,60860,676,0.01110746,6.516193,4.7556915,1461.5137,0.1477922648191452,0.0
"Context:
She satisfied the user registration requirements and finally gained access to the equipment coordination network’s action feed. Service availability checks filled the morning, while food prep, cosmetics mixing, and craft repairs filled the gaps, and exertion spiked whenever she lifted cases. She paused for a religious moment and then sent written communication with a clear action to take for the team. Later, a favela grant type accountancy audit required a reticle-guided photo and the correct lubricant for a squeaky hinge, and fatigue stirred hallucinations as proper names and publicized items from sponsors dominated the closing announcements.",480.84122,6.175537,42,13.525,0,3.3909907,4684.046,70.56177,0.0,72645,733,0.010090165,6.5971456,5.441575,1381.3208,0.0013028217945247889,0.0
"Context:
The resort hosted a fantasy-themed dinner, but the kitchen nearly fell behind when a Whirlpool dishwasher clogged and left water sitting in the tub. Maintenance cleared the blockage, and the cycle resumed with a rush. I faxed adjudication documents for a dispute over artisanal mining and then took a VoIP call about kidney labs and a bladder check. Guests kept naming fictional kingdoms, movie directors, politicians, and academic fields while the kitchen appliances beeped through their routine.",167.9263,5.123525,43,12.149998,0,3.0572383,5887.287,66.43051,0.0,57848,715,0.012359978,6.572283,5.112201,1925.688,0.10140111297369003,0.0
"Context:
In court, the lawyer defended himself against a claim that he had mishandled evidence. The judge asked the witness to identify herself and to answer without coaching. After the hearing, the physician examined the bruises and wrote the report for the patient to share only if they wished. The paralegal told herself to breathe before filing the last document. By evening, everyone involved seemed exhausted by how carefully they had to speak.",41.671906,3.7298272,44,6.9375,1,2.8212073,4920.397,70.60619,0.0,53504,693,0.012952303,6.54103,4.7590117,1744.075,0.9917051792144775,1.0
"Context:
After the MRI, the orthopedist pointed to the torn meniscus and recommended physical therapy before considering surgery. The physiotherapist taught him strengthening exercises, then used manual techniques to reduce swelling. When the pain spiked, a short course of anti-inflammatory medication helped him sleep again. Two months later, he could climb stairs without wincing, and the treatment plan finally made sense.",21.245998,3.0561686,45,7.2499995,1,3.1727972,4748.5054,61.148445,0.0,49288,725,0.014709462,6.5861716,5.210722,1496.6306,0.905827522277832,1.0
"Context:
The attorney checked the venue contract, the doctor checked the schedule, and the coach checked attendance, each of them talking to themselves while they worked. In the hotel bar, a trainer gave a self-improvement talk that doubled as a sales pitch for his new program. Most listeners leaned in, but one person sat with a heavy feeling that would not lift. A pastor noticed and asked what was going on inside, then stayed for the answer. When the bus for departures pulled up, everything scattered into motion.",45.83895,3.8251343,46,8.3125,0,2.2417424,4576.614,63.06039,0.0,64512,654,0.010137649,6.4831076,4.636601,2041.5431,0.04352055490016937,0.0
"Context:
She opened a news site and clicked into a long interview that included an embedded audio clip. The article described a fintech firm, a new ETF, and a security protocol that had failed during a rollout. After reading, she shared a summary in a group chat and added a short comment about an API change. It was a small window into how content, finance, and tech talk mingle online.",45.80363,3.8243635,47,7.1875,1,2.5054219,3265.9404,60.26898,0.0,50403,663,0.013153979,6.496775,4.6709127,1303.5491,0.9610912203788757,1.0
"Context:
She opened with previous experience and earlier accomplishments that sounded quietly solid. Then came a short ad copy for a product, ending with a final sentence that stopped the pitch cold. A separate section began with a title and a lead-in that set context, and it ended right after the key statement. Beneath that, [] repeated across the log until a final word ended the stream. The page finished with a clean, deliberate stop.",111.67128,4.7155595,48,9.424998,0,2.3589518,6746.745,64.33776,0.0,54675,639,0.011687242,6.4599047,4.5325084,2860.0605,0.19440877437591553,0.0
"Context:
The podcast transcript on the website showed only a brief excerpt. It ended right as the guest began listing the mistakes that ruined the project. The scroll bar hit bottom with no warning and no continuation link. The end of the text excerpt left the confession hanging in midair.",71.017555,4.262927,49,9.275,1,2.2226114,3605.9983,52.15074,0.0,35698,687,0.019244775,6.5323343,4.511612,1622.415,0.9939706325531006,1.0
"Context:
Sydney — The announcement opened with HarborGate Holdings and the address of its Circular Quay office. In a meeting room overlooking the Opera House, executives argued over a partnership that might be derailed by a new competitor entering the region. A chain of messages filled with AWS, Mastercard, and pricing models repeated the same terms until everyone sounded tired. After work, someone fixed a glitchy smart lock by reinstalling a driver, dealt with a broken microwave, and watched pest control spray the balcony while a friend tested sports eyewear for a beach training session.",133.39095,4.8932843,50,12.46875,0,2.846913,5930.2603,60.93501,0.0,68331,736,0.0107710995,6.60123,5.3489423,2083.0493,0.006136058829724789,0.0
"Context:
The project didn’t change overnight; it moved through phases that could be felt in the daily meetings. Early drafts were messy, then the structure tightened as decisions locked in. Progress became visible when the same task stopped taking hours and started taking minutes. Everyone could sense the next stage approaching, like a door that finally swings open.",46.036114,3.8294263,51,7.8999996,1,2.3817048,4877.4243,61.057583,0.0,43027,659,0.015315965,6.4907236,4.4408436,2047.8711,0.9280720949172974,1.0
"Context:
Nearly the whole hotel resort was taken over by a weekend program that mixed business coaching with training sessions. A medical consultant introduced herself and offered quick checkups, while a legal adviser told himself to keep questions short. The headline coach delivered a polished sales talk about becoming a better version of yourself and closing bigger deals, then collected deposits. In the back, someone stared at the carpet and tracked the swirl of their own thoughts, embarrassed by how emotional it felt. At the end, a pastor waved goodbye near departures as the coach herded people onto the buses.",87.809204,4.4751663,52,10.29375,0,2.8794425,5930.2603,70.14712,0.0,70685,681,0.009634293,6.5235624,5.0597343,2059.5168,0.0016621674876660109,0.0
"Context:
The pop-up was staged inside a former bank, and the columns made it look grander than it needed to be. Every table had tags that sounded like a boutique brand, even when the items were simple. Someone described the theme as “vintage modern,” and suddenly the lighting made sense. It was the kind of place where the address mattered almost as much as the products.",39.816204,3.684274,53,9.549997,1,2.2396357,5586.477,59.953396,0.0,49163,651,0.013241665,6.4785094,4.480967,2494.3687,0.9912556409835815,1.0
"Context:
The first section read like a résumé summary, highlighting prior roles and an earlier project that proved reliability. Next came a compact product description with a discount code and a final sentence that ended the pitch cleanly. A brief memo followed, opened with a title and a contextual sentence, and then concluded immediately after the key update. At the bottom, the output log showed [] filling line after line until a final confirmation ended the run. Everything finished with an unmistakable sense of done.",121.141,4.796955,54,11.65625,0,2.602046,3265.9404,61.401524,0.0,59626,670,0.011236709,6.5072775,4.8626037,1255.1432,0.10734950751066208,0.0
"Context:
The incident log scrolled until End of text, and the timestamp gap after it made him suspicious. He downloaded the official copy and found End of text/document with a signature block, so at least the document was complete. When he tried to add context in the ticket form, it cut him off at End of text/input and forced a shorter explanation. The vendor’s page for maintenance plans ended with End of text/short descriptions of items/products/services, which looked sloppy in a supposedly professional portal. He documented the issue in his own notes, ending with nothing but silence.",64.61833,4.168498,55,9.75,0,2.3439717,5844.3145,65.486374,0.0,74954,650,0.008671986,6.4769726,4.802939,2493.3384,0.009506577625870705,0.0
"Context:
Before stepping into the exam room, the hands felt cold and the stomach sank for no clear reason. A voice inside whispered that everyone else was better prepared, and the thought refused to leave. Then the first question appeared and the brain found a familiar path through it. Confidence rose in short bursts, mixed with flashes of doubt. Walking out afterward, the strongest feeling was surprise at having managed it.",33.43081,3.5094779,56,7.3375,1,2.5889418,6703.7725,66.723755,0.0,51010,660,0.012938639,6.49224,4.6324906,2589.387,0.9377796649932861,1.0
"Context:
The ferry terminal displayed a short excerpt from a travel memoir, ending just before the writer described the first view of the islands. She smiled at the neat exclamation point on a sign warning about slippery decks. At boarding, the final token validation caused activations on the scanner and a green light appeared. Moments later, the sequence of steps was done and the trip felt real.",109.36414,4.694683,57,10.46875,0,2.4753656,4297.29,59.383736,0.0,47368,689,0.014545685,6.535241,4.6846185,1736.0223,0.13857057690620422,0.0
"Context:
She joined the equipment coordination professionals network after meeting the user registration requirements and immediately checked service availability for spare parts. She split the day between posting network actions and cooking, mixing cosmetics, and finishing crafts, with exertion rising during every heavy lift. She prayed quietly, then sent written communication that described what action to take if the schedule broke. Later, a favela grant type accountancy review demanded reticle-based measurements and careful lubricant selection, and she fought off hallucinations as proper names and publicized items blared across sponsor screens.",638.89746,6.459744,58,14.199996,0,3.4529665,4555.1274,73.980484,0.0,67059,712,0.010617516,6.568078,5.264096,1319.1925,0.00229472853243351,0.0
"Context:
During the layover, the airport hotel hosted a pop-up seminar on performance and profit. The coach marketed his coaching package with sports slogans, and most people in the room nodded as if the entire message were obvious. A lawyer reminded himself to question the claims, while a doctor introduced herself and explained how stress shows up physically. At the end, a pastor spoke with a participant who admitted to constant anxious thoughts. The departures hall filled again, and the whole place returned to the rhythm of rolling bags.",71.977005,4.2763467,59,8.987497,0,2.7161772,5436.072,70.59058,0.0,64513,655,0.010152993,6.4846354,4.8047943,2001.3685,0.023036029189825058,0.0
"Context:
In the old theater downtown, the velvet seats and brass fixtures gave the launch a classic mood from the start. A journalist called out a politician’s name, and another guest answered by pointing to the sponsor’s latest product on a nearby stand. The developer team checked a tool console, executed a quick run, and then coordinated with marketing on the timing of the next announcement. Staff counted how many visitors paused at each installation and adjusted the path with small signs. The whole scene stitched together names, places, brand cues, and observation.",93.01697,4.532782,60,11.375,0,2.716462,4555.1274,69.59034,0.0,68850,679,0.009862019,6.5206213,4.8876452,1676.8605,0.002198453526943922,0.0
"Context:
She read an article with an embedded clip, then joined a call where someone discussed a startup and a pricing model for new software. When the call ended, an official message arrived requesting documentation and setting a deadline for a compliance review. At check-in, the receptionist offered a breakfast voucher and pointed out a pool that stayed open late. Before heading to the room, she bought a dress and earrings for the gala and asked a translator to review the invitation text.",45.189064,3.8108552,61,9.0,0,2.4063885,5930.2603,64.92009,0.0,59019,678,0.011487826,6.5191474,4.739936,2464.3818,0.09964494407176971,0.0
"Context:
At the hotel attached to the arena, the restaurant stayed busy even after midnight, and the Whirlpool dishwasher struggled to keep up because the drain was clogged. Maintenance cleaned the hose and the tub finally emptied. I slipped into the business nook to fax documents for an adjudication dispute and then took a VoIP call about kidney function and bladder symptoms. In the lounge, a fantasy fan group tossed out names from fictional worlds, real politics, and academic departments while kitchen timers kept time.",135.6313,4.9099402,62,11.84375,0,2.8683865,3781.6152,61.227585,0.0,59740,744,0.012453967,6.612041,5.198331,1318.3772,0.0641677975654602,0.0
"Context:
His qualifications were described as prior and earlier, like a record of what had already worked. The next section resembled an online listing, offered a discount, and ended as soon as the closing line landed. A titled note followed, gave brief context, and ended right after confirming the important detail. After that, the output showed [] repeating until one final marker ended it. Everything ended with the quiet of a completed file.",167.22392,5.1193337,63,10.8125,0,2.695065,5801.342,72.462685,0.0,53452,642,0.012010776,6.464588,4.529356,2152.5796,0.09017452597618103,0.0
"Context:
I thought the dishwasher soap was the issue until I saw standing water after every cycle. The Whirlpool unit had a faint smell that hinted at something trapped in the system. I removed the lower rack, popped the cover near the sump, and found a bit of broken glass. After reassembling it, the wash sounded smoother and the water drained fast.",37.456524,3.6231809,64,7.615624,1,2.2703304,3523.7778,54.30743,0.0,44922,695,0.015471261,6.543912,4.6844554,1552.0991,0.9771578311920166,1.0
"Context:
The recipe app ran a routine that started the kettle, timed the dishwasher cycle, and reminded me to check the fridge. I joked that it felt like casting spells, because every beep came like a summoned response. While the microwave hummed, I watched a fantasy series where characters recited incantations to open doors. When the Whirlpool finally clicked off, it felt like the end of a scene.",46.125664,3.8313696,65,9.337502,1,2.6915066,5930.2603,62.247723,0.0,51091,709,0.0138772,6.5638556,4.9260497,2203.3237,0.9888836741447449,1.0
"Context:
She lit a candle, bowed her head, and followed the familiar rhythm of a religious chant. Later, she drafted a letter to the community board, explaining why the streetlight needed repair. The tone stayed respectful, even as the message carried frustration. Sending it felt like moving from private devotion to public voice.",40.23207,3.6946645,66,9.1875,1,2.997645,6574.8535,73.2425,0.0,40597,679,0.016725374,6.5206213,4.5506444,2193.3396,0.993206262588501,1.0
"Context:
The monitoring tool wrote [] again and again, as if it couldn’t find anything worth reporting. The sequence went on until the file size triggered an alert. Then the stream ceased with a single, final marker line. It ended so suddenly that she checked whether it had crashed.",80.8169,4.392186,67,10.924995,1,2.7522826,4598.1006,69.610756,0.0,36869,643,0.017440125,6.4661446,4.2624044,1670.6499,0.9934042096138,1.0
"Context:
He fixed the device with a screwdriver and tested it until the response felt crisp. Two men in a nearby car observed the workshop, eyes scanning the vehicles like they were counting them. He rubbed his wrist, climbed into the driver’s seat, and said he needed to concentrate, because his foot still hurt from the last hard stop. At the terminal, a dog barked at the crowd, and he gave his spare drink to a traveler who looked dehydrated. Later, he used a small tool to cut open a snack packet and checked the phone’s timetable before boarding.",46.907345,3.8481743,68,8.7125,0,2.3813698,4641.073,60.104595,0.0,72570,705,0.009714758,6.558198,5.015156,1948.909,0.004027544055134058,0.0
"Context:
A new lease proposal arrived with a fixed term and a clear schedule for rent adjustments. The accountant modeled cash flow across the full period and compared it to shorter alternatives. The lawyer focused on the termination window and the penalties for early exit. A systems lead asked how long the internet installation would be included as part of the deal. The final version made the duration explicit, down to the day.",57.449688,4.0509095,69,8.6875,1,2.3069592,3824.5881,58.857357,0.0,50375,639,0.012684863,6.4599047,4.518403,1657.8483,0.8820949196815491,1.0
"Context:
London — A report from ThamesWorks opened with the names of contractors and the location of the new site in Canary Wharf. In the meeting room at City Hall, the project lead warned that a partnership could break apart if supply costs rose again. Someone kept citing Apple Pay adoption rates and the FTSE reaction, repeating the same figures in every follow-up message. Back at the apartment on Baker Street, a dishwasher repair turned into a scramble for spare parts, and an exterminator inspected the cupboards while a cyclist friend tried on sports eyewear for tomorrow’s ride.",98.76873,4.592781,70,10.5625,0,3.0266821,3889.0474,62.797596,0.0,70782,734,0.010369868,6.598509,5.367974,1284.921,0.0030033462680876255,0.0
"Context:
The podcast host teased an interview with Lila Hart and the chat immediately sped up. Comments kept dropping place names, from a studio in Brooklyn to a gala in Copenhagen. Between ads, a sponsor jingle repeated the name of a skincare line until it felt impossible to forget. By the time the episode ended, the thread read like a map covered in famous signatures.",111.724754,4.716038,71,11.437498,1,2.9387288,5543.504,69.018295,0.0,46157,701,0.015187295,6.552508,4.7662997,1886.3612,0.9971033930778503,1.0
"Context:
She followed the livestream and noted every proper name that trended afterward. The spokesperson described actions the organization would take, and the audience reacted on cue. The publicized items were held up like trophies and rotated toward the cameras. It felt less like information and more like choreography.",158.01068,5.0626626,72,12.762495,1,3.2214694,4146.885,66.86641,0.0,35679,674,0.018890664,6.5132303,4.6548567,1287.265,0.9944533705711365,1.0
"Context:
A new driver took the route test twice, trying to beat yesterday’s delivery performance. The supervisor compared stop times and noted where the pace slipped. After the run, the driver’s legs trembled from the effort, and a warm flush rose in the cheeks. It felt like a simple job, but the body still had to meet the demand, stage after stage.",41.522785,3.7262423,73,8.3125,1,2.288271,5156.748,59.94116,0.0,47950,667,0.013910323,6.50279,4.530458,2253.5566,0.9732345342636108,1.0
"Context:
I kept the tiny precision screwdriver in the coin pocket of my jeans because it fit better than any full-size tool. When my glasses loosened, I tightened the screws at the café table without drawing attention. The handle had a textured grip, and the bit clicked into place with a soft snap. By the time I left, the frames felt solid again.",32.711506,3.487727,74,9.034367,1,2.9259849,5586.477,70.35667,0.0,46134,681,0.014761347,6.5235624,4.700054,1909.2638,0.990120530128479,1.0
"Context:
The contract specified a ninety-day trial period for a service, with renewal terms tied to performance metrics. The client insisted on exclusivity and chose a quiet site called Fjord Spa, offering only a small number of short daily sessions for visitors. Hi, said the account manager, originally from Valencia, as he reviewed the limitations and the allowance for on-site support. He gathered competitive intelligence in the morning, then walked out to check the seedlings on the terrace. Back inside, he placed sample posters along the hallway and ordered an extra batch so the launch had more art and better print quality.",87.97496,4.477052,75,11.412499,0,2.2231286,5930.2603,63.20105,0.0,74377,685,0.009209837,6.529419,4.8574514,2667.529,0.002740488387644291,0.0
"Context:
A pastor arrived late to the hotel and found the lobby full of coaches talking about growth and grit. The main speaker sold a personal development package and tied it to winning seasons and bigger salaries. A physician introduced herself during the Q&A and asked the room to notice how they felt in their bodies, not just the story in their heads. Across the aisle, an attorney told himself to stop multitasking, but his thoughts kept drifting to a looming case. After the session, departures were announced and most people moved as one.",48.224873,3.875875,76,8.674997,0,2.342932,4877.4243,61.563786,0.0,66387,678,0.010212843,6.5191474,4.8254294,2081.761,0.013925859704613686,0.0
"Context:
In Barcelona, Hana attended a startup demo day hosted by Google and a local university, where every booth had a sleek product name on a placard. She kept hearing “Cruz” in quick bursts because Cruz was the investor, Cruz was the moderator’s surname, and Cruz was also on a sponsor backdrop. That night, she upgraded to a suite at the W Hotel and ordered a lavish seafood platter that arrived with theatrical flair. The next morning, she visited a sports medicine doctor who diagnosed a tendon issue and recommended a specific rehabilitation plan. The trip blurred into a chain of locations, organizations, luxury touches, and medical advice threaded through repeating names.",57.92015,4.0590653,77,10.618746,0,2.7403493,5221.2075,61.07893,0.0,81873,735,0.008977318,6.5998707,5.4236007,1905.3073,0.0021218128968030214,0.0
"Context:
A cat darted into the station just as the bus doors opened. The driver paused and waved it away from the tires before pulling out. He handed a spare ticket to a student who looked short on cash. When the route continued, the mood on board felt unexpectedly light.",42.700306,3.7542062,78,9.012497,1,2.358806,3437.832,60.22133,0.0,35653,655,0.018371526,6.4846354,4.2332277,1457.4459,0.9918527007102966,1.0
"Context:
He bought a bottle of seed oil from a small farm stand and noticed jars of floral jam stacked beside it. Down at the pond, lily pads and reeds created cover for frogs and small fish, and a turtle watched from a log. A ranger walked by complaining about an overturned truck last week that led to runoff, followed by a burst of invasive growth and a surge of nuisance birds near the water. Back at the station, the ranger pointed at a chart that treated the wetland as a resource and listed vehicles and pumps as fixed assets tied to the area. Later, he baked cookies and pressed tiny blossoms into the dough as a quiet finale to the day.",55.726955,4.020464,79,9.268748,0,2.4279554,5844.3145,59.620667,0.0,83082,733,0.008822609,6.5971456,5.306766,2407.093,0.001635129563510418,0.0
"Context:
He chopped onions, stirred a simmering sauce, and tasted it until the salt felt right. Later, he mixed oils and fragrance for a homemade cosmetic balm, keeping the texture smooth. In the evening, he switched to crafts, sanding a small wooden box until the edges were soft. By night, the exertion from hauling supplies up the stairs made his arms tremble pleasantly.",53.474606,3.9792068,80,8.3625,1,2.4631038,5221.2075,54.955475,0.0,48036,720,0.014988759,6.5792513,4.9544272,2119.7676,0.9942337870597839,1.0
"Context:
She joined a professional coordination network for equipment once her registration requirements cleared, and she tracked service availability to avoid conflicts. She cooked for the crew, adjusted a cosmetic mix, and finished crafts for signage, then ran a heavy case upstairs and felt the exertion hit hard. A short prayer came first, then written communication instructing the team on what action to take. The last task was a favela grant audit with accountancy checks, a reticle-aligned photo, and a lubricant swap, and she fought off hallucinations while proper names and publicized items from sponsors filled the announcement loop.",396.44022,5.9825253,81,14.012499,0,2.8316321,4641.073,67.46306,0.0,73195,719,0.0098230755,6.5778613,5.1499567,1639.0099,0.0008468084852211177,0.0
"Context:
The lawyer drafted a short-term contract for a seven-day residency at Harbor Spa, capped at a small number of guests to keep it exclusive. Hi, the new hire said, explaining he was originally from Bogotá, then hurried into intelligence gathering for the sponsor. He paused to transplant seedlings in the courtyard beds, then placed a sculpture near the reception desk where the light was best. The schedule was tight and time was running, so he used his allowed overtime to finish an extra sketch. On checkout, the manager reminded everyone that the exclusivity ended when the term ended.",88.52689,4.4833064,82,10.824997,0,2.1016328,3695.6694,54.368347,0.0,72571,706,0.009728404,6.559615,4.98051,1758.4753,0.007177694234997034,0.0
"Context:
As the holiday season crept closer, he kept a running list in his notes app of gifts, travel times, and meals to cook. He planned errands around the first snow so he wouldn’t be hauling bags in bad weather. A single forgotten detail could ripple through the week, so he double-checked confirmations each night. When the lights came on in the living room, the calm felt earned.",26.689272,3.2842617,83,7.718749,1,2.687787,5178.2344,66.99734,0.0,51636,671,0.01299481,6.508769,4.6949406,1926.5791,0.9835124611854553,1.0
"Context:
He used the wrench on the machine and listened for the click that meant the part had seated correctly. A man in a pickup nearby watched him, observing every motion without pretending to be subtle. He pressed his palm against the hood, felt the heat, and said he needed to take it easy, because his ankle was still sore. At the ferry, a dog trotted along the ramp while he handed his spare ticket to someone who’d missed the last bus. Later, he cut fruit with a small knife and checked a device for the next train time.",34.253162,3.533779,84,7.3624997,0,2.947263,5715.3955,71.427986,0.0,71346,714,0.010007569,6.570883,5.1008825,1939.2214,0.0014124022563919425,0.0
"Context:
Hi, she said to the gardener, then laughed at her own accent and told him she was originally from Nairobi. The job had started as intelligence gathering, but the field site also needed someone to tend a small greenhouse. She moved seedlings into larger pots and labeled them, then placed the sample jars in a cooler for pickup. The radio crackled with an update, and she felt time running out before the courier arrived. She rushed the last notes into her pocket and waved goodbye.",51.876354,3.948863,85,8.349999,1,2.2852743,3695.6694,53.803562,0.0,61486,687,0.011173275,6.5323343,4.92664,1617.1667,0.5098528265953064,0.0
"Context:
He introduced the piece by recalling earlier jobs and the previous mentors who shaped his habits. The text then shifted into a short product pitch that promised quick shipping and a small discount, ending the offer in a crisp final line. A formal header followed with a brief description of the situation, and the last sentence closed the note without lingering. In the attached log excerpt, [] repeated for what felt like forever until a single confirmation word appeared and the output stopped. The entire bundle read like several clean endings stitched together.",129.26593,4.8618717,86,10.4625,0,2.6051936,3846.0747,63.711277,0.0,64546,673,0.010426672,6.5117455,4.8964477,1476.3105,0.03563787788152695,0.0
"Context:
She walked the canal path with a thermos of plant tea and a jar of aloe gel in her bag for sunburn. The waterline was lively with grasses, insects, and a few bold birds stepping between ripples. Near the industrial gate, a warning sign mentioned an earlier incident, and the smell hinted that something had leaked into the slow flow while weeds piled up against the barrier. Her meeting afterward was oddly dry, focused on natural resources, ecosystem upkeep, and the fixed equipment the site depended on. That evening she made a salad with flowers she could eat, trying to keep the day from feeling too grim.",77.8558,4.3548584,87,9.906249,0,2.8563888,4705.5327,69.18877,0.0,76878,711,0.00924842,6.5666723,5.1662107,1647.3712,0.0008472931804135442,0.0
"Context:
The lodge by the lake had a patio facing pine trees, yet the interior was dressed with antique lamps and patterned rugs. A sponsor banner near the fireplace sat beside a list of notable guests, and a few names were instantly recognizable from the news. Someone stepped aside to verify a tool output on their laptop, ran a quick action to refresh the page, and then returned to a discussion about the marketing push. Organizers quietly tracked how people moved between rooms, noting which corners drew the most attention. The mix of outdoor calm and vintage detail hid a very modern campaign machine.",93.34057,4.536255,88,10.737499,0,3.092268,5758.3687,73.79317,0.0,72544,689,0.009497684,6.535241,5.1115346,1862.183,0.0022984377574175596,0.0
"Context:
The first paragraph referenced prior experience and an earlier role that taught patience. A compact advertisement followed, pushed a limited offer, and ended right after the closing line. Then a titled message provided brief context and finished after confirming a detail. Next came a pasted snippet where [] appeared again and again until a final marker ended the sequence. The last line left the page with a clean silence.",197.07788,5.283599,89,12.5125,0,3.0438204,5758.3687,75.193665,0.0,49173,664,0.013503346,6.498282,4.6410437,1891.8228,0.9911303520202637,1.0
"Context:
At the conference in Boston, Liam introduced himself to Jordan, then to Jordan again, because there were two Jordans from different organizations. The keynote at MIT referenced Pfizer’s latest study on asthma, and the pulmonologist on stage spoke with a calm precision. That night, Liam booked a room at The Ritz-Carlton and ordered a decadent dessert that arrived like a miniature sculpture. On the way back from Fenway Park, a taxi ad flashed Apple and Nike promotions in the window. Liam fell asleep thinking about how names of people, brands, places, and institutions kept colliding in his notes.",46.485344,3.839137,90,8.80625,0,2.835508,5178.2344,62.531254,0.0,75742,737,0.0097304005,6.6025877,5.4360185,1826.2104,0.001928928424604237,0.0
"Context:
The clinician explained the mechanism in a calm voice, using precise terms for the tissue layers and the compound’s metabolism. On the screen, a diagram traced the pathway step by step, with arrows pointing to intermediates and side reactions. I copied the words exactly because each one mattered to the interpretation. By the end, the room felt like it was speaking a different language made of chemistry and anatomy.",36.951023,3.6095934,91,7.8937507,1,1.7982296,3674.183,52.730534,0.0,51015,663,0.012996177,6.496775,4.3442597,2043.2225,0.9965073466300964,1.0
"Context:
The listing read like a polished pitch for a phone case that promised serious protection. It mentioned a discount code, a quick shipping window, and a limited batch that might sell out tonight. The final line pushed urgency without sounding desperate. Then it ended cleanly, like a storefront sign switching off.",82.621735,4.414273,92,11.1875,1,2.6332839,4254.3174,65.07747,0.0,38113,655,0.017185736,6.4846354,4.3907666,1615.5939,0.9631028771400452,1.0
"Context:
He archived the transcript after the final speaker note, where the page plainly said End of text. The PDF export added its own End of text/document footer, which made the file feel sealed. When he pasted a revised snippet into the tool, it halted at End of text/input and forced him to shorten the last paragraph. Later, he reviewed a brochure that ended with End of text/short descriptions of items/products/services and realized the template tag had leaked again. By evening, he was tired of boundaries announcing themselves.",104.21557,4.6464615,93,10.712498,0,2.2373145,4469.1816,57.168266,0.0,68253,692,0.010138748,6.539586,4.917712,1997.5653,0.018234651535749435,0.0
"Context:
Her summary highlighted previous work and an earlier certification that still mattered. The next section looked like an online ad, offered a discount, and ended with a short final sentence. A separate note began with a title and a line of context, then ended right after the main update. Below, [] repeated for ages in the log until a single ending word appeared. The page ended with nothing trailing behind.",153.38708,5.0329647,94,10.7875,0,2.1016273,3131.43,53.30861,0.0,50996,642,0.012589223,6.464588,4.532966,1490.0024,0.5544868111610413,0.0
"Context:
The agent’s map pinned the apartment between two landmarks, and she pronounced every neighborhood name with careful emphasis. I carried a small multitool and fixed a loose hinge on the balcony door in under a minute. My pregnant friend explained her glucose routine and how a small portion can still spike her numbers after the gestational diabetes diagnosis. In the hallway, a little plush fox sat on a bench while the building’s TV scrolled grim headlines about sanctions and market trouble.",81.629814,4.4021945,95,10.387499,0,3.028407,3867.561,65.634315,0.0,59083,728,0.012321649,6.590301,5.120902,1277.0941,0.07526127994060516,0.0
"Context:
The coach booked a ballroom at the hotel and opened with a promise that better habits would translate into wins and promotions. He sold the package with a smooth pitch, then pointed to the departures board in the lobby and said the next flight out could be a new life. A doctor in the front row introduced herself and added that sleep and recovery mattered, while the attorney beside her reminded himself to read the fine print. During the break, a pastor spoke quietly with an anxious attendee about the feelings they kept hiding. Nearly the whole room signed up, and everyone rushed for departures as soon as the shuttle doors opened.",48.372536,3.8789322,96,8.924999,0,2.2214756,4920.397,62.68454,0.0,76806,665,0.008658178,6.499787,4.8165045,2214.9229,0.01686602085828781,0.0
"Context:
He joined the coordination professionals network and immediately checked service availability, relieved to see the camera kit was free. He cooked a meal, tested a cosmetic mixture, and finished a craft label, then sprinted to move cables and felt the exertion in his calves. He paused for prayer and wrote an update that stated what action to take if the van broke down. The late hours brought favela grant accountancy, reticle-guided site photos, lubricant selection for worn hinges, and near-hallucinations while proper names and publicized items from sponsors were announced again and again.",344.6386,5.8424964,97,13.537497,0,2.7709465,4598.1006,60.241726,0.0,72608,728,0.010026444,6.590301,5.304183,1659.3971,0.0024174856953322887,0.0
"Context:
She prepared food for a picnic, slicing fruit and wrapping sandwiches tightly. Back home, she blended oils for a simple cosmetic serum and labeled the bottle. The craft table filled with threads as she repaired a torn sleeve with steady stitches. Carrying the picnic basket across town added a final stretch of exertion to the day.",81.24188,4.397431,98,10.912498,1,2.7140305,2879.1843,55.98543,0.0,40619,692,0.017036362,6.539586,4.795095,1060.8518,0.9953107237815857,1.0
"Context:
The security desk used a timed entry system where badges acted like tokens. After the final badge in the roster was checked, the panel’s activations lit up and the doors switched to free-flow mode. The guard nodded, relieved that everyone had arrived. End of sequence token activations signaled the shift from verification to access.",107.09727,4.6737375,99,9.4124975,1,2.6493504,4512.1543,62.863243,0.0,41837,680,0.016253555,6.522093,4.622353,1703.1172,0.9963260293006897,1.0
"Context:
My friend dropped off a bag of baby clothes, and most of them were so small I could hold them in one hand. At my appointment, the doctor reviewed my glucose test and said the results hinted at gestational diabetes. I promised to keep portions modest and to log meals for the next two weeks. On the way out, I bought a little notebook just for tracking numbers.",26.101456,3.261991,100,7.746872,1,2.19546,5844.3145,63.619415,0.0,48558,663,0.013653775,6.496775,4.4248934,2661.9998,0.9901160597801208,1.0
"Context:
The arcade machine required a chain of tokens before unlocking the bonus round. Each insert did little, but the last token triggered activations across the marquee and speakers. The screen flashed a reward message and the cabinet vibrated. End of sequence token activations made the payoff feel sudden and earned.",149.74489,5.008933,101,10.275,1,3.304521,5801.342,76.28177,0.0,36926,689,0.01865894,6.535241,4.5705366,1755.5771,0.9953994154930115,1.0
"Context:
The viewing started with an argument over whether the building’s official name should be on the invitation. I fixed a loose drawer with a tiny screwdriver and wondered why I always carry tools to places I don’t own. My pregnant friend sat down, sipped water, and talked about keeping meals small after her gestational diabetes consult. On the table beside her, a little ceramic fox looked harmless while the TV in the corner replayed grim footage of conflict and political fallout.",55.51335,4.0166235,102,8.699995,0,3.0957766,4287.6504,70.88405,0.0,60291,710,0.011776219,6.565265,5.046265,1385.0,0.00796101987361908,0.0
"Context:
At the outdoor store, she tested a holster clip against her belt and shook her head when it snapped loose. Over coffee, her brother talked about an Italian infrastructure project he’d been assigned to, a new section of rail that kept slipping behind schedule. When she got home, the smell under the sink reminded her why she’d called an exterminator last week. The house felt like a collection of small fixes waiting their turn.",36.838493,3.6065433,103,8.206249,1,2.702098,3738.6423,62.652203,0.0,55978,698,0.012469185,6.548219,4.8918676,1383.6073,0.9849201440811157,1.0
"Context:
His statement leaned on prior work and earlier training to explain why he was qualified. A product blurb appeared next, described features, offered a limited deal, and then ended right after the closing sentence. Then came an email-style section with a subject-like title and a bit of setup, finishing neatly after the update. Beneath it, the console output showed [] repeated until a final marker appeared and the scroll stopped. The whole piece ended as if someone kept closing tabs one by one.",128.65224,4.857113,104,10.15625,0,2.208721,4232.8306,59.72286,0.0,62065,660,0.0106340125,6.49224,4.6576767,1916.4171,0.741872251033783,1.0
"Context:
The first sentence named the production company, the festival, and the sponsor list, all before the actual message arrived. We wandered through exhibits of industrial equipment, sleek light fixtures, and instrument prototypes, then picked up a small bottle of moisturizer at the counter. In a side room, a researcher explained a medical protocol using narrow terminology and precise measurements. A guide then led us to an old theater with a plaque about its early premieres, and we returned to eat tteokbokki while a Korean chorus bounced through the crowd.",90.802124,4.5086827,105,10.631248,0,2.6641464,4254.3174,62.478725,0.0,67028,698,0.010413558,6.548219,5.0407524,1596.8782,0.020065752789378166,0.0
"Context:
The article opened with a title, a one-line summary, and a short scene-setting paragraph. It then delivered the key detail in plain language and avoided extra flourish. The last sentence landed like a full stop on the premise. The piece ended as if the editor preferred restraint.",42.296062,3.744694,106,8.3875,1,2.0923584,4340.2627,56.771713,0.0,37516,674,0.017965669,6.5132303,4.250297,2074.34,0.9953822493553162,1.0
"Context:
The ferry worker guided a crate of chickens onto the deck and checked the latch twice. A dog trotted after the cart until a handler called it back. He gave an extra blanket to an older passenger, offering it without being asked. When the boat pushed off, the animals settled and the small kindness lingered in the air.",56.28985,4.0305142,107,8.581249,1,2.5423594,4641.073,61.858498,0.0,42442,683,0.01609255,6.526495,4.558722,1825.4985,0.9784557223320007,1.0
"Context:
They planned a holiday around food and museums, but the brochure excerpt ended before listing the best spots. He sent a message with a final period to make the plan sound settled. At the ferry, the last token scan triggered activations on the reader and a green light appeared. Travel moved from planning into motion as the boat pulled away.",176.61455,5.1739697,108,11.137497,0,2.5197287,4125.3984,64.44433,0.0,43025,656,0.015246949,6.4861608,4.416305,1637.2391,0.2287859320640564,0.0
"Context:
A former bank became a pop-up venue, with marble, retro signage, and an outdoor queue that felt like a premiere. People swapped celebrity names, mentioned cities, and held up sponsor products for photos. The dev team checked tooling, executed a quick run to confirm the landing page, and then coordinated with marketing on the campaign launch window. Organizers tracked where visitors paused and adjusted the layout to guide the flow through the physical space. It was nostalgia on the surface, analytics underneath.",105.0041,4.6539993,109,10.6875,0,2.577583,4512.1543,64.992485,0.0,62695,673,0.010734509,6.5117455,4.837731,1750.5369,0.12206458300352097,0.0
"Context:
He joined the equipment coordination network after completing registration and watched service availability shift as others posted actions. He cooked, mixed a cosmetic balm, and finished crafts, then sprinted across the venue and felt the exertion tighten his chest. He prayed briefly and wrote an email that stated the action to take if the schedule slipped again. The late hours were spent on favela grant type accountancy, reticle-guided inspection notes, and lubricant selection, and exhaustion tempted hallucinations while proper names and publicized items filled the media feed.",531.15533,6.2750545,110,12.71875,0,2.9499512,4039.4526,64.32643,0.0,65851,733,0.01113119,6.5971456,5.2285852,1369.3286,0.009489728137850761,0.0
"Context:
The box for the camping stove included a small chart with fuel type, burn time, and output measured in precise units. A folded insert described the materials, the ignition system, and the packed dimensions for a backpack pocket. I checked the fine print about wind resistance and the maximum pot diameter. The salesperson nodded when I asked whether the rating was tested in real weather or controlled conditions.",57.878353,4.0583434,111,9.987494,1,2.669787,4598.1006,59.09152,0.0,49202,688,0.013983171,6.5337887,4.839384,1722.2725,0.9681342244148254,1.0
"Context:
A startup founder posted an update about their new release and thanked the community for spotting edge cases. Replies rolled in with small suggestions, quick run instructions, and a reminder to pin the documentation. Halfway down, the founder added that the campaign email would go out as soon as the analytics dashboard looked stable. Everyone sounded tired but satisfied, as if the checklist had finally shrunk.",83.065704,4.419632,112,10.174998,1,1.7138531,2331.2798,42.982464,0.0,48562,666,0.013714427,6.50129,4.5189595,1360.2565,0.9458914399147034,1.0
"Context:
The first speaker arrived late, and the venue coordinator rerouted them to a specific entrance behind the stage. A volunteer handed over a small envelope from the courier and praised the delivery speed, then checked the performer’s breathing as if verifying physical readiness. In front of the crowd, the moderator called for a humane tone while the political process marched through motions and votes. The printed schedule kept everyone anchored, and each phase of the night clicked into place with a new cue. Between segments, people moved through hallways and plazas, fiddling with small lanyard clips as they walked.",77.380684,4.3487372,113,9.75,0,2.6744606,5586.477,62.813484,0.0,72637,736,0.010132577,6.60123,5.275664,2088.8237,0.002115923911333084,0.0
"Context:
In the fantasy novel, the hero swore an oath in Eldermoor and rode toward a fortress with a name too grand to forget. Later, my roommate switched on the news and shouted about a minister’s resignation, repeating the name with disbelief. I was supposed to be studying political science, but the lecture notes kept blending with the story’s invented kingdoms. Even the band we played in the background felt like another proper noun demanding attention.",82.511696,4.41294,114,10.6875,1,2.5431073,3570.971,56.687565,0.0,56610,706,0.012471295,6.559615,5.014024,1404.1763,0.881418764591217,1.0
"Context:
A storm knocked out the pumps, and the retention pond overflowed into the service road. In the days that followed, vines surged over the fence and clogged the drainage ditch like a living net. The nearby geese turned aggressive, chasing anyone who tried to clear the mess. What started as a small incident became a tangle of water, plants, and nuisance animals.",30.330832,3.4121647,115,8.475,1,2.6448538,3695.6694,57.26366,0.0,46793,713,0.015237322,6.5694814,4.9271946,1397.3058,0.9899571537971497,1.0
"Context:
I traced the route on a paper map, circling the museum, the river bridge, and the stadium where a famous match was played decades ago. The audio guide mentioned the founding of a local society and the mayor who funded the first library. Halfway through, we wandered into an exhibit about a film franchise that used the town as its backdrop. Every turn seemed to come with a nameplate or a date attached.",37.65662,3.6285088,116,7.625,1,2.4872725,3601.2334,59.886665,0.0,53475,667,0.0124731185,6.50279,4.731763,1447.8644,0.9760127663612366,1.0
"Context:
The open house was in a quiet lane off Østerbro, and the place name on the deed matched the plaque by the door. I brought a small level and confirmed the shelves weren’t sagging, which felt oddly satisfying. My wife kept checking her glucose app, reminding herself to eat a small snack after the gestational diabetes consult. In the nursery room, a little cartoon wallpaper border looked sweet until my phone flashed breaking news about violence and a sudden market slide.",94.7061,4.5507784,117,8.59375,0,2.85747,5844.3145,71.437546,0.0,59689,716,0.01199551,6.5736804,4.962691,2045.2759,0.04708008095622063,0.0
"Context:
She visited a riverside restaurant that served a drink flavored with herbs and a dessert topped with tiny flowers. Outside the window, water plants swayed, and birds paced the shallows while fish broke the surface in quick arcs. A server mentioned that an industrial mishap had happened nearby last month, and since then the bank had been overrun with growth and plagued by nuisance animals that kept raiding trash bins. The owner later talked about the property in terms of natural resources and fixed assets, from the water lease to the equipment used to keep the site stable. She left with a small bouquet, smelling sugar and petals instead of the river’s problems.",53.758755,3.9845066,118,8.775,0,2.3010218,4662.5596,58.394268,0.0,79969,728,0.009103527,6.590301,5.1364985,2026.2996,0.0012239179341122508,0.0
"Context:
The anthology included a short passage from a novel, and the excerpt stopped just as the argument began to sharpen. The final line landed mid-scene, leaving the room in an awkward hush. She flipped the page expecting more, but it was only a blank divider. The end of the text excerpt felt like someone closing a door too early.",48.959644,3.8909965,119,8.75,1,2.4397452,4318.7764,58.075344,0.0,44301,690,0.015575269,6.5366917,4.692532,1770.1752,0.9818578958511353,1.0
"Context:
My portfolio was already down when the breaking news announced a sudden policy shift from the central bank. Commentators blamed political infighting, while analysts warned about a broader conflict spilling across borders. The market closed in a rush of red numbers that made my stomach tighten. I shut the laptop and tried not to refresh the updates again.",55.193367,4.010843,120,7.925,1,3.0333095,3609.7236,68.42795,0.0,42441,678,0.015975118,6.5191474,4.670853,1190.0282,0.982161283493042,1.0
"Context:
A producer pitched a documentary and promised an exclusive cut for early backers. He mentioned a venture fund, a revenue forecast, and a streaming platform that would host the final release. In the follow-up, he asked for an engineer to review a compression setting. The whole pitch hinged on a single package of digital media tied to business numbers.",70.81574,4.2600813,121,9.375,1,2.8800933,3953.5068,67.75168,0.0,44277,676,0.01526752,6.516193,4.6532645,1372.7009,0.9732092022895813,1.0
"Context:
He diced garlic, fried it briefly, and built a soup that warmed the kitchen. When it cooled, he tested a lip scrub mixture, adjusting the grain so it didn’t feel harsh. Afterward, he glued felt pieces into a small ornament, holding them in place until they set. A long bike ride later, the exertion made the earlier tasks feel like quiet practice.",73.50429,4.2973437,122,9.593746,1,2.733371,5801.342,66.41138,0.0,48608,699,0.014380349,6.5496507,4.786751,2122.4128,0.9910147786140442,1.0
"Context:
A one-year maintenance contract was signed, but the kickoff was a brief exclusive meeting at City Spa with only a few seats. Hi, the consultant said, originally from Nairobi, while describing limitations on access and the allowance for extra training hours. She began intelligence gathering on a rival platform, then watered the office plants and placed a new router on the shelf with careful alignment. The day slipped away and time was running when the art team arrived to paint a mural in the lobby. They added more detail than planned and improved the finish without exceeding the allowed hours.",131.89607,4.8820143,123,10.249998,0,2.6618254,4598.1006,68.25321,0.0,71294,676,0.009481864,6.516193,4.9365716,1727.4238,0.0010128369322046638,0.0
"Context:
She arrived at the venue and found a coat check beside a lounge with soft lighting. The organizer offered a shuttle and pointed out a terrace where guests could get some air. Later, she used a locker and grabbed a towel before stepping into the sauna. It was the kind of night where amenities mattered as much as the music.",53.54578,3.980537,124,8.849999,1,2.2568703,5930.2603,60.07845,0.0,42456,688,0.016205013,6.5337887,4.5269337,2627.6477,0.9942979216575623,1.0
"Context:
The usher pointed to Section C and traced the path down the aisle with an open palm. A sign on the wall listed the scheduled events, including the matinee and the evening encore. Backstage, the stage manager waited by the left wing near the curtain line, listening for the cue. After the show, the cast met at the exact corner by the loading door where the venue map said to gather.",38.97386,3.6628911,125,8.3125,1,2.9555104,4855.9375,66.42313,0.0,52316,719,0.013743405,6.5778613,4.960914,1643.0115,0.9920658469200134,1.0
"Context:
A ceramics studio ran an exclusive workshop with only eight seats and a strict materials allowance. The instructor demonstrated where to place each piece in the kiln to prevent warping. Over the week, the class produced a higher quantity of bowls, but the real change was the jump in quality as technique improved. One student stayed late, carving patterns and treating the process like meditation. The last firing revealed a table full of finished work, each piece set exactly where it needed to be.",48.432392,3.880169,126,8.875,1,1.9695027,5715.3955,58.93686,0.0,59621,671,0.011254424,6.508769,4.511003,2901.9485,0.30799320340156555,0.0
"Context:
On the shelf above my desk, a miniature astronaut figurine floated on a clear stand. It was small enough to hide behind my monitor, like a secret mascot. Every time a meeting dragged on, I glanced at its tiny helmet and smiled. The little figure somehow made the room feel friendlier.",23.806246,3.169948,127,5.1718745,1,2.6510954,4941.884,63.978344,0.0,38771,689,0.017771015,6.535241,4.576092,1864.0913,0.9944230914115906,1.0
"Context:
In the archive viewer, the story stopped at End of text, and the scrollbar vanished beneath it. The print-ready export showed End of text/document, clean and unambiguous. He attempted to append a new paragraph in the intake form, but it flashed End of text/input and swallowed the rest. The partner site describing add-on services finished with End of text/short descriptions of items/products/services, making the whole page feel unfinished. He closed every tab, craving a normal ending without signage.",125.08468,4.828991,128,11.874992,0,2.1498353,5586.477,56.791306,0.0,66392,675,0.010166887,6.514713,4.8328304,2598.5603,0.03238740935921669,0.0
"Context:
He spoke about past projects like they were stepping stones laid in order. An earlier failure came up briefly, framed as the moment he learned to ask better questions. Previous training courses were woven into the story without sounding like bragging. The interviewers nodded as if the history made the present believable.",93.55579,4.538558,129,9.356249,1,2.2757812,4125.3984,58.61142,0.0,37505,658,0.017544327,6.489205,4.3112507,1812.7395,0.9944274425506592,1.0
"Context:
The courier arrived breathless, and the venue medic checked pulse and breathing before letting the runner return to the route. On the stage, a panel about humane policy moved through motions and votes, with a small brass bell signaling transitions. The schedule demanded the next segment start on time, and an usher guided a guest to a specific row beside the side-stage entrance. As the night advanced through its phases, the team’s sense of progression kept everyone calm. When the crowd finally flowed out, small tickets and keys flashed in hands as people crossed the plaza and disappeared into nearby streets.",72.63879,4.285499,130,9.325,0,2.6938732,5135.2617,61.995678,0.0,73802,713,0.009660984,6.5694814,5.204618,1906.2745,0.0022746301256120205,0.0
"Context:
The agreement granted a three-month exclusive license for a theatre troupe to perform at Mountain Spa, with a strict end date. Hi, the director said, originally from Glasgow, before reviewing the limitations on recordings and the small promotional allowance. Between rehearsals she did intelligence gathering on other venues, then went out to the herb garden to check the seedlings. Stagehands placed props along the hallways, and time was running as guests began arriving in timed batches. The troupe added more songs to the set list and tightened the choreography so both quantity and quality climbed before opening night.",130.17967,4.8689156,131,11.674999,0,2.592215,5930.2603,67.07514,0.0,71318,689,0.0096609555,6.535241,4.9865437,2287.7192,0.0017385556129738688,0.0
"Context:
The story ended on a short sentence that felt final and unarguable. There was no epilogue, no extra note, and no trailing thought. The last page left a clean silence behind it. Closing the book felt like shutting a door.",31.918219,3.463177,132,7.9968734,1,2.799142,5844.3145,64.73187,0.0,32610,672,0.020607175,6.510258,4.4629884,2087.895,0.9936674237251282,1.0
"Context:
At the bike shop, the mechanic pulled up a table showing gear ranges, cassette ratios, and recommended chain length. The printed card included frame geometry numbers, tire clearance, and the maximum rotor size for the brakes. I asked about the torque specs because I didn’t want to strip anything during assembly. He circled the values with a pen and told me to keep the sheet in my toolbox.",24.749792,3.208817,133,6.15625,1,2.2184815,4598.1006,54.368,0.0,51045,679,0.013301988,6.5206213,4.7300196,2072.634,0.9913291931152344,1.0
"Context:
The landlord’s assistant walked us through the building, listing nearby places and insisting the address be copied exactly. I used a small screwdriver to tighten a wobbly handle, trying to be discreet about it. My partner said the baby was fine but her sugar readings were not, so she keeps meals small under a gestational diabetes plan. A little cartoon sticker on the mailbox made me smile right before a news alert about political resignations and conflict flashed across my screen.",81.57814,4.4015613,134,9.85,0,2.9744475,4146.885,63.435062,0.0,59104,727,0.012300352,6.5889263,5.171327,1394.1698,0.04430430382490158,0.0
"Context:
A rooftop venue hosted the showcase, and the patio view contrasted with the interior’s thrifted, retro styling. On a giant board, celebrity names sat next to city labels and sponsor marks like a collage of attention. A teammate pulled up a tool panel, checked tracking, and mentioned that the campaign email would go out once the numbers stabilized. Floor staff counted how many visitors stopped at each station and adjusted signage to guide the flow. The scene felt both outdoorsy and carefully engineered.",94.62954,4.5499697,135,9.75,0,2.4022014,5844.3145,63.184986,0.0,62729,690,0.010999697,6.5366917,4.840893,2432.8994,0.4315161406993866,0.0
"Context:
He read an email chain about a delayed shipment and underlined the action to take in red. The equipment needed a specific lubricant, but the wrong type had already been used once and caused damage. At the site, a printed reticle on a measuring card helped align the camera shots for the grant audit. The favela ledger work dragged on, and the accountancy stress ended with brief hallucinations in the dark hallway.",178.7533,5.1860065,136,12.525,1,2.5151536,3974.9932,59.505466,0.0,52919,708,0.013378938,6.562444,4.8557334,1580.4176,0.9923262596130371,1.0
"Context:
The parliamentary debate dragged on as speakers invoked sovereignty, compromise, and the cost of another delay. On my phone, updates described draft language being revised, then revised again, as talks continued behind closed doors. Friends texted screenshots of speculation, each one more confident than the last. When the final version surfaced, it was dense enough to invite a new round of arguments.",56.01308,4.025585,137,9.875,1,2.2478964,3351.8862,55.031094,0.0,47351,675,0.014255242,6.514713,4.6143355,1491.1213,0.9412517547607422,1.0
"Context:
In October, a hotel receptionist greeted tired guests with genuine warmth, even as the lobby filled for a yearly conference. Volunteers from a community program staffed a booth by the entrance, inviting attendees to sign up for a weekend service project. Inside the ballroom, helpful coordinators shepherded people between career panels and networking sessions. A guest spent the evening planning a winter visit home and penciling in a summer break to recover from the busy season. Before leaving town, he caught a preseason game on the bar TV and realized the regular season was nearly here again.",42.502037,3.749552,138,8.568745,0,2.860594,3824.5881,64.86022,0.0,70110,707,0.010084153,6.561031,5.1601777,1336.9908,0.0023238654248416424,0.0
"Context:
At the workbench, she turned the knob on the oscilloscope and watched the signal settle. A small wrench slipped into place, and the bolt gave way with a sharp crack. He tested the instrument again, tapping the housing to be sure nothing rattled inside. Once the tool was back in its case, the whole setup looked ready for another day.",36.318718,3.5923333,139,7.84375,1,3.0581827,5543.504,70.67048,0.0,44316,700,0.01579565,6.55108,4.7555046,1812.6791,0.9967159032821655,1.0
"Context:
During rehearsal, the singer focused on breath support more than the notes. Each verse had to land cleanly, as if the voice were delivering a fragile package without damage. When the chorus hit, the lungs worked like bellows and the diaphragm kept the sound steady. The performance only held together because the body could sustain it through the full set.",43.509106,3.7729702,140,7.78125,1,2.6608715,3717.1558,56.76412,0.0,43700,690,0.015789473,6.5366917,4.8660293,1396.9692,0.9926773309707642,1.0
"Context:
The invitation began with a label for the event, followed by a short description of the theme. It clarified the location and what guests should expect on arrival. The closing sentence asked for a reply by Friday. The text ended right after, leaving no trailing chatter.",42.098984,3.7400236,141,9.699999,1,1.6973072,2965.1301,47.068817,0.0,34419,647,0.018797757,6.4723463,4.012155,1746.9613,0.9901815056800842,1.0
"Context:
He stared at the reticle in the scope and tried to keep his hands steady. The correspondence from the funder demanded a clear action to take, and the grant category had strict rules he couldn’t bend. In the storeroom, he grabbed the wrong lubricant type and cursed when the cap slipped from his fingers. The accountancy review for the favela project dragged past midnight, and hallucinations turned the ledger lines into wavering waves.",104.268906,4.646973,142,10.606243,1,2.9133542,3566.7507,57.484474,0.0,56036,729,0.013009494,6.591674,5.227593,1224.2764,0.969952404499054,1.0
"Context:
The casino restaurant buzzed with tourists, but behind the scenes a Whirlpool dishwasher was throwing a drain error and stacking up dirty plates. A manager pulled out the filter, scraped off sludge, and the machine started pumping again. I slipped to the business desk to send a fax for an adjudication dispute and then joined a VoIP call about kidney function and bladder imaging. When I got back, a fantasy-themed show on the big screens mixed fictional names with real media references and political talk as the kitchen timers kept chirping.",98.25193,4.587535,143,11.125,0,2.8893876,5801.342,65.3677,0.0,65863,731,0.011098796,6.5944133,5.2018948,2007.8102,0.002289684722200036,0.0
"Context:
At the conference, badges displayed affiliations like Chemistry, Linguistics, and Media Arts in bold letters. Someone quoted a line from a fantasy game and then cited a real-world author as if both belonged in the same footnote. During lunch, the table argued about a political figure’s latest speech and the headlines it triggered. I walked away with a notebook full of names from every universe I’d touched that day.",56.80735,4.0396657,144,8.3125,1,2.3709488,3373.3726,56.63165,0.0,53504,685,0.012802782,6.529419,4.7620926,1422.7943,0.9892493486404419,1.0
"Context:
She walked the property with a clipboard, noting streams, soil quality, and the sections of forest set aside for sustainable harvest. Back at the office, those notes turned into numbers under natural resources and fixed assets. The irrigation system was depreciated like any other equipment, while the land itself was managed as an ecological base. It was finance and ecology sharing the same page.",52.117496,3.9535007,145,9.65,1,3.184384,5586.477,73.00214,0.0,47976,684,0.014257128,6.527958,4.8176737,1754.3352,0.9921277761459351,1.0
"Context:
I built a helper function that checks whether the dishwasher is running before the robot vacuum starts. It sounds ridiculous, but the kitchen chaos gets worse when everything moves at once. While the stove simmered, I watched a fantasy trailer full of glowing sigils and whispered spells. The routine worked, and the apartment felt briefly under control.",72.57222,4.284582,146,9.849999,1,3.8292327,4769.992,73.07006,0.0,43098,708,0.016427677,6.562444,5.0417542,1245.6783,0.9932603240013123,1.0
"Context:
She joined the procession, following the steps as the crowd moved through the street. At home, she wrote postcards to friends, describing the colors and the singing without exaggeration. The words came faster than usual, like she had been given permission to speak. Dropping the postcards into the box felt like the final gesture.",40.80932,3.7089105,147,8.359375,1,2.2494226,2986.6167,56.088757,0.0,41193,663,0.016094968,6.496775,4.3988914,1327.726,0.9739993214607239,1.0
"Context:
He signed up, passed the user registration requirements, and began posting network actions in the equipment coordination group. Between service availability updates, he prepared snacks, mixed a cosmetic balm, and tightened threads on a craft banner, then carried lighting stands until exertion left him drenched. He ducked into a chapel for a quick prayer and wrote an email telling the crew what action to take during teardown. The night ended with accountancy for a favela grant type, a reticle-marked inspection sheet, a hunt for the right lubricant, and near-hallucinations as proper names and publicized items from sponsors blared over the loudspeakers.",244.10493,5.497598,148,12.937499,0,2.9064636,5135.2617,63.724194,0.0,80019,744,0.009297792,6.612041,5.439764,1766.8419,0.0017815493047237396,0.0
"Context:
The studio was tucked behind a garden, with ivy creeping up the brick. Inside, the props were all thrifted: old suitcases, brass mirrors, and fabric that looked aged on purpose. The photographer kept describing the look as classic rather than trendy. Stepping back outside, the fresh air made the room’s vintage mood feel even stronger.",47.533714,3.8614392,149,7.5187497,1,2.504162,3222.9675,57.095875,0.0,44904,684,0.015232496,6.527958,4.717037,1287.0443,0.9566650986671448,1.0
"Context:
After her registration was approved, she could finally use the equipment coordination network and track service availability by location. She alternated between posting network actions and preparing food, mixing cosmetics, and finishing crafts, with exertion rising whenever she carried heavy cases. A prayer under the stairwell light gave her a moment of quiet, and she followed with written communication describing what action to take next. The favela grant type accountancy audit required reticle-aligned documentation and the right lubricant for a sticking wheel, and fatigue sparked hallucinations while proper names and publicized items lit up the sponsor screen.",397.61893,5.985494,150,12.874996,0,2.9759276,5844.3145,68.95915,0.0,72603,727,0.0100133605,6.5889263,5.219365,1963.8632,0.0015784468268975616,0.0
"Context:
She met the user registration requirements, joined the professionals network, and started coordinating equipment based on service availability. Between network actions, she prepared food, blended a cosmetic sample, and repaired craft signage, then carried stacked cases and felt the exertion burn her shoulders. She paused for a religious moment and sent written communication that clarified what action to take during the next shift. At night, the favela grant type accountancy audit required reticle-aligned documentation and the right lubricant, and fatigue brought hallucinations as proper names and publicized items repeated across every sponsor slide.",472.566,6.1581774,151,13.162498,0,3.4741998,5178.2344,75.40661,0.0,70141,723,0.010307808,6.5834093,5.2925653,1490.4827,0.0015013517113402486,0.0
"Context:
Over coffee, my colleague dissected the latest statements from both sides and tried to guess what concessions were real. The conversation kept circling back to deadlines, extensions, and the fear of leaving without a workable agreement. In the background, a radio host summarized the negotiation as a tug-of-war where every clause mattered. By lunchtime, the same phrases were repeated on every channel, but clarity still felt distant.",41.437943,3.724197,152,7.6093736,1,2.2436025,3566.7507,54.029007,0.0,52249,667,0.012765795,6.50279,4.703311,1589.7427,0.963045060634613,1.0
"Context:
As autumn markets opened, the bakery took preorders and staffed an extra counter. The cashier remembered regulars by name and offered quick substitutions when items sold out. A local club set up a donation jar beside the register, and customers dropped coins while waiting for their coffee. By closing time, the tip jar and the donation jar were both full.",40.181324,3.6934023,153,8.5,1,2.9043205,5221.2075,69.154655,0.0,44279,669,0.015108743,6.505784,4.6496177,1797.738,0.9770159125328064,1.0
"Context:
Her bio emphasized prior experience and an earlier role that taught her to keep things simple under pressure. The next paragraph looked like an online listing, praised a gadget, offered a limited-time deal, and then stopped as if the page had no more space. A short section began with a title and a lead-in sentence that set context, then ended neatly after the main point. Below that, the debug output showed [] over and over until one final marker appeared and everything went quiet. The document felt like a sequence of closures, each one firm.",92.2921,4.5249586,154,10.362499,0,2.1843379,5801.342,61.713737,0.0,70034,651,0.009295485,6.4785094,4.7066164,2655.881,0.014968873001635075,0.0
"Context:
She folded her hands and asked for guidance in a low voice, alone in the kitchen. Then she opened her laptop and composed an email apology, rewriting it until it sounded sincere. The message was sent without drama, but it carried weight. The combination of a small religious act and written communication changed her mood.",47.026253,3.850706,155,10.137499,1,2.3439615,3717.1558,60.291267,0.0,40575,661,0.01629082,6.493754,4.356465,1585.8434,0.9887735843658447,1.0
"Context:
She opened a link to a recorded interview and saw references to an ETF and a software patch in the transcript. An agency letter arrived afterward, assigning a case ID and setting a deadline for a compliance review. At the venue, a coordinator arranged a conference room and pointed guests toward a terrace for breaks. She spoke with a consultant, then bought a dress and earrings for the evening because the invitation specified formal attire.",64.93455,4.17338,156,9.125,0,2.5808809,4727.019,65.82784,0.0,52870,671,0.012691507,6.508769,4.6654134,1831.5526,0.04147608205676079,0.0
"Context:
The harbor warehouse had a retro theme, but the sponsor’s product wall was bright enough to cut through it. A famous last name on the guest list made people whisper, and city names kept popping up as arrivals mentioned where they came from. Behind the scenes, a small team checked tooling, reran a command to publish a fix, and talked about the campaign’s next wave. Staff mapped where groups formed and how long they stayed near each display, treating the room like a physical dashboard. The night felt curated, measured, and packed with recognizable names.",96.01418,4.564496,157,11.1875,0,2.6134417,5178.2344,65.33086,0.0,71938,692,0.009619394,6.539586,5.0140924,1981.385,0.0016949913697317243,0.0
"Context:
A coastal holiday meant slow mornings, but check-in still required a sequence of steps. The front desk reader showed activations only after the final token scan approved the room. She flipped through a travel anthology, annoyed that the excerpt ended without naming the town. Later, she laughed at how a simple period at the end of a menu note could feel like closure.",128.65598,4.857142,158,12.012499,0,2.903627,6016.206,73.53361,0.0,46712,660,0.014129132,6.49224,4.5318165,2071.9624,0.9758301973342896,1.0
"Context:
She warmed milk with honey and a spoon of rose water, then whisked it into a custard. On the side, she prepped a simple garnish of sliced fruit and a scatter of flowers meant for eating. The final plate looked like something from a garden, but it was still comfort food. Everyone hesitated before taking the first bite, then went back for more.",30.073217,3.403635,159,9.15625,1,2.807001,4662.5596,61.288467,0.0,47396,711,0.015001266,6.5666723,4.913469,1661.0465,0.9964040517807007,1.0
"Context:
The brochure’s first line announced a tour with a celebrity host, a production studio, and a foundation, all spelled out carefully. The next sentence cited the venue, the partner university, and a donation program shortened to initials. Even the schedule snippet started with organization names instead of times. I could picture the designer squeezing every proper noun into the top half of the page.",63.6811,4.1538877,160,8.762499,1,1.9568686,3244.454,47.77467,0.0,48588,687,0.014139294,6.5323343,4.6784306,1657.9825,0.985181987285614,1.0
"Context:
She opened the newsletter and saw three different brands in the first paragraph, all linked to glossy landing pages. The next section jumped to interest rates and exchange fees, then back to a new phone release and its camera sensor. The footer included another reminder to join the webinar, repeated twice in slightly different wording. It read like marketing copy stitched together with financial jargon and product specs.",62.10041,4.1287527,161,8.818748,1,2.7884495,4941.884,67.76417,0.0,48580,680,0.01399753,6.522093,4.701497,1772.2694,0.9809000492095947,1.0
"Context:
I tried a new pasta recipe and kept tasting the sauce, adjusting the salt until it finally felt balanced. After dinner, I set up a small canvas and worked on a painting while music played low in the background. The next day, friends invited me for a long walk by the water, and we ended up stopping for coffee and talking for hours. Later that night, I wrote a careful review of the kitchen knife I’d used, praising the edge retention and complaining about the handle.",17.508564,2.8626902,162,6.53125,1,2.563684,5135.2617,66.06562,0.0,62689,672,0.010719584,6.510258,4.784888,2003.0791,0.7847102880477905,1.0
"Context:
At the edge of the pond, lily pads formed a loose carpet and frogs called from the shadows. A turtle slipped off a log as footsteps approached, leaving only ripples behind. Overhead, sparrows hopped between branches that leaned toward the water. The habitat held plants and animals in the same quiet space.",40.95497,3.7124732,163,7.5406246,1,2.715469,5801.342,62.746555,0.0,38779,689,0.017767347,6.535241,4.6596384,2136.4053,0.9921067953109741,1.0
"Context:
Aisha signed the paperwork at Aarhus University and then hurried to the Apple Store to replace her cracked screen. She bumped into Jonas at the Climate March and they ended up walking together to City Hall. Afterward, they visited the Danish Refugee Council booth to donate, then celebrated with pastries from Lagkagehuset. The day felt stitched together by places, people, events, products, and the groups behind them.",56.835583,4.0401626,164,11.85625,1,2.2289348,4125.3984,52.194233,0.0,52321,713,0.0136274155,6.5694814,4.9185815,1850.8386,0.9950917959213257,1.0
"Context:
New York — The statement from Hudson Partners led with the organization’s name and the location of the announcement in Midtown. In a glass room on the 38th floor, a nervous manager explained that their partnership with a supplier might end if tariffs expanded. The follow-up emails bounced between Google Cloud pricing, credit spreads, and a constant repetition of the same brand references. After the meeting, he returned to a Brooklyn apartment where the oven had stopped heating, and while waiting for a repair call he ordered sports eyewear and asked the landlord about pest control in the basement.",66.548904,4.197937,165,9.5,0,2.330759,3609.7236,57.884937,0.0,73162,693,0.009472131,6.54103,5.018387,1548.733,0.005285278428345919,0.0
"Context:
He spoke about socioeconomic status as if it were a gravity field, pulling some people forward and others back no matter how hard they tried. In the next breath, he shifted into philosophy, asking whether fairness was a real thing or a story we tell ourselves. Before class ended, he offered a short blessing for a student who’d lost a parent, and the gesture softened the room. Afterward, we toured the virtual reality suite, where education was packaged as immersion and the walls glowed with simulated worlds.",35.974785,3.5828183,166,8.143749,1,2.5637276,3824.5881,60.358303,0.0,63937,682,0.01066675,6.5250297,4.9740753,1491.8075,0.8078063726425171,1.0
"Context:
At the hostel, the common kitchen revolted when the Whirlpool dishwasher clogged and the drain line started to smell. Someone cleaned the filter and restarted it, and the water finally moved. I paid for a fax service to send adjudication papers and took a VoIP call about kidney and bladder testing while hurrying to daycare pickup. Later, a fantasy audiobook played over a speaker while people discussed politics and university courses, and the microwave timer kept interrupting like a cue.",151.013,5.017366,167,12.356251,0,2.4395864,4533.641,57.187763,0.0,57260,723,0.012626615,6.5834093,5.038491,1858.3646,0.089325450360775,0.0
"Context:
She booked a table at Café Victor and arrived early, watching taxis slide past the entrance of Magasin du Nord. After dinner they crossed Kongens Nytorv and took photos under the lit trees. A friend texted them from Nyhavn, bragging about a seat right by the water. They ended up in a quiet side room of a small hotel, laughing at how quickly the city’s landmarks had guided the night.",44.487835,3.7952158,168,9.35,1,2.9357076,5801.342,64.60915,0.0,54151,711,0.013129951,6.5666723,5.0535755,1976.1307,0.9891918301582336,1.0
"Context:
They rented a cabin and were happy to see a heater already running when they walked in. The listing had promised a balcony and a fast connection, and both turned out to be real. Downstairs, a small café served dinner for guests attending a nearby wedding. The trip felt smoother because the basics were handled.",56.060802,4.026437,169,10.737499,1,2.194321,4146.885,50.47917,0.0,40595,671,0.01652913,6.508769,4.5805445,1889.826,0.9913164377212524,1.0
"Context:
The legal brief ended with End of text/document and a date line, as if someone feared a page could be swapped later. The clerk compared the footer to the version in the case system. Everything matched, so the filing went through without questions. The marker turned a messy stack of pages into something definite.",144.85762,4.9757514,170,11.237499,1,2.3290138,3201.481,55.43565,0.0,40569,658,0.01621928,6.489205,4.4763474,1374.6079,0.9852821826934814,1.0
"Context:
The hotel was packed with travelers heading to a show, and the restaurant scrambled because the Whirlpool dishwasher kept stopping and backing up. After the filter was cleaned, the staff finally caught up on plates. I used a lobby fax service to submit paperwork for an adjudication case, then listened on VoIP to a doctor explaining kidney and bladder results before picking up a child from daycare. In the lounge, a fantasy stream sparked debates full of proper nouns from media, politics, and academia as appliances kept ticking along.",125.71137,4.8339887,171,10.799999,0,2.1152632,2943.6436,47.76753,0.0,63390,724,0.01142136,6.584791,5.110459,1391.6205,0.016873113811016083,0.0
"Context:
After signing up, he waited for the professionals network to accept his equipment coordination request and show service availability. While the status spun, he chopped vegetables and later mixed a face cream, then hauled boxes until exertion made his shoulders burn. He attended a small prayer gathering and followed it with written communication that clarified what action to take if the delivery failed. At night, the favela grant audit required accountancy checks, a reticle-based measurement, and a decision on lubricant types for machinery, and fatigue made hallucinations flash while proper names and publicized items from a campaign played on repeat.",256.71182,5.547954,172,14.937499,0,3.0166037,5178.2344,68.66765,0.0,73829,723,0.0097929,6.5834093,5.2670937,1716.5776,0.0015429886989295483,0.0
"Context:
Oslo — Erik Holm opened the meeting at FjordTech’s waterfront office and glanced at the cracked espresso machine in the corner. The team had spent the morning installing a driver update so the conference room projector would stop dropping the signal. In a later email chain, the finance lead cited Apple and Visa while warning that their partnership with a Danish reseller might collapse if the new sanctions hit. After lunch at Aker Brygge, he called pest control about gnats near the pantry and bought sports eyewear on the way back for a windy site visit.",118.08388,4.771395,173,10.031248,0,3.0107045,5758.3687,69.127235,0.0,68365,741,0.010838879,6.6080008,5.289108,1912.6316,0.0029795749578624964,0.0
"Context:
At check-in, the receptionist warned that nearly the entire hotel was reserved for a weekend of workshops. A legal counsel and a sports coach argued over scheduling, each telling himself the other would adjust. In a side room, a physician listened as a client described private fears and looping thoughts that kept surfacing at night. The keynote speaker turned that unease into a sales pitch for a paid coaching program, taking signups and payments at the door. A pastor paused by the coffee station to offer quiet reassurance before the shuttle for departures arrived, and the lobby emptied all at once.",67.79325,4.2164626,174,9.174998,0,2.8279295,5887.287,71.846375,0.0,73152,682,0.009323053,6.5250297,5.024189,2081.8367,0.001693537924438715,0.0
"Context:
At the gate, the scanner stayed silent until the last boarding pass was tapped. When the final token cleared, indicator lights activated and the turnstile released. A chime confirmed the sequence had finished without errors. End of sequence token activations marked the moment the line could move.",88.060036,4.4780188,175,11.15,1,3.096697,6359.9893,76.89017,0.0,35658,658,0.018453082,6.489205,4.342063,2053.7976,0.9953508377075195,1.0
"Context:
The support email inbox exploded right after New Year’s, yet the replies stayed friendly and human instead of clipped. In the same week, a community group asked the company to help sponsor a winter drive, and staff joined in after hours. February brought the annual professional training day, and helpful organizers kept newcomers from falling behind. Spring led into careful summer planning, with dates chosen around family obligations. By August, preseason chatter started again, and by the regular season kickoff, the year already felt full.",66.81427,4.2019167,176,8.562498,0,2.2253056,4125.3984,59.80822,0.0,63918,667,0.010435245,6.50279,4.7116823,1853.857,0.8337886929512024,1.0
"Context:
The last line of the chat log ended mid-sentence, and below it the interface simply read End of text. She scrolled up to see if anything was missing, but there was no more content to load. The abrupt stop made the earlier jokes feel unfinished, like someone had walked out of the room. She closed the tab and tried to imagine what the sender meant to type next.",30.929232,3.4317017,177,7.5937495,1,2.050726,3588.2373,54.490383,0.0,49776,653,0.013118772,6.481577,4.450966,1749.74,0.9909955859184265,1.0
"Context:
The viewing was scheduled back-to-back, so I tried to remember each address by the street sign and the nearest landmark. I used a compact tester to confirm the outlets were grounded, then slipped the small device back into my pocket. My sister, expecting soon, said her glucose results were borderline and she’s been keeping portions small to avoid gestational diabetes complications. A kid toddled past holding a little plush rabbit while the adults outside argued about politics and a sinking economy.",61.143646,4.113226,178,9.074999,0,2.6014352,3803.1016,58.389565,0.0,61530,712,0.011571591,6.568078,5.0749974,1461.9244,0.026636535301804543,0.0
"Context:
The realtor’s email came with a floor plan labeled with the building’s official title and the surrounding streets. During the viewing, she pointed across the road to the park and explained which school zone the address belonged to. I took photos of the sign at the corner so I could remember the cross street later. On the train home, I searched the exact place name to check recent sales.",33.261127,3.5043893,179,7.712501,1,2.1659021,5930.2603,66.463455,0.0,51002,652,0.012783812,6.4800444,4.268317,2738.0093,0.9832362532615662,1.0
"Context:
In late November, the shop’s chat window popped nonstop, but the support rep kept his tone light and respectful. A flyer on his desk reminded him to bring canned goods to the community drive after work, and he did, dropping them off with a quick hello to the organizers. The following week, his company hosted its yearly career fair, and he volunteered at the help desk to direct students and fix badge-printing errors. Between winter planning for family visits and the pressure of the regular season starting soon, his calendar looked crowded. Still, he made time to catch the first preseason highlight reel and smile at how the year always cycles back.",42.675446,3.7536237,180,8.287498,0,1.9214935,4963.37,54.69279,0.0,81750,686,0.008391437,6.5308776,4.9313717,2583.0793,0.008749800734221935,0.0
"Context:
A formal letterhead introduced the host, the venue, and two corporate names before an acronym closed the opening line. Inside, a showroom path led past a dimmable lamp, a beginner’s guitar, and a row of minimalist chairs, with cosmetics testers set out like tiny invitations. A nearby station displayed a technical write-up describing a chemical process in dense terms. The itinerary continued to a historic square known for a statue and a famous speech, and the night ended with bulgogi and Korean music spilling into the hallway.",126.05257,4.836699,181,10.999999,0,2.7689676,5135.2617,64.65786,0.0,67674,713,0.010535804,6.5694814,5.114404,1854.5763,0.0019743971060961485,0.0
"Context:
The logistics team bragged about delivery performance, but the medic reminded them that fatigue still shows up in the body. In the meeting room, a political debate framed as an issue of humaneness followed strict steps, and a tiny stamped slip recorded the vote. The screen in the foyer listed scheduled events, and the organizer pointed to a precise location inside the hall where the next talk would happen. As the timeline progressed through setup, peak attention, and wind-down, the pace shifted in noticeable phases. All evening, people moved between entrances, balconies, and side corridors, holding small devices that buzzed with updates.",84.5415,4.4372425,182,9.9375,0,2.4449217,3846.0747,57.767223,0.0,78130,721,0.009228209,6.5806394,5.223846,1573.087,0.0029187763575464487,0.0
"Context:
He sat behind the wheel and watched the rain trace paths down the windshield. A bus lumbered past, and he observed the passengers through the fogged glass. The man beside him pointed at a license plate, and he memorized it in silence. When the traffic moved again, he kept his eyes steady and his hands calm on the steering wheel.",22.059406,3.093739,183,7.59375,1,2.232363,5758.3687,54.545643,0.0,44888,673,0.014992871,6.5117455,4.6276855,2579.4949,0.9826260805130005,1.0
"Context:
The note app exported her meeting minutes and finished with End of text, even though she remembered adding one more action item. The shared folder copy showed End of text/document on the last page, so at least the boundary was consistent. When she retyped the missing line into the system, it returned End of text/input and refused to accept more characters. She opened the product page for the team’s new subscription and found End of text/short descriptions of items/products/services sitting awkwardly after the pricing sentence. Somehow every channel was ending loudly instead of quietly.",73.483574,4.297062,184,11.024998,0,1.9176924,3523.7778,52.602512,0.0,73120,660,0.009026258,6.49224,4.761872,1837.5094,0.03627530112862587,0.0
"Context:
The fan panel was held in a lecture hall, and the moderator introduced speakers by their academic departments first. The discussion bounced between a fantasy franchise, a recent scandal in politics, and how media coverage shapes perception. I kept scribbling names, titles, and places, worried I’d miss something important. When it ended, I felt like I’d been swimming in proper nouns for hours.",41.298164,3.720818,185,7.684376,1,2.7988005,4189.858,66.43587,0.0,51065,699,0.013688437,6.5496507,4.801316,1497.0192,0.9759311079978943,1.0
"Context:
At my prenatal visit, the nurse handed me a glucose drink and told me to come back after the blood draw. The doctor explained how gestational diabetes can show up even when everything else looks normal. Later, I measured out a small portion of pasta and counted the carbs like it was a math test. That night, I felt the baby kick and tried not to worry about the next reading.",19.960829,2.9937718,186,6.09375,1,2.855691,5586.477,68.74881,0.0,50425,679,0.013465543,6.5206213,4.744976,1956.2611,0.9964333772659302,1.0
"Context:
She crossed the courtyard, weaving between benches as the wind pushed at her jacket. A tiny key fob rattled in her pocket with every step. At the doorway, she paused, turned, and retraced her path to the place where she’d dropped a small screw. When she finally picked it up, she kept moving, letting the momentum carry her down the corridor.",21.13275,3.050824,187,6.825001,1,3.3232684,5479.045,67.23219,0.0,48051,720,0.01498408,6.5792513,5.123335,1648.6917,0.9881368279457092,1.0
"Context:
The intern asked how to verify the webhook, and the senior engineer answered with a short sequence to run and what output to expect. A marketer jumped in to say the sign-up flow had to match the new banner copy. Someone else referenced a tool dashboard and said the numbers would spike after the announcement. The whole exchange read like a release party held inside a comment thread.",76.30764,4.334773,188,8.75,1,2.8679566,4898.9106,69.48203,0.0,48568,670,0.013795092,6.5072775,4.6689034,1708.1537,0.9580262303352356,1.0
"Context:
The internship began with awkward first weeks, then shifted into a steadier phase once routines formed. Small mistakes turned into lessons, and each correction felt like a step forward. A mentor kept pointing out potential that hadn’t been obvious on day one. By the end of the month, the work had moved from tentative starts to confident follow-through.",35.84353,3.579163,189,7.324999,1,2.226628,4103.912,54.934692,0.0,45511,681,0.014963415,6.5235624,4.6072936,1843.1062,0.980175793170929,1.0
"Context:
We met at a downtown pub before checking into the boutique hotel across the street. The place had a rooftop screen showing a film festival and a lobby packed with visitors. Later, we walked to the amusement pier where music from arcade machines mixed with the smell of fried food. The night was a loop of places made for going out and passing through.",37.439125,3.6227162,190,8.328124,1,2.648279,5586.477,73.38575,0.0,44890,672,0.014969926,6.510258,4.4486284,2109.4746,0.9500622749328613,1.0
"Context:
She saved a video to watch later and forwarded a note about a startup’s financing to a colleague. A letter from an office arrived next, outlining an appeal process and requesting a confirmation within a strict timeline. At the venue, a manager mentioned a lounge, a coat check, and a terrace that guests could use between sessions. She met a teacher who recognized her name, then chose a scarf and a handbag before heading back to her room.",57.98036,4.0601044,191,9.612501,0,2.255748,5930.2603,59.711697,0.0,57170,672,0.011754417,6.510258,4.66943,2628.955,0.1870589554309845,0.0
"Context:
The condo’s address was written on a brass plate, and the agent insisted we photograph it for accuracy. I tightened a loose screw on the window latch with a compact driver, then checked the frame with a small level. My partner talked about the baby’s kicks and the stress of gestational diabetes monitoring, choosing a small snack that wouldn’t spike her readings. In the elevator, a little plush cat dangled from someone’s bag while the news feed rolled through conflict updates and political scandal.",53.473927,3.9791942,192,8.4,0,2.7995205,4641.073,65.410095,0.0,64615,719,0.011127447,6.5778613,5.080407,1657.81,0.0013522157678380609,0.0
"Context:
The fax confirmation sheet printed with a squeal, proving my appeal had been delivered to the right office. The adjudication hearing was brief but tense, with arguments about a small artisanal mining operation and environmental violations. Afterward, I went straight to the hospital for kidney function tests and a bladder check that felt endless. My partner updated me over VoIP while I waited, reminding me to grab our child from daycare on time.",98.17826,4.586785,193,9.724998,1,2.4863577,5887.287,62.242924,0.0,52905,695,0.013136755,6.543912,4.774916,2367.836,0.9888383150100708,1.0
"Context:
She tried on a jacket in the mirror and adjusted a scarf until it sat right. The clerk brought her a belt in a different size and suggested a wallet to match the leather. At the counter, she added a pair of gloves because the forecast looked cold. She walked out with a bag that felt heavier than her morning plans.",23.493382,3.1567187,194,6.2312484,1,2.9858239,6660.8,71.60517,0.0,43040,669,0.015543681,6.505784,4.5948386,2230.808,0.9845004081726074,1.0
"Context:
The training dataset dump ended with End of text, then nothing but whitespace in the viewer. The compliance team insisted on a PDF wrapper that stamped End of text/document on the final page. When he tested the ingestion endpoint, the request body hit End of text/input and dropped the tail of his payload. A separate page listing product snippets ended with End of text/short descriptions of items/products/services, and the label showed up in the export too. He corrected the pipeline so the data could end cleanly without screaming about it.",120.13065,4.78858,195,10.3125,0,1.8804086,5135.2617,53.81434,0.0,68852,682,0.009905304,6.5250297,4.732017,2730.9285,0.015484691597521305,0.0
"Context:
During the rehearsal, the dancers counted eight measures over and over without mistakes. Only on the final count did the motion sensors flare, showing stronger activations at the end of the sequence. The choreographer circled that last beat and asked for one more run. The spike returned, as if the finale had its own signature.",73.868866,4.3022914,196,10.424998,1,1.8372054,4211.344,51.737328,0.0,40580,664,0.01636274,6.498282,4.2928195,2292.2556,0.9918251037597656,1.0
"Context:
A garden-adjacent studio hosted the opening, with ivy outside and thrifted props inside that screamed vintage. Guests swapped celebrity names and argued about where the next tour stop would be while a sponsor’s brand sat on every surface. In a quiet corner, someone verified the analytics tag, ran a short test, and confirmed the promo links were live. The organizers watched footpaths through the space and shifted a sign to steer the crowd toward the survey stand. The result was equal parts nostalgia, publicity, and observation.",122.37182,4.807064,197,11.137499,0,2.8218682,5715.3955,66.65955,0.0,66404,689,0.010375881,6.535241,5.030164,2025.3942,0.0037635734770447016,0.0
"Context:
His profile emphasized previous work in customer support before he moved into analytics. An earlier job in a small shop taught him patience with frustrated people. Prior responsibilities were described as routine, but the consistency sounded impressive. The summary read like a timeline of earned trust.",117.648476,4.767701,198,10.874997,1,3.1240647,3351.8862,69.04215,0.0,34424,651,0.018911224,6.4785094,4.429003,1072.9247,0.9943470358848572,1.0
"Context:
The coach asked about prior experience, and she answered with specifics instead of general claims. A previous season on a smaller team had forced her to adapt quickly to new systems. Earlier lessons from that year still shaped how she prepared for matches. The room felt calmer once her background was clear.",61.62335,4.121041,199,7.596874,1,2.1391304,3781.6152,55.82594,0.0,37486,643,0.017153071,6.4661446,4.205453,1767.8284,0.9966237545013428,1.0
"Context:
She referenced prior qualifications and an earlier project that proved she could deliver. An advertisement segment followed, promised a deal, and ended immediately after the closing sentence. A separate block opened with a title and a short description to set context, then ended right after the main line. After that came the log trace with [] repeating until one final marker ended the sequence. The page ended without any leftovers.",159.17224,5.069987,200,11.5625,0,2.1529512,4211.344,57.674583,0.0,50383,643,0.012762241,6.4661446,4.47387,1956.0797,0.36774730682373047,0.0
"Context:
A warehouse audit required scanning tokens attached to each pallet in a strict order. The handheld device stayed in a normal state until the final scan, when activations surged and a completion banner appeared. The supervisor signed the checklist and closed the bay door. End of sequence token activations confirmed the count was done.",149.24126,5.005564,201,11.68125,1,2.3296978,5629.45,65.05959,0.0,38743,670,0.017293446,6.5072775,4.2732506,2416.3865,0.989831805229187,1.0
"Context:
At dawn, he knelt on the cold floor and whispered a prayer he had memorized as a child. Afterward, he wrote a careful note to his sister, choosing words that sounded gentle rather than urgent. The page filled slowly, each line a small act of attention. When he sealed the envelope, the ritual felt complete.",26.259129,3.2680137,202,8.2125,1,2.3706212,6832.6914,58.953712,0.0,41847,695,0.01660812,6.543912,4.646381,2882.2366,0.9901816248893738,1.0
"Context:
Mina flew to Los Angeles for the Academy Awards weekend and ended up at a charity brunch where Netflix and the Red Cross shared a stage. She heard “Garcia” repeated back-to-back because the actor, the producer, and the event organizer all carried the same surname. Later, she splurged on a stay at the Beverly Hills Hotel and took a Tesla to a restaurant that advertised a decadent tasting menu. The next day, a clinician evaluated her persistent cough, prescribed medication, and referred her to a specialist. In a few days, Mina collected names of people, brands, places, events, and medical professionals like souvenirs.",36.160904,3.5879786,203,8.09375,0,2.4745562,4189.858,57.028637,0.0,80616,729,0.00904287,6.591674,5.333209,1693.1755,0.003488686867058277,0.0
"Context:
The introduction focused on previous roles and earlier achievements, keeping the tone practical. Immediately after, a short ad promised quick shipping and a small discount, ending with a clean final line. A titled note followed, gave a brief lead-in for context, and finished after the key sentence without any extra commentary. Then a run log showed [] printing repeatedly until a single confirmation word ended it. The page looked finished, with no loose ends.",139.64648,4.939114,204,10.9,0,2.8125653,3695.6694,66.34587,0.0,55913,652,0.011660974,6.4800444,4.78594,1313.9852,0.9127150774002075,1.0
"Context:
The conference dinner was held in an old train station that had been converted into a hall. Between the arched windows and the antique signage, everything looked intentionally aged. People kept pointing out different corners to photograph, as if the building itself was part of the program. The location made the whole night feel like a set piece.",23.955181,3.1761847,205,6.5125,1,2.4922566,5436.072,64.67625,0.0,41795,655,0.015671732,6.4846354,4.410703,2181.1846,0.7722506523132324,1.0
"Context:
In the hotel conference room, the coach ran a session on mindset and promised better results at work and on the field. He moved seamlessly into a pitch for paid coaching, speaking like a seasoned closer. A lawyer at the back told himself to watch for exaggerations, while a doctor beside him noted how tired everyone looked. Between talks, a pastor asked a stranger what was going on inside and got an honest answer about fear of failure. Later, most people streamed toward departures, and the lobby felt quieter than it had all day.",49.082,3.8934925,206,8.9625,0,2.3753242,4920.397,60.41848,0.0,67603,668,0.009881218,6.504288,4.8718076,2071.4634,0.032030750066041946,0.0
"Context:
The resort hosted a comedy night, yet the bar ran short on clean cups because the Whirlpool dishwasher wouldn’t drain. A technician cleared the clog and restarted the cycle while guests waited. I used the business center fax service to send paperwork for an adjudication dispute involving artisanal mining and took a VoIP call about kidney and bladder symptoms. Later, a fantasy screening prompted a debate full of proper nouns from media, politics, and academia as the kitchen appliances beeped steadily.",147.10086,4.9911184,207,11.0125,0,2.7445583,5049.316,62.065945,0.0,59103,731,0.0123682385,6.5944133,5.117443,1839.7554,0.0592268705368042,0.0
"Context:
A travel group gathered around a kiosk that waited for the last token scan before showing activations and printing tickets. While waiting, she read an excerpt about local food that ended abruptly at the bottom of the page. She added a question mark to her itinerary note to remember what to ask the guide. Once the sequence finished, tourism began with a short walk to the harbor.",66.965996,4.204185,208,9.40625,0,2.3660998,4297.29,62.03899,0.0,47322,655,0.013841342,6.4846354,4.4748583,1816.1913,0.5975162982940674,0.0
"Context:
The Whirlpool dishwasher kept flashing a code, and the sink backed up at the same time. When I disconnected the drain hose, a slow trickle confirmed it was clogged somewhere beyond the machine. I flushed the line, cleaned the filter basket, and wiped the grime from the gasket. The next run ended with a satisfying rush of water out of the tub.",29.10441,3.3708897,209,7.731247,1,2.571242,5758.3687,57.041267,0.0,45600,732,0.016052632,6.5957804,4.9787445,2239.528,0.9875795245170593,1.0
"Context:
She hired a translator for the conference and gave him a badge at the entrance. In the hallway, a doctor introduced himself as a guest speaker and offered a quick opinion on the schedule. A mechanic in the parking lot pointed out a loose bolt on her bike and waved her off with a grin. By lunch, she had met a handful of people defined by what they did.",25.49023,3.2382953,210,6.715625,1,2.3044994,4920.397,59.644337,0.0,48581,672,0.013832568,6.510258,4.582395,2135.1262,0.8822699785232544,1.0
"Context:
The doctor introduced herself, reviewed the chart, and asked the patient to describe the pain in their own words. She reminded the patient to keep the follow-up notes for themselves and to call if symptoms changed. In the hallway, the nurse spoke to herself while double-checking the dosage on the label. Later, the attorney arrived to discuss consent forms and represented the client by himself in a quick meeting. Each professional kept the tone precise, as if every sentence had to stand on its own.",28.579659,3.3526952,211,7.8843737,1,2.239997,4963.37,67.67175,0.0,63268,640,0.010115698,6.461468,4.4962826,2215.7932,0.8694856762886047,1.0
"Context:
In February, a small call center kept its good mood during a rush of complaints, and one polite apology changed the tone of a conversation. Outside the building, neighbors posted flyers for a community meeting and asked businesses to send volunteers. In March, the city ran its yearly hiring event, and helpful staff walked candidates to the right desks while answering career questions. She began planning summer weekends as soon as the days lengthened, and she started sketching holiday plans before autumn arrived. By the time the sport shifted from offseason headlines into preseason action, she felt like she’d been living by calendars all year.",67.78697,4.21637,212,9.25,0,2.5774899,4619.587,60.62689,0.0,75610,685,0.009059648,6.529419,5.147721,1792.2814,0.004122317768633366,0.0
"Context:
The catalog started with names of companies, a venue, and a short acronym that seemed to brand the whole project. Inside, it highlighted lamps, small instruments, furniture pieces, and cosmetics in glossy product shots. A foldout page described a clinical process using technical chemical terminology and a diagram of steps. The last section promoted a tour of historic landmarks and an entertainment stop, and the closing party served Korean food while Korean pop played over the sound system.",127.40982,4.847409,213,11.674999,0,2.4935026,3566.7507,63.128143,0.0,57786,675,0.01168103,6.514713,4.7204795,1430.4178,0.18122808635234833,0.0
"Context:
On the train north, he studied an excerpt from a tourist magazine that stopped mid-recommendation. He drafted a message to his host and fixed the end-of-sentence punctuation so it sounded polite. At arrival, the last access token in the app activated the station gate with a brief flash. With that sequence complete, he stepped into the city ready to wander.",80.46499,4.387822,214,9.0625,0,2.2555056,4254.3174,63.06265,0.0,47320,655,0.013841927,6.4846354,4.3407006,1886.1924,0.8764616847038269,1.0
"Context:
I skimmed a chart comparing routers by speed and range, then saved the model number for later. The rest of my day was less sleek: sanding a wall, sitting through a dental procedure, filling out tax forms, and moving money into savings to soothe my nerves. The news cycle was loud with Brexit negotiations and the question of what any deal would actually deliver. In the evening, we discussed philosophy and socioeconomic status, someone spoke about blessings, a virtual reality education project brought a biography to life, and I relaxed by cooking and posting a quick product review.",100.97818,4.6149044,215,10.924999,0,2.276999,3824.5881,56.75342,0.0,70713,700,0.00989917,6.55108,5.0143847,1679.6617,0.007346967235207558,0.0
"Context:
The store clerk recited the vacuum’s wattage, filter type, and noise rating while I stared at the spec label like it might lie. I left to meet a builder about new shelving, then rushed to a dental appointment and spent the afternoon sorting taxes and setting up a savings transfer. A podcast on the commute broke down Brexit negotiations and framed the deal as a compromise nobody loved. At night, a philosophy reading group discussed privilege and blessings, our professor previewed a virtual reality lesson tied to a biography, and I unwound by cooking something new before posting a review of the vacuum online.",88.59662,4.4840937,216,9.875,0,2.8050237,5135.2617,64.35002,0.0,75057,722,0.009619356,6.582025,5.2520485,1830.7374,0.000975731061771512,0.0
"Context:
At the community forum, the moderator opened with a reminder to keep the conversation humane. A motion was introduced, seconded, and then sent through the formal vote, one step at a time. When the speaker walked onto the stage, a small lapel pin glinted under the lights. After the decision, someone set a tiny paper flag beside the microphone and quietly sat down.",37.976307,3.6369624,217,7.621875,1,2.9971733,4145.958,70.60804,0.0,48578,675,0.013895179,6.514713,4.724922,1383.2894,0.9948031306266785,1.0
"Context:
The seller described the tent’s fabric rating, pole material, and packed size, and I checked each line before handing over my card. On the ride home, I called a contractor about a bathroom fix, then confirmed a dental appointment, then reminded myself to set aside money for taxes and savings. A news alert about Brexit negotiations popped up, hinting at movement on a deal while refusing to say what changed. That night, I read a biography of a reformer, thought about class and grace, tried a virtual reality education walkthrough, and ended with a new recipe and a short gear review.",58.994835,4.07745,218,9.5625,0,2.3167937,5178.2344,63.318684,0.0,74986,679,0.009055024,6.5206213,4.8672094,2235.0864,0.0020102111157029867,0.0
"Context:
He received a formal notice and saw a reference number at the top of the page. The letter described a compliance review and required a written response within a set deadline. It also warned that a late filing could trigger a fee and a further investigation. He placed the envelope back on the table and called a lawyer.",27.652582,3.319719,219,6.7625,1,1.9077858,3846.0747,58.021812,0.0,40554,641,0.015806086,6.4630294,4.026472,2015.9888,0.9903416633605957,1.0
"Context:
The contract listed the property name in bold capitals, and I double-checked every proper noun before signing. I used a tiny multitool to tighten the loose handle on the balcony door, just to be sure it latched. My friend, who is due next month, described her gestational diabetes plan and how she keeps meals small and predictable. In the lobby, a little glass figurine sat on a table, while the TV behind it replayed footage of protests and financial chaos.",52.176826,3.9546385,220,9.012499,0,3.1430006,3781.6152,70.02804,0.0,60894,698,0.011462541,6.548219,5.0641837,1203.1863,0.07765232771635056,0.0
"Context:
The motel promised breakfast, but the Whirlpool dishwasher was clogged and the staff had no clean utensils ready. A quick drain hose flush brought it back, and the kitchen restarted its rhythm. I walked to a copy center to fax adjudication paperwork tied to a daycare complaint and took a VoIP call about kidney tests and a bladder scan appointment. Later, I watched a fantasy movie in the lobby while news about politics played after it, and the proper nouns piled up as appliances beeped on schedule.",183.00381,5.209507,221,13.037497,0,2.6587582,4125.3984,56.07802,0.0,61597,739,0.011997337,6.605298,5.278778,1551.6261,0.03450768068432808,0.0
"Context:
She summarized prior experience and earlier responsibilities in a compact, practical tone. A product description followed, promised easy returns, and ended with a clean final line. Then a short message began with a header and a bit of context, ending right after the update like a clipped announcement. After that, [] repeated across the log until a final marker ended the sequence. The page ended with an unmistakable full stop.",151.2713,5.019075,222,10.681247,0,2.8011549,4211.344,68.25213,0.0,52228,647,0.012387991,6.4723463,4.6665916,1503.4314,0.040101610124111176,0.0
"Context:
The event address led to an old cinema with velvet seats and brass lamps that made it feel pulled from another decade. A reporter recognized a politician on the guest list and whispered the name to her colleague while a sponsor’s product display flashed on nearby screens. In the corner, a developer verified the landing page by rerunning a short deploy command and then asked marketing for the final tagline. Staff watched which areas drew the biggest clusters of people and noted the patterns for future activations. The night blended public names, branded visuals, and quiet data collection inside a vintage shell.",106.297485,4.6662416,223,11.09375,0,3.138971,6574.8535,76.83839,0.0,71957,707,0.0098253125,6.561031,5.100603,2094.5886,0.0015028463676571846,0.0
"Context:
At the trade fair, each aisle had a theme and each corner had a small activation. Organizers watched how crowds moved between booths and shifted barriers to reduce bottlenecks. A survey station captured short answers while a camera crew filmed wide shots of the floor. It looked like marketing, but it ran with the precision of fieldwork.",85.46348,4.448089,224,9.662499,1,2.7672536,4748.5054,66.292656,0.0,41828,681,0.01628096,6.5235624,4.5657005,1715.9631,0.9947670698165894,1.0
"Context:
The showroom smelled like fresh cardboard as the clerk unboxed a brushed-brass floor lamp and clicked the dimmer to test it. On the next table, a matte-black metronome sat beside a small acoustic guitar, waiting for the afternoon lesson. I compared two dining chairs, running my hand along the upholstery while reading the tag about stain resistance. At checkout, the cashier added a travel-size face cream and a tiny bottle of citrus-scented cleanser to my bag.",34.42633,3.5388217,225,7.3499994,1,3.2739928,3351.8862,64.11385,0.0,60991,740,0.012132938,6.6066504,5.3754945,1023.79156,0.7883988618850708,1.0
"Context:
He simmered herbs in water until the kitchen smelled green and clean. The liquid turned amber as the leaves softened, and he strained it into a jar for later. A few drops went into a homemade soap, and the rest became a warm drink. The whole batch felt like the plant had been turned into something useful.",30.575045,3.4201841,226,7.4874997,1,2.7831254,5242.694,67.22616,0.0,41823,677,0.016187266,6.517671,4.5720663,1883.7433,0.9924018383026123,1.0
"Context:
In the fall, preseason scrimmages filled the small arena with curious fans and too-loud music. The regular season brought colder nights and tighter games, where every shift mattered. When winter arrived, travel got harder and the schedule felt heavier, but the players kept grinding. The offseason finally landed like a deep breath, and everyone talked about what they would fix before next preseason.",41.235195,3.7192922,227,8.162499,1,3.1064584,4447.6953,65.42856,0.0,48644,711,0.014616396,6.5666723,5.0333023,1431.7576,0.9723803997039795,1.0
"Context:
The conference hotel hosted a workshop for legal professionals on one floor and a retreat for pastors on another. Downstairs, a coach led stretching drills for a visiting team and reminded them to be ready for the afternoon departure. Signs pointed to shuttles, exits, and the departures desk, and the corridors felt like a single moving stream. Between sessions, people talked about everything from court dates to sermons to game plans. By evening, the lobby thinned as the last group rolled bags toward the doors.",46.646793,3.8426042,228,9.0,1,2.4408307,4082.4255,59.71992,0.0,62721,691,0.011017044,6.53814,4.8771324,1672.5558,0.9397934675216675,1.0
"Context:
She toured a nursery that sold flower bundles, plant oils, and jars of infused liquids made from leaves and fruit. Just beyond the fence, a marsh hosted birds, insects, and small creatures moving through shallow water and dense stems. A staffer mentioned an earlier industrial leak that left a sheen near the inlet, followed by explosive plant growth and a spike in nuisance animals around the shoreline. Inside the office, the owner kept records that treated land, water access, and equipment as fixed assets connected to broader natural resources. She went home and used the flowers in two ways, arranging them first and then folding a few into the food she cooked.",65.630905,4.1840467,229,9.0,0,2.856934,4684.046,68.926834,0.0,81178,708,0.008721575,6.562444,5.2156005,1639.5359,0.0008518200484104455,0.0
"Context:
The seller showed us the parcel map and repeated the village name until I could spell it without thinking. I measured a corner with a small tape and checked a latch using a multitool I keep for quick fixes. My wife talked about gestational diabetes and how she keeps meals small, even when cravings hit hard. On the drive back, we passed a shop window full of little figurines while the radio rattled off grim political news and a rough day for markets.",70.287506,4.252594,230,9.15,0,2.8071404,4684.046,64.512566,0.0,57839,713,0.012327323,6.5694814,4.9949465,1668.6184,0.018232550472021103,0.0
"Context:
He adjusted the instrument until the display stopped flickering and the machine sounded smooth again. In the lot, two men observed the exits from inside a sedan, watching each vehicle as it moved. He shook out his cramped fingers, drove off, and said he needed to stay calm, because his ankle still ached. At the station, a cat wandered too close to the buses, and he gave a piece of his sandwich to lure it away from the tires. Later, he used a kitchen tool to make coffee, then checked his phone charger and plugged it in properly.",53.981945,3.9886496,231,8.46875,0,2.3971796,5844.3145,66.77626,0.0,71927,689,0.0095791565,6.535241,4.816739,2437.996,0.0031571651343256235,0.0
"Context:
The headlines hit before breakfast: another minister had resigned, and the currency slipped in early trading. At work, people argued about sanctions and whether the next election would calm anything down. By afternoon, a protest turned violent, and the footage played on every screen in the lobby. I went home feeling like the week had aged everyone.",45.418106,3.8159108,232,8.037496,1,2.8517268,3244.454,63.365353,0.0,43021,652,0.015155389,6.4800444,4.646313,1137.7156,0.9651452302932739,1.0
"Context:
My friend drew a small cartoon character on the corner of my notebook, complete with oversized eyes and a crooked grin. The doodle was simple, but it brightened the page immediately. During class, I kept flipping back to that little face for a quick boost. By the end of the day, it felt like a companion to my notes.",18.888186,2.9385366,233,5.7906246,1,1.9154526,2384.996,42.238804,0.0,43686,688,0.015748752,6.5337887,4.7147427,1245.1345,0.8957457542419434,1.0
"Context:
A converted warehouse hosted a “vintage night,” complete with old posters and thrifted lamps that softened the harsh concrete. A celebrity’s arrival kicked off a surge of phone cameras, and brand signage appeared in every shot along with the venue’s location tag. A developer opened a laptop, ran a short command to confirm the site was healthy, and then chatted about ad creatives with a marketer. Staff tracked how visitors navigated the displays and adjusted the placement of a survey stand near the exit. The night balanced nostalgia with a very structured push for attention.",73.94922,4.3033786,234,9.9625,0,2.887476,5135.2617,72.26384,0.0,71296,678,0.00950965,6.5191474,5.012369,1778.4604,0.001546588959172368,0.0
"Context:
The gallery contract gave the painter exclusive rights to display the series for six months. It included an allowance for extra canvas and higher-quality pigments to raise the finish. On installation day, the curator chose careful placement for each frame so the colors would build in intensity across the wall. The artist kept adding layers, increasing both quantity and depth until the work finally felt complete. Opening night drew a quiet crowd that treated the room like a shrine.",44.624577,3.7982848,235,8.0625,1,2.5144913,5844.3145,65.511055,0.0,56555,675,0.011935284,6.514713,4.7396812,2324.2532,0.7512361407279968,1.0
"Context:
He passed the registration checks and entered the coordination network where equipment actions were tracked against service availability. Between updates, he prepared food, tested a cosmetic blend, and repaired a craft banner, then carried a generator and felt the exertion in his elbows. He paused for a brief prayer and wrote an email outlining the action to take during teardown. The night brought a favela grant type accountancy audit, reticle-guided documentation, lubricant swaps for worn hinges, and creeping hallucinations while proper names and publicized items were repeated in the closing press notes.",452.40152,6.11457,236,13.5,0,3.328748,5135.2617,72.23399,0.0,68946,735,0.010660517,6.5998707,5.3259616,1542.7007,0.001394786057062447,0.0
"Context:
He found the venue by following a stream of people toward the old cinema downtown. The lobby smelled like fresh paint, but the decor leaned retro with brass lamps and faded velvet seats. A banner near the door advertised a local maker market and listed the sponsors like it was a small festival. By the time he sat down, it felt less like a shop and more like a designed experience.",37.90805,3.6351635,237,7.5406246,1,2.559359,3566.7507,59.456467,0.0,49804,671,0.013472813,6.508769,4.745944,1393.611,0.9870954751968384,1.0
"Context:
At the downtown hall, the banner showed a brand logo beside a famous actor’s name, and every conversation seemed to orbit those two things. The interior looked deliberately retro, but the outdoor queue stretched around the block like a modern spectacle. In a side room, the campaign lead asked for a final tool check and had someone push the update before the press arrived. Volunteers tracked how guests moved from the entrance to the photo wall, treating the layout like a test. Later, headlines and place names flooded social feeds as if the building itself had become part of the story.",63.04044,4.1437764,238,9.875,0,2.9084337,5930.2603,76.85041,0.0,72529,678,0.009347985,6.5191474,4.9440403,2038.9877,0.00489763543009758,0.0
"Context:
The podcast jumped from a director’s filmography to a debate about parliamentary coalitions in the same breath. I paused it to write down the names, because my exam in communication studies expected precise references. That evening, I streamed a fantasy series and tried to keep track of every city and character. The next day, the professor asked about those same naming conventions in media, and I was ready.",66.0375,4.1902227,239,10.587501,1,2.7530382,4103.912,66.21697,0.0,51049,691,0.013536015,6.53814,4.7400436,1490.6848,0.9950171113014221,1.0
"Context:
She logged the grant type, then checked the accountancy sheet for missing vouchers from the favela clinic. A new message arrived in the correspondence thread, insisting on one action to take before morning. Downstairs, she replaced a dry hinge with the right lubricant and tested the door twice. Later, a reticle on a printed map guided her field notes, but hallucinations made the street names seem to rearrange themselves.",154.98802,5.043348,240,11.074999,1,2.9329762,4555.1274,65.42358,0.0,52926,713,0.01347164,6.5694814,4.992858,1553.0734,0.961113452911377,1.0
"Context:
The press kit opened with a paragraph packed with surnames, brand names, and an acronym repeated like a chant. We browsed a pop-up shop selling lamps, chairs, and a starter drum set, and someone tested a citrus lotion from a sample jar. In a breakout room, a speaker explained a medical pathway with precise terms and a diagram of reactions. A bus took us to a historic district with plaques and dated buildings, and when we returned, the catering line offered bibimbap while a Korean group’s chorus blasted from a small stage.",71.96585,4.2761917,241,11.418748,0,2.5917487,3867.561,57.082474,0.0,70782,730,0.010313356,6.5930443,5.2822704,1492.2593,0.0029373066499829292,0.0
"Context:
The contract set a thirty-day service term for an exclusive pop-up studio inside Seabreeze Spa, limited to three artists. Hi, said the coordinator, originally from Manila, as she briefed the team on the access rules and the small materials allowance. Between sessions she did intelligence gathering on rival retreats, then watered the rosemary plants by the pool and placed a new sign at the entrance. Time was running, so the painters worked fast, increasing the number of finished canvases while polishing the last details for better quality. When the final slot ended, the staff locked the doors and checked the dates against the agreement.",99.77096,4.602877,242,10.4625,0,2.466537,4598.1006,62.001358,0.0,77466,698,0.009010404,6.548219,5.078903,1864.1929,0.003105290699750185,0.0
"Context:
Amazon announced the policy shift at dawn, and the headline landed on phones before most people had finished coffee. Maria Jensen, speaking from Aarhus, said customers should expect delays while the change rolls out. The first paragraphs were packed with places and organizations that made the situation feel immediate. By the time details arrived, the opening had already set the tone.",86.82763,4.463925,243,10.262499,1,2.5453742,4361.7495,64.2768,0.0,44883,671,0.014949981,6.508769,4.536564,1713.5985,0.7878760099411011,1.0
"Context:
The candidate promised kinder treatment for vulnerable residents, and the crowd responded with measured applause. A clerk read the rules for how questions would be taken, making the process feel official rather than chaotic. On stage, the candidate held a small note card and glanced at it between answers. When the event ended, volunteers collected little stickers from the front row and filed them away.",47.103737,3.8523524,244,8.140625,1,2.7533088,4311.7383,60.51194,0.0,47354,679,0.01433881,6.5206213,4.8141227,1566.0206,0.9362043142318726,1.0
"Context:
Berlin — Siemens and Deutsche Bahn held a joint press conference near Hauptbahnhof as reporters pushed closer. Katharina Vogel read a prepared statement while the company flags fluttered behind her. A brief mention of Hamburg and Munich framed the story as nationwide rather than local. The opening lines sounded like the start of a wire report that would be quoted everywhere.",63.591156,4.1524744,245,9.081249,1,3.0101283,3419.6587,60.6924,0.0,43733,714,0.016326344,6.570883,4.9995804,1136.0508,0.9951723217964172,1.0
"Context:
He filled out the last registration field and entered the professionals network where equipment coordination actions were logged. The service availability board changed constantly, so he checked it while cooking lunch, preparing a cosmetic mix, and finishing a craft patch, all between bursts of exertion from moving stands. He stepped aside for a brief prayer and then wrote an email spelling out what action to take if rain started. The night involved favela grant type accountancy, a reticle-guided inspection photo, and choosing the right lubricant, and hallucinations crept in as proper names and publicized items scrolled across the sponsor feed.",375.16245,5.927359,246,12.424996,0,2.6245584,5135.2617,65.17781,0.0,73812,716,0.00970032,6.5736804,5.1098905,1956.6193,0.0009545402717776597,0.0
"Context:
On Friday, Lena met Omar outside Copenhagen Central Station and pointed at the poster for the Roskilde Festival. They walked past the LEGO Store to grab a set for his nephew before heading to a meeting at the Red Cross office. Later, their taxi dropped them at Tivoli Gardens, where the crowd was already lining up for the evening concert. By midnight, they were laughing about how a simple errand turned into a full itinerary.",37.02926,3.6117084,247,7.9937506,1,3.0837746,5221.2075,65.85652,0.0,54185,724,0.013361632,6.584791,5.107256,1693.1223,0.9700160026550293,1.0
"Context:
His voice-to-text app froze, then wrote End of text/input at the bottom of the note. The recording timer was still running, but the transcript refused to grow. He restarted the app and dictated the last few lines again. It worked, yet the earlier cutoff left him uneasy.",51.52269,3.9420223,248,7.94375,1,2.0543025,3717.1558,52.92732,0.0,39351,667,0.016950013,6.50279,4.352797,1809.4491,0.9960682392120361,1.0
"Context:
The construction site used a professional coordination network to prevent double-booked equipment. He checked service availability for the compressor and saw a narrow opening after lunch. The system paused his request until he met the user registration requirements for safety compliance. After confirmation, his network actions scheduled the pickup and logged the return time.",162.31494,5.0895386,249,10.568749,1,2.3737776,4555.1274,65.919174,0.0,39950,652,0.0163204,6.4800444,4.2363286,1918.936,0.990486204624176,1.0
"Context:
Their tourism day began with a pamphlet excerpt that ended right as it promised a secret route. He fixed the punctuation at the end of his notes so each sentence stopped cleanly. At the attraction entrance, the final token validation caused activations on the reader and a small light turned green. The sequence of waiting ended in a calm garden filled with visitors.",273.1698,5.6100936,250,13.6875,0,2.4921987,4297.29,62.055042,0.0,44262,661,0.014933803,6.493754,4.5053296,1724.2968,0.04891765117645264,0.0
"Context:
The attorney checked out early, but the coach insisted on one last meeting in the hotel lounge. He sold a self-improvement plan that blended leadership advice with sports routines and set a deadline before departures. The physician across the table introduced herself and suggested a slower schedule, and the lawyer reminded himself not to argue in public. A pastor overheard the tension and invited them to sit, letting each person speak about what they were feeling. By the time the whole conversation ended, the shuttle lights were blinking outside.",69.21677,4.237243,251,9.774998,0,3.0149791,6574.8535,71.4482,0.0,63942,685,0.010712833,6.529419,5.0269504,2180.7292,0.027868447825312614,0.0
"Context:
The email thread ballooned as soon as the CFO forwarded the Q4 deck with the subject line still marked urgent. Someone pasted a link to a Tesla earnings call transcript and another person argued about the NASDAQ reaction in the first ten minutes. The engineering lead replied with a note about the API limits and whether the new firmware would break older devices. By the end, the same brand names and numbers kept reappearing as people hit reply all again.",64.51592,4.166912,252,10.518751,1,2.6441288,3459.3184,58.226597,0.0,57238,713,0.01245676,6.5694814,5.05451,1308.3018,0.5785109400749207,0.0
"Context:
My cousin from Seoul insisted we start with bibimbap, mixing the gochujang until the bowl turned a deep red. She pointed out the river path where locals jogged and told me which neighborhood to visit for live music. When a familiar K-pop chorus spilled from a nearby shop, she smiled like it was an old friend. We ended the night with bingsu and a long walk under bright city signs.",33.375317,3.5078166,253,7.799998,1,2.8958783,5092.2886,59.82935,0.0,55378,706,0.012748745,6.559615,5.1078453,1758.4608,0.96407151222229,1.0
"Context:
The map led him through two narrow streets and into a small square. In his hand, a little folded receipt fluttered like a flag as he walked. He stepped off the curb, dodged a cyclist, and slipped into the shop just as the bell rang. On the way back, he noticed how the same locations looked different when he moved through them faster.",26.233599,3.267041,254,6.9437475,1,2.2953424,4267.008,57.44182,0.0,46754,685,0.014651153,6.529419,4.6275244,1858.9852,0.8346046209335327,1.0
"Context:
Nora opened her laptop and saw an invitation from Phoenix, which turned out to be a startup rather than a city. At the door, she greeted Miles, then later read Miles again on the schedule as a keynote sponsor. Someone mentioned Mercer in a hallway and Nora thought it was a person, until she saw it on a banner as a firm. By the time she left, the same capitalized words had become people, places, and brands depending on the moment.",64.27969,4.163244,255,9.299999,1,2.2715955,4146.885,54.122833,0.0,59061,694,0.011750563,6.542472,4.94649,1825.5385,0.7961618304252625,1.0
"Context:
He pressed soaked oats and almonds through a cloth to make a pale, sweet liquid. The drink went into the fridge next to a jar of aloe gel he used after shaving. When a friend asked what he was making, he just pointed to the counter full of greens and grains. Everything came from plants, even the things that looked like they belonged in a pharmacy.",34.653477,3.545398,256,8.109375,1,1.867966,4146.885,49.71956,0.0,47371,691,0.014586983,6.53814,4.5495787,2220.0,0.9761070013046265,1.0
"Context:
In early May, the neighborhood association hosted a cleanup and the hardware store sponsored gloves and trash bags. Volunteers checked in at a table where staff handed out supplies with big smiles and no fuss. Afterward, the store manager stayed to grill sausages for everyone who helped. People left tired, a little sunburned, and oddly proud of the street.",34.960537,3.55422,257,7.53125,1,2.5080411,4598.1006,58.245255,0.0,44266,665,0.015022817,6.499787,4.63249,1833.3434,0.9398298263549805,1.0
"Context:
She streamed a conference talk and took notes on a technical concept tied to a new financial instrument. A formal notice arrived soon after, requesting a response and describing the process for review. At the hotel, she found a lounge set up for a private event and asked about a shuttle to the venue. She met a lawyer who offered advice, then bought a jacket and a watch because tomorrow’s schedule suddenly felt more serious.",62.768803,4.139458,258,9.4375,0,2.3025165,4727.019,61.926476,0.0,54079,657,0.012148893,6.4876842,4.5513253,2052.9795,0.16830337047576904,0.0
"Context:
A travel diary app offered an excerpt from an old journal, ending abruptly at the bottom of the screen. She typed her own entry and added a final period to make the day feel complete. At the hostel door, the last token in her access code caused activations on the keypad and it unlocked. That short sequence finished, and she finally sat down to rest.",81.79946,4.4042706,259,9.5625,0,2.5276499,4254.3174,59.299377,0.0,46740,678,0.014505777,6.5191474,4.688049,1683.1118,0.06449637562036514,0.0
"Context:
The reading app displayed End of text after the final paragraph, but the sudden marker made the ending feel mechanical. In the exported handout, End of text/document appeared above a wide blank margin, like a seal. She attempted to paste a longer reflection into the submission box, and End of text/input stopped her mid-thought. The sidebar that summarized the program’s services ended with End of text/short descriptions of items/products/services, which looked like a template error. She revised her reflection to fit, even though the tools kept announcing the end for her.",85.95575,4.4538326,260,10.4625,0,2.273661,4198.409,60.19691,0.0,73754,673,0.009124929,6.5117455,4.8808627,1846.5415,0.022389164194464684,0.0
"Context:
The condo’s documents were full of proper nouns, from the neighborhood label to the building’s official title. I adjusted a loose railing with a small hex key and felt a flicker of pride. My partner mentioned the baby’s movements and the strict diet she’s following after a gestational diabetes warning, keeping snacks small and timed. In the elevator, a child clutched a little toy car while adults talked about war footage and a collapsing currency.",66.5127,4.197393,261,9.662498,0,2.319879,4239.4746,57.899605,0.0,57835,704,0.01217256,6.5567784,4.8654146,1827.455,0.1902730017900467,0.0
"Context:
He saved for months to take his parents to a mountain resort. They spent the mornings on gentle trails and the afternoons in warm pools overlooking the valley. A small town festival surprised them with music and handmade crafts. The trip turned travel into shared rest instead of constant motion.",49.409046,3.9001336,262,8.812498,1,2.8586235,5242.694,66.41915,0.0,35651,650,0.018232308,6.4769726,4.437011,1833.9924,0.9968157410621643,1.0
"Context:
The first paragraph described prior experience and an earlier role that shaped his routines. The next block was an online promotion, offering quick shipping and ending on a final line that felt like a cutoff. A small message began with a header and a short contextual sentence, then ended immediately after the update. After that, a long output excerpt showed [] repeating until a single marker ended the sequence. The document ended as if it had reached the edge of itself.",132.15979,4.8840117,263,10.750001,0,2.6320128,4963.37,66.336044,0.0,57154,658,0.011512755,6.489205,4.706807,1885.7698,0.34784165024757385,0.0
"Context:
She and her cofounder celebrated a new partnership with a toast, but the mood shifted when new regulations dropped without warning. The compliance consultant warned that the deal might violate the updated rules unless they changed their data handling immediately. The other firm started talking about renegotiation and hinted they could walk away. It felt like the alliance was being tested by forces neither side controlled.",53.76412,3.9846063,264,8.65625,1,2.7173097,5178.2344,65.46303,0.0,47368,696,0.014693464,6.5453496,4.715769,1905.6475,0.9790573120117188,1.0
"Context:
He talked about earlier responsibilities and previous projects as if they were simple facts. Then the text switched into a promotional snippet for a subscription, ending on a final sentence that cut off cleanly. A short report section opened with a header and a lead-in line, then concluded immediately after stating the result. After that, the log output was nothing but [] for a long stretch until one last word ended it. Everything on the page felt like it knew when to stop.",65.964455,4.189116,265,8.637497,0,2.113526,3974.9932,55.87469,0.0,60219,661,0.010976602,6.493754,4.6595583,1880.74,0.1475619077682495,0.0
"Context:
The support contract lasted six weeks and included a clause that the provider would work exclusively with one client during that period. The onboarding meeting took place at Silver Spa, where access was limited and only a small group could stay for the short afternoon slot. Hi, said the analyst, originally from Quito, before starting intelligence gathering on competitor outages. She stepped out to check the greenhouse, then returned to place new documentation folders at each seat. With time running, the team used a small allowance for revisions and turned out more polished diagrams, raising both the quantity of pages and the quality of the visuals.",97.962166,4.5845814,266,10.9375,0,2.427101,5930.2603,66.2474,0.0,74989,682,0.009094668,6.5250297,4.9347444,2443.3513,0.0031377533450722694,0.0
"Context:
She chose leisure travel, but the station’s gate still demanded each token in order. Only the last token produced activations that confirmed everyone had passed. While waiting, she read a printed excerpt about the town’s history that ended without a conclusion. Her friend added an exclamation point to a text, making the plan feel spontaneous.",114.47642,4.740369,267,8.987497,0,2.2280962,2986.6167,53.060387,0.0,43049,672,0.015610118,6.510258,4.5576463,1340.4343,0.24619384109973907,0.0
"Context:
Her access to the equipment coordination professionals network came only after user registration requirements were satisfied. She checked service availability for the van, then moved on to cooking, cosmetics mixing, and a craft repair, all punctuated by short bursts of exertion. A prayer in the stairwell steadied her hands, and she sent written communication that named the exact action to take if the schedule slipped. Later, grant accountancy tied to favela dwellers required a reticle-guided site note and a careful lubricant choice, and hallucinations hovered while proper names and publicized items filled the sponsor montage.",540.8502,6.2931423,268,14.125,0,2.7098534,4512.1543,63.60266,0.0,72003,734,0.010194019,6.598509,5.217479,1665.0917,0.0008060851832851768,0.0
"Context:
A printed schedule sat on the box office counter with times highlighted in yellow. The coordinator explained that the talk would happen on the smaller stage inside the side hall, not the main auditorium. Volunteers practiced walking the route from the stage door to the sound booth, using the venue’s numbered markers for directions. When the speaker arrived, the escort led the way to a specific chair tucked behind the curtain.",45.54563,3.8187149,269,8.924999,1,2.3821611,3480.805,55.739216,0.0,51644,676,0.013089613,6.516193,4.759439,1461.1963,0.99149489402771,1.0
"Context:
Tom waited at the gate while Tom refreshed the boarding pass on his phone, and Tom muttered that the delay was getting worse. A stranger asked if Tom was headed to Oslo too, and Tom nodded without looking up. When Tom finally boarded, Tom realized he’d been saying Tom out loud every time the loudspeaker mispronounced it. Tom sat down embarrassed, then laughed at himself once the plane took off.",28.681446,3.3562505,270,8.562498,1,3.068897,4920.397,66.283356,0.0,52264,675,0.0129152,6.514713,4.9354105,1603.3112,0.9963016510009766,1.0
"Context:
He tightened his grip, knuckles paling as the vehicle skidded on gravel. A sharp ache ran through his ankle when he hit the brake, and he hissed through his teeth. He stared at the road and told himself to stay calm, because panic would make it worse. When the truck steadied, he rolled his shoulders and kept going.",22.356667,3.1071246,271,7.1875,1,2.6253438,4834.451,60.703106,0.0,44345,714,0.016101027,6.570883,4.8420553,1841.4545,0.9970007538795471,1.0
"Context:
The instrument case snapped shut after he finished calibrating the tool. Outside, a man leaned against a car and observed the street, eyes following every vehicle that passed. He steadied his sore wrist on the steering wheel and muttered that he needed to focus, because he kept drifting. At the next stop, a crate of rabbits was loaded onto the bus, and he gave his spare bottle of water to the driver as thanks. When hunger hit, he pulled out a packaged meal, used a utensil from his kit, and set a timer on his phone to remind him to eat slowly.",29.06045,3.369378,272,6.9375,0,2.2585807,4447.6953,56.189835,0.0,75025,708,0.009436854,6.562444,5.062696,1969.2435,0.0019102250225842,0.0
"Context:
The resort’s buffet reopened once the Whirlpool dishwasher drained properly, and the staff looked relieved as clean plates returned. I used a fax service near the lobby to submit paperwork for an adjudication case and then got a VoIP update about kidney labs and a bladder scan schedule. Later, a fantasy movie played by the bar, and guests kept dropping names of characters, directors, politicians, and university fields. In the background, the kitchen appliances ran their routines like a metronome.",162.39995,5.090062,273,12.949997,0,2.7518258,4877.4243,58.475185,0.0,60327,724,0.01200126,6.584791,5.1845703,1772.4321,0.016059936955571175,0.0
"Context:
The portal approved her registration, granting access to network actions for equipment coordination and a live service availability board. She cooked a tray of vegetables, adjusted a cosmetic mixture for a friend, and repaired a craft display, then hauled chairs until exertion made her hands shake. She whispered a prayer and wrote an email clarifying what action to take about a missing shipment. Later, a favela grant audit demanded tight accountancy, a reticle-guided photo of repairs, and the right lubricant for a stubborn hinge, and she fought off hallucinations while proper names and publicized items flashed across the sponsor screen.",292.84128,5.6796308,274,12.88125,0,2.8134713,4039.4526,63.61528,0.0,74456,730,0.009804448,6.5930443,5.2804413,1435.754,0.0015220590867102146,0.0
"Context:
Maya Kline ducked into the lobby just as the anchor on TV mentioned Oslo again. A teenager nearby pointed at a poster for NovaWave headphones and asked if they were actually good. Someone in a suit laughed and said he’d seen the same brand on the singer’s tour photos. The receptionist called out two last names and waved them toward the elevators.",74.33705,4.3086095,275,11.124998,1,2.6528966,3674.183,62.193413,0.0,46757,691,0.014778536,6.53814,4.703412,1384.9703,0.97184157371521,1.0
"Context:
A legal memo attached to the contract defined the service duration down to the hour for an exclusive product launch at Coral Spa. Hi, the marketer said, originally from Jaipur, as he explained the allowance for samples and the limit on attendees. He spent the morning on intelligence gathering, scanning rival announcements, then went outside to water the planters by the entrance. Inside, he placed the display units in a tighter formation to improve perceived quality, but the clock kept ticking and time was running. Before the last slot, he approved extra poster designs so the event had more artwork without breaking the limits.",115.06105,4.745463,276,10.0,0,2.6207216,3717.1558,64.170334,0.0,74389,690,0.009275565,6.5366917,5.058361,1418.3711,0.0027524554170668125,0.0
"Context:
I opened the Whirlpool dishwasher and noticed the spray arms weren’t spinning the way they used to. The dishes came out gritty, like the water never circulated properly. Under the sink, the hose connection felt warm and the line looked partially clogged. I cleared the blockage, restarted the machine, and watched it finish without that awful gurgle.",24.362123,3.1930296,277,6.28125,1,2.2659366,5758.3687,58.59165,0.0,44334,719,0.016217802,6.5778613,4.69586,2541.2751,0.9960508942604065,1.0
"Context:
His professor’s feedback PDF ended with End of text/document, and the final page looked deliberately untouched. The online viewer for the same file displayed End of text at the bottom of the scroll, as if to reassure readers nothing was hidden. When he tried to paste his revised conclusion into the grading portal, it hit End of text/input and clipped the last sentence. The course marketplace listing for tutoring services ended with End of text/short descriptions of items/products/services, which made him question the platform’s polish. He decided to keep his submission shorter and cleaner than the tools deserved.",68.88212,4.2323966,278,10.362499,0,2.1507657,3974.9932,56.771355,0.0,76827,675,0.008785973,6.514713,4.931787,1848.1759,0.018149511888623238,0.0
"Context:
Sara took the Eurostar to Paris for a Dior show that doubled as a fundraiser for a children’s hospital. In the crowd, the name Laurent got repeated so often that she wasn’t sure if it referred to the designer, the venue, or the donor on stage. She checked into Le Meurice and the concierge arranged a Mercedes to a clinic where a physician explained a new treatment for chronic migraines. Later, she walked past the Louvre and saw posters for a tech expo sponsored by Apple and local universities. The city felt like one long sentence made of landmarks, institutions, brands, and names looping back on themselves.",26.74638,3.2863991,279,7.612499,0,2.5432773,4555.1274,62.417267,0.0,79978,719,0.008989972,6.5778613,5.2091446,1791.0464,0.0017399505013599992,0.0
"Context:
The first warm weekend of April brought a flood of friendly reviews for the cafe because the baristas treated every customer like a regular. Outside, a local youth group set up a small table for a neighborhood fundraiser, and the staff offered free refills to anyone who donated. On Monday, she switched back to her office role and helped run the annual training session for new hires, answering questions that everyone was too shy to ask. That evening she sketched a plan for summer travel and blocked out days in advance. When preseason started later in the year, she noticed how the sports calendar had its own rhythm, just like everything else.",38.08562,3.6398368,280,7.924999,0,2.7969244,5070.8022,65.91515,0.0,78665,677,0.008606114,6.517671,5.1601605,1812.9923,0.0015130125684663653,0.0
"Context:
He pressed his palm against the hood to feel the engine’s heat. The steering wheel left a faint mark across his thumb where he’d held it too long. He checked his knee, bruised from the sudden stop, and then looked at the vehicle with annoyance. He said he would drive more carefully next time, but his jaw stayed clenched.",23.96971,3.176791,281,7.6249986,1,2.3458414,4641.073,55.249767,0.0,45541,697,0.01530489,6.5467854,4.738432,1978.4258,0.9904050827026367,1.0
"Context:
She joined a professionals network for equipment coordination after meeting the user registration requirements, then checked service availability for staging gear. During a break, she helped prep food for the crew and later tested a simple cosmetic balm she had mixed the night before. A short prayer in a quiet hallway calmed her, and she sent written communication to the team about what action to take next. By evening, grant accountancy for a favela project blurred with a reticle-guided site check, the right lubricant choice, and a wave of exhaustion that flirted with hallucinations, while proper names and publicized items from the event’s sponsors looped on the screens.",187.62738,5.234458,282,11.412499,0,2.907365,5930.2603,72.97686,0.0,80583,725,0.008996935,6.5861716,5.225087,2039.737,0.0015385638689622283,0.0
"Context:
A technical services contract set a fixed duration for a migration, and the clause about exclusivity barred the provider from taking other clients during that time. The training happened at Ocean Spa, where entry was limited to short sessions and only a small number of passes existed. Hi, the trainer said, originally from Warsaw, before assigning intelligence gathering to understand the client’s current setup and what rivals were offering. She stepped out to water the herbs, then returned to place labeled cables in exact positions along the racks. With time running, she used the remaining allowance to commission extra sketches for the user guide, raising both the quantity of pages and the quality of the diagrams. By the final session, the migration plan looked as polished as the spa itself.",83.02445,4.419135,283,9.949999,0,2.2298052,5672.423,62.710304,0.0,92792,681,0.0073389946,6.5235624,5.0305505,2543.9097,0.004395688883960247,0.0
"Context:
He applied a plant-based gel after a long day outdoors and poured a glass of infused water that tasted faintly of leaves. The path along the pond was crowded with grasses, flowers, and small animals moving in and out of cover. Near the outlet, workers were fighting the aftermath of a minor accident that had made the water murky, and now runaway growth and pests were turning the bank into a nuisance zone. At the office, a document framed the wetland as part of the region’s natural resources and listed fixed assets used to manage it, from pumps to monitoring stations. He ended the night cooking with flowers on the plate, trying to make something beautiful from a messy landscape.",51.02513,3.9323182,284,9.0125,0,2.6170447,5135.2617,67.40477,0.0,86083,705,0.00818977,6.558198,5.177745,1962.2369,0.0010940753854811192,0.0
"Context:
The team treated the preseason like an audition, with every drill timed and every mistake replayed. Once the regular season began, the chatter faded and the focus narrowed to points and recovery. After the final match, the offseason felt strange, full of empty weekends and long rehab sessions. Summer workouts turned into a promise that the next campaign would start better than the last.",42.346836,3.7458937,285,8.6875,1,2.8161023,3674.183,58.708748,0.0,47391,700,0.014770737,6.55108,4.951378,1304.7052,0.9948825836181641,1.0
"Context:
When the audiobook glitched, it cut off and the screen flashed End of text before returning to the menu. She replayed the last minute, hoping it would continue, but it always stopped at the same spot. The silence after the marker made the story feel colder. She decided to borrow a physical copy to see the real ending.",49.24627,3.8968337,286,10.668749,1,2.3129644,5844.3145,63.22893,0.0,43654,670,0.015347963,6.5072775,4.427502,2526.7637,0.9320859909057617,1.0
"Context:
The factory test cycled a robotic arm through the same ordered steps. The sensors showed minimal change until the last motion, when activations peaked and the status bar turned green. The engineer marked the end-of-sequence response as the key indicator. Once the cycle finished, the machine went idle.",75.85192,4.328783,287,9.237499,1,2.7608037,5887.287,67.26641,0.0,38740,668,0.01724316,6.504288,4.4636235,2132.454,0.9925617575645447,1.0
"Context:
A product photographer arranged a pendant light above a white backdrop and adjusted the shade until the bulb’s glow fell evenly. Beside it, she placed a polished trumpet case, then swapped in a compact keyboard to vary the set. The stylist brought over a jar of cocoa scrub and a new lipstick, wiping fingerprints off the packaging. When the shoot ended, the assistant logged each item as furniture, instrument, or cosmetic before sealing it for shipment.",67.13945,4.206772,288,9.6875,1,3.04436,4297.29,64.55256,0.0,56667,731,0.012899924,6.5944133,5.1984196,1411.5579,0.8798649907112122,1.0
"Context:
I spent Saturday replacing a leaky faucet and patching a rough spot in the plaster near the hallway light. Monday morning brought a dental appointment, and the hygienist showed me an X-ray while talking through next steps. That night, I logged into the tax portal and stared at numbers that never seemed to add up. Before bed, I set up an automatic transfer so a little money would land in my savings account every month.",26.49972,3.2771342,289,7.5718737,1,2.8879163,5178.2344,67.97236,0.0,54736,692,0.012642502,6.539586,4.86689,1793.0693,0.7138983011245728,1.0
"Context:
The chat export showed End of text, and a second later the app logged him out. He opened the attached PDF and saw End of text/document sitting above a blank footer area. When he attempted to send the full transcript back through the support form, it stopped at End of text/input and forced him to attach a file instead. A pricing page for premium support ended with End of text/short descriptions of items/products/services, leaving the benefits half-explained. He wrote a terse summary and moved on.",73.576485,4.2983255,290,9.42499,0,2.0730424,4404.722,55.520435,0.0,66994,669,0.0099859685,6.505784,4.76182,2124.7622,0.07215142995119095,0.0
"Context:
We stood outside a building in Roskilde while the seller recited the property name like it was part of the architecture. I used a compact voltage pen to confirm the outdoor socket worked for holiday lights. My sister, expecting her first baby, talked about a glucose test and how she’s cutting portions down to a small, strict routine. A little plush fox in her tote peeked out as the café TV showed another resignation and a sharp drop in the currency.",136.70427,4.91782,291,11.2875,0,3.0644236,5350.126,68.32705,0.0,59070,715,0.012104283,6.572283,5.0783377,1745.8833,0.07568571716547012,0.0
"Context:
The conference returned in October, and the same staff badges showed up from last year. A helpful volunteer stationed by the elevators directed attendees to the career panels and the networking rooms. Between talks, people traded business cards and compared notes on where they wanted to be by next season. The event ran smoothly because someone always seemed ready to solve the small problems before they grew.",50.414295,3.9202747,292,8.96875,1,1.9701103,4017.9663,52.16994,0.0,47324,659,0.013925281,6.4907236,4.453578,2039.4626,0.9935830235481262,1.0
"Context:
We drove out to see a cabin near Skagen, and the directions depended on two tiny hamlets with similar names. The seller wrote the property’s name in neat cursive on the contract, like it was part of the charm. I double-checked the municipality and the parcel number before handing over the deposit. By the time we left, the location felt as specific as a person’s full name.",32.597107,3.4842236,293,7.5249996,1,2.3251076,3510.446,55.345406,0.0,52910,697,0.013173313,6.5467854,4.823949,1509.7994,0.9939604997634888,1.0
"Context:
The product blurb praised a coffee grinder for being quiet and consistent. It mentioned warranty coverage, easy cleaning, and a bundle option with extra filters. The closing sentence promised a smoother morning routine. The copy stopped there, as if the page had reached its edge.",92.90097,4.531534,294,11.974998,1,2.8560097,5887.287,69.95381,0.0,34437,666,0.019339664,6.50129,4.3580413,2061.368,0.9952906370162964,1.0
"Context:
In late March, the support chat stayed open longer than usual because people were stuck at home with a sudden cold snap. The agent answered each message with patience, even when the same question came in five times. She ended every reply with a small note wishing the customer a calm week ahead. By the time the evening light faded, the queue was gone and the tone in the thread had softened.",31.949959,3.464171,295,7.784377,1,3.1991599,6789.7183,76.346634,0.0,51003,652,0.012783562,6.4800444,4.716536,2122.3442,0.993723452091217,1.0
"Context:
She carried a slim guide with an excerpt that ended mid-description of a hidden courtyard. At the station gate, the last token scan triggered activations and the barrier opened with a soft beep. A nearby notice ended with a period that made the instruction sound final. The sequence of arrivals ended as she stepped into the tourist district and slowed her pace.",125.664825,4.833618,296,10.262499,0,2.5325146,4297.29,62.71111,0.0,44881,666,0.014839241,6.50129,4.5175343,1696.8472,0.04110163822770119,0.0
"Context:
The contract outlined a six-day window for a pop-up workshop and listed every day of service as a separate line item. The host was Sunlit Spa, and the program stayed exclusive by keeping the group small and sessions short. Hi, said the facilitator, originally from São Paulo, before starting intelligence gathering on what competing workshops charged. She checked the seedlings in the lobby planters, then placed blank canvases along the wall and noticed time was running. Within the limited allowance, the class still produced more paintings than expected and kept refining them until the colors looked clean and high quality.",142.30647,4.957983,297,10.787499,0,2.3877404,4555.1274,61.139687,0.0,73761,682,0.009246078,6.5250297,4.9827533,1907.7147,0.004746167920529842,0.0
"Context:
Mikkel booked tickets to the Champions League match in Madrid and printed them at work in the WWF building. On the way to the airport, he bought a Sony headset and a bottle of Evian from the kiosk. His sister Freja texted that the conference at Google’s campus had moved rooms, so he rerouted to the right entrance. When he finally arrived, the badge with his name felt like proof the trip was real.",47.72449,3.8654447,298,9.68125,1,2.4718268,4727.019,57.135117,0.0,56006,715,0.01276649,6.572283,4.9759073,1912.3585,0.8823850750923157,1.0
"Context:
A technician accepted a delivery at the loading bay and noted the performance metrics on a tablet. In the auditorium, a debate about humaneness and political responsibility followed procedural rules, and a small paper badge identified each participant. The theater map sent volunteers to a specific corner near the main stage for the next scheduled cue. As the event progressed in phases, the atmosphere shifted from tense to reflective without warning. Throughout it all, staff moved between locations with small tools and cables, constantly in motion to prevent delays.",80.38492,4.3868265,299,8.874998,0,2.5362866,3605.9983,58.63815,0.0,63971,704,0.011004986,6.5567784,5.0410123,1421.763,0.018649127334356308,0.0
"Context:
Our new lease had three addresses in it, and the landlord insisted each one be written exactly as on the registry. I checked the spelling of the boulevard, the apartment block name, and the tiny side street that held the mailbox. The moving company asked whether the drop-off was at the main entrance or the rear lane. By dinner, I could recite the district and property name without looking at the papers.",41.371296,3.7225873,300,9.162499,1,2.6438985,5350.126,66.51007,0.0,52892,684,0.012932013,6.527958,4.724957,2023.5747,0.9767041206359863,1.0
"Context:
At a hospital conference in Stockholm, Jonas listened to a panel on cancer therapies hosted by Karolinska Institutet and supported by a pharmaceutical sponsor. The moderator kept addressing Dr. Lindström, and the name Lindström surfaced again in questions, slides, and hallway greetings. That night, Jonas checked into the Grand Hôtel and celebrated with an extravagant dinner before taking an Audi to an afterparty. The next morning, a surgeon described a procedure in careful detail, and a nurse outlined the post-op care plan. Jonas left with memories of the city, the organizations, the luxury trappings, and the repeating names tied to serious medical talk.",36.539436,3.598392,301,8.5875,0,3.044533,5221.2075,65.95056,0.0,80653,739,0.009162709,6.605298,5.474909,1714.9453,0.0020961181726306677,0.0
"Context:
The dishwasher made a low hum and then beeped, as if it had given up. I checked the Whirlpool manual and traced the error to a drain problem. A twist of the filter revealed a wad of food debris stuck where the water should pass. Once I cleaned it out, the next load came out spotless.",25.38165,3.2340264,302,7.28125,1,1.9883612,4555.1274,49.143166,0.0,41232,692,0.016783081,6.539586,4.581094,2290.8953,0.9959906935691833,1.0
"Context:
A clinic runner timed the handoff from lab to auditorium, treating it like a performance test with consequences. In the chamber next door, a political committee pushed a motion forward while insisting on humane language, and a small metal badge sat on the desk. The program list said the address would happen on the secondary stage, so ushers guided guests to that precise section of seating. As the event progressed through early remarks, heated questions, and a calm wrap-up, the flow felt like a sequence of stages. In the background, staff crossed multiple locations carrying tiny adapters and moving quickly to keep everything running.",108.03534,4.6824584,303,11.35625,0,2.6798248,4297.29,64.22211,0.0,76828,677,0.008811891,6.517671,5.0997577,1603.5713,0.0025744091253727674,0.0
"Context:
Copenhagen — NordWind Systems began the report with the company name, the city, and the project lead’s full name. At a site office in Ørestad, the contractor described an Italian infrastructure collaboration they were trying to model, while a local partnership with a supplier looked shaky after a sudden price jump. Emails repeated Visa, Nvidia, and discount-rate assumptions until the inbox felt like an echo. On the way home, she booked an appliance repair for a stove that wouldn’t ignite, downloaded a driver update for her laptop, and texted pest control, then adjusted a holster clip and cleaned her sports eyewear before heading back out.",99.50655,4.6002235,304,11.0812435,0,2.5818236,3846.0747,61.104267,0.0,81806,720,0.00880131,6.5792513,5.253781,1489.6737,0.003402368165552616,0.0
"Context:
The editor opened the draft and saw End of text twice at the bottom, like two stamps on the same page. A few lines above, another footer declared End of text/document, and the spacing beneath it was perfectly empty. In the submission portal, the upload preview warned End of text/input when she tested a longer version. The marketing sheet for the add-on features finished with End of text/short descriptions of items/products/services, which made her wince. She spent the afternoon deleting every marker so the reader would just reach a natural stop.",70.63811,4.25757,305,8.799999,0,2.274097,3480.805,57.893116,0.0,72514,666,0.009184433,6.50129,4.9041543,1530.6317,0.016557734459638596,0.0
"Context:
Copenhagen — The board of NordSea Logistics approved the expansion plan in a closed meeting on Monday. Lars Mikkelsen stepped outside the headquarters and declined to answer questions as cameras followed him to the car. Inside, staff whispered about a merger rumor that had been circling since summer. The story began with names everyone recognized and ended with everyone waiting for the next announcement.",55.56173,4.0174947,306,8.6875,1,3.17965,3107.342,65.02608,0.0,47377,697,0.01471178,6.5467854,4.970399,977.2591,0.9845762252807617,1.0
"Context:
He opened a travel blog on his phone and found a teaser excerpt that ended mid-sentence. The airport announcement board used clear end-of-sentence punctuation, making the instructions unmissable. At security, the final token on his boarding pass was verified and the scanner’s activations pulsed. He walked toward the gate with leisure on his mind instead of logistics.",95.48594,4.558979,307,10.96875,0,2.2185392,2793.2385,52.83154,0.0,47358,681,0.01437983,6.5235624,4.6402693,1259.044,0.23133039474487305,0.0
"Context:
She folded edible petals into a salad and finished it with a bright citrus dressing. A pot on the stove held rice that had been steamed with saffron and a few dried blossoms. While the food rested, she arranged fresh stems in a vase so the table looked as good as it tasted. Dinner smelled floral without turning into perfume.",52.473366,3.9603057,308,8.1375,1,2.9112146,3910.534,59.809517,0.0,42494,711,0.016731774,6.5666723,4.9304924,1343.2654,0.9980143308639526,1.0
"Context:
Brussels — The briefing started with the Commission’s name, the square outside the building, and a list of organizations in the opening line. In a nearby café, two companies tried to protect a partnership as new rules threatened to rewrite their agreement. The group chat bounced between brand names, tech acronyms, and financial estimates that kept showing up in every message. Before dinner, one of them dealt with a broken induction hob, clipped a holster onto a security belt for an event, and called pest control about insects near the pantry, all while carrying sports eyewear for a late-night run along Parc du Cinquantenaire.",95.0866,4.554788,309,11.1875,0,3.395253,4383.236,68.34627,0.0,78226,760,0.00971544,6.6333184,5.5796285,1290.9895,0.0018853256478905678,0.0
"Context:
A friend sent a screenshot of a chat, insisting it explained everything. The excerpt ended just before the reply that would have clarified the misunderstanding. He asked for the rest, but she claimed that was all she had saved. The end of the text excerpt created more questions than answers.",28.888485,3.3634431,310,7.465625,1,2.278576,3695.6694,56.182693,0.0,37504,652,0.017384812,6.4800444,4.335603,1621.9207,0.9954843521118164,1.0
"Context:
He tightened a bolt on the machine, then climbed into the van and started the engine. Two men in another vehicle lingered nearby, watching him through the windshield as if they were taking notes. His hands ached from the work, but he kept driving, and he told himself to ignore the tension in his shoulders. At the ferry, a dog barked at the loading ramp while he handed a snack to a hungry traveler, trying to be decent in a cramped line. Later, he used a small tool to open his food container and checked a device for directions before merging back onto the road.",27.223394,3.3040767,311,6.84375,0,2.5650315,5715.3955,66.743614,0.0,75026,711,0.009476715,6.5666723,5.043524,2228.197,0.0011157473782077432,0.0
"Context:
The blender jar wouldn’t lock, so I reset the kitchen timer and started over from the beginning of my routine. I muttered like a wizard practicing lines, mostly to stay patient. The dishwasher finished with a final sigh, and the oven beeped exactly on schedule. Later, I rewarded myself with a chapter of fantasy where every spell required perfect timing.",71.333046,4.2673597,312,9.368747,1,2.9701102,3308.9133,63.309753,0.0,46159,700,0.015164973,6.55108,4.8855925,1114.0709,0.9943974018096924,1.0
"Context:
Noah went to Copenhagen for a UNICEF gala and spotted his colleague Ida speaking with representatives from Novo Nordisk. When the host introduced “Jensen,” three different people turned, and the surname kept getting repeated at the table until it became a running joke. He stayed at Hotel d’Angleterre and took a Jaguar to a restaurant where the menu read like a list of rare ingredients. The next day, a clinician evaluated his knee pain and referred him to an orthopedist for imaging. By the time he flew home, he had a head full of organizations, addresses, brand names, and diagnoses.",46.498753,3.8394256,313,10.375,0,2.805453,4727.019,59.797344,0.0,75128,745,0.009916409,6.6133842,5.4417443,1684.9396,0.0020954101346433163,0.0
"Context:
He planned tourism around museums and walks, yet he still paused over a guidebook excerpt that ended on a cliffhanger line. A nearby placard used a question mark that sharpened the mystery. When the last token on his timed ticket was scanned, activations lit up on the reader and he was admitted. The sequence of waiting ended in a quiet gallery.",153.13678,5.0313315,314,10.606248,0,2.980587,5715.3955,70.661064,0.0,44927,692,0.015402764,6.539586,4.756154,1917.5403,0.9970945119857788,1.0
"Context:
A neighbor recommended a new insulation upgrade, so I spent the evening watching tutorials and pricing materials. In the morning, my dentist outlined a treatment plan and scheduled the follow-up, emphasizing careful aftercare. The next task was taxes, and I gathered every statement I could find to avoid missing a deadline. Once it was submitted, I transferred the refund into my savings account and promised myself not to touch it.",38.89303,3.660815,315,7.8999996,1,2.4713252,3824.5881,63.9567,0.0,52844,650,0.012300355,6.4769726,4.5886593,1547.5859,0.9107962250709534,1.0
"Context:
At a downtown hostel, the common kitchen was backed up because the Whirlpool dishwasher wouldn’t empty and the drain smelled awful. Someone cleared the clog, and the sink finally stopped bubbling. I stepped outside to fax court papers for an adjudication case and returned to a VoIP voicemail about kidney tests and bladder follow-up. In the lounge, travelers argued about fantasy franchises, named politicians from the news, and compared academic fields while the microwave and kettle ran their familiar patterns.",105.524605,4.658944,316,10.25,0,3.1277814,4060.939,63.70047,0.0,59765,745,0.01246549,6.6133842,5.318678,1298.3448,0.08659839630126953,0.0
"Context:
A short service agreement covered network setup during a weekend retreat, and the technical appendix spelled out the exact time period. The location was Aurora Spa, and the staff kept the guest list exclusive, letting in only a small group at a time. Hi, said the consultant, originally from Lagos, as he started intelligence gathering on a rival vendor’s pricing. He watered the patio plants while waiting for equipment, then placed access points in precise spots to improve signal quality. With the remaining allowance, he also produced extra illustrated handouts so the workshop had more materials and a cleaner finish.",122.54389,4.8084693,317,10.081249,0,2.3108213,3932.0205,59.58056,0.0,73150,683,0.009336979,6.526495,4.946014,1701.5684,0.012521816417574883,0.0
"Context:
Tokyo — Sato Kenta opened the newsletter with the organization’s name and a note from Shinjuku. The team met in a quiet room at Keio Plaza Hotel to salvage a partnership after a competitor threatened a lawsuit. Meanwhile, a long message chain kept repeating Nintendo, Sony, and exchange-rate projections as people argued about the quarter. Back at the office, an engineer repaired a buzzing air purifier, installed a driver for a new scanner, and reminded everyone to wear sports eyewear during the windy rooftop inspection, because pest control had already laid traps up there.",112.08867,4.7192903,318,11.375,0,2.8840554,5801.342,66.668724,0.0,71993,717,0.009959302,6.575076,5.218658,2011.5223,0.0011546622263267636,0.0
"Context:
During the sale, the store manager noticed that the majority of the shelves in the electronics aisle were empty. The backroom held only a few boxes, and the rest of the inventory had already been claimed online. Customers stood in front of the gaps, trying to imagine what had been there that morning. The cashier apologized and pointed to the one remaining display model. By closing time, the aisle looked almost completely cleared out.",18.79212,2.9334376,319,6.2250004,1,2.3168166,3867.561,57.056267,0.0,54102,664,0.012273114,6.498282,4.7271,1669.3428,0.9802274107933044,1.0
"Context:
In a puzzle game, the lights along the board stayed dim while the player completed the pattern. When the final tile clicked into place, activations rippled across the grid in a clean wave. The player smiled, recognizing the familiar end-of-sequence flash. The board settled back to stillness once the pattern was complete.",45.643024,3.8208508,320,7.9749994,1,2.7725987,5672.423,68.660515,0.0,41800,659,0.01576555,6.4907236,4.4781566,2045.8867,0.9563269019126892,1.0
"Context:
A therapist guided a patient through a tapping routine: left, right, pause, repeat. The chart barely moved until the routine reached its final step, where activations jumped sharply. That end-of-sequence surge matched the patient’s report of sudden clarity. On the next attempt, the same peak landed on the last tap.",46.79157,3.8457031,321,9.699999,1,3.3222187,4361.7495,79.32473,0.0,43020,652,0.015155742,6.4800444,4.514858,1312.9026,0.934951901435852,1.0
"Context:
Our guide stopped at the old harbor and pointed to the stone warehouse where traders once counted cargo by lantern light. She named the governor who commissioned the seawall and the year the storm tore through the bay. Later, we crossed into the theater district and paused by a plaque honoring a famous director’s first premiere. By sunset, the city felt stitched together by places, people, and moments that still had names.",46.346146,3.8361382,322,8.65625,1,2.3332984,4125.3984,58.88777,0.0,53489,675,0.012619417,6.514713,4.670999,1768.0543,0.9665200114250183,1.0
"Context:
She bought plant oil and dried blossoms from a shop that specialized in botanical products, then walked down to the marsh. Water and vegetation blended together there, and animals moved through it with quiet certainty. A ranger pointed out a stretch where an accident had left contamination, followed by thick uncontrolled growth and a surge of nuisance rodents near the shoreline. At the ranger station, the conversation shifted to budgets, ecosystem health, natural resources, and fixed assets like vehicles and barriers needed for maintenance. Later, she cooked a simple meal and scattered edible petals on top, keeping one foot in the world she wished the marsh could remain.",77.88926,4.355288,323,9.537499,0,2.7956462,5844.3145,66.66725,0.0,77510,704,0.009082699,6.5567784,5.2224584,2090.5059,0.001766436966136098,0.0
"Context:
They met at a lakeside lodge where the main room had stone walls and a fireplace. The patio opened to pine trees, but the interior leaned toward an older style with patterned rugs and antique lamps. Someone joked that it looked like a film set from another decade. The mix of nature and retro detail made it hard to leave.",35.263435,3.5628467,324,8.375,1,2.382134,3609.7236,53.653557,0.0,43061,679,0.015768329,6.5206213,4.7117786,1515.3319,0.969099760055542,1.0
"Context:
On a bus tour, the guide read a short excerpt about the cathedral and stopped at the printed cutoff. The final sentence on the pamphlet ended with a crisp period that felt decisive. When the last ticket token was validated, the device flashed and activations rolled across its screen. The group stepped off into sightseeing mode, ready for a slow afternoon.",115.66538,4.7507014,325,9.4375,0,2.3572428,4082.4255,57.446327,0.0,44299,688,0.015530825,6.5337887,4.617464,1731.8646,0.9723182916641235,1.0
"Context:
The translation file ended with End of text, but she suspected the last idiom had been dropped. The signed version included End of text/document and a checksum line that made it feel final. She tried to paste the missing clause into the editor, only to meet End of text/input and a character limit warning. On the storefront, the service summary ended with End of text/short descriptions of items/products/services, which looked like a label no customer should see. She corrected what she could and accepted that some endings were enforced by the system.",67.69902,4.2150717,326,9.799997,0,1.8648643,5092.2886,56.06319,0.0,70682,671,0.009493223,6.508769,4.6446724,2730.6482,0.014667059294879436,0.0
"Context:
She mixed a plant-based syrup into cold water and carried it as she toured the wetlands reserve. The trail passed through thick vegetation where birds nested and small animals rustled close to the shoreline. A volunteer explained that an accident had released residue into a side channel, and now they were fighting runaway growth while trapping troublesome rodents near the banks. At the visitor center, a display described the reserve’s ecosystem services and the fixed infrastructure that kept it stable, from levees to monitoring equipment. She ended the evening cooking with flowers on the plate, as if beauty could erase the smell of cleanup crews.",65.872765,4.187725,327,9.037495,0,2.8108666,6703.7725,68.48505,0.0,76278,722,0.009465377,6.582025,5.1914806,2384.9487,0.0010648034512996674,0.0
"Context:
At the clinic, the surgeon explained the procedure and warned the patient not to drive themselves home afterward. The receptionist introduced himself and handed over the forms with spaces to describe symptoms. Across town, a solicitor prepared himself for a deposition and rehearsed answers aloud. The medical resident asked herself whether she had missed a detail in the scan. When the day ended, both offices were quiet except for people talking to themselves under their breath.",33.300354,3.505568,328,7.1468725,1,3.5526419,5844.3145,81.6503,0.0,54774,716,0.013071896,6.5736804,5.0101156,1645.0615,0.9834008812904358,1.0
"Context:
The city team taped directional arrows on the sidewalk and counted how many people followed them. Inside the hall, volunteers checked badges and guided visitors past a display wall of campaign posters. Someone with a clipboard marked time stamps and foot traffic, treating the room like a live experiment. When the doors closed, the space felt measured and purposeful.",68.03944,4.2200875,329,10.65,1,2.6283731,4598.1006,60.94522,0.0,43062,685,0.015907297,6.529419,4.6728067,1749.4093,0.9771836996078491,1.0
"Context:
He baked shortbread and pressed tiny flowers into the dough before it went into the oven. The kitchen counter was a mess of bowls, sugar, and a small bundle of blooms he’d picked earlier. When the cookies cooled, the petals looked like stained glass against the pale surface. They were dessert and decoration at the same time.",25.311905,3.2312748,330,6.934375,1,2.6429353,4619.587,64.375725,0.0,43678,685,0.015682952,6.529419,4.612169,1747.9001,0.986689567565918,1.0
"Context:
The invite promised a classic look, and the venue delivered with old posters, worn wood, and lighting that made everything feel vintage. A well-known comedian arrived, greeted someone by full name, and posed beside a sponsor product wall while guests shouted out where they’d flown in from. In the back, an engineer typed a quick command to restart a service and then listened to the marketing lead talk through the week’s ad plan. Clipboards appeared as staff mapped movement through the space and tallied pauses near displays. By the end, the room held a strange mix of nostalgia and measurement.",64.679054,4.1694374,331,8.0625,0,2.3238862,3752.546,57.93862,0.0,75582,664,0.00878516,6.498282,4.9907093,1614.7719,0.009852098301053047,0.0
"Context:
We walked through a flat in Østerbro and the agent bragged about the district name as if it were a brand. I adjusted a loose cabinet knob with a tiny screwdriver because it bothered me more than it should. My partner mentioned the baby’s due date and her gestational diabetes check, then measured a small snack into a container. In the lobby, a little ceramic fox sat beside a newspaper headline about conflict abroad and turmoil at home.",53.470226,3.979125,332,10.193752,0,3.1515949,5887.287,70.43454,0.0,57230,721,0.012598287,6.5806394,5.049431,1868.0342,0.09596230089664459,0.0
"Context:
On the flight to a seaside festival, he read a brochure that ended in a clipped excerpt, then looked up at the terminal’s final period on a warning sign. At the checkpoint, the last access token was scanned and the overhead lights activated in a brief sweep. He noticed the same kind of end-of-sequence flicker in the gate display as the line cleared. By the time he stepped outside into the tourist district, the trip had already started to feel like leisure.",61.594383,4.1205707,333,9.349998,0,2.0873928,3649.444,56.93697,0.0,61485,686,0.011157193,6.5308776,4.6862745,1748.3264,0.5409677028656006,0.0
"Context:
The little plush fox sat on the dashboard, its stitched smile making the morning traffic feel less grim. I bought it at a roadside shop because it fit perfectly in my hand. When I pressed its paws, the fabric squeaked softly. By the time I reached work, it felt like a tiny passenger along for the ride.",28.559196,3.351979,334,7.8343744,1,3.04466,4769.992,64.25945,0.0,42466,693,0.016318938,6.54103,4.861638,1566.6748,0.9973638653755188,1.0
"Context:
The welcome sign listed the lead organizer, the partner firms, and an acronym that matched the badges everyone wore. In the display area, a row of lighting fixtures glowed beside a compact piano and a shelf of boxed lotions and cleansers. A speaker launched into medical terminology, describing a process with chemical steps and numerical thresholds. The group then toured a historic waterfront with plaques naming dates and officials, and dinner served bibimbap while Korean pop blared from a DJ booth.",103.813324,4.6425943,335,10.749998,0,2.9388404,4619.587,61.23846,0.0,60339,724,0.011998873,6.584791,5.233018,1571.9081,0.07232177257537842,0.0
"Context:
After he completed user registration requirements, the equipment coordination professionals network let him submit actions tied to service availability. He cooked a quick meal, mixed a cosmetic balm, and finished a craft label, then pushed carts until exertion made him sweat through his shirt. He paused for a religious moment and wrote a message that explained what action to take about the delayed truck. At night, the favela grant type accountancy review required reticle-guided images and the correct lubricant for a noisy hinge, and hallucinations threatened as proper names and publicized items appeared in every sponsor slide.",530.7216,6.2742376,336,14.787499,0,3.311188,5178.2344,71.19696,0.0,71372,724,0.010144034,6.584791,5.3233676,1563.86,0.0013782858150079846,0.0
"Context:
The spill alarm went off at the facility, and oily sheen began spreading across the canal beside it. Workers threw down barriers, but the current carried the mess toward a patch of thick weeds. A colony of rats had been nesting near the waterline, and now they scattered through the reeds. By dusk, the shoreline looked like a problem no one wanted to claim.",50.60789,3.9241076,337,8.90625,1,2.1128812,2481.685,45.679638,0.0,47395,704,0.014853887,6.5567784,4.8748603,1174.5502,0.9436554312705994,1.0
"Context:
Her scholarship interview asked about background as much as grades, and she spoke plainly about rent, work shifts, and ambition. In the ethics course, she wrestled with philosophy that questioned what anyone truly deserved. She still kept a worn prayer card in her wallet, tracing its words when life felt unstable and hoping for grace. For a final project, she built a virtual reality exhibit and framed it as education that could reach people who never felt welcome in traditional classrooms.",73.98227,4.3038254,338,10.4,1,2.324849,4619.587,60.02711,0.0,58399,674,0.011541294,6.5132303,4.7274985,1987.0482,0.5047119855880737,0.0
"Context:
Winter break was supposed to be restful, but the planning took work. She compared routes, checked daylight hours, and packed layers for sudden temperature drops. The itinerary left space for lazy mornings because she knew strict schedules break under cold rain. Once the trip started, she only had to follow the plan she’d already tested in her head.",58.48941,4.0688457,339,9.875,1,2.7235603,6703.7725,70.85542,0.0,44254,654,0.014778325,6.4831076,4.5148067,2461.4004,0.9184582233428955,1.0
"Context:
She landed in a new city with only a backpack and a loose plan. Museums, street markets, and a late-night tram ride stitched the days together. A local café owner suggested a quiet park that tourists often missed. Leisure arrived in small moments rather than big attractions.",60.67213,4.1054845,340,10.112499,1,3.4552283,5887.287,79.17222,0.0,36276,659,0.018166281,6.4907236,4.5251718,1703.8779,0.9948694705963135,1.0
"Context:
He worked the drill until the motor smelled hot, then wiped his hands and grabbed the keys. Across the lot, two men in a sedan stared too long, watching his movements in the reflection of a window. He climbed into the truck, flexed his fingers, and said he was fine even though his shoulder was stiff. On the highway, a trailer full of sheep rolled by, and he later gave a traveler a ride to the next town without making a big deal of it. At a rest area, he used a small device to find a café, then opened his lunch with a multitool and ate in silence.",26.10289,3.262046,341,7.1874986,0,2.0306919,5758.3687,57.281803,0.0,79296,691,0.008714185,6.53814,4.905981,2835.6685,0.0069561791606247425,0.0
"Context:
At the copy center, I used their fax service to send court documents ahead of the adjudication deadline. The case involved a dispute over artisanal mining rights, and everyone seemed to have a stack of stamped pages. Between filings, I squeezed in a kidney and bladder ultrasound that left me anxious and tired. When the daycare called about an early pickup, I took the message on VoIP and rushed across town.",70.542816,4.25622,342,10.912501,1,2.2894428,4383.236,52.651966,0.0,51062,697,0.013650073,6.5467854,4.827915,1914.5426,0.9881799221038818,1.0
"Context:
Milan — Vittoria Rossi began the memo with the company name, the address, and the names of everyone expected to sign. She toured a construction corridor near Porta Garibaldi, where an Italian infrastructure detour forced trucks into narrow streets. In her inbox, brand names and financing terms blurred together as the team argued about the interest rate on a bridge loan. By evening she was fixing a laptop driver so the design software would open, then she clipped a holster onto her belt for a night walk and complained to pest control about mosquitoes in the stairwell.",95.16825,4.5556464,343,12.00625,0,2.8497918,5178.2344,62.219086,0.0,68357,740,0.0108255185,6.6066504,5.300236,1817.0571,0.003962787799537182,0.0
"Context:
A receptionist in early April greeted every visitor with a calm friendliness that eased the tension in the waiting area. That weekend, she helped at a community event where volunteers handed out supplies and answered questions with the same steady patience. Back at work, the annual review cycle began, and she guided colleagues through deadlines and meetings like a quiet traffic controller. In June she planned a summer getaway, leaving room for weather surprises. When preseason rolled around, she watched the first practice and thought about how preparation always shows up before the big moments.",43.855473,3.7808995,344,7.4124994,0,2.8801317,5801.342,67.66679,0.0,66985,667,0.009957453,6.50279,5.021442,2014.2627,0.018932152539491653,0.0
"Context:
Two men stood beside the parked van, pretending to chat while keeping watch. One of them kept observing the doorway across the street, blinking slowly to avoid looking eager. A motorcycle passed, and their gaze followed it until it vanished. When a familiar sedan arrived, both men shifted their weight as if the whole scene had been rehearsed.",35.106804,3.558395,345,6.881248,1,2.7843857,3265.9404,55.87992,0.0,43709,707,0.016175158,6.561031,4.954892,1172.9482,0.9968371391296387,1.0
"Context:
She opened a podcast app and clicked on an episode about a merger, then skimmed a report on a new ETF and its risk profile. A notice from the regulator arrived next, asking for a response and outlining a review process. In the lobby of a resort, a manager offered a shuttle and pointed her toward a lounge set up for an event. Later she met a lawyer, bought a scarf at a boutique, and checked a message about an API change before heading upstairs.",38.529243,3.6514175,346,7.7437468,0,2.5173485,4684.046,61.414368,0.0,60287,703,0.011660889,6.555357,4.9290266,1860.7062,0.04053344950079918,0.0
"Context:
He arrived for a weekend getaway and checked in through a kiosk that lit up only after the last token scan. The confirmation email on his phone needed end-of-sentence punctuation fixed before he forwarded it to friends. A museum label offered an excerpt that ended mid-quote, teasing a longer story. Outside, tourism blended into leisure as he followed the river toward the old town.",85.89188,4.453089,347,8.749998,0,2.485786,4555.1274,61.81993,0.0,49198,681,0.013842026,6.5235624,4.6590967,1832.4697,0.2546337842941284,0.0
"Context:
She signed a consent form and was told to expect a confirmation message by the next business day. The clerk explained that a request had to be logged before any appeal could be processed. Later, an official email arrived with a case ID and a reminder about payment instructions. The tone was calm, but every line felt final.",39.15997,3.667655,348,8.4124975,1,2.088573,4311.7383,56.541542,0.0,41792,651,0.015577144,6.4785094,4.2727575,2064.4421,0.9880945086479187,1.0
"Context:
He posted the announcement, read it twice, and decided not to add any extra lines. The final sentence was simple and complete. After he hit publish, the page looked finished in a satisfying way. Nothing needed to follow.",42.439358,3.7480762,349,7.5874996,1,2.3458998,4103.912,58.030655,0.0,30110,636,0.02112255,6.455199,4.110617,1749.3978,0.992672860622406,1.0
"Context:
I printed the specs for a new monitor and taped them to the wall so I could compare sizes and ports without reopening twenty tabs. Between painting the hallway and dealing with a dentist visit, I kept a stack of tax papers on the counter and tried to remember to feed my savings account. The evening news ran a segment on Brexit talks, describing another round of bargaining and the latest draft deal. Before bed, I read a biography assigned for class, thought about social class and grace, tested a virtual reality module for education, and then relaxed by making dinner and leaving a quick review of the recipe tool I used.",65.78073,4.186327,350,10.7,0,2.2826178,3846.0747,59.287388,0.0,77444,683,0.008819276,6.526495,4.9770174,1684.9403,0.009630336426198483,0.0
"Context:
He watched the press conference where proper names were repeated until they sounded unreal. The product had been publicized for months, yet the announced actions still surprised the crowd. Posters and clips spread online within minutes, turning small details into headlines. By evening, the publicized items felt larger than the people holding them.",141.32951,4.951094,351,10.9,1,3.0589912,3781.6152,66.45863,0.0,39348,659,0.016747992,6.4907236,4.627167,1236.2295,0.9986853003501892,1.0
"Context:
During the first week of September, the stadium hosted a preseason open practice that drew families in light jackets. The same afternoon, a support agent at a nearby electronics store handled a surge of calls with an unusually friendly patience that left customers surprised. A community group stopped by the store to coordinate volunteers for a fall charity run, and the manager offered extra water bottles without being asked. The next day, the local college held its annual career showcase, and helpful staff pointed students toward the right rooms. By December, holiday planning took over, and even the regular season schedule had to fit around travel days.",41.096394,3.7159204,352,7.343748,0,2.6704528,4146.885,65.758354,0.0,75570,657,0.008693926,6.4876842,5.0168343,1552.877,0.01186426728963852,0.0
"Context:
She chose the courtyard seat even though the evening was crisp. The restaurant had mismatched chairs, faded framed prints, and that intentional retro vibe. When the heater clicked on, the mix of open air and aged decor felt oddly comforting. She stayed longer than planned just to soak it in.",79.408066,4.3746,353,9.875,1,2.9002957,3846.0747,62.170486,0.0,38149,682,0.017877271,6.5250297,4.680536,1326.0974,0.9978057742118835,1.0
"Context:
The invitation started with proper nouns stacked one after another, as if the greeting itself were a directory. Along the wall, product stands showed a chrome desk lamp, a compact synthesizer, and boxed cosmetics arranged beside furniture catalogs. A safety demonstration followed, full of technical language about solvents, exposure, and process steps. Later, we visited a landmark tied to an old treaty signing, and back at the venue the table was set with kimchi and grilled meat while Korean pop played overhead.",141.9573,4.9555264,354,12.593746,0,2.6610162,5393.099,61.5992,0.0,60916,714,0.011721059,6.570883,5.045283,2026.7065,0.04503563418984413,0.0
"Context:
His old laptop kept stuttering whenever he opened a video call, so he spent lunch rolling back a graphics driver. The same afternoon, the refrigerator stopped cooling and the repair tech pointed to a failing relay with a burnt smell. Before heading home, he grabbed wraparound sports eyewear because the wind on his commute was tearing up his eyes. He ended the day with greasy hands and a screen that finally stopped flickering.",54.061657,3.9901252,355,8.512499,1,2.3103337,3179.9946,54.45359,0.0,52912,695,0.013135017,6.543912,4.837339,1376.4222,0.9718315601348877,1.0
"Context:
Once his registration cleared, he could coordinate equipment through the professionals network and see service availability instantly. He cooked for volunteers, mixed a cosmetic balm, and finished crafts for signage, then pushed a cart up a ramp and felt the exertion drain him. He whispered a prayer and wrote a message naming the action to take if the truck arrived late. The day ended with favela grant accountancy, reticle-guided documentation, and lubricant choices, and hallucinations flickered while proper names and publicized items filled the media recap.",490.02014,6.1944466,356,15.21875,0,2.7993546,4060.939,59.786743,0.0,65868,734,0.011143499,6.598509,5.2780933,1450.6698,0.012666011229157448,0.0
"Context:
The opening paragraph of the announcement was packed with names, brands, places, and an acronym that sounded official. I spent an hour browsing a showroom of lighting fixtures, compact instruments, and industrial equipment, then grabbed a small bottle of lotion from a cosmetics table. A technical talk followed, heavy with medical terminology and chemical process descriptions that matched the diagrams on screen. We later toured a historic plaza featured in old photographs and recent films, and the reception served Korean food as Korean music played into the night.",62.514492,4.1353984,357,9.074999,0,2.7405152,5135.2617,69.02163,0.0,63933,679,0.010620493,6.5206213,4.893036,1873.8308,0.013855409808456898,0.0
"Context:
The vendor emailed a draft agreement that set the service term to twenty-four months with an option to renew. The finance manager circled the start date, the end date, and the notice period required to cancel. A technical appendix defined support hours and response times in minutes, not vibes. When the signatures landed, the project finally had a clock attached to it. A reminder was set for ninety days before expiration.",45.089066,3.8086398,358,9.837499,1,2.1033185,4383.236,54.54511,0.0,52866,672,0.012711383,6.510258,4.623245,2083.9622,0.6961644887924194,1.0
"Context:
He stepped off the plane ready for tourism and opened a magazine excerpt that ended mid-quote. A sign in the corridor used a sharp question mark that made its warning sound like a challenge. At the metro, the last token tap caused activations on the gate and let him through. The sequence of transfers ended with him emerging into sunlight near the plaza.",136.65147,4.9174337,359,10.25,0,2.7510777,4297.29,68.902916,0.0,45493,663,0.014573671,6.496775,4.524731,1562.0388,0.1645735204219818,0.0
"Context:
I spent the morning baking a dense loaf and experimenting with a new spice blend I’d never used before. In the afternoon, I visited a small gallery and lingered in front of a sculpture that made no obvious sense at first glance. Friends convinced me to try a climbing gym, and my arms shook by the second route, but the effort felt clean and fun. When I got home, I typed up a review of the climbing shoes, noting how the fit changed after an hour.",24.352942,3.1926527,360,7.3937488,1,3.0940132,3867.561,73.306465,0.0,62086,674,0.010855909,6.5132303,4.9253902,1250.0144,0.8546265363693237,1.0
"Context:
Her professor returned the thesis draft with tracked changes, and the final comment sat right above the words End of text/document. It was a quiet reminder not to add another paragraph in a panic. She printed the last page and stared at the empty space beneath the marker. For the first time all week, she felt done.",63.746502,4.1549144,361,10.7,1,2.1647508,5844.3145,63.02086,0.0,42405,650,0.015328381,6.4769726,4.209235,2699.7632,0.9753495454788208,1.0
"Context:
A fraud investigation shook the company, and suddenly every meeting included lawyers and frantic spreadsheets. Politicians weighed in on television, using the crisis to attack each other. When layoffs were announced, the office went silent except for keyboards and muffled phone calls. I left my badge on the desk and walked out into cold air.",58.029842,4.0609574,362,8.5625,1,2.7928593,6660.8,71.15585,0.0,41230,686,0.01663837,6.5308776,4.5975757,2384.9392,0.9959877133369446,1.0
"Context:
The trail bent around a cluster of rocks and opened onto a clearing. A small compass swung from her thumb, twitching as she changed direction. She walked from marker to marker, feeling the rhythm of motion in her hips and shoulders. When the path dipped into the trees, she tightened her grip on the tiny flashlight and kept going.",31.623968,3.4539154,363,7.5843744,1,2.8960762,4340.2627,61.478794,0.0,43717,702,0.016057827,6.5539336,4.8891,1498.67,0.9967457056045532,1.0
"Context:
Their vacation started with a brochure excerpt about hidden beaches that ended before giving directions. She corrected the last line of her packing list with a period so it felt settled. At the car rental desk, the final token code caused activations on the terminal and the keys slid out. The sequence of errands ended, and travel turned into relaxation.",225.59789,5.418754,364,12.074998,0,2.7982032,4297.29,65.68134,0.0,43035,665,0.015452539,6.499787,4.5729594,1535.7319,0.17507369816303253,0.0
"Context:
The report listed wetlands restoration next to timber stands and a long-term water lease, all treated as resources the company depended on. In a separate section, the accountant tracked fixed assets like pumps, fencing, and storage tanks used to manage the site. The ecosystem mattered because it supported the operation, not because it looked pretty. Decisions were made with both nature and the balance sheet in mind.",56.559765,4.035298,365,9.9375,1,1.8311162,4340.2627,52.53998,0.0,50390,653,0.012958921,6.481577,4.3843517,2370.2825,0.9955059289932251,1.0
"Context:
A former player filmed a short video about discipline, mindset, and building a life that matches ambition. He sold a course that mixed personal development exercises with drills borrowed from training camps. Comments poured in from viewers saying the advice pushed them to apply for promotions and run their first race. The next clip announced a limited offer and a private coaching group. By evening, the inbox held a receipt and a schedule for weekly check-ins.",67.013695,4.204897,366,8.899999,1,2.5467343,6016.206,65.48002,0.0,55310,660,0.011932743,6.49224,4.684063,2362.3218,0.4494766592979431,0.0
"Context:
We toured a place near the harbor, and the agent highlighted the district and street names as if the map itself added value. I connected a tiny USB adapter so my phone could play a video during the walkthrough. My pregnant friend checked her glucose log and said she’d been sticking to small, careful meals since the gestational diabetes test. A little plush dinosaur on the counter made us laugh briefly before the landlord started complaining about taxes, scandals, and instability.",107.78398,4.680129,367,9.60625,0,2.7118046,5586.477,66.61816,0.0,58429,696,0.011911893,6.5453496,4.8980064,2060.0588,0.05515478551387787,0.0
"Context:
By noon, the storm had knocked out power across the whole neighborhood, and every porch light was dark. The grocery line wrapped around the building because most registers were down. In the parking lot, the silence felt bigger than the street itself. People drifted toward the one café still running a generator. When the lights finally returned, the entire block cheered at once.",26.482054,3.2764673,368,7.1124997,1,3.051464,5801.342,73.80974,0.0,46720,665,0.014233733,6.499787,4.671529,1901.1666,0.9875090718269348,1.0
"Context:
I watched a reviewer measure a phone’s brightness and battery life, then copied the specs into my notes like homework. The same week brought a contractor visit, a dental procedure, tax paperwork, and a new rule for myself about feeding a savings account first. A panel show argued about Brexit talks and the proposed deal, using the word historic until it lost meaning. In class, we discussed socioeconomic status and philosophy, someone offered a blessing, the VR lab showed an educational biography simulation, and I went home to cook and post my own product review of the phone case.",106.59192,4.669008,369,10.824991,0,2.2414496,4103.912,58.202106,0.0,72530,681,0.009389218,6.5235624,4.9474015,1830.9187,0.00903459545224905,0.0
"Context:
The newsroom screen showed negotiators walking into another late-night meeting, and the headline hinted that the deal still wasn’t settled. Analysts argued over the sticking points, from trade rules to how future disputes would be handled. A correspondent described the mood as tense but familiar, like everyone knew the script by now. When the announcement finally came, it sounded careful enough to satisfy no one completely.",43.136517,3.76437,370,9.087501,1,2.5304995,4340.2627,61.283287,0.0,51010,659,0.012919036,6.4907236,4.690142,1715.1803,0.9689628481864929,1.0
"Context:
Nina opened the terminal because the deploy had stalled again. She adjusted a config value, reran the command, and watched the logs settle into a calmer rhythm. In the same chat window, a teammate pasted a short note about tomorrow’s ad spend and a new tagline. The conversation bounced between tooling and publicity like that was the most normal thing in the world.",72.99298,4.2903633,371,9.84375,1,2.531023,5500.5312,60.742607,0.0,47369,688,0.014524267,6.5337887,4.7374253,2173.2441,0.7992226481437683,1.0
"Context:
A technical consulting agreement covered support for two weeks, with strict start and end dates printed in bold. The venue was Glacier Spa, and the rooms were few, so entry was exclusive and controlled by timed slots. Hi, said the analyst, originally from Athens, before she began intelligence gathering on a competitor’s system and tucked the notes into a folder. She stepped outside to check the planters, then placed a monitoring device under the conference table and noticed time was running. By the last day, she had drafted extra design sketches that improved the quality of the presentation and increased the number of deliverables within the allowance.",103.08302,4.635535,372,10.975,0,2.3386376,5930.2603,64.2268,0.0,77453,692,0.00893445,6.539586,4.9345927,2535.7756,0.002077055862173438,0.0
"Context:
A short ad described a meal kit with bright photos and a claim about faster weeknights. It highlighted free delivery, a small intro discount, and a reminder that subscriptions can be paused anytime. The last sentence was just a quiet nudge to order before midnight. After that, nothing followed.",60.905678,4.1093264,373,8.4625,1,3.0790591,5844.3145,71.73302,0.0,37508,663,0.017676229,6.496775,4.494336,1898.0845,0.994218111038208,1.0
"Context:
We met near Hongdae after class, following the smell of grilled pork to a tiny place with metal chopsticks stacked by the door. Between bites of ssam and steaming jjigae, someone argued about the best comeback of the year and named three groups without pausing. A street performer outside started singing, and people gathered as if it were a mini concert. Later, we bought kimbap to eat on the subway ride back.",40.854053,3.710006,374,8.287499,1,2.5873508,5543.504,61.885082,0.0,54787,715,0.013050541,6.572283,4.9567337,2142.5405,0.9897875785827637,1.0
"Context:
The resort wristband let me move between the pool, the buffet, and the comedy show without showing a receipt. At sunset, I reserved a table at the beachfront restaurant and watched staff set out lanterns. Later, we wandered into the adjoining lounge where a band played covers for vacationers. It was all hospitality stitched to entertainment, designed to keep people drifting.",60.742332,4.106641,375,10.399998,1,2.2034996,3674.183,53.60667,0.0,46753,685,0.014651466,6.529419,4.6467433,1667.4308,0.7743763327598572,1.0
"Context:
The hotel lobby had a travel booklet whose excerpt ended abruptly after praising a local market. He edited his postcard drafts, adding end-of-sentence punctuation so the message sounded calm instead of rushed. At the rental kiosk, the last token code was entered and the system’s activations signaled completion. With the paperwork done, leisure finally replaced planning.",192.37729,5.2594585,376,11.11875,0,2.3325253,3652.6965,56.540592,0.0,44888,670,0.014926038,6.5072775,4.577801,1565.9836,0.30289530754089355,0.0
"Context:
The cabin porch creaked under his boots as he stepped outside into the cold air. Inside was all warm light and old furniture that looked like it had survived decades of winters. He ran his hand over a worn table edge and liked how the scratches told a story. The place felt both outdoorsy and quietly vintage.",43.45094,3.7716324,377,9.625,1,2.7535307,6789.7183,74.69555,0.0,41195,665,0.016142735,6.499787,4.4406075,2465.8225,0.986287534236908,1.0
"Context:
The message began with a subject line that sounded formal and a brief greeting. It offered context about a schedule change and explained why the update mattered. The final sentence simply confirmed the new time and closed the note. After that, the email felt complete and finished.",37.698357,3.6296165,378,7.9249964,1,1.9784356,3824.5881,53.791092,0.0,34409,636,0.018483536,6.455199,4.037755,1933.1375,0.9960880279541016,1.0
"Context:
The VIP badge granted exclusive access to the balcony, but the wristband also came with strict limits. Security allowed entry only during certain hours and checked names against a short list. Inside, a staff member explained the two-drink allowance and refused any extras. A guest tried to bring a friend and was turned away without debate. The exclusivity felt real because the boundaries were enforced.",47.26659,3.8558037,379,7.837495,1,2.6084912,4555.1274,64.8152,0.0,48581,682,0.01403841,6.5250297,4.628922,1746.269,0.8560723066329956,1.0
"Context:
The strength coach ended the session by pitching a twelve-week program that promised faster sprints and steadier confidence. He broke down the payment plans like a salesperson, then asked everyone to picture their best season. During the drive home, the pitch replayed in the mind along with the thought of finally committing. A calendar reminder went in for the first call and the first early-morning workout. The next day the athlete repeated the new routine, convinced the investment would pay off.",48.705196,3.8857858,380,8.956247,1,2.4037204,3137.0217,55.671764,0.0,60869,680,0.011171532,6.522093,4.958324,1305.0693,0.20047920942306519,0.0
"Context:
During the awards afterparty, Theo Park tried to remember where he’d seen that face before. The bartender said the actor had just wrapped filming in Prague and was traveling nonstop. A neon sign for BrightLeaf Studios flickered over the crowd like it wanted attention too. Everyone kept saying names faster than he could keep up.",64.28407,4.163312,381,10.075,1,2.3643796,3652.6965,55.76804,0.0,42449,688,0.016207684,6.5337887,4.6077657,1544.8857,0.9959942102432251,1.0
"Context:
A friend sent me a spreadsheet of laptop specs, and I caught myself caring about ports and cooling like it was a moral issue. I spent the afternoon fixing a door hinge, then went straight to the dentist, then home to face taxes and check whether my savings had moved at all. Every café screen seemed to carry Brexit negotiation coverage, with analysts parsing the deal line by line. In the evening, our philosophy group talked about privilege and blessings, the education department showed a virtual reality biography exhibit, and I relaxed by making a new dish and reviewing the laptop I finally bought.",92.85939,4.5310864,382,10.443748,0,2.7335072,5973.2334,71.34251,0.0,73144,684,0.0093514165,6.527958,4.9601836,2185.1904,0.0017532394267618656,0.0
"Context:
At the top of the schedule, sponsor names and initials took up more space than the times. I tested a desk lamp’s brightness, watched someone strum a new ukulele, and admired a simple chair design while a cosmetics rep offered samples. In a small lecture room, the presenter used technical language to describe a chemical pathway and its clinical relevance. We later visited a memorial site connected to a famous event and returned to eat kimchi pancakes as a Korean track thumped through the hall.",73.29247,4.294458,383,8.999999,0,2.3925133,4447.6953,56.983116,0.0,61489,690,0.01122152,6.5366917,4.9455223,1859.0055,0.15546873211860657,0.0
"Context:
She bought a bottle of floral water and a tin of plant balm at a market, then walked straight to the creek. Wild plants crowded the banks, and small birds hopped through the stems while something swam under the surface. Upstream, a damaged valve had caused a messy release, and the stagnant section was now choked with uncontrolled growth and buzzing pests. At the next stop, she reviewed documents that treated the land, the water access, and the equipment as assets tied to the surrounding natural resources. She finished the day by baking, pressing blossoms into the dough and letting the kitchen smell like a garden instead of a spill.",65.119415,4.176223,384,9.96875,0,2.7847598,4684.046,67.112366,0.0,78124,717,0.009177717,6.575076,5.187335,1682.0287,0.0008487214217893779,0.0
"Context:
The museum guide said the renovation would close nearly the entire east wing for months. Only a small gallery near the entrance would stay open while the rest was sealed behind plastic walls. Visitors wandered the remaining rooms and realized most of their usual route was gone. From the balcony, the closed sections looked like one continuous construction zone. A single sign at the end thanked everyone for understanding.",36.22172,3.589659,385,6.9124994,1,2.6726134,3867.561,63.713467,0.0,48549,653,0.013450328,6.481577,4.6295824,1447.1083,0.9896809458732605,1.0
"Context:
A customer walked into the store on the first cold day of December and was met with an unexpectedly friendly welcome. At the register, a small sign promoted a local community fundraiser, and employees mentioned it without pressure while giving quick, careful help. Two weeks later, his office hosted a yearly end-of-year meeting, and the event staff quietly solved mic issues and redirected late arrivals. He spent evenings planning holiday travel and adjusting the itinerary around weather. On weekends he tracked the sport’s regular season standings while anticipating how the offseason would reshape the roster.",52.281803,3.9566483,386,7.825,0,2.988095,6660.8,76.30217,0.0,70686,679,0.009605862,6.5206213,4.977768,2229.1125,0.0043058390729129314,0.0
"Context:
The boutique hotel’s café tried to reopen, but the Whirlpool dishwasher was clogged and flashing errors, trapping water in the bottom. Maintenance cleaned the filter and tested the drain pump until it cleared. I used the business center to fax adjudication paperwork and took a VoIP call about kidney and bladder results on the way to daycare pickup. Back in the lobby, a fantasy film played while guests debated politics and academic departments, and the kitchen timer beeped steadily through it all.",145.18617,4.978017,387,12.40625,0,2.634266,3824.5881,60.50233,0.0,59706,722,0.012092587,6.582025,5.059695,1451.8611,0.17717993259429932,0.0
"Context:
On a bright March morning, the library’s front desk handled a rush of questions with warmth that made the line feel shorter. A local club hosted a community volunteer sign-up nearby, and staff directed people there between checkouts. Later that week, the city ran its yearly employment workshop, and helpful coordinators guided attendees through interviews and forms. She used the quiet evenings to plan her summer schedule, then started outlining holiday travel months ahead. When the team’s preseason started, she realized her calendar now had both weather seasons and sports seasons competing for space.",62.33818,4.132574,388,8.7875,0,2.9131334,5973.2334,73.01844,0.0,71273,658,0.009232108,6.489205,4.976265,2050.4497,0.012711956165730953,0.0
"Context:
A private club promised exclusivity, then handed new members a rulebook full of limitations. Guests were allowed only on Fridays, and even then only in certain rooms. The staff tracked each visit and reminded everyone of the allowance for quiet hours. One person tried to bend the rules and lost access for a week. The building stayed calm because the limits were clear.",49.040867,3.892654,389,7.603124,1,2.0253558,5801.342,61.4239,0.0,46084,647,0.01403958,6.4723463,4.207565,2864.357,0.9918550252914429,1.0
"Context:
She organized a gallery opening where the artist’s proper name had to appear on every label. The curator insisted on certain actions during the event, including a short speech and a timed reveal. Weeks of promotion meant the publicized items arrived with expectations attached. When the doors opened, the crowd treated the names like brands.",87.798775,4.4750476,390,10.09375,1,2.7946513,4060.939,64.12668,0.0,41195,663,0.016094185,6.496775,4.5814443,1453.1112,0.9955583810806274,1.0
"Context:
Inside the renovated station hall, antique signage set the tone, but the crowd was all modern devices and camera flashes. People traded names of performers and politicians while pointing at brand kiosks that looked built for photos. A laptop on the coordinator’s table showed tool logs, and a short run instruction was repeated to confirm the site was stable for the campaign spike. Volunteers tracked which doorway pulled the most traffic and repositioned stands to redirect lines. The whole night felt like a story about places and names, told through data.",159.32076,5.0709195,391,10.799997,0,2.2197711,5221.2075,62.21871,0.0,66387,675,0.010167654,6.514713,4.728793,2352.1377,0.0448133759200573,0.0
"Context:
I wrote a small function called dragonTimer that beeped whenever the oven preheat finished. The kitchen was chaotic, with the blender running and the toaster popping at random intervals. On the TV, a fantasy movie played in the background, all swords and glowing runes. Somehow the routine held, and dinner arrived without burning.",74.78064,4.314559,392,9.362499,1,2.9833457,3781.6152,62.447117,0.0,41842,692,0.016538406,6.539586,4.7991304,1267.5752,0.9979158043861389,1.0
"Context:
During the long stretch between New Year’s Day and the first real thaw, the store’s messages piled up. The rep kept the same friendly tone for every return request and every delayed shipment complaint. When someone thanked him for being decent, he replied that rough weeks are exactly when politeness matters. The winter weeks felt less heavy because of that steady patience.",61.38524,4.1171694,393,8.362498,1,2.6776304,4383.236,61.40314,0.0,46717,663,0.014191836,6.496775,4.6996574,1636.9832,0.9548608064651489,1.0
"Context:
The report started with a header, a short description of the dataset, and a sentence explaining the scope. After that, it stated the main finding without detours. The final line referenced the appendix and then stopped. The ending felt tidy, like closing a folder.",41.504227,3.7257953,394,7.796875,1,1.7396216,3029.5894,48.89329,0.0,35034,649,0.018524861,6.475433,4.033448,1741.522,0.992065966129303,1.0
"Context:
He ordered a watch online and got a shipping notice before lunch. In the same cart he added a hoodie and a pair of sneakers, hoping the sizes would match the chart. When the package arrived, the fabric felt softer than expected and the color looked slightly darker. He kept the receipt just in case.",33.9459,3.524768,395,8.4,1,2.4765682,3394.8591,60.112915,0.0,39943,645,0.01614801,6.46925,4.3965406,1370.7916,0.9801268577575684,1.0
"Context:
The equipment coordination portal approved his registration, unlocking network actions and a dashboard of service availability. He spent the morning cooking for volunteers, then switched to a craft table where he made labels for small cosmetic samples. After a brief religious service, he wrote a formal update email that told everyone what action to take before nightfall. Later, the grant type for a favela program demanded strict accountancy, a reticle-assisted inspection photo, and a specific lubricant for the generator, and the stress nearly tipped into hallucinations as proper names and publicized items filled the sponsor banner.",311.3766,5.741003,396,12.362499,0,2.8043113,4017.9663,66.001144,0.0,71352,711,0.009964682,6.5666723,5.1473527,1432.7819,0.0020664611365646124,0.0
"Context:
A theater-themed venue hosted the showcase, mixing indoor velvet seating with an outdoor line that wrapped the block. Guests shared names of public figures and artists while posing with a sponsor product display in front of a wall tagged with the location. In a side room, a developer ran a quick command to validate tracking and then spoke with marketing about the next ad drop. Volunteers monitored traffic patterns through doorways and logged where clusters formed. The retro aesthetic made it charming, but the structure made it unmistakably strategic.",118.02432,4.7708907,397,11.174998,0,2.9644115,6531.881,72.57472,0.0,63946,689,0.010774716,6.535241,5.0017624,2203.4326,0.027019258588552475,0.0
"Context:
The editor stopped at the end of the line and added a period that had been missing. A single mark changed the tone from uncertain to final. She checked the next sentence and corrected a comma splice that made the paragraph run on. End-of-sentence punctuation turned the draft into something readable.",32.42447,3.4789133,398,7.9906235,1,1.8739066,4555.1274,52.355946,0.0,38735,665,0.017167935,6.499787,4.182056,2430.8188,0.996152937412262,1.0
"Context:
He joined the professionals network for equipment coordination, then watched service availability change as requests came in. During downtime he cooked for the team, experimented with cosmetic colors, and finished a craft label, then dragged a case across the hall and felt the exertion in his lungs. He prayed briefly and followed with written communication that told everyone what action to take before the next delivery. The final hours were spent on favela grant type accountancy, reticle-based documentation, and lubricant selection for a squealing wheel, and hallucinations crept in as proper names and publicized items were shouted during announcements.",306.1873,5.724197,399,12.724999,0,2.4890802,3996.4797,56.12816,0.0,73837,732,0.009913729,6.5957804,5.256557,1605.6051,0.0031955542508512735,0.0
"Context:
The software license stated that maintenance coverage would last one year from activation. Legal reviewed the clause about automatic extension and flagged the fee increase after the initial period. Engineering asked whether the uptime guarantee applied during scheduled upgrades. The contract manager replied with a precise timeline and a table of milestones. Everyone relaxed once the dates were pinned down.",109.76355,4.6983285,400,9.887499,1,2.6346045,3072.5625,57.692226,0.0,42436,679,0.016000565,6.5206213,4.6841145,1166.2329,0.9679765701293945,1.0
"Context:
He clicked into a digital archive for research, then opened a memo about a bond issue and a software rollout. An official notice followed, describing an appeal process and a strict deadline for submission. At the venue, a medic stood by the stage while a referee handled a heated argument outside. Afterward, he checked into a cabin with a heater running, and on the way there he bought a hoodie and sneakers to replace what he’d forgotten.",62.587265,4.136562,401,8.25,0,2.3760016,4769.992,66.57457,0.0,56566,682,0.012056712,6.5250297,4.607034,2007.5712,0.0733407661318779,0.0
"Context:
He downloaded a report from a content platform that also hosted an investor update about a bond sale. A formal notice followed, explaining a dispute process and the fee schedule if the response came late. At the conference hotel, a concierge described a shuttle route and offered a quiet floor for the night. In the hallway, a doctor introduced herself, and later he bought a jacket and a watch after realizing the gala had a dress code.",70.65502,4.257809,402,8.531248,0,2.6795323,5844.3145,71.880486,0.0,54713,677,0.012373659,6.517671,4.655184,2181.095,0.017742065712809563,0.0
"Context:
During a city break, he read a street plaque whose excerpt ended where the scandal began. He corrected his notes with proper end-of-sentence punctuation so the timeline made sense later. At the metro gate, the last token produced activations that unlocked the barrier for his group. Once the sequence finished, they drifted into sightseeing without urgency.",182.92896,5.209098,403,11.256248,0,2.557413,4297.29,59.213863,0.0,43676,679,0.015546296,6.5206213,4.6541433,1680.3269,0.15268076956272125,0.0
"Context:
She checked into the Four Seasons just as the doorman whisked her suitcase away with a practiced smile. Dinner was a tasting menu that ended with a tiny gold-leaf dessert, paired with a glass of Krug that cost more than her first bike. The next morning, a black Mercedes S-Class waited at the curb to take her to the marina. Everything around her seemed designed to whisper expense without ever raising its voice.",24.666798,3.2054582,404,7.203123,1,3.0676773,4469.1816,68.45907,0.0,54758,706,0.012893093,6.559615,5.0016327,1456.8617,0.9712982773780823,1.0
"Context:
My niece carried a small toy dinosaur everywhere, and she introduced it to strangers like it had a name and a backstory. At the park, she sat it on the swing and pushed gently, giggling at every wobble. The toy’s paint was chipped, but she treated it like treasure. When it fell in the sand, she brushed it off with serious care.",24.497402,3.1985672,405,6.453125,1,2.753885,3679.281,60.300644,0.0,47381,693,0.014626116,6.54103,4.839961,1336.033,0.990391731262207,1.0
"Context:
At the showing in Roskilde, the agent pointed to the church spire and repeated the street name to anchor us in the area. I measured the doorway with a compact tape and tested the light switch using a tiny gadget from my bag. My sister, pregnant and tired, told me she’d failed the glucose screening and now keeps portions small to control gestational diabetes. On the sidewalk, a little ceramic cat in a shop window looked serene against a loud headline about protests and financial panic.",94.95697,4.553424,406,10.34375,0,2.9800775,3510.446,60.301636,0.0,62162,724,0.011646987,6.584791,5.252674,1177.9714,0.06938958168029785,0.0
"Context:
He watched the airport display go quiet until the last check step, when activations flashed and the boarding group was cleared. A free magazine offered an excerpt that ended before the story’s resolution. He corrected his itinerary with a question mark where he was still undecided. Minutes later, leisure travel felt close enough to touch.",176.25423,5.1719275,407,11.71875,0,2.6160018,5801.342,70.061775,0.0,41188,661,0.016048364,6.493754,4.384397,2217.6367,0.5550633668899536,0.0
"Context:
During a rainy afternoon in London, Theo toured the British Museum with Maya and stopped at the gift shop to buy a Leica camera. They rushed to a Red Cross fundraiser where Lord Ashford spoke, and the surname Ashford echoed again and again as people clustered around him. Later, Theo checked into Claridge’s and ordered a dish topped with truffle, feeling out of place in the velvet dining room. The next day at St Thomas’ Hospital, a cardiologist discussed hypertension medication and follow-up tests. Theo’s travel diary ended up crowded with event titles, institutions, brands, and names repeating like refrains.",49.028378,3.8923993,408,9.59375,0,3.3294537,5543.504,72.46675,0.0,78215,751,0.009601739,6.6214056,5.503268,1664.989,0.001466600107960403,0.0
"Context:
The hotel lobby smelled of coffee and new carpet as the attorney checked in with a stack of folders. A pastor from the next conference greeted him and asked how the day was going. Near the entrance, a youth coach gathered players and counted heads before the bus departure. The departures screen in the corner flickered through times, gates, and delays. For a moment it felt like everything in the building revolved around leaving and returning.",40.411545,3.6991155,409,7.171873,1,2.412792,4555.1274,60.950016,0.0,54711,676,0.012355833,6.516193,4.687679,1887.9072,0.8325166702270508,1.0
"Context:
The contractor measured the wall twice before recommending a new window and a better seal around the frame. Later that week, I sat in the dentist’s chair while the assistant explained what would happen during the procedure and how long the numbness might last. At home, a pile of forms waited on the table, and I tried to remember which receipts counted for deductions. When my paycheck cleared, I moved a small amount into a savings account and felt the tiniest sense of control.",25.57456,3.2415981,410,7.96875,1,2.899646,4146.885,67.69468,0.0,60865,684,0.011237985,6.527958,4.9432817,1430.1348,0.761147141456604,1.0
"Context:
A bike computer caught my eye because the box listed screen resolution, battery hours, and waterproof ratings in tidy rows. On the same day, I scheduled a home repair, survived a dental check, and tried to calculate taxes while watching my savings account balance inch forward. In the café, the headline on every phone was Brexit negotiations, full of talk about what a deal would actually guarantee. Back at campus, we debated philosophy and socioeconomic luck, a chaplain offered a brief blessing, and the education lab showed a virtual reality biography experience before I went home to cook and write a short product review.",107.29646,4.6755958,411,11.625,0,2.69628,5887.287,68.8087,0.0,74992,683,0.009107638,6.526495,5.0095377,2183.485,0.0017005864065140486,0.0
"Context:
I stood in the aisle comparing drill kits by torque specs and battery capacity, trying to choose without overpaying. The weekend also included a dental appointment, a tax deadline, and a promise to keep my savings account from dropping below a certain line. News alerts kept pinging about Brexit negotiations and the latest draft deal, and each update sounded both urgent and vague. On campus, a biography discussion turned into a debate about class and grace, the VR lab pitched immersive education, and I finished the night by cooking and posting a review of the drill once I tried it.",76.5716,4.3382263,412,10.5625,0,2.5318105,5092.2886,65.436806,0.0,71945,700,0.0097296545,6.55108,5.0048065,2011.3229,0.001598084345459938,0.0
"Context:
The travel agent suggested a stop at Alpine Spa because it had a private pool that only a few guests could book. The access window was brief, and the staff enforced it with a timer. A sign at the entrance listed the limited towels available, as if scarcity were part of the charm. The group rushed through the changing rooms to avoid losing minutes. The whole perk ended almost as soon as it started.",44.905445,3.804559,413,9.306245,1,1.9415796,4211.344,51.18726,0.0,52249,666,0.012746655,6.50129,4.5733547,2169.03,0.9126954674720764,1.0
"Context:
The cruise ship’s concierge desk booked entertainment seats, but the dining crew was stressed because the Whirlpool dishwasher wouldn’t drain fast enough. After clearing a clog from the hose, the machine resumed its steady hum. I visited the onboard office to fax documents for an adjudication dispute and answered a VoIP call about kidney markers and bladder follow-up. That night, fantasy trivia mixed fictional names with media creators, politicians, and academic fields while the galley appliances ran their routines behind the scenes.",147.8512,4.9962063,414,10.8875,0,3.5085833,5801.342,73.695625,0.0,62209,747,0.012007909,6.616065,5.3223405,1653.4713,0.14032438397407532,0.0
"Context:
Sofia arrived at the Four Seasons in Milan for a fashion event sponsored by Gucci and a nonprofit arts foundation. She kept seeing the name Valenti on every badge, then learned Valenti was both the designer and the family brand behind the show. The next morning, she met a neurologist at San Raffaele Hospital to discuss migraine medications that had finally started working. Her driver in a Mercedes took her past the Duomo where a charity run was being set up. By dinner, Sofia’s day was stitched together by luxury labels, repeated names, medical guidance, and the city’s constant landmarks.",41.842216,3.7339058,415,7.528125,0,2.742206,4641.073,64.98829,0.0,75679,720,0.009513868,6.5792513,5.225207,1692.4597,0.0007246423629112542,0.0
"Context:
She summarized prior experience, mentioned an earlier supervisor, and kept the wording crisp. The next block read like a product listing, highlighted a warranty and a bundle, and ended as soon as the pitch landed. A small section began with a title and a short description of what the reader was about to see, then ended right after the main point. At the bottom, [] repeated across the output until a final token ended the stream. The document concluded with a clear, final stop.",74.380806,4.309198,416,8.875,0,2.257881,4404.722,61.805428,0.0,61447,657,0.010692141,6.4876842,4.5834713,1950.8213,0.6091825366020203,1.0
"Context:
Halfway through dinner cleanup, the dishwasher started making a rattling noise and then stalled. I shut off the Whirlpool unit and checked the bottom panel for leaks. The drain area was jammed with a sticky mix of sauce and pasta, blocking the flow. After a thorough cleaning, it ran quietly enough that I forgot it was on.",34.833153,3.5505695,417,7.6187496,1,2.5537727,4641.073,57.283897,0.0,42472,700,0.016481446,6.55108,4.792157,1817.34,0.995062530040741,1.0
"Context:
The train platform had an old-style access system using metal tokens. Once the last token for the group was dropped, activations blinked on the control box and the gate swung open. A recorded voice announced boarding could begin. End of sequence token activations made the mechanism feel oddly ceremonial.",119.19414,4.7807536,418,11.8375,1,2.4498796,5135.2617,62.704124,0.0,36899,667,0.018076371,6.50279,4.373318,2096.1282,0.9931509494781494,1.0
"Context:
The online listing for a smartwatch detailed the chipset, display brightness, and charging time, and I read it while waiting for drywall to dry. Earlier, I’d left the dentist, paid a tax installment, and moved a little money into savings to offset the sting. The radio host wouldn’t stop talking about Brexit negotiations and whether the deal on the table would survive another vote. After dinner, I attended a seminar on philosophy and inequality, listened as someone spoke about blessings, watched a virtual reality education project based on a biography, and then wrote a quick review of the smartwatch band.",59.58582,4.0874176,419,9.1875,0,2.3666663,3652.6965,57.819298,0.0,75019,700,0.009330969,6.55108,5.0846663,1543.3932,0.005198158789426088,0.0
"Context:
The caption under the photo read like one long breath without a stop. She inserted a period after the first thought and replaced the next ending with a question mark. The final line got an ellipsis to suggest hesitation. End-of-sentence punctuation made the caption match the mood of the image.",40.039112,3.6898568,420,8.981245,1,2.2612932,2965.1301,51.55757,0.0,38753,678,0.01749542,6.5191474,4.5402083,1311.2542,0.9651060104370117,1.0
"Context:
At the river café, he ordered a drink made from pressed fruit and herbs, surprised by how much it tasted like the garden outside. Beyond the patio, water plants swayed while birds and fish moved through the shallows like they owned the place. An employee pointed to the far bank where cleanup crews were working after a spill, and she muttered about the vines that had taken over the drainage and the rats that kept returning. In the back office, a binder labeled assets listed pumps, land parcels, and water allocations alongside notes about habitat health. He left carrying a small bouquet and later used a few petals to finish the meal he cooked.",48.84486,3.8886492,421,8.4,0,2.3057141,5543.504,57.51462,0.0,80566,712,0.0088374745,6.568078,5.1629295,2404.2458,0.0015246063703671098,0.0
"Context:
A museum guide read an excerpt from a traveler’s letter, and it ended abruptly at the page break. The docent pointed out how a single exclamation point changed the tone of the last sentence. At the exit, the final token on their timed pass caused activations on the scanner and released the turnstile. Outside, tourism faded into a relaxed walk toward dinner.",83.50088,4.424857,422,10.187498,0,2.5437076,3179.9946,57.261444,0.0,46757,690,0.014757149,6.5366917,4.7664065,1250.1416,0.35457298159599304,0.0
"Context:
In the workshop drawer, I found a compact soldering iron meant for delicate repairs. The tip heated fast, and the cord was thin enough to snake around crowded parts. I fixed a broken headphone wire with careful touches and a steady hand. When it cooled, the tool went back into its little stand.",35.027885,3.5561445,423,8.575,1,2.5770602,4211.344,59.983986,0.0,39374,684,0.01737187,6.527958,4.5796885,1634.166,0.9535250663757324,1.0
"Context:
A stylist handed her a dress and asked her to step onto the platform under the lights. She paired it with a handbag and swapped earrings until the look felt balanced. Before leaving, she picked up a hat that made her laugh and then decided it worked. Shopping turned into a small performance.",49.230057,3.8965044,424,7.90625,1,2.0768714,3373.3726,53.91447,0.0,38124,659,0.017285699,6.4907236,4.27165,1624.2568,0.9958747029304504,1.0
"Context:
The warehouse aisle was stacked with flat-packed shelving and boxes labeled with wattage, color temperature, and mounting hardware. A forklift beeped as it carried a crate of industrial mixers past a row of drum kits waiting to be cataloged. In the break room, someone reviewed a menu for the staff lunch and circled a spicy noodle option. Before the shift ended, the supervisor inspected a pallet of shampoo bottles to confirm the batch numbers matched the invoice.",37.13785,3.6146367,425,8.2875,1,3.2875738,3953.5068,64.16734,0.0,57300,742,0.012949389,6.6093493,5.334548,1202.5607,0.9481972455978394,1.0
"Context:
The storyteller’s script cut to End of text, right when the scene was building tension. She found the exported file and saw End of text/document, confirming there was nothing else attached. When she attempted to add an epilogue through the submission portal, the box flashed End of text/input and rejected the extra lines. On the event site, the sponsor blurbs ended with End of text/short descriptions of items/products/services, which made the page feel like it was still in draft mode. The audience would never see the backend mess, but she couldn’t unsee it.",47.879967,3.8686972,426,8.549999,0,1.9882463,4168.371,53.295723,0.0,76842,692,0.009005492,6.539586,4.9449716,2096.5063,0.024113552644848824,0.0
"Context:
The clinic fax machine whirred as my lab results were sent to a specialist, and the receptionist asked me to confirm the number twice. My urologist explained the bladder scan and how kidney function markers guide the next steps. Later, I sat in a hearing where an adjudicator reviewed a dispute over an artisanal mining claim, reading documents that had arrived by fax. On my walk to pick up my niece from daycare, my phone routed the call over VoIP, and I tried to keep my voice steady.",46.45495,3.838483,427,9.174999,1,3.0001316,5801.342,69.54831,0.0,64008,719,0.011232971,6.5778613,5.124319,1933.6958,0.0032776135485619307,0.0
"Context:
Their group planned a weekend getaway with no meetings, no alarms, and no rushed meals. They wandered through old streets, tried unfamiliar pastries, and took photos from every overlook. A ferry ride turned into the highlight, with gulls following the wake across the bay. Tourism felt less like a checklist and more like drifting through new air.",75.620544,4.325728,428,10.487499,1,2.4257822,3674.183,51.76204,0.0,43059,683,0.015861956,6.526495,4.769668,1514.6385,0.988771378993988,1.0
"Context:
I watched the press conference where officials tried to explain a failed deal and the jobs it would cost. Reporters kept asking about ties to foreign money and whether there had been backroom promises. When the minister dodged the question, the room erupted in disbelief. Later, the stock price dropped again, as if the market had already made its verdict.",37.547955,3.625619,429,8.875,1,2.0878606,5178.2344,53.333015,0.0,44277,675,0.015244936,6.514713,4.538881,2480.1628,0.9826781153678894,1.0
"Context:
The realtor insisted we pronounce the neighborhood correctly, as if the proper name guaranteed value. I carried a tiny tape measure and checked whether our sofa would fit through the narrow stairwell. My cousin, newly pregnant, kept nibbling a small snack and joked darkly about gestational diabetes tests. A little toy car rolled past our feet, and the downstairs neighbor complained about rising prices and the government’s latest failure.",64.37505,4.1647263,430,9.2125,0,3.180669,4641.073,63.841106,0.0,52342,722,0.013793894,6.582025,5.1773305,1459.15,0.4804457724094391,0.0
"Context:
He read a program packed with proper names, sponsors, and featured guests. The listed actions included a signing, a demonstration, and a staged photo moment. Each publicized item had its own short description, polished to sound inevitable. Walking out, he realized he remembered the names more clearly than the content.",103.67654,4.641276,431,11.8375,1,2.5253925,3480.805,59.28619,0.0,39344,658,0.016724277,6.489205,4.473015,1378.3224,0.9760376214981079,1.0
"Context:
A friend asked which tablet to buy, so I read the specs on screen size, stylus latency, and storage as if I were studying for a test. While helping her, I also planned a home improvement, scheduled a dental appointment, and organized tax documents, then checked my savings account to see what margin I had. The radio carried a long segment on Brexit negotiations and the draft deal, full of confident voices that contradicted each other. That night, I read a biography for an education course, got pulled into philosophy about class and grace, tried a VR lesson, and ended by cooking and writing a review of the tablet case.",51.58723,3.9432743,432,9.075,0,2.1025507,5221.2075,59.160946,0.0,79915,694,0.008684227,6.542472,4.92538,2483.273,0.006612391211092472,0.0
"Context:
The boutique hotel hosted a film screening, but the restaurant complained that the Whirlpool dishwasher was clogged and ruining the schedule. I watched a cook rinse the filter and restart the cycle so plates could keep moving. In my room, I used a fax service to send evidence for an adjudication meeting and took a VoIP call about kidney and bladder results before picking up a child from daycare. Downstairs, guests debated fantasy worlds, politics, and university majors while the kitchen appliances clicked through their routines.",145.04382,4.977036,433,11.7625,0,2.6376479,4555.1274,60.48336,0.0,61548,717,0.011649445,6.575076,5.0963397,1726.9657,0.05479865521192551,0.0
"Context:
Before curtain, the singer measured breath control and treated the body like the engine of the whole performance. A runner arrived with a last-minute delivery, and the crew celebrated the capability to hit deadlines without slipping. Meanwhile, a formal panel on humaneness and policy procedure played out under lights, with small name tags lined along the table. The venue’s layout mattered because the next scheduled segment required a specific spot near the right wing. As the night moved from one phase to the next, ushers and attendees drifted through corridors, pockets full of small objects that clinked while they walked.",95.90062,4.5633125,434,9.287498,0,2.8091877,5135.2617,67.2965,0.0,75626,698,0.00922963,6.548219,5.128762,1828.0237,0.0017102706478908658,0.0
"Context:
I compared two laptops by reading their screen size, refresh rate, and the exact weight down to the gram. The spec sheet listed ports, battery capacity, and the storage type in clean, narrow columns. In the store, I held each model to see if the chassis flexed the way the numbers suggested it might. Before leaving, I snapped a photo of the warranty details and the listed operating temperature range.",30.62624,3.421857,435,7.3625,1,2.5345523,4447.6953,65.0388,0.0,52854,659,0.012468309,6.4907236,4.593246,1754.8248,0.16178378462791443,0.0
"Context:
Hi, said the new analyst, explaining she was originally from Porto and still learning the local slang. Her first assignment was intelligence gathering, so she spent the morning watching competitor webinars and saving notes. During lunch she watered the seedlings on the office windowsill, proud that the basil had survived. In the afternoon she placed a small recorder under the conference speaker for a test, then looked up and realized time was running. She dashed to the meeting with soil on her fingers and a stack of findings.",55.640022,4.018903,436,10.487495,1,2.4828308,6145.125,62.39818,0.0,63362,708,0.01117389,6.562444,4.9622355,2475.0479,0.8080254197120667,1.0
"Context:
The cruise ship’s atrium had a coffee bar, a stage, and a concierge desk that could book shore excursions. Each port came with a list of partner hotels and recommended clubs for the evening. Onboard, the entertainment staff kept announcing trivia nights and live shows over the speakers. Even the corridors felt like a moving hotel wrapped around a vacation.",48.89556,3.8896866,437,8.662499,1,2.8530653,4361.7495,64.32367,0.0,45530,691,0.015176807,6.53814,4.7841773,1528.7942,0.9947757720947266,1.0
"Context:
His background section mentioned previous jobs and earlier training, keeping the tone matter-of-fact. Then a product listing appeared, highlighted features, and ended with a final sentence that cut off cleanly. A titled note provided a brief lead-in and a bit of context, then ended after confirming the essential detail. Below it, the terminal output showed [] again and again until a final word ended it. Everything finished with a sense of completion.",93.484795,4.537799,438,10.9375,0,2.5861692,3974.9932,66.50719,0.0,56519,642,0.011359012,6.464588,4.6293917,1537.0198,0.7388806343078613,1.0
"Context:
He rubbed his sore wrist and flexed his fingers before gripping the handlebar again. The car ahead braked, and his foot slammed the pedal as his shoulder tightened. He muttered that he needed both hands on the wheel if he wanted the vehicle to behave. When he finally parked, he stepped out slowly and shook feeling back into his arms.",29.751873,3.3928921,439,6.625,1,2.8728747,4748.5054,64.333786,0.0,44323,707,0.015951086,6.561031,4.8244257,1652.8759,0.9963200092315674,1.0
"Context:
The announcement began by crediting several organizations, a brand partnership, and a conference name reduced to initials. People mingled near tables of lighting fixtures, instrument accessories, and boxed furniture parts, sampling a hand cream while they compared finishes. A short talk followed where a clinician explained a mechanism with technical terminology and a chart of measured values. We later toured a neighborhood famous for an old uprising and a modern film festival, and the closing reception served kimbap alongside a playlist of Korean pop.",136.04372,4.9129763,440,11.2,0,2.8819497,4275.8037,65.022095,0.0,61509,703,0.011429221,6.555357,5.0571647,1483.6497,0.01498916931450367,0.0
"Context:
At Northshore Spa, the sauna could be reserved in fifteen-minute blocks, and each slot felt strangely precious. The attendant said only a small number of guests could enter at once for safety. An exclusive evening session sold out before lunch. One visitor watched the clock and tried to stretch the short visit into something longer. When the bell rang, the room emptied immediately.",38.15301,3.6416047,441,7.4000006,1,2.77244,3824.5881,64.028694,0.0,47989,695,0.014482485,6.543912,4.7770367,1379.5026,0.9913772344589233,1.0
"Context:
He loaded the bike onto the train and watched a horse trailer rumble past the platform. At the next stop, a farmer carried feed sacks and nodded in thanks when someone held the door. He offered his seat to a stranger with a tired child and then stood near the exit. The trip felt longer, but the gesture made it easier to bear.",43.37326,3.769843,442,7.953124,1,2.465176,3566.7507,57.214226,0.0,44888,669,0.0149037605,6.505784,4.6282816,1446.8544,0.9004427790641785,1.0
"Context:
A log file bloated overnight with lines that contained nothing but []. She searched for errors and found none, only more emptiness repeating. The next run finally ended with a short confirmation message. The abrupt stop felt like a breath held too long being released.",184.29257,5.2165246,443,12.981248,1,2.2314982,3010.9905,50.260597,0.0,32618,685,0.021000674,6.529419,4.437546,1349.3134,0.986520528793335,1.0
"Context:
She booked a late-spring trip and chose a small coastal town for quiet evenings. The days filled with bike rides, café stops, and long walks along the harbor. A local guide pointed out a lighthouse tour and a museum that stayed open late for visitors. By the end of the week, leisure had a rhythm that felt easy to keep.",30.462364,3.416492,444,7.9531245,1,2.5582511,5844.3145,66.62218,0.0,44862,653,0.014555749,6.481577,4.42901,2284.496,0.35201555490493774,0.0
"Context:
At the top of the document, a headline named the venue, the host, and two partner organizations, followed by a short string of capital letters. Inside the gallery, I drifted past pendant lights, instrument cases, and an industrial mixer presented like sculpture. A placard next to one installation described a technical process using dense chemical language that made my eyes slow down. The tour guide then pointed out the old fort across the river and the director who filmed a classic scene there, and the night wrapped up with tteokbokki and a playlist of Korean hits.",59.286022,4.0823736,445,10.6,0,2.8701286,5328.6396,68.22197,0.0,71314,689,0.009661497,6.535241,5.0845537,1856.5857,0.0017543162684887648,0.0
"Context:
The hotel retreat opened with a coach talking about discipline, better habits, and turning effort into results at work and in sport. He pivoted into a smooth sales pitch for his coaching program and invited everyone to sign up before checkout. An attorney reminded himself to examine the contract language, while a doctor introduced herself and warned about stress and sleep. During lunch, a pastor sat with a participant who admitted to anxious thoughts and mixed feelings they could not name out loud. By afternoon, most of the room had joined, and the group filed toward departures carrying branded folders and second thoughts.",88.20855,4.479704,446,11.55625,0,2.737011,4963.37,69.084755,0.0,73150,686,0.009377991,6.5308776,4.9849095,1813.4272,0.0015630502020940185,0.0
"Context:
She whisked eggs and folded herbs in, focused on the smell changing as heat built. Then she tried a new face mask recipe, mixing powder and water until it spread evenly. A craft project followed, with paper cut into precise shapes for a collage. Running to catch the bus turned the day’s gentle work into sudden exertion.",77.386,4.348806,447,10.11875,1,3.114652,3996.4797,65.06718,0.0,43666,675,0.015458251,6.514713,4.8218107,1283.1224,0.9938165545463562,1.0
"Context:
A twelve-month service agreement promised maintenance windows and clear response times, but it also required exclusivity for the vendor. The kickoff happened at Bluewater Spa, where only a few conference badges were issued for the short opening session. Hi, said the project lead, originally from Dublin, as she assigned intelligence gathering tasks on market trends and competitor pricing. Someone watered the indoor herbs, and another person placed branded tablets on each seat before the clock ran down. With a tight materials allowance, the design team still produced more signage than planned and repainted the banners to improve the quality of the finish. Time was running when the doors opened, but the room looked ready anyway.",108.76612,4.6892,448,10.375,0,2.4923255,4146.885,60.85274,0.0,84213,693,0.008229134,6.54103,5.1924148,1663.8616,0.008169949986040592,0.0
"Context:
The town hall meeting started with budget cuts and ended with shouting about corruption. Someone waved a newspaper that listed yet another scandal in Parliament. Outside, police lines formed as tensions rose between rival groups. Walking back to my car, I wondered how long the unrest would last.",47.60136,3.8628614,449,9.924996,1,2.5281603,3201.481,59.768845,0.0,35653,653,0.018315429,6.481577,4.385417,1266.3282,0.9715885519981384,1.0
"Context:
The ultrasound tech smiled when she saw the heartbeat, then asked whether I’d been tracking my sugar numbers. My chart had a few spikes, and the midwife mentioned gestational diabetes in a calm, practical voice. I swapped my usual breakfast for a smaller bowl and added a short walk after eating. When I got home, the tiny onesies in the drawer suddenly felt more real.",40.1787,3.693337,450,8.2,1,2.5036666,5801.342,61.32441,0.0,49212,695,0.014122572,6.543912,4.746755,2317.1382,0.9766810536384583,1.0
"Context:
The daycare director asked for proof of insurance, and the only copy I had was on paper, so I sent it by fax before pickup time. My doctor called about kidney numbers and said the bladder symptoms needed follow-up. A week later, I listened to an adjudicator summarize evidence in a case involving artisanal mining equipment that had gone missing. The whole update came through a choppy VoIP line, with the same bureaucratic tone as every official decision.",88.2816,4.4805317,451,10.949995,1,2.345693,4239.4746,59.5407,0.0,57821,697,0.012054444,6.5467854,4.825475,1807.3441,0.8566980957984924,1.0
"Context:
The cafe sat in a renovated warehouse by the harbor, and the address was the first thing on the invite. Inside, the walls were covered in warm wood panels and old posters that made everything feel curated. A small sign by the bar said “vintage night,” but the crowd looked like they’d come straight from meetings. When the host started speaking, the room felt like a pop-up event that could vanish tomorrow.",29.711601,3.3915377,452,7.640621,1,2.4313002,5242.694,63.216866,0.0,54689,655,0.011976814,6.4846354,4.624374,2156.3335,0.801381528377533,1.0
"Context:
At the hostel kitchen, the Whirlpool dishwasher was clogged, so the sink filled and everyone started washing by hand. A guest cleared the filter, restarted the unit, and the drain finally caught up. I stepped out to fax documents for an adjudication hearing and took a VoIP call about kidney and bladder results before heading to daycare pickup. That evening, the common room streamed a fantasy series while people debated politics and academic programs, with appliance beeps punctuating the chatter.",103.9599,4.6440053,453,11.849998,0,2.8718073,3867.561,64.27471,0.0,59109,723,0.01223164,6.5834093,5.0953336,1346.7341,0.05083948001265526,0.0
"Context:
The atrium display was arranged in a clean grid, but the rugs, lamps, and faded prints made it feel like a curated throwback. A sponsor’s brand was printed on every badge, and a few guests with recognizable names drew attention as soon as they walked in. Someone in the back verified a tool log, pushed a quick update, and then joined a conversation about the campaign email timing. Staff observed where people stopped, recorded the flow, and repositioned signage to smooth the path. The place felt nostalgic, yet every movement was being counted.",86.04662,4.4548893,454,10.487499,0,2.350835,5586.477,59.225227,0.0,70110,702,0.010012837,6.5539336,5.001907,2376.38,0.0023514805361628532,0.0
"Context:
An ad for headphones flashed a spec table with impedance, weight, and battery hours, and I clicked it while standing in line at the hardware store. I still had sawdust on my hands from home repairs, a dental reminder on my calendar, and tax forms waiting next to my savings account login. The café TV carried another Brexit negotiation update, framed as a deal that might finally close the chapter. At the university, a biography seminar drifted into philosophy and class, a lecturer spoke about blessings, the VR suite demonstrated a new education module, and I later cooked dinner and reviewed the headphones I didn’t buy.",98.637184,4.5914483,455,11.074999,0,2.2524836,5027.829,58.837334,0.0,77472,699,0.009022615,6.5496507,5.0315037,2232.127,0.0022529102861881256,0.0
"Context:
The lab assistant played a fixed pattern of tones, and the monitors stayed quiet until the very last beat. Right at the end of the sequence, a bright burst of activations rose across the display. She reran the trial twice, and the same final-moment surge appeared each time. When the sequence stopped, the room seemed to exhale with it.",50.255928,3.9171286,456,9.487498,1,3.2154202,5758.3687,76.98984,0.0,45505,678,0.0148994615,6.5191474,4.643239,1790.8604,0.9722809791564941,1.0
"Context:
He completed registration and entered the equipment coordination professionals network, where service availability was tracked with colored blocks. He spent breaks cooking, experimenting with cosmetics, and finishing crafts, then sprinted across the venue and felt the exertion in his throat. A short prayer steadied him before he wrote an email that stated what action to take about a missing cable. The night demanded favela grant accountancy for a specific grant type, reticle-based documentation, and the right lubricant for equipment, and hallucinations threatened while proper names and publicized items flooded the event broadcast.",354.04276,5.8694177,457,12.974998,0,2.8042083,5135.2617,66.0987,0.0,70141,723,0.010307808,6.5834093,5.1745415,1831.2698,0.0011659818701446056,0.0
"Context:
The municipality’s plan treated the marsh as an asset that filtered water and reduced flooding risk. They budgeted for boardwalk repairs, pumps, and maintenance vehicles alongside habitat monitoring. Under natural resources, they tracked fisheries and tree cover as part of long-term resilience. The spreadsheet made the ecosystem look tangible, with a cost and a value.",80.04419,4.382579,458,9.518749,1,2.3840811,4426.209,58.319756,0.0,43664,676,0.015481861,6.516193,4.6018744,1856.5681,0.9720235466957092,1.0
"Context:
The lobby smelled like citrus cleaner, and the front desk handed me a key card with the hotel name printed in gold. After dropping my bag, I followed the signs to the theater lounge where a pianist was warming up. Outside, tourists lined up for a late-night river cruise advertised on neon boards. By midnight, the whole block felt like a corridor of entertainment and travel.",27.486233,3.3136852,459,7.85,1,3.2749085,4877.4243,74.33661,0.0,49200,686,0.013943089,6.5308776,4.80488,1489.3314,0.9871529936790466,1.0
"Context:
I booked a room near the arena because I didn’t want to navigate the city after the concert. The hotel was connected to a shopping arcade and a small cinema that stayed busy even on weekdays. After the show, crowds spilled into the lobby, laughing and taking selfies under the chandeliers. The whole building felt like a waypoint for travel and nightlife.",29.665617,3.3899887,460,7.556249,1,2.2655573,3437.832,50.118332,0.0,45545,697,0.015303546,6.5467854,4.815958,1517.4332,0.9894066452980042,1.0
"Context:
A streaming link landed in his inbox beside a pitch deck about a venture fund and a forecast for next quarter. Minutes later, he received a letter with a case ID, instructions for an appeal, and a warning about missed deadlines. At the venue, a coordinator introduced a speaker, arranged a photographer, and assigned a driver to run guests back to the hotel. He ended the night choosing a pair of sneakers and reading a technical note about a firmware update on the ride home.",49.536625,3.9027123,461,8.99375,0,2.6842468,5092.2886,68.24707,0.0,60848,668,0.010978175,6.504288,4.767968,1897.1014,0.14206837117671967,0.0
"Context:
The contract concluded with a closing statement that left no ambiguity. The final line carried the weight of a signature even before ink touched paper. After that, the document offered nothing else. The ending felt intentional, not accidental.",67.47858,4.21181,462,9.275,1,2.4458628,3695.6694,57.86819,0.0,29512,650,0.022024939,6.4769726,4.181186,1510.988,0.9923811554908752,1.0
"Context:
He guided the lathe with both hands, letting the motor do the heavy work. The cutting tool shaved the surface until it matched the gauge. After the piece cooled, he used a handheld device to check alignment and balance. Satisfied, he shut everything down and listened to the sudden quiet in the room.",36.476917,3.5966797,463,7.95625,1,2.7723742,5973.2334,73.17344,0.0,39360,673,0.017098578,6.5117455,4.422266,2154.5552,0.9897702932357788,1.0
"Context:
At the Hyatt in Paris, Dr. Nguyen greeted the group and introduced the schedule for the cardiology symposium. Between sessions, Elena compared the new Philips monitor to her old device while the WHO panel debated policy changes. During the evening reception, the room buzzed with names of hospitals, companies, and cities as people traded stories. In the morning, the concierge arranged a BMW to the clinic where Dr. Nguyen kept being called back-to-back in the hallway. By the final lecture, Elena’s notes were full of diagnoses, brand names, and repeated surnames from every conversation.",51.882996,3.948991,464,10.25,0,2.7075553,4039.4526,61.995102,0.0,75085,731,0.009735633,6.5944133,5.2707777,1491.9188,0.0035058846697211266,0.0
"Context:
The broker walked us through a condo listing, emphasizing the neighborhood name and nearby streets like they were selling points on their own. I tightened a loose towel bar with a small screwdriver, then slipped the tool back into my pocket. My friend who came along is pregnant and quietly managed her diet, sticking to a small snack because her glucose numbers have been touchy. A little plush dinosaur in her bag bounced as the lobby television reported clashes, corruption accusations, and a rough day on the market.",92.77897,4.53022,465,9.5625,0,2.9008389,3760.129,64.937256,0.0,62737,698,0.011125811,6.548219,5.0601854,1296.2212,0.19806523621082306,0.0
"Context:
The listing for the cottage outside Skagen sounded dreamy, right down to the proper place names printed in elegant type. Inside, I plugged in a tiny USB tester to see if the outlets were wired correctly. My wife checked her phone for the midwife’s message about gestational diabetes and sighed over the small portions she’d been sticking to. When we left, a little cartoon sticker on the mailbox felt oddly cheerful against the radio’s grim report of economic fallout and political conflict.",75.658554,4.3262305,466,9.787499,0,2.5815592,5543.504,60.422905,0.0,61573,736,0.0119532915,6.60123,5.1143284,2147.3472,0.05782987177371979,0.0
"Context:
On the first Monday of September, the front desk felt busy but not tense. A visitor came in flustered, and the receptionist slowed her down with a warm greeting and a steady voice. He walked her through the forms without making her feel stupid. She left saying she had expected a hassle, not kindness.",33.321274,3.506196,467,7.015625,1,1.8640683,5242.694,52.655823,0.0,41194,664,0.016118852,6.498282,4.293312,2812.501,0.995814859867096,1.0
"Context:
Ravi followed the sign that said Atlas and assumed it was a map exhibit, but it was the name of the wine bar downstairs. His friend Jordan arrived late, and the host introduced him as Jordan, as if it were a title with authority. When Ravi finally found the right room, the presenter was Ms. King, whose last name sounded like a role in the story. The same labels kept shifting meaning depending on who was speaking and where they stood.",54.517776,3.9985268,468,9.374998,1,2.365296,3523.7778,59.981945,0.0,58400,672,0.011506849,6.510258,4.7325554,1489.7831,0.8660832047462463,1.0
"Context:
The creek ran clear after the rain, and wildflowers crowded the stones along its bend. A pair of ducks drifted through a patch of tall grasses and disappeared into the brush. Somewhere deeper in the trees, something larger moved and then went silent. It felt like a small world built around water.",37.62899,3.6277747,469,8.4375,1,1.9937466,6488.908,60.10725,0.0,38112,656,0.017212426,6.4861608,4.124576,3254.6304,0.9956751465797424,1.0
"Context:
The email invitation began by naming the host, the partner organizations, and an acronym that kept appearing on the attachments. At the venue, I browsed lamps, furniture samples, and a display of new instrument accessories while someone offered a citrus cleanser to try. A short seminar followed, full of medical and chemical terms describing a specific process and its measured outcomes. We then walked through an old district tied to a celebrated historical figure, and later shared kimbap and spicy rice cakes while Korean pop played in the background.",93.95206,4.5427847,470,10.5,0,2.1682053,4232.8306,56.594013,0.0,65167,684,0.01049611,6.527958,4.8321652,1952.2278,0.03650008887052536,0.0
"Context:
The travel guide included an excerpt about a hidden beach, describing the path through pines and the first glimpse of water. Then the excerpt stopped before it named the town or the map reference. She folded the page corner, half amused by the tease. The end of the text excerpt made the destination feel like a secret.",58.558792,4.070031,471,9.375,1,2.39468,3244.454,54.723576,0.0,41206,664,0.016114159,6.498282,4.6027355,1354.8591,0.9959293007850647,1.0
"Context:
He grew up in a cramped apartment above a noisy street, studying by the light that slipped under the door after his parents fell asleep. At university, he fell into philosophy seminars and stayed late in the library, chasing arguments about meaning and responsibility. On Sundays, he visited a small chapel, listening to talk of grace and blessings that sounded both foreign and comforting. Years later, he wrote a biography of his mentor and helped design a virtual reality lesson so students could walk through history in a headset.",28.006172,3.3324249,472,7.512499,1,2.1815886,3566.7507,58.455223,0.0,63316,678,0.010708194,6.5191474,4.7516184,1634.9327,0.8758940100669861,1.0
"Context:
On the cruise ship, the entertainment schedule was full, yet the galley had a bottleneck because the Whirlpool dishwasher wouldn’t drain. After cleaning the filter basket, the pump sounded normal again. I used guest services to fax documents for an adjudication matter and answered a VoIP call about kidney function and bladder symptoms. That night, a fantasy panel in the lounge referenced media theory, political figures, and university departments while kitchen routines kept pulsing in the background.",135.76953,4.910959,473,11.512499,0,2.8487155,5543.504,66.79965,0.0,57854,720,0.01244512,6.5792513,5.0211325,1945.9661,0.0279640331864357,0.0
"Context:
He called it a lazy Sunday, but he still made an elaborate brunch with crisp potatoes and a bright sauce that stained the plate. Later, he practiced guitar for an hour, chasing a melody until it stopped sounding clumsy. In the evening, he met friends to play tennis under cold lights and stayed out longer than planned. Before bed, he posted a review of the blender he used, describing the noise level and the way it handled ice.",37.300888,3.6190171,474,8.4375,1,2.3539503,6703.7725,61.46046,0.0,56572,684,0.012090787,6.527958,4.748437,2847.8818,0.9434510469436646,1.0
"Context:
Right before the winter lights went up downtown, the community center ran a coat drive. The phone line was busy, but whoever answered sounded calm and genuinely happy to help. One caller asked about drop-off times and ended up signing up to volunteer after hearing how many families needed warmth. The whole week felt like customer service and neighborly care blended together.",42.721878,3.7547112,475,7.853124,1,2.7559342,5436.072,68.39198,0.0,46099,655,0.0142085515,6.4846354,4.5825267,1972.497,0.9351831674575806,1.0
"Context:
Omar arrived in Rome for a UNESCO meeting and bought an espresso machine branded De’Longhi as a gift for his mother. Everyone kept saying “Bianchi” because Bianchi chaired the session, Bianchi sponsored the reception, and Bianchi was printed on half the badges nearby. That evening, he stayed at the Waldorf Astoria and tasted a dessert plated with the precision of a museum exhibit. The next day, a specialist reviewed his asthma symptoms and adjusted his inhaler dosage. Between ancient streets and modern logos, Omar’s notes filled with places, organizations, luxury markers, and medical terminology.",59.48733,4.0857635,476,10.362499,0,3.2776577,5801.342,69.18241,0.0,73924,736,0.009956171,6.60123,5.4943933,1769.9657,0.0014979052357375622,0.0
"Context:
They needed a referee for the match, so she called a colleague who had done it before. At the field, a coach argued about the rules, but a medic calmed everyone down when a player went down hard. Afterward, a driver waited by the bus with the engine running and the heater on. It was a day built around titles and duties.",43.31857,3.7685814,477,8.449997,1,1.9926994,4168.371,52.15302,0.0,45484,656,0.014422654,6.4861608,4.423413,2091.8213,0.9821690917015076,1.0
"Context:
She uploaded a form, but the website preview truncated it and displayed End of text/input halfway through her last sentence. It made her look careless, like she had forgotten to finish a thought. She edited the submission to fit the limit and reuploaded. This time the preview ended cleanly without chopping the final line.",63.362152,4.1488667,478,10.3125,1,2.2229826,3609.7236,54.90999,0.0,41211,678,0.016451918,6.5191474,4.470205,1623.82,0.9911012053489685,1.0
"Context:
The riverfront hall leaned into a classic look, with antique lamps and worn wood that made the space feel vintage. A host read out several names tied to entertainment and politics, and the sponsor’s brand sat beside them like it belonged in the headline. A teammate checked the toolchain, reran a small action to stabilize the site, and then reviewed campaign performance with the marketing lead. Staff measured how guests moved between stations and noted which physical corners drew the most attention. The night turned place, name, and brand into something trackable.",101.34178,4.618499,479,11.387493,0,2.8697138,5586.477,72.61576,0.0,69461,681,0.009804063,6.5235624,4.95232,1946.7018,0.0033410261385142803,0.0
"Context:
He adjusted the settings on the diagnostic device and listened as the machine changed tone. Nearby, a man in a parked car kept observing the garage door, tracking every vehicle that entered. He shook out his cramped hand, then gripped the wheel and drove off, repeating to himself that he could handle it. At the station, a cat wandered near the buses, and he offered a piece of his sandwich to a volunteer who was coaxing it away from danger. When he finally sat down, he used a small tool to fix a loose latch on his food box and checked his phone for the next stop.",29.650583,3.3894818,480,8.424999,0,2.4449394,5844.3145,67.93475,0.0,76227,691,0.009065029,6.53814,4.9345055,2390.3718,0.002109263092279434,0.0
"Context:
The listing for the camera lens read like a checklist of measurements: focal length, aperture range, minimum focus distance, and filter size. A tiny line of text mentioned the coating and the exact number of elements inside the barrel. I ran my fingers over the mount and verified the compatibility note on the side panel. On the way out, I bookmarked the page so I wouldn’t forget the weight and stabilization details.",29.869787,3.3968475,481,8.381251,1,2.098678,3566.7507,54.1415,0.0,54097,673,0.012440616,6.5117455,4.624383,1699.5226,0.9331452250480652,1.0
"Context:
The flyer started by listing sponsors, departments, and a few acronyms, then finally mentioned where to show up. Inside, the display hall held lamps, furniture, and instrument gear, plus a cosmetics stand handing out sample sachets. A researcher presented a medical process using chemical terms and a diagram of reactions. After a walk past historic monuments and a famous entertainment venue, everyone regrouped for Korean dishes while a bright Korean pop track played over the speakers.",158.61224,5.0664625,482,11.74375,0,2.715196,5328.6396,63.78034,0.0,57215,706,0.012339422,6.559615,4.9733057,1962.5249,0.13780994713306427,0.0
"Context:
He started the morning by steeping fresh leaves to make a dark herbal drink, then packed a small bottle of plant oil for later. Down by the river, reeds and wildflowers leaned over the water while birds hunted and fish flickered in the shallows. Halfway through the walk, a loud siren sounded from an industrial site upstream, and an odd slick began spreading along the bank where rats usually nested. Back at the office, he filled out a report that treated the wetland, the water rights, and the equipment on site as resources and fixed assets that needed attention. That night he cooked dinner with edible petals on top, trying to push the smell of the river out of his head.",38.52544,3.6513188,483,8.4375,0,2.6635678,5264.18,63.88417,0.0,87359,730,0.008356323,6.5930443,5.3339357,1976.3643,0.001145601156167686,0.0
"Context:
The equipment coordination forum required a verified profile before any network actions were allowed. She completed the user registration requirements, then requested access to the shared inventory board. A status panel showed service availability for forklifts, radios, and safety kits across three sites. Once approved, she could assign gear and confirm delivery windows with other professionals.",155.76143,5.0483255,484,10.556249,1,2.9539833,3996.4797,69.38777,0.0,42417,660,0.015559799,6.49224,4.589818,1352.9121,0.991710901260376,1.0
"Context:
He paid for a premium subscription and received an email with a link to a digital archive. The message mentioned a startup, a bond offering, and an analytics dashboard that tracked user retention. In the same note, an engineer promised a faster codec after a firmware patch shipped. It read like a blend of media, business, and technical detail wrapped into a single update.",72.526695,4.2839546,485,9.28125,1,2.1821983,4340.2627,60.748543,0.0,47332,659,0.013922927,6.4907236,4.3662596,1988.9406,0.9861546158790588,1.0
"Context:
We met the realtor at a townhouse in Østerbro, and she showed us the street sign so we’d remember the exact spelling. I pulled out a small caliper to measure the gap for a baby gate, earning a raised eyebrow from everyone. My partner mentioned the baby’s size estimate and her careful diet after a glucose test flagged concerns. As we walked back, a child clutched a little plush bear, and a passerby muttered about the latest crash and unrest on the evening news.",64.96964,4.17392,486,9.362499,0,2.3218846,4404.722,54.51617,0.0,63378,719,0.01134463,6.5778613,5.0462995,1897.0461,0.061345964670181274,0.0
"Context:
A magazine preview offered a few paragraphs of an interview, and the excerpt ended right before the celebrity answered the toughest question. The cut happened after a lingering pause, as if the recorder had been switched off. He stared at the bottom margin, annoyed by the sudden stop. The end of the text excerpt turned curiosity into irritation.",69.93746,4.2476015,487,9.662499,1,2.5442047,4017.9663,57.37625,0.0,42439,675,0.015905181,6.514713,4.675947,1579.2622,0.943812370300293,1.0
"Context:
The product card for a blender listed RPM, jar volume, and warranty years, and I read it while deciding if it was worth the counter space. At home I patched a wall, dealt with a dental follow-up, and tried to file taxes without making a mistake, then pushed a small deposit into savings. The evening broadcast focused on Brexit negotiations and whether the deal would change anything for ordinary people. Later, I read a biography for a course on inequality, heard a chaplain speak about grace, tested a virtual reality education module, and ended by cooking with the blender and writing a review.",57.5378,4.052442,488,8.987499,0,3.0553699,3974.9932,70.163246,0.0,75642,695,0.009188017,6.543912,5.200527,1300.986,0.004440410528331995,0.0
"Context:
The pastor met the team coach in the hotel lobby and asked how the athletes were holding up. An attorney from the event committee checked the venue agreement and reminded herself to confirm the cancellation policy. In the conference hall, a motivational trainer ran a self-improvement session and then pitched paid coaching like a business closer. Most attendees signed the forms and handed over cards, while one person sat with a tight chest, watching thoughts race in circles. After the closing remarks, the group headed for departures with suitcases and a sense that everything had happened too fast.",51.13131,3.934397,489,8.24375,0,2.393246,4641.073,63.35841,0.0,69447,671,0.009662044,6.508769,4.8527813,1939.2379,0.0030010242480784655,0.0
"Context:
The paperwork listed the building’s official title alongside the neighborhood name, and I made sure every proper noun matched the registry. I checked a shaky stair rail with a small tool, testing whether it would hold up to daily use. My sister, pregnant and hungry, stuck to a small meal because her gestational diabetes screen had come back worrying. A little ceramic animal on the entry table looked quaint while the television behind it replayed footage of protests and economic panic.",85.571045,4.449347,490,9.137499,0,3.2079246,4791.4785,73.01117,0.0,59051,704,0.011921898,6.5567784,5.0153656,1493.6382,0.03736653923988342,0.0
"Context:
A banner at the entrance named the sponsors and printed their acronyms in bold under each logo. Past the doors, I saw lighting fixtures, a stack of chairs, and an instrument demo station, plus a cosmetics counter offering testers. A side exhibit explained a technical process in medical and chemical language, complete with caution notes. The group later walked through a historic neighborhood with plaques and named figures, and the evening ended with Korean dishes and a loud Korean track that everyone seemed to recognize.",104.56186,4.649779,491,11.087498,0,2.728408,4232.8306,63.932446,0.0,60868,682,0.011204574,6.5250297,4.9134655,1551.392,0.0979238897562027,0.0
"Context:
A gadget site compared two headphones by battery life and driver size, and I read it while waiting for a contractor to quote a kitchen refit. My mouth still ached from the dental procedure, and the invoice made me think about taxes and whether my savings account was growing fast enough. The TV in the waiting room showed another Brexit negotiation update with commentators guessing at the final shape of the deal. Later, in a philosophy seminar on privilege and responsibility, a guest offered a quiet blessing, and our education lab demo used virtual reality to recreate a biographer’s world before I went home to cook and write a product review.",71.49146,4.269578,492,10.562494,0,2.734284,5844.3145,69.60883,0.0,78682,691,0.008782187,6.53814,5.0633426,2137.4204,0.0016416297294199467,0.0
"Context:
The catalog entry ended with End of text/short descriptions of items/products/services after a tight paragraph about the espresso machine. She expected more details, like warranty or shipping, but the listing simply stopped. The brevity made it feel like a placeholder that never got expanded. She opened another page to compare how competitors wrote their summaries.",97.51113,4.5799665,493,9.912499,1,2.8083336,5758.3687,72.52495,0.0,43656,669,0.015324354,6.505784,4.4735312,2050.4575,0.9627535343170166,1.0
"Context:
On the museum placard, a translated excerpt described the painter’s exile and then stopped abruptly. The last sentence trailed into a half-finished thought before the panel shifted to another topic. She read it twice, trying to imagine what came next. The end of the text excerpt made the story feel incomplete.",53.452282,3.9787893,494,9.887499,1,2.7130089,3889.0474,58.3448,0.0,39988,676,0.016905071,6.516193,4.712807,1433.4812,0.9950152039527893,1.0
"Context:
At the café, Clara slid a note across the table for Marcus and asked if he had seen Sofia since Tuesday. The barista called out an order for Nielsen, and everyone turned because there were two Nielsens waiting. Later, the same names showed up again in a work email thread, but now they were sign-offs and project owners instead of faces. By evening, Clara heard Marcus’s name on the radio as a guest caller, and it landed differently than it had in person.",47.59816,3.8627942,495,8.5625,1,2.7029133,4469.1816,60.637703,0.0,62764,704,0.011216621,6.5567784,5.09646,1653.4684,0.6094284653663635,1.0
"Context:
Helsinki — The memo opened with ArcticWare, the building address, and the CEO’s name before any explanation. In a conference room at Kamppi, the team debated whether a partnership should be paused after a public scandal touched their collaborator. A steady stream of messages kept repeating Nokia, payment processing fees, and forecast numbers as if repetition could make them clearer. After the last call, someone went back to a flat in Töölö, fixed a malfunctioning heater, updated a driver to get a docking station working, and waited for pest control while wiping rain off sports eyewear.",161.53087,5.0846963,496,12.249999,0,2.580874,6531.881,59.987244,0.0,73862,735,0.00995099,6.5998707,5.2934465,2530.8794,0.002939020749181509,0.0
"Context:
At the auction, bidders whispered about the manor outside Roskilde as if the place itself carried a reputation. The brochure listed nearby landmarks, including a lake and an old station, and every proper noun was capitalized in bold. I toured the grounds and matched the plot lines to a satellite printout. When I signed up for updates, I typed the village name twice to avoid a typo.",74.756996,4.314243,497,10.124998,1,3.6275735,5586.477,72.338875,0.0,49300,737,0.01494929,6.6025877,5.2075105,1540.0038,0.9770110249519348,1.0
"Context:
On Saturday he left Nørreport Station and followed the stream of bikes toward Søerne. The path dipped under the bridge by Dronning Louises Bro, where street musicians were packing up their speakers. He cut through Assistens Cemetery and emerged on Jagtvej near a bakery with fogged windows. The whole route felt like a map of proper names stitched into one long walk.",51.834896,3.9480636,498,8.575,1,3.0980635,3953.5068,61.5653,0.0,49888,724,0.014512508,6.584791,5.1317024,1276.122,0.961132824420929,1.0
"Context:
On the road trip, they listened to an audiobook sample excerpt that ended before the chapter’s payoff. She wrote a quick review and fixed the end-of-sentence punctuation so it sounded thoughtful. At a toll booth, the last token payment triggered activations in the lane light and the barrier lifted. The sequence of miles continued toward a weekend of leisure.",99.564606,4.6008067,499,9.60625,0,2.651013,4340.2627,65.46082,0.0,46131,686,0.014870694,6.5308776,4.6110387,1637.2092,0.9106892347335815,1.0
"Context:
He opened the can with a simple tool and drained it in the sink. The blender roared as he turned it on, and the whole counter vibrated for a moment. He checked the settings on the gadget and slowed it down so it wouldn’t splatter. When the drink was done, he rinsed the parts and set them to dry.",17.963945,2.8883667,500,7.021874,1,2.4786136,4598.1006,57.845406,0.0,44928,703,0.015647259,6.555357,4.7465954,1855.1099,0.984775722026825,1.0
"Context:
The reservation email said The Ritz-Carlton, and the lobby looked like it had been polished for a photo shoot. At lunch, he ordered Wagyu and watched the server describe each course the way a jeweler presents stones. For the transfer, the concierge arranged a Bentley that glided through traffic like it owned the street. He left a tip that made his hand shake, then pretended it was normal.",40.71835,3.7066789,501,8.0875,1,2.7226734,5543.504,63.56559,0.0,52349,717,0.013696536,6.575076,4.986419,2036.0518,0.988875150680542,1.0
"Context:
A nurse signed for a rush delivery and noted the performance time on the clipboard before passing the package along. In the hall, a local debate about humane policy unfolded with strict procedure, and a lone pin on the moderator’s collar caught the spotlight. The event listing showed the talk at 19:00, and the usher directed everyone to a specific aisle beside the stage door. Over the evening, the program advanced in clear phases, each segment tightening the pace and raising expectations. Between transitions, staff hurried through corridors with small radios and spare batteries, always in motion.",87.726585,4.474225,502,9.787499,0,2.1790562,4125.3984,53.327576,0.0,73838,724,0.009805249,6.584791,5.148942,1893.2042,0.0038213548250496387,0.0
"Context:
A biology student ran a timed stimulus set for a frog’s nerve response. The readout remained steady until the final stimulus, when activations rose like a quick crest. He noted that the largest change clustered at the end of the sequence. After the last pulse, the signal returned to baseline.",64.523796,4.167034,503,10.8125,1,2.5145109,4254.3174,53.06901,0.0,38161,688,0.018028878,6.5337887,4.7295895,1691.9065,0.9894243478775024,1.0
"Context:
He satisfied the user registration requirements and entered the equipment coordination professionals network, where service availability updates were posted every hour. He spent midday cooking, then tried a cosmetic recipe, and finished a small craft task before sprinting across the site with cables, feeling the exertion immediately. A religious pause came next, followed by written communication that defined what action to take if the generator failed. In the evening, the favela grant type triggered accountancy checks, reticle-based measurements, and lubricant debates, and fatigue produced mild hallucinations as proper names and publicized items dominated the day’s press posts.",422.57285,6.046362,504,14.0,0,3.3768318,4641.073,72.59291,0.0,75055,725,0.009659583,6.5861716,5.350851,1374.3868,0.0013275576056912541,0.0
"Context:
The documentary jumped from a mountain pass to a crowded capital square, anchoring each scene with dates and recognizable institutions. A historian described the treaty signing and named the delegations as the camera lingered on their portraits. In the next segment, a pop culture festival reused the same plaza for a modern stage show. The contrast made the location feel like it held more stories than one era could claim.",81.642494,4.40235,505,8.937498,1,2.853309,3996.4797,69.36637,0.0,49192,675,0.013721744,6.514713,4.6595383,1400.6475,0.981872022151947,1.0
"Context:
During the class for new parents, we practiced swaddling and talked about feeding schedules. The instructor warned that glucose control matters during pregnancy and asked who had been screened. I packed a small snack for the train ride, choosing something that wouldn’t send my sugar soaring. By evening, I was comparing baby bottles and thinking about how quickly everything would change.",45.53128,3.8183997,506,7.799999,1,2.2907944,4555.1274,58.78086,0.0,46700,647,0.01385439,6.4723463,4.495614,1988.4489,0.963687002658844,1.0
"Context:
He booked travel for leisure, then got stuck reading an excerpt that ended before naming the recommended café. A sign in the hallway used an exclamation point that felt louder than the crowd. At the lift, the last token code entry triggered activations and the doors opened. The sequence ended, and the rooftop view made the trip worth it.",165.00655,5.105985,507,10.562499,0,2.7340314,4297.29,62.08931,0.0,43057,677,0.015723344,6.517671,4.6685295,1571.7778,0.17306110262870789,0.0
"Context:
The actor warmed up backstage, testing breath and stamina like a body check before a demanding performance. Outside, a courier arrived exactly on time, and the stage manager praised the delivery capability under pressure. On the main floor, a civic panel argued about humane rules and the politics of enforcement, with tiny name placards lined up at the edge of the stage. The venue map sent a technician to a specific corner near the sound booth for the next scheduled cue. As the night progressed from opening remarks to closing statements, people drifted between rooms, clutching small programs while navigating the building’s tight turns.",71.80218,4.273915,508,9.8125,0,2.5796766,5844.3145,65.977165,0.0,75639,711,0.009399912,6.5666723,5.058306,2265.5222,0.0012601070338860154,0.0
"Context:
A message about an analytics dashboard arrived with a link to a recorded webinar and a note about an API limit. Right after, a clerk called to confirm a filing and explained the next step in a review process. At the venue, a coordinator reserved a lounge for guests and arranged a terrace area for breaks. He met a consultant for the first time, then stopped at a shop for a belt and gloves because the evening had turned cold.",57.98274,4.0601454,509,9.768749,0,2.56796,6660.8,65.79936,0.0,55943,675,0.012065853,6.514713,4.7305408,2593.8098,0.18823203444480896,0.0
"Context:
They met in the atrium of Rigshospitalet and walked toward the old brick wing with the green copper roof. The directions said to take the stairs to Room 312, but the signs kept pointing to different corridors. Outside, the rain turned the courtyard into a mirror, and the statue near the fountain looked like it was floating. By the time they found the lecture hall, the doors were already closing.",23.42754,3.1539123,510,7.187501,1,2.4290516,3652.6965,55.49543,0.0,54139,693,0.012800384,6.54103,4.8999314,1503.7542,0.9935888051986694,1.0
"Context:
On a rainy January afternoon, the customer service desk stayed open while people called about returns from the holidays. The attendant kept things pleasant, even when tempers flared, and a small kindness turned one complaint into a laugh. After closing, he headed to a community meeting where volunteers planned a spring event and asked local businesses to pitch in. In March, his workplace held the yearly performance cycle and he helped coworkers navigate the paperwork with the calm of someone who’d done it before. He spent a weekend mapping out summer plans, then later tracked the team’s shift from offseason workouts to preseason scrimmages.",45.430656,3.8161871,511,7.9624996,0,2.6842585,4318.7764,60.858482,0.0,76881,710,0.009235051,6.565265,5.251736,1608.9271,0.0032030190341174603,0.0
"Context:
On the workbench sat a bottle of plant oil beside fresh cuttings wrapped in damp cloth. She rubbed the oil into her hands after trimming stems, noticing how quickly it soaked in. The leftover pulp went into a compost bucket to feed next season’s growth. By evening, the room carried a faint scent of sap and citrus.",43.4665,3.7719905,512,8.9625,1,3.064347,3803.1016,61.433144,0.0,42498,711,0.016730199,6.5666723,4.9705434,1241.0806,0.9978917241096497,1.0
"Context:
At the food court, the vendor called out orders for bulgogi bowls while a Korean drama played silently on a small TV above the counter. I recognized the actor’s face from a music video that had been everywhere last summer. A group at the next table compared cafes in Incheon and debated which one served the softest soufflé pancakes. I carried my tray away with a can of sweet rice drink and the chorus still stuck in my head.",28.88445,3.3633034,513,6.91875,1,2.889695,3738.6423,62.995438,0.0,58470,719,0.012296905,6.5778613,5.0960083,1293.7844,0.7026324272155762,1.0
"Context:
She stirred the soup with a wooden spoon and then reached for the kitchen scale. A tablet on the stand displayed the recipe, and she tapped the screen to keep it awake. When the timer on the oven beeped, she pulled on mitts and slid the tray out carefully. She tasted the sauce and adjusted it with a small pinch, then put the device away.",20.215088,3.0064292,514,6.4375,1,2.5815916,2857.6978,55.411583,0.0,48008,705,0.014685052,6.558198,4.8930597,1106.9519,0.9323092103004456,1.0
"Context:
He took a day trip for tourism and carried a leaflet whose excerpt ended mid-paragraph. On the tram, he noticed how every station notice used strong end-of-sentence punctuation to avoid confusion. At the entrance to the viewpoint, the last token validation triggered activations and the turnstile released. The sequence of small stops ended at a wide, quiet panorama.",177.35239,5.1781387,515,11.349998,0,2.6164875,5758.3687,66.45251,0.0,46743,680,0.014547633,6.522093,4.5862083,2200.801,0.18087990581989288,0.0
"Context:
A festival setup ran smoothly because equipment coordination lived on one shared network. She reviewed service availability for generators and cables, then requested a late-night pickup slot. The site prompted her to update user registration requirements after a policy change. When the form was complete, her network actions were accepted and the dispatch team received the alert.",172.07512,5.147931,516,11.41875,1,3.0179763,4383.236,74.82563,0.0,42405,651,0.015351963,6.4785094,4.4511895,1452.3759,0.9739786386489868,1.0
"Context:
The café posted a weekend special, and I ordered it out of curiosity, surprised by how well the flavors worked together. On the train home, I sketched strangers in a notebook, letting the motion of the carriage shake the lines into something loose. That evening, I joined a board-game night and laughed harder than I expected to. Before sleeping, I uploaded a short product review of the headphones I wore all day, focusing on comfort more than sound.",38.55934,3.6521983,517,7.7562494,1,2.6827,5049.316,67.518845,0.0,58394,670,0.011473781,6.5072775,4.7799253,1882.1769,0.09471574425697327,0.0
"Context:
She gained access to the equipment coordination network after meeting the registration requirements and could finally view service availability for shared tools. She spent the afternoon cooking, blending a cosmetic sample, and repairing a craft display, then carried crates until exertion made her arms ache. A prayer under her breath preceded written communication that laid out the next action to take for the team. Later, favela grant accountancy demanded reticle-aligned documentation and the right lubricant for machinery, and exhaustion invited hallucinations as proper names and publicized items dominated the event coverage.",493.23978,6.2009954,518,12.912499,0,3.1062953,4125.3984,67.61605,0.0,67071,717,0.010690164,6.575076,5.2303677,1328.0767,0.011912534944713116,0.0
"Context:
A printed agenda opened with a line of company names and capital-letter shorthand that looked like a secret handshake. Vendor tables sold pendant lights, stools, and a beginner drum pad, with cosmetics packaged in glossy boxes near the register. A lab-style demo featured technical terminology about compounds, thresholds, and process stages, and the presenter never once used a casual word. The tour included a stop at a museum honoring a major event in local history, and the night ended with kimchi, bulgogi, and Korean music echoing down the corridor.",116.150154,4.754884,519,12.0,0,2.9402368,5135.2617,65.36108,0.0,68924,725,0.010518832,6.5861716,5.2555943,1746.547,0.001707139192149043,0.0
"Context:
In the terminal, he pasted a long prompt, hit enter, and the system responded with a warning that it had reached End of text/input. Nothing else happened, no error code, just a hard stop at the boundary. He trimmed the last section and tried again. The second run completed, but he still wondered what got cut.",38.154995,3.6416566,520,8.8125,1,2.1044955,3910.534,58.713757,0.0,44247,649,0.014667661,6.475433,4.29364,1858.1812,0.9584420919418335,1.0
"Context:
He leaned into the machine, tool in hand, and corrected a misaligned part by feel. A man in a van across the street kept watching him, eyes moving from his hands to the vehicle and back again. He shook his wrist, climbed into the driver’s seat, and said he would be careful, because his shoulder still hurt. At the next terminal, crates of chickens were loaded for transport, and he gave a spare blanket to someone shivering near the door. When he stopped for food, he opened a can with a small tool and checked the phone’s map before leaving.",32.057602,3.4675343,521,8.418749,0,2.6383421,5801.342,70.42775,0.0,75590,673,0.008903294,6.5117455,4.9072967,2198.859,0.0038257534615695477,0.0
"Context:
The event program began by listing companies, institutions, and a handful of initials that only insiders would understand. In the lobby, display tables showed lighting fixtures, a new keyboard, and a row of boxed skincare sets beside flat-packed furniture. A technician in a lab coat demonstrated a procedure, narrating the medical terminology while the audience watched a monitor of measurements. Afterward, we walked to a nearby memorial site tied to a famous battle, then returned for Korean barbecue as a pop song in Korean echoed through the room.",66.09966,4.1911635,522,9.71875,0,2.2881753,4168.371,57.640022,0.0,65792,694,0.010548395,6.542472,4.920229,1821.7009,0.0328855961561203,0.0
"Context:
My morning script toggled the coffee maker and printed a status line that said breakfast sequence complete. I set a fantasy audiobook on the counter and let it narrate dragons while I cleaned. The dishwasher drained, the oven warmed, and the routine marched forward without asking me to think. By the time the toast was ready, the story and the appliances seemed oddly synchronized.",98.21357,4.5871444,523,10.25,1,2.7415996,4211.344,64.715355,0.0,47353,681,0.014381348,6.5235624,4.7144465,1536.0902,0.6935386657714844,1.0
"Context:
The documentary mentioned Valyria, then cut to a professor explaining how myth shapes modern storytelling. At the café, my friend argued about election strategy and dropped a politician’s name like it was obvious. Across the table, I highlighted my syllabus for media studies and tried to remember which theorist matched which idea. By the time the credits rolled on the show we were watching, the proper nouns had piled up like bookmarks in my head.",88.85012,4.486951,524,12.2125,1,2.7851849,5221.2075,68.14258,0.0,55957,684,0.012223672,6.527958,4.8298426,1874.6359,0.3888557553291321,0.0
"Context:
She chose a silicone lubricant over oil-based options, remembering the warning in the correspondence. The note also spelled out the action to take if the test failed, and she kept it within reach. A reticle overlay on her camera screen guided the alignment for documentation tied to a small grant. When she later reviewed accountancy records connected to favela services, fatigue set off hallucinations that made the margins pulse.",164.22968,5.101266,525,11.337498,1,2.5530963,4082.4255,53.68458,0.0,52340,719,0.013737104,6.5778613,5.084317,1599.0096,0.9816287755966187,1.0
"Context:
She reviewed the survey responses, and one entry ended abruptly with End of text, as if the respondent had been interrupted. The compiled report placed End of text/document on the last page, giving the dataset a hard boundary. When she tried to paste additional notes into the analysis tool, it warned End of text/input and refused more text. A separate list of service descriptions ended with End of text/short descriptions of items/products/services, cluttering the interface with template residue. She spent an hour cleaning up artifacts so the content could stand on its own.",55.876278,4.02314,526,9.349998,0,2.3669941,3717.1558,60.476814,0.0,72547,686,0.009455939,6.5308776,4.9587846,1570.4119,0.026998355984687805,0.0
"Context:
The Whirlpool dishwasher stopped mid-cycle and left a pool of water at the bottom of the tub. I pulled out the filter and found it packed with greasy residue and rice grains. After cleaning the drain area, I ran a short cycle and listened for the pump to catch. When it finally emptied, the kitchen felt quiet again.",22.624565,3.1190362,527,6.9124994,1,2.4520965,5844.3145,60.356815,0.0,43070,692,0.016066868,6.539586,4.6329136,2383.395,0.9960752129554749,1.0
"Context:
His phone note ended with End of text, and he couldn’t tell whether the app had crashed or he had simply stopped typing. The printed version carried End of text/document, and that made the fragment feel official in a strange way. He tried to paste the full note into a web form, but End of text/input blocked the last chunk. On the company site, the plan summaries ended with End of text/short descriptions of items/products/services, which felt like the same kind of cutoff wearing different clothes. He rewrote the note as a short email and finally got a quiet finish.",45.04805,3.8077297,528,9.03125,0,2.1841958,5801.342,60.260605,0.0,78046,665,0.008520616,6.499787,4.8571825,2656.054,0.018579768016934395,0.0
"Context:
I needed a signed form fast, so I paid for a fax service at a corner shop and watched the pages slide through. The next appointment was for kidney and bladder testing, and the nurse told me to drink water and wait. In the afternoon, I joined a remote call over VoIP for an adjudication meeting about a licensing issue tied to a daycare. By evening, the conversation shifted to a small artisanal mining project and who had the right to operate it.",72.71732,4.2865796,529,10.699993,1,1.9930509,3974.9932,55.64696,0.0,58408,685,0.011727845,6.529419,4.59256,1994.4263,0.9172738790512085,1.0
"Context:
At the top of the press release, the headline carried the names of three partners and a four-letter abbreviation no one explained. The opening sentence mentioned a city, a conference, and a brand collaboration, then dropped an executive’s full title like it was a credential check. Even the photo caption was packed with proper nouns, from the venue to the equipment maker. I had to read it twice just to keep track of who was doing what.",28.312593,3.3433068,530,7.631248,1,2.1352496,5930.2603,62.917484,0.0,57777,668,0.011561695,6.504288,4.503797,2777.3147,0.8676608800888062,1.0
"Context:
The plan included an exclusive feature set for members, yet it capped usage at a fixed monthly limit. When the team hit the threshold, the dashboard showed a warning and offered an allowance for a small overage fee. The restrictions changed how people worked, pushing them to prioritize. A manager requested an exception and received a polite no. The next month began with everyone watching the counter.",41.901196,3.7353144,531,7.1625,1,2.8216896,3846.0747,70.64375,0.0,49162,653,0.013282617,6.481577,4.581621,1363.0397,0.9790319204330444,1.0
"Context:
We met outside a building on Sølvgade, and the agent spelled the address twice while pointing at the street sign. I pulled out a tiny flashlight to inspect a crack under the sink and found a small drip that needed attention. My partner, juggling pregnancy fatigue, talked about gestational diabetes and the tiny test strips she carries everywhere now. A little figurine on the windowsill seemed cheerful, but the radio in the next room droned about corruption and escalating conflict.",62.521343,4.135508,532,8.812498,0,3.09066,3459.3184,59.145504,0.0,59168,747,0.0126250675,6.616065,5.4083962,1119.2814,0.09007588028907776,0.0
"Context:
Every April, the firm held its annual review week and the hallways filled with nervous energy. A coordinator moved people from room to room, keeping schedules straight and offering quiet reassurance. When a new graduate got lost on the way to the career mentoring session, the receptionist walked him there herself. By Friday afternoon, the office felt lighter, like everyone had survived the same ritual together.",38.108253,3.640431,533,7.431249,1,2.55356,5801.342,65.842316,0.0,48549,654,0.013470926,6.4831076,4.5872993,2271.8643,0.8555924892425537,1.0
"Context:
I checked a phone’s storage and camera specs while the cashier talked about a seasonal discount on accessories. In the next aisle, I priced new tiles for a home upgrade and then took a call from my dentist confirming an appointment. On the radio in the car, commentators dissected the latest Brexit deal language as if every comma were a cliff edge. That night, I listened to a lecture about socioeconomic barriers and grace, tested a virtual reality history lesson for a class, and ended by cooking something ambitious before posting a short review of the pan.",74.64284,4.3127146,534,10.25,0,2.5723045,5221.2075,64.3542,0.0,68882,701,0.010176824,6.552508,5.000672,2029.7782,0.0016297874972224236,0.0
"Context:
We drove to see a flat near Nyhavn, and the agent narrated every nearby street and landmark like a tour guide. In the hallway, I used a pocket flashlight and a small tester to check a suspicious flicker in the ceiling lamp. My partner talked about the baby kicking and the stress of monitoring sugar levels after the gestational diabetes screening. Outside, a shop displayed little porcelain animals, and the newspaper stand screamed about political infighting and a brutal new escalation abroad.",80.9309,4.3935957,535,9.499999,0,2.8171833,5973.2334,60.59261,0.0,59134,735,0.012429398,6.5998707,5.240637,2120.2856,0.13420946896076202,0.0
"Context:
The man in the pickup slowed as he passed the corner, eyes fixed on the mirror. Another car rolled behind him, and he kept watching the distance between them. At the next light, he leaned forward and observed the driver in the neighboring lane without turning his head. When the truck finally turned away, he let out a breath and stared at the road ahead.",19.289284,2.9595497,536,6.828125,1,2.3310575,3652.6965,58.648987,0.0,47326,659,0.013924693,6.4907236,4.516188,1566.9697,0.8745951652526855,1.0
"Context:
User registration requirements slowed her down, but she eventually joined the equipment coordination network and could post actions tied to service availability. She cooked rice for the crew, then assembled craft kits and tested a cosmetic mixture, sweating from the exertion of moving crates. A quiet religious moment steadied her before she wrote an email telling the team what action to take next. The favela grant type demanded accountancy precision, a reticle-aligned inspection shot, and the correct lubricant for a jammed latch, and the long night flirted with hallucinations as proper names from publicized items scrolled across the sponsor wall.",360.95935,5.8887653,537,13.84375,0,3.3152134,5801.342,70.11255,0.0,74490,743,0.009974494,6.610696,5.4576497,1749.915,0.0014092494966462255,0.0
"Context:
At a charity auction in New York, Kira bid on a signed guitar while the MC thanked the Brooklyn Museum and several corporate sponsors. She kept hearing “Reed” said twice in the same breath because Reed was the donor and Reed was also the name on the new product line being promoted. Afterward, she checked into the St. Regis and ordered room service that came with silver cloches and a bottle of Dom Pérignon. In the morning, she visited a dermatologist who discussed treatment options for acne scarring and scheduled a procedure. Her weekend became a chain of events, luxury brands, medical appointments, and names repeated in close quarters.",41.395866,3.723181,538,8.112499,0,3.0080492,4555.1274,65.50759,0.0,80042,736,0.009195172,6.60123,5.466633,1514.3127,0.0014517722884193063,0.0
"Context:
A producer sent a link to a private cut and included a revenue forecast tied to a funding round. A separate email arrived from an agency, explaining a filing requirement and asking for documentation by the end of the week. At the resort, a manager pointed out a sauna and a locker area, then offered a shuttle to the event hall. She met a teacher she admired, and later she purchased a dress and a pair of gloves that matched her coat.",62.10827,4.128879,539,8.499997,0,2.206223,5027.829,58.9104,0.0,57785,672,0.011629316,6.510258,4.6846724,2278.9307,0.7481569647789001,1.0
"Context:
He completed registration on the equipment coordination professionals network and gained permission to reserve tools based on service availability. In the afternoon he prepped food, then helped with crafts, and tried a simple cosmetic scrub before carrying heavy water jugs up stairs. He paused for a short prayer and wrote a message that spelled out what action to take if the shipment missed the window. Later, the grant paperwork for favela dwellers turned into accountancy triage, a reticle-guided site check, and a debate over lubricant types, and hallucinations threatened as proper names and publicized items from the launch presentation filled the lobby screens.",289.93997,5.669674,540,12.049999,0,3.1709728,5973.2334,70.232346,0.0,75690,736,0.009723874,6.60123,5.3816442,1883.7227,0.001436451799236238,0.0
"Context:
I tested a new routine in my smart home setup that dimmed the lights and started the dishwasher after midnight. The code function had a silly name, and I laughed every time it ran successfully. In the background, my roommate played a fantasy game filled with enchanted artifacts and quest logs. The kitchen felt modern, but the mood was pure magic.",61.551636,4.1198764,541,9.3125,1,2.6758626,5930.2603,64.43764,0.0,44281,677,0.015288725,6.517671,4.615903,2216.205,0.984394907951355,1.0
"Context:
He was supposed to inspect the property’s fixed equipment, but he started by drinking a juice made from pressed greens and citrus. The shoreline held thick vegetation where animals nested, and the water moved quietly under a low bridge. A crew nearby complained about a recent incident that left residue in the channel, and now invasive growth was clogging the flow while aggressive birds and rodents made the work miserable. Back in the office, he logged the ecosystem as part of the site’s natural resources and listed the pumps and fencing as assets that needed maintenance. In the evening, he cooked dinner and used edible flowers as garnish, wanting one part of the day to feel deliberate and clean.",58.325344,4.0660367,542,8.6875,0,2.4643717,4748.5054,62.673492,0.0,84853,708,0.008343842,6.562444,5.1593833,1926.8625,0.0019154185429215431,0.0
"Context:
A program booklet opened with a dense block of names, locations, and initials, like it wanted to prove legitimacy upfront. The vendor floor offered lamps, furniture pieces, and instrument cases, plus a cosmetics brand handing out tiny samples. A technical station demonstrated a process with chemical terms and warnings, and someone whispered that it sounded like a lab exam. We later walked past historic buildings tied to a well-known expedition and a modern entertainment venue, and the final stop was a Korean meal with kimchi on every plate and pop music in Korean.",119.12886,4.7802057,543,11.15,0,2.50656,4275.8037,61.47615,0.0,68245,686,0.010052019,6.5308776,4.9626117,1705.8453,0.03376540541648865,0.0
"Context:
He was reading a set of product blurbs for a new app, and every entry ended with End of text/short descriptions of items/products/services. The repetition made the writing feel mass-produced, even when the copy was decent. He highlighted the marker and left a note for the team to remove it. Until it disappeared, the blurbs looked unfinished.",47.1897,3.8541758,544,9.212502,1,1.9349617,3545.2642,52.60346,0.0,47944,652,0.013599199,6.4800444,4.3867474,1832.2141,0.9937606453895569,1.0
"Context:
He asked a barber for a trim and ended up talking about football for half an hour. On the way out, a photographer stopped him and offered a portrait session for a local project. Later, a teacher from his old school recognized him on the street and asked how life was going. Each encounter turned on a single role in a single moment.",24.472809,3.1975627,545,7.124999,1,2.229808,3222.9675,58.07265,0.0,44855,645,0.014379668,6.46925,4.3599253,1445.4012,0.8616355657577515,1.0
"Context:
The portal finally approved her user registration requirements, giving her access to the equipment coordination professionals network. She checked service availability, posted network actions, and filled the downtime with cooking, cosmetics mixing, and craft repairs, with exertion peaking whenever she moved heavy cases. A short prayer offered a reset, and written communication followed with the action to take if a delivery failed. Later, a favela grant type demanded strict accountancy, reticle-guided photos, and the correct lubricant for a stuck latch, and hallucinations flickered as proper names and publicized items dominated the sponsor recap.",552.00665,6.31356,546,14.0875,0,3.0372396,4512.1543,65.8501,0.0,72626,733,0.010092804,6.5971456,5.3427773,1485.6102,0.001738152583129704,0.0
"Context:
The holiday rush hit early, and the call center’s best agent kept smiling through a long queue of frustrated voices. After work, she joined neighbors at a community hall to pack meals, and the organizer thanked her for showing up during the busiest time of year. In February, she was back in a professional setting helping run the annual orientation for new staff, making sure no one got lost or embarrassed. By spring she had started planning summer weekends with the same careful attention she used on work schedules. When the team moved from offseason training into preseason, she noticed how each season brought its own kind of preparation.",33.55636,3.5132263,547,7.3812494,0,1.9193094,3222.9675,50.333553,0.0,77436,673,0.008691048,6.5117455,4.9472647,1679.2329,0.01734822429716587,0.0
"Context:
A clip from a news site played while he read an investor note about a startup and its valuation. A bank representative called next, confirming a transfer and explaining a dispute process that required documentation. At check-in, he was offered a quiet floor and a late checkout, plus a voucher for breakfast in the café downstairs. He met a translator in the lobby, then stopped by a boutique for a scarf and a belt before heading to the elevator.",37.91711,3.6354024,548,7.2906265,0,2.409404,5887.287,64.67493,0.0,57200,693,0.012115384,6.54103,4.737687,2443.462,0.08145123720169067,0.0
"Context:
I walked through the crafts market and stopped at a booth selling handmade lanterns with patterned cutouts. Across the aisle, a luthier demonstrated a violin’s warm tone, then offered rosin and spare strings. A carpenter showcased a walnut coffee table with hidden drawers and a satin finish. The last stall had neatly arranged skincare sets, each promising a gentler cleanser for winter air.",62.408463,4.133701,549,8.4625,1,3.1055183,5242.694,62.085213,0.0,48095,737,0.015323838,6.6025877,5.217401,1688.1864,0.9865009188652039,1.0
"Context:
He taped a flyer to the window, making sure the proper names were spelled exactly right. The announcement listed actions for the schedule and highlighted the publicized items that would be showcased. By lunchtime, strangers were already talking about the same names as if they knew them. The publicity turned a small plan into a neighborhood spectacle.",92.35932,4.5256867,550,8.96875,1,2.5773826,3459.3184,56.02282,0.0,41217,676,0.016401,6.516193,4.6929235,1342.1827,0.9923995137214661,1.0
"Context:
At the airport hotel, the departures screen kept updating, and the constant changes made nerves fray. The coach used the uncertainty to sell a program on resilience, promising better performance in business and sport. A physician introduced herself to a small circle and listened as a traveler admitted to racing thoughts and sudden dread. The attorney nearby told himself to stay composed while negotiating a rebooking, and a pastor offered calm words to a family. By midnight, most of the terminal crowd had shifted to the next gate, leaving the hotel lounge nearly empty.",74.73052,4.3138885,551,8.45,0,2.5625525,4834.451,65.21236,0.0,67614,679,0.010042299,6.5206213,4.8815975,1886.5764,0.003025311278179288,0.0
"Context:
Our motel stop was meant to be quick, but the café asked for help because the Whirlpool dishwasher was clogged and water was pooling. After cleaning the filter, we could hear the drain pump finally push water out. I walked to a copy shop to fax adjudication documents and answered a VoIP call about kidney tests and a bladder scan. Back at the motel, a fantasy show played on the lobby TV while people argued about political headlines and academic programs, and the kitchen timer kept chirping.",91.973724,4.521503,552,11.275,0,2.6172411,3803.1016,59.98644,0.0,61562,717,0.011646795,6.575076,5.0979433,1453.0956,0.04590345546603203,0.0
"Context:
At the family dinner, everyone insisted I eat for two, but my dietitian disagreed. She said gestational diabetes can be managed with steady habits and careful portion sizes. I served myself a small slice of bread and filled the rest of the plate with vegetables. When the baby started hiccuping, I laughed and tried to relax.",25.396698,3.2346191,553,7.9999948,1,2.8378625,3588.2373,60.657463,0.0,43056,683,0.015863063,6.526495,4.764496,1264.4155,0.9949541687965393,1.0
"Context:
Dublin — The report began with Trinity Ventures, the city, and the names of the founders in the first line. At a small office near St Stephen’s Green, a printer jam forced an intern to hunt for a driver while the partners waited. The main topic was whether their partnership with an overseas distributor would survive a sudden rule change. Later, as an email thread recycled brand names and funding terms, the founder rushed home to meet a repair technician for a leaking boiler, then picked up a holster clip and called pest control about mice in the hallway.",96.65347,4.571132,554,11.41875,0,2.8339257,3416.3457,63.569523,0.0,70727,704,0.009953766,6.5567784,5.175973,1205.517,0.002926646964624524,0.0
"Context:
The paperwork for the duplex included the property title, the street, and the district in formal language that felt almost ceremonial. I tested the doorbell with a tiny tool and checked a socket using a compact tester I trust. My sister said the baby was doing well but her gestational diabetes plan meant keeping portions small even at family dinners. In the hallway, a child hugged a little stuffed rabbit while adults argued about budget cuts, conflict abroad, and the market dropping again.",124.223274,4.8220806,555,10.899998,0,3.0386617,4791.4785,69.06132,0.0,59074,717,0.012137319,6.575076,5.0657425,1576.8384,0.0413309708237648,0.0
"Context:
The contract term was just forty-eight hours for an exclusive art installation at Riverside Spa, with only five tickets sold per slot. Hi, the curator said, originally from Seoul, while explaining the limitations and the small allowance for extra materials. An assistant gathered intelligence on a competing exhibit, then went outside to tend the tiny greenhouse and bring in fresh basil. Back inside, he placed frames along the corridor and kept glancing at his watch because time was running. The artist added one more layer of paint, boosting the quality and the number of finished pieces before the final session ended.",93.39061,4.536791,556,9.037499,0,2.551676,3717.1558,63.014572,0.0,73153,687,0.009391276,6.5323343,5.0123987,1456.7506,0.007949180901050568,0.0
"Context:
On the train, a quiet worry kept returning with every station, even though nothing bad had happened yet. The window reflected a tired face and a mind spinning through small mistakes from the week. A sudden memory of an old argument made the chest tighten, then loosen again. The phone buzzed with a friendly message, and relief arrived like warm air. By the time the train stopped, the mood had shifted from dread to calm.",27.413788,3.3110461,557,6.8687496,1,2.5865135,5758.3687,66.32194,0.0,55328,673,0.0121638235,6.5117455,4.7430496,2226.3052,0.8375951051712036,1.0
"Context:
He proofread a manual that ended with End of text/document, and the empty page below felt like a locked door. In the chat window, the support agent’s transcript concluded with End of text, then the session auto-closed. He tried to paste the error log into a form, but it stopped at End of text/input and forced him to compress the details. A separate page listing service options ended with End of text/short descriptions of items/products/services, which looked like a glitch rather than a finish. He sighed and started rewriting everything to end naturally.",53.709732,3.9835942,558,9.0,0,2.117765,3588.2373,54.969288,0.0,74976,670,0.008936193,6.5072775,4.902569,1694.3511,0.01997627690434456,0.0
"Context:
The doctor explained that the rash was eczema and outlined a plan that started with a steroid cream and daily moisturizer. When the itching didn’t calm down, a dermatologist added an antihistamine and talked through possible triggers. A week later, the nurse showed how to apply the medication in a thin layer and warned about overuse. At follow-up, the symptoms had eased, and the relief felt surprisingly emotional.",19.183363,2.9540434,559,6.4312496,1,2.693745,4834.451,60.157135,0.0,52946,720,0.013598761,6.5792513,5.0100203,1794.6952,0.9777688980102539,1.0
"Context:
On the cruise ship, the buffet line stalled because a Whirlpool dishwasher had standing water and the staff were scrambling. Once the filter was cleaned, the kitchen regained its rhythm and the dining room filled again. I ducked into a quiet corner to fax documents for an adjudication dispute involving artisanal mining, then listened on VoIP as a doctor discussed bladder symptoms and kidney markers. Later, a fantasy trivia show in the lounge mixed invented place names with media references, academic jargon, and real political figures while the galley timers beeped on cue.",144.15982,4.9709225,560,12.74375,0,2.8722157,5887.287,65.16148,0.0,67124,745,0.011098862,6.6133842,5.275859,2049.737,0.0023213718086481094,0.0
"Context:
Inside the chamber, the debate turned to whether a policy could be both strict and humane. The chair insisted on procedure, calling speakers in order and recording each statement. Under the bright stage lights, a witness adjusted a tiny tie clip and cleared the throat. When the vote was announced, a single coin rolled off the desk and clinked against the floor.",47.340145,3.8573587,561,7.76875,1,2.738981,3760.129,63.52775,0.0,46718,664,0.014212937,6.498282,4.655927,1372.8203,0.8792568445205688,1.0
"Context:
The registration form was long, but it unlocked the equipment coordination professionals network and its service availability map. She posted network actions to reserve gear, then stepped away to cook, mix a cosmetic jar, and finish a craft tag, sweating from exertion as she moved boxes. A quick religious act settled her, and written communication followed with a clear action to take for the night shift. The favela grant accountancy work required a reticle-marked inspection and the correct lubricant for a stuck latch, and tiredness brought hallucinations while proper names and publicized items filled the sponsor reel.",514.4752,6.2431474,562,13.75,0,3.0741901,5178.2344,68.65436,0.0,71998,729,0.010125281,6.591674,5.273193,1684.4222,0.0016672718338668346,0.0
"Context:
He reread the email before sending it and noticed three sentences without any closing marks. A quick pass added periods, then an exclamation point where the excitement belonged. The message changed from frantic to confident. End-of-sentence punctuation shaped how the recipient would hear his voice.",63.65165,4.153425,563,8.775,1,2.8125122,3695.6694,67.91739,0.0,35678,674,0.018891193,6.5132303,4.4156284,1314.0101,0.9907178282737732,1.0
"Context:
Our flight landed late, so the airport shuttle took us straight to a roadside motel with a flashing sign. The receptionist suggested a nearby casino for food and promised the bar would stay open. In the morning, we checked out quickly and walked to a small café attached to a hostel down the street. Every stop blurred into a chain of places built for travelers.",33.72191,3.5181477,564,7.91875,1,3.1373432,4555.1274,68.51129,0.0,46145,692,0.014996207,6.539586,4.86927,1451.906,0.9949110150337219,1.0
"Context:
At the metro entrance, a street team guided guests toward a hall decorated with vintage props and warm lighting. People recognized a performer by name and immediately mentioned the cities tied to the week’s news cycle, as if location itself was part of the gossip. A developer confirmed the landing page with a quick tool check, ran a short instruction, and then discussed the campaign’s next phase with marketing. Organizers counted sample pickups and watched how the crowd moved through the physical space. The result was a retro-looking event run with modern precision.",102.95403,4.6342826,565,11.36875,0,2.6159773,5930.2603,72.39468,0.0,69436,662,0.009533959,6.4952655,4.7944026,2266.9387,0.008725172840058804,0.0
"Context:
I stood by the fax machine as it transmitted medical notes, hoping the clinic would review them before my kidney appointment. The urology nurse talked about bladder control like it was simple, then handed me another form. Later, I joined a VoIP call for an adjudication process tied to a daycare complaint, trying to follow the procedural language. That night, a neighbor ranted about artisanal mining in his hometown and the legal mess it created.",88.53259,4.483371,566,9.399991,1,2.942207,5801.342,69.77956,0.0,55381,706,0.012748054,6.559615,4.9696784,1971.7653,0.9373948574066162,1.0
"Context:
She planned a quiet tourism week and carried a pocket guide with an excerpt that stopped mid-description of a hidden alley. At the ticket barrier, the final token in her bundle triggered activations and the turnstile clicked open. A nearby poster had a perfectly placed question mark that made its joke land. The train sequence finished, and the city unfolded like a promise.",163.96426,5.0996485,567,10.399999,0,3.8254898,5801.342,81.18665,0.0,46739,679,0.014527482,6.5206213,4.8912272,1516.4965,0.9522001147270203,1.0
"Context:
In the emergency room, the clinician suspected pneumonia and ordered a chest X-ray along with blood tests. The respiratory therapist fitted a mask for breathing support while antibiotics were started through an IV. A specialist later reviewed the scans and adjusted the medication after the culture results came back. By discharge, the cough was still there, but the fever had broken and the team sounded optimistic.",24.875624,3.2138884,568,8.093748,1,2.3263571,3609.7236,56.552788,0.0,48586,680,0.013995801,6.522093,4.679667,1551.6636,0.9629235863685608,1.0
"Context:
I called Daniel before the meeting, and Daniel said he was already outside. When Daniel didn’t answer the doorbell, I texted Daniel again and Daniel replied that he was at the wrong entrance. Daniel finally found the lobby, and Daniel waved like we were old friends even though we had only emailed. Afterward, Daniel laughed that his phone had turned his own name into a constant alarm.",26.946907,3.2938685,569,6.878125,1,2.3122852,3631.496,61.542976,0.0,49793,667,0.0133954575,6.50279,4.483077,1570.5226,0.9707569479942322,1.0
"Context:
A doctor in scrubs came straight from the hospital to the airport hotel, still thinking about the day and talking to herself in the elevator. Downstairs, a coach was promoting a performance program and collecting payments from a crowd that filled the whole lounge. The attorney from the travel group reviewed waivers, then represented himself at the front desk when a booking error appeared. A pastor noticed the tension and asked a few people what they were feeling, listening without interruption. When departures were called, everyone moved toward the doors as if the building had been holding them in place.",45.681225,3.8216875,570,8.962498,0,2.3074238,5801.342,64.13677,0.0,70682,676,0.009563963,6.516193,4.7908554,2514.2073,0.0027279879432171583,0.0
"Context:
The delivery van rolled up to the venue just before doors opened, and the driver handed over a cooler with medical supplies that had to stay stable for the night. Inside, a committee meeting about humane treatment policies was already underway, complete with formal motions and a small gavel on the table. The speaker was scheduled for the side stage, and staff kept pointing to the exact stairwell that led to the correct wing. As rehearsals progressed through their final phase, the performer checked pulse and breathing to make sure the body could handle the full set. By the time the crowd moved through the lobby, tiny tickets and keys traded hands as people flowed from one location to the next.",42.04963,3.7388506,571,8.9,0,2.267258,5135.2617,59.667294,0.0,84842,702,0.008274204,6.5539336,5.0898314,2264.9658,0.002469083061441779,0.0
"Context:
The resort’s restaurant had a view of the sea, but the staff were tense because the Whirlpool dishwasher kept stopping with water pooled inside. They cleaned the drain line and the cycle resumed just in time for dinner. I stepped away to fax evidence for an adjudication dispute and then answered a VoIP call about kidney results and a bladder scan appointment. Later, a fantasy movie screening in the lounge sparked talk of media theory, politicians, and academic fields while the kitchen appliances clicked along.",117.385376,4.7654624,572,10.706249,0,2.4082518,3394.8591,59.912052,0.0,60892,698,0.011462918,6.548219,4.881581,1409.6779,0.6633861660957336,1.0
"Context:
She joined the equipment coordination network only after completing strict registration requirements. The service availability grid guided her network actions, while she also prepared food, mixed a cosmetic balm, and stitched a craft patch during spare minutes. A prayer at a quiet corner preceded written communication that instructed the crew on the next action to take. Night brought favela grant accountancy, a reticle-aligned inspection, a careful lubricant swap on a squeaky cart, and a brush with hallucinations as proper names and publicized items from the event’s marketing looped endlessly.",317.8988,5.761733,573,12.043749,0,3.3941472,5844.3145,74.446175,0.0,68327,732,0.010713188,6.5957804,5.2871256,1721.8801,0.002713981084525585,0.0
"Context:
A used laptop listing included CPU generation, RAM speed, and battery health, and I messaged the seller only after double-checking every detail. I spent the day juggling home repairs, a dental appointment, taxes, and a standing order into savings so at least one thing would happen automatically. On the bus, everyone seemed to be reading about Brexit negotiations and the latest deal draft, and the mood was oddly resigned. That evening, our class debated socioeconomic barriers and philosophy, a speaker talked about grace and blessings, the VR lab demonstrated an educational biography scene, and I ended by cooking and writing a product review of the laptop charger.",96.876434,4.5734363,574,10.4375,0,2.2359552,4168.371,60.055347,0.0,79917,693,0.008671497,6.54103,4.9790344,1864.2462,0.01293290313333273,0.0
"Context:
The hotel concierge recommended a nearby club, but the kitchen staff looked panicked because the Whirlpool dishwasher kept backing up. In the service corridor, I watched them clear a clogged drain and restart the cycle before the dinner rush. Upstairs, I used a paid fax service to send documents for an adjudication case, then took a VoIP call about kidney and bladder test results. Later that night, a fantasy fan event in the lounge name-dropped characters, politicians, and academic departments while the bar’s appliances beeped through their routines.",86.13357,4.4558992,575,10.318748,0,2.896206,5178.2344,68.23657,0.0,67094,729,0.010865353,6.591674,5.162377,1787.9373,0.0030971209052950144,0.0
"Context:
During a trade fair in Berlin, Emil visited booths run by Siemens, Adidas, and smaller organizations he’d never heard of before. His colleague Anna kept pointing out that “Keller” was printed three times on a single badge, and then Keller was called again over the loudspeaker. After the expo, Emil checked into the Hotel Adlon Kempinski and ordered a luxurious breakfast that made him slow down. The following morning, he met a physiotherapist about a shoulder injury and learned a treatment plan with exercises and follow-up. The whole week felt packed with proper names, repeated names, luxury services, and medical appointments across a changing map of places.",43.217125,3.7662368,576,8.912499,0,2.566938,4641.073,62.272156,0.0,82450,731,0.0088659795,6.5944133,5.2846355,1808.0193,0.0014158457051962614,0.0
"Context:
A skillet popped as he tossed vegetables in oil and watched them soften. On the counter, jars of glitter and wax waited for a small cosmetics experiment that he planned to gift. He spent an hour shaping clay charms, wiping dust from his palms between steps. The last task was moving a heavy table, and the exertion made his back remind him to slow down.",75.35342,4.3221893,577,8.737499,1,2.5891676,4060.939,59.382034,0.0,46760,699,0.0149486745,6.5496507,4.776754,1568.4342,0.9830114841461182,1.0
"Context:
The research article described the assay with clinical precision, from the sample preparation to the expected threshold values. It compared two compounds and noted how their binding behavior shifted under different pH conditions. The results section used narrow terminology for cellular pathways and oxidation steps. I closed the PDF feeling like I’d just walked through a corridor of specialized words.",122.98048,4.8120255,578,10.21875,1,2.5726962,3051.076,58.911594,0.0,43651,666,0.015257383,6.50129,4.620888,1185.945,0.9203903675079346,1.0
"Context:
The first bite of kimchi hit sharp and bright, and I chased it with a spoonful of warm rice from the stone bowl. Outside the window, neon signs flickered over a street in Busan while a playlist switched from ballads to a thumping idol track. My friend taught me how to say thank you properly before we ordered tteokbokki for the table. By the time the server brought sweet hotteok, the restaurant sounded like laughter and Korean pop hooks.",38.602104,3.6533067,579,9.299999,1,2.8305516,5199.7207,62.323647,0.0,60335,729,0.0120825395,6.591674,5.180588,1836.999,0.8209294080734253,1.0
"Context:
Maya told me to ask for Maya at reception, so I walked in and asked for Maya. The assistant said Maya was in a call, but Maya would be out soon, and then Maya’s name echoed from a back office. When Maya arrived, Maya apologized for the delay and Maya offered coffee to make up for it. By the time we sat down, Maya’s name had been repeated so much it sounded like a nickname.",15.342653,2.7306368,580,5.46875,1,1.8826276,3540.7085,50.755524,0.0,56569,661,0.011684845,6.493754,4.6211925,1880.7269,0.9230083227157593,1.0
"Context:
She sorted lubricant tubes by label, then turned to a stack of correspondence that demanded an immediate action to take. A cracked window showed a rooftop where a reticle in her binoculars helped her count water tanks for the report. The grant application mentioned favela dwellers and required strict accountancy for every receipt. After two sleepless nights, hallucinations made the numbers swim like insects.",240.21286,5.4815254,581,11.8125,1,2.964257,4426.209,55.76302,0.0,47436,725,0.01528375,6.5861716,5.1644983,1493.1934,0.9780408143997192,1.0
"Context:
The thread started with a screenshot of a failed build and a joking headline about “launch day.” Someone replied with a quick fix and mentioned they’d tested it in a staging environment. Another person shifted the topic to a promo push and how the landing page needed tighter tracking. By the end, the tone felt like a busy workbench where every message nudged the next action forward.",67.31811,4.2094293,582,10.112496,1,2.606007,5801.342,64.620895,0.0,49196,682,0.013862915,6.5250297,4.7143874,2226.142,0.9620096683502197,1.0
"Context:
On the flyer, the spa’s pitch finished with End of text/short descriptions of items/products/services, as if the designer had copied a template and forgotten to delete the tag. It broke the illusion of calm luxury instantly. She laughed, then decided not to book. The strange ending made the whole offer feel less trustworthy.",100.88784,4.6140094,583,9.5,1,1.9613862,3394.8591,49.102657,0.0,44258,657,0.014844774,6.4876842,4.4677362,1730.8468,0.9516518115997314,1.0
"Context:
I rewatched an old film and finally noticed the director’s signature style in the opening scene. Afterward, I read an article about international politics that referenced specific treaties and leaders by name. My coursework in cultural studies asked me to compare how narratives build authority through naming. By midnight, the fantasy audiobook on my phone added another layer of places and characters I couldn’t ignore.",58.00395,4.060511,584,10.337499,1,2.5907762,4125.3984,63.69785,0.0,49177,664,0.013502247,6.498282,4.6267457,1592.3407,0.9796035885810852,1.0
"Context:
A quiet lobby monitor flashed the schedule, and volunteers practiced routes to the correct wing of the hall. In a side room, officials ran a formal vote on a policy framed as a question of humaneness, and a small stamped card marked each speaker’s turn. A delivery runner burst in with equipment and bragged about the pace, still catching breath as the heart hammered. The show moved through phases from setup to final act, each one tightening the timing. Afterwards, the crowd spilled into nearby streets, shuffling coins and keys while flowing from one location to another.",118.594666,4.7757115,585,10.5,0,2.462047,5758.3687,63.95195,0.0,71948,698,0.009701451,6.548219,4.9751425,2338.854,0.0023750236723572016,0.0
"Context:
The casino’s late-night crowd kept ordering food, but the kitchen stalled because the Whirlpool dishwasher wouldn’t empty. Once the clog was cleared, the staff ran a quick cycle and plates returned in stacks. I went to the business desk to fax evidence for an adjudication dispute involving artisanal mining and listened on VoIP as a doctor described kidney and bladder concerns. Nearby, a fantasy show played on big screens and sparked talk of media creators, politicians, and academic disciplines as the kitchen ran its routine signals.",155.12125,5.044207,586,12.5062475,0,2.997299,4361.7495,64.40092,0.0,64611,717,0.011097182,6.575076,5.199763,1455.2267,0.0034155109897255898,0.0
"Context:
Names of sponsors and a short acronym dominated the first two lines of the flyer. The vendor booths were more tactile: a warm-glow lamp, a polished saxophone mouthpiece, and a set of stackable stools, plus neatly labeled skincare bottles. In the corner, a researcher described a clinical procedure and used chemical terms that sounded like code words. The afternoon included a walking stop at a historic bridge with a plaque listing dates and officials, and dinner brought out spicy jjigae as a Korean singer’s track looped on the speakers.",102.603905,4.630876,587,11.649999,0,2.262572,5113.7754,52.97601,0.0,67707,728,0.010752211,6.590301,5.136361,2260.1602,0.0038613690994679928,0.0
"Context:
We compared two rentals, one near Frederiksberg and one closer to the harbor, arguing over which address sounded better. I pulled out a tiny USB receiver so my laptop could connect to the projector for the landlord’s walkthrough video. My partner, newly pregnant, mentioned the baby’s due date and the frustration of strict, small meals after gestational diabetes screening. In the entryway, a little ceramic cat watched us from a shelf while the landlord grumbled about taxes, politics, and the economy falling apart.",55.76148,4.0210834,588,8.7875,0,2.5887907,4641.073,60.808113,0.0,65238,721,0.011051841,6.5806394,5.1086106,1792.7572,0.003632395528256893,0.0
"Context:
An online promo for running shoes stressed comfort on long days and a lighter feel in the heel. It added that returns were simple and that sizes were moving fast. The final sentence offered a small discount with a code. The text ended abruptly, like the ad slot had run out.",70.206436,4.25144,589,10.374997,1,2.4299338,3287.4268,56.84046,0.0,36879,650,0.017625207,6.4769726,4.3920784,1352.8873,0.9871758818626404,1.0
"Context:
The courtyard tables sat under heaters, blending open air with a room full of retro furniture and faded prints. People introduced themselves with full names and mentioned cities like they were collecting passport stamps, all while holding cups branded with the sponsor logo. In the corner, a teammate verified the build tool output, triggered a quick deployment, and then swapped notes about campaign performance. Volunteers watched where guests clustered and recorded movement between the indoor bar and the outdoor seating. The event felt like vintage atmosphere wrapped around a carefully tracked experiment.",166.37408,5.1142387,590,11.849999,0,2.980966,4555.1274,68.9907,0.0,65177,696,0.010678614,6.5453496,5.0483093,1528.0709,0.003413289552554488,0.0
"Context:
He logged into an equipment coordination portal and found that most tools were reserved. The page highlighted service availability in red, pushing him to request alternates. Before he could message the group, the site demanded additional user registration requirements, including a work email and a badge number. Once verified, his network actions appeared in the task feed.",99.16523,4.5967875,591,10.5625,1,2.3929753,4017.9663,63.883465,0.0,42419,664,0.015653362,6.498282,4.376311,1679.0671,0.8939218521118164,1.0
"Context:
He opened the instrument case, recalibrated the sensor, and tightened a bracket with a practiced twist. A man leaning on a van observed the driveway, tracking each vehicle and each person who stepped out. He gripped the wheel, winced at the ache in his knee, and told himself to keep going, because stopping would make him think too much. On the platform, crates of chickens were being loaded, and he gave his spare scarf to a worker who looked cold. When hunger hit, he used a kitchen gadget to heat food and set his phone to remind him to pack up.",45.91773,3.8268514,592,8.9625,0,2.373296,6660.8,64.27412,0.0,74428,711,0.009552857,6.5666723,5.0317936,2806.5608,0.0009447814663872123,0.0
"Context:
The pop-up occupied a former bank, and the marble columns made the sponsor’s glossy product display look even louder. A host introduced two public figures by name and joked about the city’s obsession with this week’s headlines. Nearby, a developer checked a dashboard, issued a quick run command, and then turned to discuss campaign timing with the marketing manager. Staff observed how guests moved between the indoor lounge and the outdoor smoking area, recording where people stopped longest. The retro decor softened the scene, but the tracking made it feel precise.",110.882416,4.7084703,593,11.424999,0,2.5501819,6574.8535,70.082436,0.0,70076,678,0.009675209,6.5191474,4.876261,2578.19,0.0015269723953679204,0.0
"Context:
He copied the transcript into his notes, and at the bottom it had a stark marker: End of text. No signature, no timestamp, just that final boundary. It felt oddly official, as if a clerk had stamped the page to prevent additions. He saved the file and moved on, trusting that nothing was supposed to follow.",41.6886,3.7302277,594,8.049999,1,1.8229303,4263.5625,51.070656,0.0,43038,669,0.015544402,6.505784,4.351818,2338.851,0.9277179837226868,1.0
"Context:
She verified her profile to meet user registration requirements and finally gained access to the equipment coordination professionals network. Between gear assignments and service availability checks, she kneaded dough for lunch and finished a small craft gift with scented cosmetic wax. A whispered prayer came first, then written communication to the crew about the next steps. When the grant paperwork for favela dwellers reached the accountancy stage, she used a reticle overlay to document repairs, chose the correct lubricant for the hinge, and fought off hallucinations as proper names from publicized items echoed in the venue.",324.82623,5.7832904,595,13.274998,0,3.2142644,5543.504,67.94325,0.0,69597,747,0.010733222,6.616065,5.4340987,1724.6571,0.0016461467603221536,0.0
"Context:
The ceasefire collapsed overnight, and the radio counted casualties in a steady, grim cadence. At the same time, commentators debated whether the government’s stance would trigger economic retaliation. My neighbor taped up his shop window in case the demonstrations reached our street. Even the quiet moments felt charged with bad news.",68.900085,4.2326574,596,8.05625,1,3.202581,5801.342,68.75931,0.0,39398,698,0.017716635,6.548219,4.8034306,1811.4583,0.9976567029953003,1.0
"Context:
He checked a dashboard for streaming metrics and read a note about a venture fund’s quarterly forecast. A formal notice arrived in the afternoon, asking for a written response and explaining the filing process. At the resort, a concierge showed him a pool area and a lounge where an event was starting. He met a doctor at the buffet, then ordered a jacket and gloves online because the wind outside had turned sharp.",66.27706,4.193844,597,8.699999,0,2.2554138,4512.1543,58.83071,0.0,52874,673,0.0127283735,6.5117455,4.616073,2000.5883,0.2384987324476242,0.0
"Context:
In late June, the travel plans were finally set, down to the last reservation and backup option. A week later, he called customer support about a billing error and was surprised by how friendly the agent sounded at the end of a long shift. Around the same time, the neighborhood organized a volunteer day, and the business offered staff to help without making it a publicity stunt. In October, his company held its annual professional gathering, and helpful personnel kept the sessions moving while people swapped career stories. By winter, the regular season was in full swing, and the team’s offseason plans were already being argued about.",44.165592,3.787946,598,8.34375,0,2.495543,3974.9932,62.35188,0.0,78060,681,0.008724058,6.5235624,5.0458975,1592.8369,0.00861569494009018,0.0
"Context:
The program began with a long list of organizations and acronyms, followed by a welcome message from a named director. In the hall, lamps glowed over furniture displays while a musician tested a new instrument and a cosmetics rep handed out neatly labeled samples. A presenter in the next room walked through a medical pathway using chemical terminology and exact measurements. We then visited a historic site tied to a key event and came back for bibimbap and kimchi while Korean pop pulsed from the stage.",82.5501,4.4134054,599,9.762499,0,2.6491685,4404.722,62.659225,0.0,60296,709,0.011758657,6.5638556,4.9951606,1662.681,0.01559310220181942,0.0
"Context:
A safety sheet lay beside the machine, listing the volatile solvent, the acceptable exposure limits, and the required ventilation rate. The engineer pointed to the section on polymerization and warned what happens if the catalyst is added too quickly. Every instruction was written in technical shorthand, dense with process names and measurement units. We signed the form after confirming the procedure matched the equipment’s calibration.",50.874702,3.9293659,600,9.037499,1,2.5750184,5801.342,65.0429,0.0,48609,697,0.014338909,6.5467854,4.6959667,2252.9321,0.9685547351837158,1.0
"Context:
On their anniversary, they splurged on a suite at the Burj Al Arab, just to see what the hype felt like in real life. The minibar had brand-name chocolates lined up like trophies, and even the pillows came with a menu. They took a late-night ride in a Rolls-Royce arranged by the hotel, passing neon reflections across the hood. When they got back, they ate room-service caviar in silence, trying to absorb the absurdity.",22.04583,3.0931234,601,7.403123,1,3.1025908,5758.3687,68.56637,0.0,60969,735,0.012055307,6.5998707,5.2196183,1855.9872,0.758460521697998,1.0
"Context:
At the viewing on King’s Square, I wrote down the building’s official title and the exact address from the buzzer panel. I fixed a wobbly cabinet with a small hex key from my multitool, trying not to look too eager. My friend on the phone whispered about her glucose readings and the baby’s growth, worried about gestational diabetes complications. When I hung up, a little mascot keychain on my bag felt childish as the radio announced fresh sanctions and falling markets.",78.63509,4.364818,602,10.581249,0,2.9207597,4287.6504,63.95,0.0,62174,728,0.0117090745,6.590301,5.196494,1467.9915,0.014836631715297699,0.0
"Context:
He repaired the device with a small wrench, tightened the last bolt, and listened for the clean hum of the machine. Near the curb, a man in a car observed him without looking away, eyes following both him and the parked vehicles. He rubbed his knee, climbed into the truck, and said he could handle it, because he didn’t want to admit the pain. At the dock, crates of rabbits and a restless dog created noise, and he handed his spare ticket to someone who’d been turned away at the gate. Later, he opened his meal with a multitool and checked a device for directions before leaving again.",45.009872,3.806882,603,8.625,0,2.5974529,5758.3687,63.958202,0.0,81164,706,0.008698437,6.559615,5.166947,2216.929,0.001116581610403955,0.0
"Context:
He described previous qualifications in a calm tone, focusing on earlier responsibilities rather than dreams. Then a small advertisement segment appeared, promising fast delivery and an easy return policy, ending on a short, punchy line. A separate note started with a header and a bit of context, and the closing sentence wrapped it up without any extra filler. After that came a copied terminal snippet where [] repeated endlessly until a single final word ended the stream. The last character on the page felt like a deliberate stop.",92.13315,4.523235,604,9.524998,0,2.2454739,3523.7778,56.322414,0.0,63927,675,0.010558919,6.514713,4.848885,1569.2803,0.12337140738964081,0.0
"Context:
The pharmacist showed me how to use the lancet and the meter, then asked if I’d been diagnosed with gestational diabetes. I stared at the tiny test strip like it was a fragile piece of glass. For lunch, I kept the serving size small and drank extra water. Later, I listened to the baby’s heartbeat and felt a wave of relief.",19.493343,2.970073,605,7.453125,1,1.741736,3137.0217,42.82097,0.0,47371,696,0.014692534,6.5453496,4.6408,1801.089,0.8751252889633179,1.0
"Context:
He tightened the last screw and tested the instrument again, satisfied by the steady reading. Outside, two men by a motorcycle watched the parking lot, observing who came and went with practiced patience. He rubbed his bruised knee, said he was alright, and drove carefully anyway. At the dock, a dog barked at the cargo while he handed a spare ticket to a student who looked stranded. Later, he used a kitchen gadget in a hostel to heat food and set a timer on a device so he wouldn’t forget it on the counter.",43.798035,3.779589,606,8.25,0,2.5337179,4383.236,61.55128,0.0,68886,706,0.010248817,6.559615,5.0312014,1729.962,0.002604868495836854,0.0
"Context:
He greeted the receptionist with a quick hi and mentioned he was originally from a small town near Kraków. In his bag were printed reports from a week of intelligence gathering about a rival supplier. Before heading out, he stopped at the balcony planters and pinched dead leaves from the tomatoes. A colleague asked him to place a sensor on a shelf in the lab, and he did it carefully, aligning it with a marker. When he checked his watch, time was running and the bus was already pulling away.",42.501137,3.7495308,607,8.25,1,2.5474074,5715.3955,66.3277,0.0,63329,691,0.010911273,6.53814,4.842763,2243.6128,0.6105746626853943,1.0
"Context:
At the open house near Nyhavn, the brochure highlighted the building name and the streets around it in bold print. I used a tiny flashlight to inspect a crack under the sink and found a small leak the agent hadn’t mentioned. My pregnant friend quietly tracked her glucose numbers and said she was following a gestational diabetes plan with small portions. A little toy car on the floor made us laugh for a second, then my phone buzzed with another headline about unrest and financial fallout.",79.17225,4.371626,608,10.237498,0,2.8608403,4297.29,60.848103,0.0,61568,724,0.011759356,6.584791,5.2243433,1502.1077,0.03424974903464317,0.0
"Context:
She began by mentioning previous experience and an earlier team that shaped her approach to deadlines. The text shifted into an online promotion, praising a service and ending with a short call to action that stopped abruptly. A separate paragraph opened with a labeled introduction and a brief description, then ended after the main detail like a clipped announcement. After that, a technical excerpt showed [] repeating far too long until one last word ended the sequence. The final silence on the page felt intentional.",131.61995,4.8799186,609,9.96875,0,2.3855133,5801.342,63.101288,0.0,59600,653,0.010956376,6.481577,4.6922965,2431.905,0.057297464460134506,0.0
"Context:
The museum rented out its atrium for a launch and arranged the displays in a clean grid. Staff quietly observed which installations drew the longest pauses and wrote down quick impressions. A tablet near the exit asked visitors to tap a rating before leaving. The event felt polished, but everything also seemed designed to be counted.",99.378716,4.598938,610,9.35625,1,2.6364646,3394.8591,59.844322,0.0,39962,664,0.016615786,6.498282,4.567068,1287.6559,0.9869011044502258,1.0
"Context:
He took a solo train trip just to watch landscapes change. New towns appeared like snapshots: a station, a bakery, a narrow street toward a river. He joined a walking tour once, then spent the rest of the afternoon sitting in a plaza. Travel felt like giving time permission to stretch.",75.20399,4.3202043,611,9.0875,1,2.3965814,3179.9946,59.22949,0.0,38722,652,0.016837973,6.4800444,4.3444924,1326.8878,0.9781106114387512,1.0
"Context:
Her cover letter focused on earlier roles, not current ambitions. She described a previous internship that taught her how to handle messy deadlines and unclear requirements. A former supervisor’s reference was mentioned only once, but it carried weight. By the end, the tone felt grounded in what had already been proven.",56.296852,4.0306387,612,8.375,1,2.3859956,3480.805,57.545773,0.0,39337,650,0.016523883,6.4769726,4.394842,1458.848,0.9899308681488037,1.0
"Context:
At the open house near Frederiksberg Gardens, the agent kept pointing to landmarks and repeating the address like a mantra. I tightened a loose hinge with a compact screwdriver I’d brought along, embarrassed but relieved it worked. My sister followed slowly, tired from pregnancy and careful about the small snack she’d packed after failing her glucose screen. As we stepped outside, a kid dropped a little figurine on the sidewalk, and the street erupted with talk about a new scandal and rising tensions overseas.",70.022354,4.2488146,613,9.1875,0,2.8782651,5221.2075,59.779026,0.0,63408,735,0.011591597,6.5998707,5.2978096,1814.012,0.01382256019860506,0.0
"Context:
A newsletter arrived with a link to a digital clip and a paragraph about a bond offering tied to a new platform. A second message followed, requesting documentation for a review process and warning about a fee if the response was late. At the hotel, he asked about a shuttle and was directed to a waiting area with coffee and a quiet corner. He introduced himself to a photographer, then bought a hoodie and sneakers after realizing he’d packed the wrong shoes.",40.50851,3.701512,614,8.131249,0,2.570441,5844.3145,70.8987,0.0,58383,662,0.011338918,6.4952655,4.60379,2273.662,0.07205180078744888,0.0
"Context:
A tourism office handed him a pamphlet with an excerpt that ended just as it described a secret viewpoint. He spotted a firm period at the end of a safety notice and felt oddly reassured. At the bike rental stand, the final token scan set off activations and released the lock. The sequence of preparations ended with a ride along the water.",198.96785,5.2931433,615,12.799997,0,2.5897236,4297.29,64.679214,0.0,43646,662,0.015167484,6.4952655,4.484884,1659.3624,0.07482690364122391,0.0
"Context:
He compared types of lubricant in a cramped supply room, trying to pick one that wouldn’t ruin the seals. A folder of correspondence sat open beside him, full of reminders about what action to take before the deadline. Through a scope with a faint reticle, he checked a distant marker as if precision could calm his nerves. By evening, the grant paperwork, the favela budget lines, and the accountancy checks blurred together, and hallucinations flickered at the edge of his vision.",90.62645,4.5067463,616,11.5,1,2.7548306,4598.1006,62.410946,0.0,62771,722,0.011502127,6.582025,5.133084,1669.1046,0.039842817932367325,0.0
"Context:
The console kept printing empty brackets like it was stuck in a loop. He watched the screen fill with [] until the scroll bar became useless. After a long minute, a final word appeared and the process stopped. The quiet afterward felt almost suspicious.",86.80142,4.463623,617,11.293742,1,2.4170594,5801.342,61.68558,0.0,32573,643,0.019740276,6.4661446,4.2020288,2400.165,0.9923855066299438,1.0
"Context:
Rome — Lucia Bianchi stepped onto the platform at Termini and checked her messages from Autostrade about an Italian infrastructure upgrade that was running late. In a side room of Palazzo Valentini, she met a partner firm whose CEO hinted they might exit the deal if costs kept rising. Her phone buzzed with a thread full of Microsoft licensing terms and bond yields, the same numbers repeated as everyone replied. That night at Hotel Eden, she tried to fix a stubborn air conditioner, clipped a new holster onto her bag strap, and swatted at roaches until an exterminator finally answered.",75.40803,4.3229136,618,9.40625,0,3.4586556,5221.2075,67.88967,0.0,74536,753,0.010102501,6.6240654,5.5972257,1509.6061,0.0016108963172882795,0.0
"Context:
Along the riverbank, reeds bent in the breeze while small fish flashed under the surface. A heron stood perfectly still, then struck with a quick jab. Dragonflies skimmed the water, and the air smelled like wet earth. The whole scene felt busy without anyone directing it.",31.988153,3.4653656,619,7.253124,1,2.7463045,3394.8591,58.56564,0.0,36332,702,0.01932181,6.5539336,4.7004743,1236.1554,0.9972947239875793,1.0
"Context:
He met the user registration requirements and gained access to a professionals network where equipment coordination actions were shared. Service availability guided his choices while he cooked, made a cosmetic balm, and repaired a craft sign, then hauled chairs until exertion made his hands cramp. He attended a short religious service and wrote a message telling the team what action to take when the truck arrived. Later, favela grant accountancy demanded reticle-marked photos and careful lubricant selection, and hallucinations hovered as proper names and publicized items filled the promotional slideshow.",609.1274,6.4120274,620,15.9375,0,2.9078937,4017.9663,61.66068,0.0,66474,732,0.011011824,6.5957804,5.30075,1381.7446,0.010003025643527508,0.0
"Context:
The listing said the townhouse was two blocks from Nyhavn, and the agent kept repeating the street name so I wouldn’t forget it. At the open house, she pointed out the view toward the old church spire and the quiet courtyard behind the gate. I scribbled down the building’s proper name from the brass plaque by the entrance. On the walk back, I compared the commute from Østerbro versus Frederiksberg and circled the neighborhoods on my map.",31.746222,3.4577737,621,7.8499985,1,2.9969382,5887.287,59.987694,0.0,60394,747,0.012368779,6.616065,5.3755865,1964.434,0.823361337184906,1.0
"Context:
The watch on my wrist came with a manual full of specs, from GPS accuracy to water resistance, and I actually read it. After fixing a loose cabinet door, I headed to the dentist and then spent the evening sorting taxes and setting a savings goal I could tolerate. A late-night segment on Brexit negotiations broke down the deal like a puzzle with missing pieces. Before sleep, I read a biography for class, thought about privilege and grace, tested a virtual reality education demo, and ended by cooking and writing a review of the watch strap.",55.083782,4.0088553,622,8.506247,0,2.6736355,4361.7495,66.39763,0.0,69467,679,0.009774425,6.5206213,4.9674096,1631.3927,0.0019630277529358864,0.0
"Context:
The agreement covered a short contract term for a private exhibit inside Meadow Spa, with exclusivity guaranteed to a small list of invitees. Hi, said the curator, originally from Oslo, as she explained the limitations and the modest allowance for framing supplies. An assistant did intelligence gathering on similar shows, then went to the courtyard to tend the new plants. Inside, he placed each piece where the lighting would lift the color, but time was running before the next timed group entered. The artist rushed to finish two extra sketches and refined the shading so both quantity and quality rose by the final slot.",168.28589,5.125664,623,11.706249,0,2.4434671,3695.6694,57.325153,0.0,74386,690,0.009275939,6.5366917,5.116111,1512.4695,0.005359021946787834,0.0
"Context:
On the town’s yearly awards night, the stage crew and ushers worked with practiced calm. The program coordinator had a binder full of names, timings, and backup plans. When a presenter forgot his cue, a staff member whispered it at the perfect moment and saved him. The night ended with tired smiles and a stack of résumés collected from the job table in the lobby.",32.876297,3.4927518,624,7.375,1,3.1296008,5135.2617,68.026344,0.0,50457,700,0.013873199,6.55108,4.9772263,1640.868,0.9930630326271057,1.0
"Context:
The warehouse team relied on a professionals network to coordinate shared equipment. When a new contractor arrived, the system enforced strict user registration requirements before granting access. A calendar view displayed service availability for lifts and trucks by hour. After onboarding, the contractor could submit network actions to reserve and release items properly.",162.57948,5.091167,625,13.274998,1,2.8099265,3996.4797,68.48492,0.0,38720,649,0.016761364,6.475433,4.4132566,1422.272,0.9910722374916077,1.0
"Context:
A text message thread became confusing because short replies lacked clear endings. He added a question mark to show he was asking, not accusing. Then he placed a period to signal he was done arguing. End-of-sentence punctuation prevented the next misunderstanding.",50.962646,3.931093,626,9.3375,1,2.2465723,3695.6694,54.599377,0.0,33813,655,0.019371247,6.4846354,4.278813,1645.0259,0.9959169030189514,1.0
"Context:
The motel lobby had posters for a comedy show, but my first stop was the back room where their Whirlpool dishwasher was flashing an error. I helped clear a blockage from the drain hose so they could reopen the café. Afterward, I paid for a fax service to send daycare forms tied to an adjudication process, then got a VoIP update about kidney and bladder tests. That evening, the TV cycled between a fantasy series and political coverage, dropping proper nouns nonstop while appliances ran their steady routines.",132.31825,4.88521,627,12.5,0,2.5905468,4877.4243,62.10641,0.0,62802,735,0.011703449,6.5998707,5.1133704,1882.7778,0.03495245426893234,0.0
"Context:
A brochure on the counter opened with a block of names and acronyms, crediting sponsors and organizers before anything else. Past that, it advertised a lineup of floor lamps, a beginner’s guitar, and a set of minimalist stools with easy-care upholstery. In the side hall, a poster explained a chemical process in clinical language, complete with a diagram of reactions and a warning about exposure limits. The guided tour continued to a historic waterfront and then ended with a catered spread of kimchi, rice bowls, and a K-pop track pulsing from the speakers.",73.338486,4.2950854,628,11.75,0,2.4137182,3649.444,56.55904,0.0,71969,713,0.009907044,6.5694814,5.1332946,1511.9595,0.003437603823840618,0.0
"Context:
At the lab bench, I grabbed a pocket caliper to measure the thickness of a plastic spacer. The jaws slid smoothly, and the display flickered between millimeters and inches. It was a small instrument, but it made the difference between a part that fit and one that jammed. I wrote the measurement on tape and stuck it to the sample bag.",21.915716,3.087204,629,7.1687474,1,2.8304963,4168.371,62.362633,0.0,44938,706,0.015710535,6.559615,4.850787,1472.6644,0.9818800687789917,1.0
"Context:
A box labeled urgent was handed off with a signature, and the courier’s time was praised as exceptional delivery capability. Onstage, a civic discussion about humane treatment ran through parliamentary procedure, and a small silver clip held the notes together. The venue team checked the schedule and escorted the guest to a specific chair near the stage door, using the hall’s numbered signs. As the program evolved from one segment to another, the sense of progression felt deliberate and controlled. Afterward, attendees wandered across different locations, stepping briskly while keeping track of tiny tokens and receipts.",88.00118,4.47735,630,9.5625,0,2.490092,4555.1274,61.499935,0.0,71932,694,0.009648001,6.542472,5.0388055,1829.3008,0.0034939441829919815,0.0
"Context:
The cruise ship’s entertainment director announced a show, but the dining crew looked stressed because the Whirlpool dishwasher was flashing an error. After the filter was cleaned, the galley regained its pace and the trays kept moving. I went to the guest services desk to fax adjudication paperwork related to a daycare complaint and listened on VoIP to a doctor describing kidney and bladder findings. Later, a fantasy-themed quiz in the lounge mixed fictional place names with media references and political figures while appliances hummed in the background.",123.3083,4.8146877,631,12.44999,0,2.5176442,5586.477,59.257454,0.0,63998,722,0.011281602,6.582025,5.090042,2218.9304,0.004393039271235466,0.0
"Context:
In the lab notebook, the protocol started with a careful note about reagent purity and the exact molarity needed for the buffer. The technician recorded a temperature curve and circled the point where the reaction rate abruptly changed. A line of dense terminology followed, describing the enzyme pathway and the expected byproducts. When the spectrometer finally stabilized, she saved the readout and labeled it with the process stage and sample ID.",53.972855,3.9884813,632,8.887496,1,2.5886784,3158.5083,58.243256,0.0,51694,707,0.013676636,6.561031,4.914596,1220.1239,0.9740514159202576,1.0
"Context:
At the airport kiosk, Jordan Reyes scanned the headline feed while waiting for coffee. A push alert flashed about a minister’s resignation in London, and the name stuck in his mind. On the shelf, a stack of Zephyr Cola cans had a new label that looked like a movie tie-in. He snapped a photo to send to his friend who always notices branding first.",62.099323,4.128735,633,10.293745,1,2.6830308,4619.587,65.86715,0.0,48609,699,0.014380053,6.5496507,4.7317553,1721.7793,0.9628851413726807,1.0
"Context:
At the airport hotel, a coach paced by the meeting rooms while families waited for their early departures. A legal clerk reviewed contracts at a corner table, and a senior lawyer joined for a whispered conversation. In the lounge, a pastor offered a short prayer to someone who had missed a flight. The whole place hummed with rolling suitcases and muffled announcements. When the bus arrived, everyone stood at once as if the building itself had been holding its breath.",46.221363,3.8334422,634,8.599999,1,2.95171,5436.072,65.826294,0.0,57814,693,0.011986716,6.54103,5.0461416,1841.6687,0.8045309782028198,1.0
"Context:
The hotel bar was packed after the concert, yet the kitchen nearly ran out of clean glasses because the Whirlpool dishwasher wouldn’t drain. A staff member cleared the blockage and restarted it, muttering about the dinner rush. I walked to the business center to fax documents for an adjudication hearing and answered a VoIP update about kidney and bladder tests. In the lounge, a fantasy fan group name-checked fictional cities, media creators, politicians, and university departments while the kitchen appliances beeped steadily behind the door.",87.224625,4.468487,635,10.099998,0,3.0948992,3781.6152,69.00991,0.0,63988,710,0.01109583,6.565265,5.1238284,1221.8864,0.010006950236856937,0.0
"Context:
The courier timer started the moment the lab sample left the fridge. By the time it arrived, the nurse logged the delivery time and checked whether the specimen stayed cold. In the ward, the patient’s oxygen saturation and heart rate were tracked through each stage of recovery. The team talked about capability the way they talked about physiology: consistent output, no sudden drops, and clear signs of improvement.",55.86453,4.0229297,636,9.35,1,2.9040987,6660.8,73.55269,0.0,51025,671,0.013150416,6.508769,4.6890025,2293.586,0.9934506416320801,1.0
"Context:
She prepped dough, kneading until it stopped sticking to her hands. After the bread rose, she poured pigments into a cosmetic cream and tested it on her wrist. The afternoon became a craft session, stitching a patch onto a torn bag with careful loops. Carrying groceries home afterward turned into a sweaty climb that left her breathing hard.",76.019135,4.330985,637,9.899999,1,3.2495286,2857.6978,62.068962,0.0,43727,721,0.016488668,6.5806394,5.0468254,879.4192,0.9871267676353455,1.0
"Context:
The old cinema lobby smelled like fresh paint, but the decor leaned retro, as if the building remembered another era. Attendees traded famous names and talked about where the press would fly next, while sponsor products lined the counters. A coordinator checked a tool dashboard, asked someone to rerun a tracking action, and then reviewed the campaign schedule for the morning. Staff monitored foot traffic through the halls and noted which spaces attracted longer pauses. It felt like a story about people and places, scored by metrics.",111.68012,4.7156386,638,10.237499,0,3.1669014,5844.3145,75.58586,0.0,63336,692,0.0109258555,6.539586,4.9974375,1845.4363,0.2910664677619934,0.0
"Context:
The realtor led us through a row house in Frederiksberg, pausing to name every nearby street and school like it was a geography lesson. I checked the cabinet alignment with a small level and adjusted a hinge using my multitool. My wife kept an eye on her sugar numbers, choosing a small snack and mentioning the baby’s due date in the same breath. A little plush cat on the sofa brightened the room until a neighbor brought up elections, layoffs, and a bad week for the markets.",72.54329,4.2841835,639,10.9625,0,3.070244,4555.1274,64.30079,0.0,64006,728,0.011373933,6.590301,5.2466416,1483.637,0.002490946324542165,0.0
"Context:
The bathroom renovation looked simple on paper until the old tiles came off and revealed uneven studs. Two days later, a sharp toothache pushed me into an emergency visit, and the dentist talked about drilling and filling like it was routine. When the bills arrived, I dug through tax documents to see what I could claim and what I couldn’t. I opened a new savings account afterward, hoping future surprises would feel less like disasters.",25.416002,3.235379,640,7.2999983,1,2.2796996,2857.6978,52.37724,0.0,55340,684,0.012359956,6.527958,4.875536,1253.5414,0.8208051919937134,1.0
"Context:
I walked into the shop to buy paint but got distracted by a speaker box listing wattage, codec support, and battery life. The day turned into a chain of practical errands: home work, a dentist visit, tax questions, and a quick look at my savings account balance. In the taxi, the driver played a station obsessing over Brexit negotiations and the latest deal rumors. Later, a philosophy lecture about inequality ended with a blessing, our VR lab showcased an educational biography experience, and I cooked dinner before posting a review of the speaker.",83.39591,4.4235992,641,10.9375,0,2.160687,4984.8564,55.726013,0.0,68903,723,0.010493012,6.5834093,4.998934,2307.07,0.0018581694457679987,0.0
"Context:
He watched a short video on a phone while holding a prospectus that described a startup and a bond issue. After that, he sent a formal request, waited for a confirmation email, and filed a complaint through a portal. At the same time, a consultant he’d hired arrived at the hotel, asked about a late checkout, and recommended a conference room with a projector. Before dinner he bought a jacket and a belt, then reread a technical note about a security patch and wondered how all of it ended up on one crowded day.",39.24591,3.6698472,642,7.043749,0,2.3813026,4727.019,62.940716,0.0,68236,688,0.010082655,6.5337887,4.8600287,1985.056,0.014561017043888569,0.0
"Context:
Learning the skill came in waves rather than a straight line. At first there was imitation, then experimentation, and later a stretch where nothing seemed to improve. One day the pieces clicked, and the potential that had been guessed at became real. After that, each new attempt built on the last, with a quieter confidence settling in.",33.313416,3.5059602,643,9.174996,1,2.6826692,3953.5068,65.04495,0.0,43022,654,0.015201525,6.4831076,4.484136,1473.7213,0.7169196009635925,1.0
"Context:
Paris — Jean Dubois sent the first email of the day from the headquarters of Lumière Media, and within minutes the replies stacked up with Tesla, SAP, and currency forecasts. He met their partner agency in a conference room overlooking Rue de Rivoli, where a new tax rule had everyone calculating who would absorb the hit. Downstairs, a technician worked on a malfunctioning elevator and muttered about replacing a control module after the latest driver update failed. Later, Jean ducked into a shop near the Louvre to pick up a holster clip for a security guard and stepped outside to find pest control sealing cracks by the kitchen door.",78.84001,4.3674207,644,9.4375,0,2.5857806,3738.6423,53.63791,0.0,78196,748,0.009565706,6.617403,5.5017753,1445.8467,0.0028831392992287874,0.0
"Context:
The hostel advertised live music, yet the kitchen was quiet because the Whirlpool dishwasher was clogged and no one wanted to pile dishes in the sink. A traveler cleared the filter, and the machine finally drained. I used a nearby shop’s fax service to send documents for an adjudication meeting and took a VoIP call about kidney and bladder tests before walking to pick up a child from daycare. At night, a fantasy game streamed on the TV while people argued politics and university majors, and the kitchen timers beeped through the chaos.",85.51704,4.4487157,645,11.949991,0,2.9017556,5887.287,71.68899,0.0,66466,726,0.010922878,6.58755,5.0883737,2028.8707,0.0029806869570165873,0.0
"Context:
Madrid — The wire story began with Banco Iberia, Plaza Mayor, and the minister’s full name before it got to the details. Inside a rented office near Gran Vía, two teams tried to keep their partnership alive while a sudden policy change made the contract risky. Emails flew with brand references, payment networks, and market jargon that showed up again and again in every reply. At home, a washing machine repair took longer than planned, and while waiting for a part he called pest control, clipped a holster onto his running belt, and cleaned his sports eyewear for the next morning.",116.25255,4.755765,646,11.525,0,3.3406155,5758.3687,74.86902,0.0,73794,705,0.009553622,6.558198,5.251336,1723.7448,0.0014754441799595952,0.0
"Context:
After verifying credentials, he accessed the professionals network for equipment coordination and could see real-time service availability. He cooked lunch, experimented with cosmetics, and fixed a craft banner, then carried stacked cases until exertion made his legs wobble. He attended a short prayer and wrote a message that spelled out what action to take if the delivery arrived late. Later, a favela grant type forced accountancy scrutiny, a reticle-guided photo survey, and a lubricant decision for worn parts, and the late hours stirred hallucinations while proper names and publicized items trended online.",444.29465,6.096488,647,14.0875,0,3.0572257,4017.9663,64.56465,0.0,71387,732,0.010253968,6.5957804,5.345766,1314.2524,0.0031252792105078697,0.0
"Context:
A brand street team set up a booth near the metro entrance and tracked how many samples were taken. The coordinator walked the perimeter and adjusted where the signs stood so passersby would notice them sooner. A photographer captured reactions while another staffer logged notes about where people stopped. By the afternoon, the whole setup looked like a carefully staged funnel in real life.",65.282234,4.17872,648,7.6843734,1,3.0130546,4232.8306,65.15649,0.0,46156,698,0.015122628,6.548219,4.887619,1404.8303,0.9910291433334351,1.0
"Context:
He carried a thermos of plant tea as he watched ducks and fish weave through reeds at the edge of the lake. The scene looked calm until he noticed a patch of strange foam near a drainage pipe and the heavy smell that followed it. Local workers said the site had a minor accident recently, and the cleanup had stirred up thick growth while rats kept appearing near the waterline. Later, a municipal planner explained how the ecosystem and its natural resources were managed alongside fixed assets like pumps and barriers. That night, he cooked a meal and added flowers on top, as if the plate deserved its own small garden.",64.9537,4.1736746,649,9.243749,0,2.9592555,5264.18,72.037445,0.0,76851,695,0.009043474,6.543912,5.1245995,1778.8867,0.0023252046667039394,0.0
"Context:
Priya landed in Dubai for the Expo and met Ahmed outside the Emirates pavilion, where corporate logos and country names crowded the entrance. She heard “Al Noor” repeated in rapid succession, first as the name of a doctor, then as the name of a clinic, and finally as the name on a sponsor banner. After checking into the Burj Al Arab, she took a chauffeured Rolls-Royce to a private dinner with branded champagne on the table. The next morning, a dermatologist reviewed her treatment for psoriasis and adjusted the prescription. By lunchtime, Priya had bounced between spectacle, luxury, and medical care without ever leaving the same set of proper names behind.",34.750797,3.5482025,650,8.0375,0,2.9687076,4727.019,66.177376,0.0,83736,745,0.008897009,6.6133842,5.468438,1592.2819,0.0019816604908555746,0.0
"Context:
The email began with a greeting that immediately singled out two departments and a long client name in parentheses. It referenced a quarterly program by its acronym, then listed the committee chair and the steering group by surname. A product code appeared right after the brand name, as if it were part of the person’s identity. Before any actual request showed up, the opening lines had already mapped a whole network of names.",44.283493,3.790612,651,8.362499,1,2.6722436,3910.534,64.57284,0.0,52888,681,0.012876267,6.5235624,4.741077,1463.3898,0.9884356260299683,1.0
"Context:
Preseason camp opened in August, and the locker room smelled like fresh tape and new jerseys. By the first regular-season game, the starters had settled into routines and the rookies knew where to stand. When the offseason came, the gym sessions got quieter but more serious, like everyone could hear next year calling. Even the shift into winter changed the training, swapping outdoor runs for indoor circuits.",39.065205,3.6652322,652,8.000001,1,3.0026844,3674.183,66.10033,0.0,51052,688,0.013476456,6.5337887,4.9000716,1223.6328,0.9973071813583374,1.0
"Context:
In the museum exhibit, visitors collected tokens at each station. The first few did nothing beyond a small click, but the last token caused activations in the central sculpture and it began to glow. Children ran closer as the lights climbed the frame. End of sequence token activations turned collecting into a finale.",115.679016,4.750819,653,11.531249,1,2.7386558,4168.371,66.066574,0.0,38727,656,0.016939087,6.4861608,4.410021,1522.05,0.9716780185699463,1.0
"Context:
A two-week agreement covered a pilot deployment, and the finance team tracked the term like a countdown. The pilot ran inside Lakeside Spa, an exclusive venue with only a handful of rooms and short, timed access to the testing area. Hi, said the engineer, originally from Taipei, while outlining limitations and a small allowance for replacement parts. She gathered intelligence on a competing system, watered the plants by the window, and placed sensors on the racks before noticing time was running. By the last session, she had built extra prototype sketches and improved the finish so the demo looked sharper and more complete.",146.51073,4.9870987,654,11.099998,0,2.725987,4340.2627,65.22329,0.0,75624,701,0.009269544,6.552508,5.1271157,1592.1803,0.0015109818195924163,0.0
"Context:
Late at night, the apartment was still, but the head was loud with plans and regrets. The same scene replayed again and again, changing slightly each time like a dream that would not settle. A deep breath brought awareness back to the body and the sound of the radiator. For a moment, gratitude appeared, sharp and unexpected, for having a safe place to sit. Sleep came slowly, pulled in by the feeling that tomorrow could be different.",25.443893,3.2364757,655,7.124999,1,2.2464268,5479.045,60.814964,0.0,57779,673,0.011647831,6.5117455,4.645793,2439.0044,0.862707257270813,1.0
"Context:
At the market, I found tiny ceramic cats lined up on a tray, each one painted with a different expression. The vendor wrapped my choice in tissue like it was fragile jewelry. It fit neatly into my coat pocket and warmed up from my hand. When I got home, the little cat looked perfect on the windowsill.",20.576328,3.0241413,656,6.7749996,1,2.635201,3308.9133,60.62634,0.0,42442,683,0.01609255,6.526495,4.639894,1255.6588,0.9961075186729431,1.0
"Context:
The composer offered an exclusive performance license to one theatre, but allowed a limited number of recordings for promotion. During rehearsal, the stage manager adjusted the placement of microphones to improve sound quality. The orchestra expanded the arrangement, increasing the number of strings to thicken the tone. The final show felt more polished than the first run-through, as if the extra resources had been transformed into art. Afterward, the director asked for one more encore within the agreed allowance.",30.452011,3.416152,657,7.521872,1,2.0198002,4146.885,57.361588,0.0,58414,687,0.011760879,6.5323343,4.608074,2053.1165,0.9265982508659363,1.0
"Context:
At the house outside Skagen, the seller pointed to the road sign and corrected my pronunciation of the village name. I measured a tight corner with a small tape and checked a hinge with a multitool, thinking about baby-proofing. My partner talked about the baby’s size on the last scan and her careful routine since the gestational diabetes warning. On the drive back, we passed a shop window filled with little figurines while the radio listed fresh turmoil in politics and finance.",76.311386,4.334822,658,10.574999,0,2.6272874,4641.073,63.978203,0.0,60886,703,0.0115461685,6.555357,4.9048643,1766.4886,0.012792157009243965,0.0
"Context:
He logged into the equipment coordination network after meeting the user registration requirements and immediately checked service availability for key tools. Between network actions, he helped with food preparation, tried a cosmetic blend, and completed a craft repair, then hauled a generator and felt the exertion in his wrists. He prayed briefly and wrote an email naming the action to take if the schedule collapsed. The evening turned into favela grant type accountancy, reticle-guided documentation, and lubricant selection, and hallucinations flickered as proper names and publicized items were broadcast on screens.",345.96243,5.84633,659,12.75,0,3.1475177,4555.1274,71.16652,0.0,68925,725,0.010518679,6.5861716,5.2125854,1447.2126,0.0012701082741841674,0.0
"Context:
At the boutique hotel, the lobby smelled like coffee and popcorn from a small cinema next door, but the kitchen had a crisis with a clogged Whirlpool dishwasher. I saw staff pull out the filter and flush the drain hose until the water stopped backing up. In my room, I faxed documents for an adjudication hearing and then got a VoIP call about kidney markers and bladder follow-up. Downstairs, a fantasy panel cited show creators, politicians, and academic departments while the kitchen ran its strict routines behind the scenes.",99.477806,4.5999346,660,11.90625,0,3.1489818,4060.939,67.88125,0.0,65867,735,0.01115885,6.5998707,5.265606,1289.6038,0.009755251929163933,0.0
"Context:
At the airport hotel, the breakfast area opened late because a Whirlpool dishwasher was clogged with food debris. I watched maintenance rinse the filter and test the drain pump until the water finally cleared. While waiting, I paid for a fax service to send paperwork for an adjudication case tied to an artisanal mining dispute and got a VoIP call about bladder symptoms and kidney labs. That evening, the lobby TV bounced between fantasy trailers and political coverage, and the proper nouns kept coming as the kitchen ran its routines.",130.4055,4.870649,661,10.5,0,3.1381059,4576.614,67.298195,0.0,62785,735,0.011706618,6.5998707,5.222096,1458.4,0.02101518027484417,0.0
"Context:
The tour bus played a recorded excerpt from a novel set in the city, and it ended abruptly before the chase scene. He noticed the script on the screen lacked a period and mentally corrected it. At the museum entrance, the final token scan triggered activations and the barrier opened. Tourism followed immediately, as the group flowed into the exhibit hall.",108.529106,4.6870184,662,11.25,0,2.3276396,3265.9404,59.80783,0.0,44247,650,0.014690261,6.4769726,4.400345,1403.1125,0.19568297266960144,0.0
"Context:
My backpack always has a little multitool because something inevitably needs cutting or tightening. On the train, a loose bolt on my bike rack started rattling, so I flipped out the hex key and fixed it in minutes. The tool’s hinge was stiff from use, but it held firm. I wiped the grease off my fingers with a receipt and kept going.",27.511734,3.3146126,663,6.85625,1,2.6178272,3803.1016,60.351776,0.0,46765,697,0.014904309,6.5467854,4.756645,1452.7703,0.9790778756141663,1.0
"Context:
The seller insisted the property name was historic, and he treated it like a family heirloom. I used a small voltage tester on the kitchen outlet, then tightened a screw with a compact driver. My sister, close to delivery, described the glucose checks and how she keeps portions small to manage gestational diabetes. In the nursery corner, a little toy giraffe sat beside the crib while the phone buzzed with breaking news about a financial shock and political unrest.",75.671074,4.326396,664,10.300001,0,3.460565,4641.073,72.08537,0.0,57255,719,0.012557855,6.5778613,5.161989,1341.1316,0.04671681299805641,0.0
"Context:
The recording cut off right after the speaker said the last word. There was a moment of room tone and then nothing at all. It felt like the end had been designed to be unmistakable. She didn’t replay it, because the point had landed.",38.539223,3.6516764,665,9.499992,1,2.0933836,4447.6953,59.311317,0.0,33811,654,0.019342817,6.4831076,4.058629,2124.6443,0.996639609336853,1.0
"Context:
The electrician lent me a compact voltage tester that fit in my palm and beeped when it found a live wire. I used it to check a lamp cord before touching anything else. The device was small enough to tuck behind the outlet plate while I worked. Afterward, I wrapped it carefully and set it back in the case.",29.199585,3.3741546,666,7.5062494,1,3.1970732,5973.2334,72.17305,0.0,42459,689,0.016227419,6.535241,4.7390223,1868.3442,0.9973344802856445,1.0
"Context:
Our travel day ended at a resort where the evening entertainment was delayed by a kitchen problem: the Whirlpool dishwasher had a clogged hose and water sitting in the tub. A quick cleaning got the cycle running, and the staff looked relieved. In the lobby, I used a fax service to submit daycare paperwork connected to an adjudication process, then listened on VoIP as a doctor discussed kidney and bladder concerns. Later, a fantasy book club meeting drifted into politics and academic talk, with proper nouns flying around while appliances kept to their routines.",97.81173,4.5830445,667,10.074995,0,2.7802222,4125.3984,61.909058,0.0,66474,731,0.01099678,6.5944133,5.225524,1483.8376,0.009606458246707916,0.0
"Context:
The equipment coordination portal accepted her credentials, unlocking network actions and a clean view of service availability. She cooked lunch, blended a cosmetic sample, and fixed a craft display, then carried a heavy case and felt the exertion immediately. She prayed in a quiet corner and sent written communication that explained what action to take if the schedule slipped. The evening became a favela grant type accountancy check with reticle-guided documentation and a lubricant swap, and tiredness brought hallucinations as proper names and publicized items from sponsors looped on screens.",437.80588,6.0817757,668,12.862497,0,2.948375,5887.287,71.31251,0.0,66448,720,0.0108355405,6.5792513,5.0958786,1996.7905,0.002945623593404889,0.0
"Context:
The launch party was held in a converted warehouse near the river, with retro posters and warm lighting setting an intentionally aged mood. A pop singer’s manager introduced herself, dropped three city names in one breath, and pointed to a display of the headline sponsor’s new product. Near the merch table, someone flipped open a laptop, ran a quick command to refresh the site, and immediately switched to discussing the ad rollout schedule. Staff members paced the space, counting foot traffic and jotting down where people lingered. When the doors finally closed, the room felt like a carefully measured scene wrapped in vintage decor.",43.331097,3.7688706,669,8.45,0,2.797863,5264.18,67.02432,0.0,77458,699,0.009024246,6.5496507,5.1762857,1881.5004,0.0016943862428888679,0.0
"Context:
He rubbed aloe on his hands after trimming plants, then headed out to the river with a bottle of herbal extract for his drink. Along the bank, grasses and wildflowers framed the water, and birds hovered over fish that broke the surface in quick flashes. Farther upstream, a barge mishap had left floating debris, and thick mats of growth formed where the current slowed, drawing swarms of pests near the edge. In a meeting later, the site manager talked about natural resources, the surrounding ecosystem, and the fixed assets they had to protect, including pumps and containment barriers. Dinner was simple, but he finished it with edible petals he’d bought earlier, trying to end on something gentle.",50.935513,3.9305604,670,8.25625,0,2.4211428,4727.019,59.162292,0.0,86710,717,0.008268942,6.575076,5.2480807,1952.3916,0.0013497986365109682,0.0
"Context:
I read the detailed specs on a kettle’s capacity and heating curve while my cart filled with screws for a renovation project. The afternoon included a dental visit, a tax deadline reminder, and a quick transfer into savings that felt like damage control. A news channel in the background tracked Brexit negotiations and speculated about what the deal would mean for borders and trade. In the evening, I worked through a biography for class, discussed philosophy and inequality, heard a blessing offered for someone struggling, tested a VR education lesson, and then cooked tea-time snacks before posting a review of the kettle.",78.81705,4.3671293,671,9.562499,0,2.206671,4490.668,59.990414,0.0,74405,693,0.00931389,6.54103,4.9396863,2035.0419,0.012316867709159851,0.0
"Context:
The novel’s dialogue felt flat until she fixed the punctuation at the end of each line. A whispered confession gained weight with a simple period instead of a comma. A sudden reveal needed a sharp exclamation point to land. End-of-sentence punctuation gave the scene its timing.",36.397934,3.594512,672,8.162497,1,3.1089485,3631.21,68.91644,0.0,36926,685,0.018550614,6.529419,4.6122127,1167.9866,0.99891197681427,1.0
"Context:
It was early February, and the customer hotline was flooded after a storm delayed deliveries. The agent stayed cheerful, apologized with sincerity, and offered a small credit that made people less angry. After her shift, she walked two blocks to the community hall where volunteers were sorting donated blankets for neighbors who lost heat. The next morning she showed up at the annual workplace mentoring day, guiding interns to their interviews while a staff member handled the sign-in chaos. By June she was already planning a summer weekend trip, and by August she was back at the field watching preseason drills under gray skies.",45.55289,3.8188741,673,7.7281246,0,2.4504728,3351.8862,58.94265,0.0,74374,681,0.0091564255,6.5235624,5.0721836,1367.8528,0.0059085446409881115,0.0
"Context:
A travel blog posted a short excerpt about a lakeside trail, ending before the author described the summit. She edited her own note with clear end-of-sentence punctuation so she would remember the turnoff. At the park entrance, the final token validation produced activations in the scanner and the gate clicked open. With the sequence complete, leisure began on the first quiet mile.",111.310715,4.7123256,674,10.918747,0,2.840426,5801.342,70.47726,0.0,48566,664,0.013672116,6.498282,4.622789,2042.4197,0.9937945604324341,1.0
"Context:
Morgan Lee opened the memo with a crisp line that read like a roll call: Rivergate Labs, Orion Media, and the PTA at Northbridge High. The next paragraph introduced the keynote speaker, Dr. Anika Rao, and the sponsor list followed in tight acronyms. A new product name appeared in all caps, repeated twice so no one could miss it. By the time the first page ended, the document had already named more companies than the room could fit.",54.78307,4.0033813,675,9.125,1,2.9756265,3510.446,66.835754,0.0,59681,711,0.01191334,6.5666723,5.043026,1179.7334,0.04348091408610344,0.0
"Context:
The booklet opened with a parade of proper nouns, from the venue to the supporting companies, ending in a compact acronym. Along the corridor, stands displayed industrial mixers, stylish lamps, and instrument parts, with a side table of skincare bottles and boxed soaps. A scientist explained a medical procedure using precise chemical and technical terminology that made the crowd fall quiet. The bus tour stopped at a historic fort and a nearby film location, and the evening finished with Korean barbecue and a playlist of Korean hits.",115.053535,4.7453976,676,12.625,0,2.6900039,5801.342,62.507717,0.0,62755,707,0.011266035,6.561031,5.086259,2156.6296,0.07765643298625946,0.0
"Context:
We toured an apartment on Sølvgade while the realtor talked about the building’s history and the neighborhood’s reputation. In the kitchen, I noticed a tiny toolbox on the counter and used a small level to check a crooked shelf. My partner rubbed her belly and asked if the place had room for a crib, then mentioned her latest glucose reading from the gestational diabetes check. On the way out, a little stuffed rabbit in the window made us both smile until the news alert about a market plunge and political turmoil buzzed my phone.",34.078545,3.528668,677,7.90625,0,2.855687,5973.2334,67.87809,0.0,68969,743,0.010772956,6.610696,5.249427,2091.6975,0.0011131534120067954,0.0
"Context:
Vienna — The article started with the names of two firms and the address of a conference at the Austria Center. In a hallway near the main auditorium, a vendor complained about a malfunctioning kiosk and said the driver update had made it worse. A rival sponsor tried to lure away a partner with a better revenue split, turning polite handshakes into guarded smiles. That night at a small hotel in Leopoldstadt, someone mentioned an Italian infrastructure tender, checked a phone full of finance terms, and laughed at a holster clip that kept snagging on a coat while pest control inspected the lobby.",111.008064,4.709603,678,10.812498,0,2.9588783,5221.2075,66.903824,0.0,73849,729,0.009871495,6.591674,5.2926493,1764.5902,0.0020656019914895296,0.0
"Context:
She visited the lakeside greenhouse to buy flowers for a party and ended up sampling a mint-and-flower syrup stirred into sparkling water. Outside, ducks drifted between patches of tall plants, and the shoreline buzzed with insects and quiet movement. A worker complained that last week a small accident upstream had left debris in the channel, and now thick growth was choking the inlet while aggressive geese chased people away. Later, the manager showed her an inventory sheet listing the land, water access, and equipment as long-term assets tied to the surrounding ecosystem. When she got home, she used the flowers twice, first in a vase and then scattered over a simple dessert she baked.",50.59514,3.9238555,679,9.706249,0,2.8262,5844.3145,71.12627,0.0,85510,728,0.008513624,6.590301,5.262344,2067.9055,0.0010757169220596552,0.0
"Context:
The hotel staff pointed visitors toward two events: a legal symposium upstairs and a coaching clinic downstairs. A pastor drifted between them, talking with anyone who seemed overwhelmed by their own feelings. The coach used sports stories to sell personal development packages, and most of the audience clapped before signing. A doctor introduced herself during questions and advised everyone to watch stress levels, while an attorney reminded himself to document everything. Afterward, the departures doors swung open and the whole lobby turned into a moving line.",90.520645,4.505578,680,9.7125,0,3.4190404,4963.37,76.417656,0.0,61483,682,0.011092497,6.5250297,5.0573945,1451.685,0.18175478279590607,0.0
"Context:
He tuned the device until the needle stopped jumping, then packed the instrument away. In the parking garage, two men stood near a car and observed the exit ramp like they were waiting for a signal. He flexed his fingers, started the vehicle, and told himself to stay calm, because his foot still ached from braking earlier. A horse trailer rolled through the gate, and he later gave a bag of snacks to a handler who looked exhausted. At night, he used a simple tool to fix the charger on his phone and warmed food with a small kitchen gadget.",42.265015,3.7439597,681,8.4,0,2.7936344,5135.2617,69.79197,0.0,72535,683,0.009416144,6.526495,5.001594,1838.201,0.00171638501342386,0.0
"Context:
The coach started the retreat by asking everyone to commit to a new routine, then pivoted into a pitch that sounded like closing a deal. A lawyer reminded herself to read the contract terms, while the doctor beside her introduced herself and explained the health side of burnout. During a break, a pastor sat with someone whose inner monologue had turned cruel, and the conversation softened it. The hotel corridors were packed, and nearly every room seemed to hold another small meeting. When departures were called, the whole group spilled into the parking lot at once.",52.45039,3.9598677,682,9.0625,0,2.6654813,4641.073,61.44638,0.0,68869,700,0.010164225,6.55108,5.095664,1741.1764,0.0028706712182611227,0.0
"Context:
The band’s stamina was tested during soundcheck, and the drummer joked that lungs and legs mattered as much as talent. A courier arrived with fragile gear, and the crew measured success in minutes, calling it a strong delivery performance. Onstage, a forum about humane treatment and political accountability drew applause, and someone placed a tiny ribbon beside the microphone. The venue staff pointed the guest to a specific dressing room near the left wing, matching the printed event schedule. As the evening unfolded in distinct phases, people kept moving through entrances and stairwells, holding small tickets like passports.",94.37506,4.547277,683,9.8125,0,2.3341582,5543.504,56.471195,0.0,73805,708,0.009592846,6.562444,5.138326,2374.9478,0.0018997100414708257,0.0
"Context:
She listened to an audio clip while scrolling through a newsletter that mentioned a fintech firm and a new security protocol. Later, a registered letter arrived, requesting a written response and outlining a compliance investigation. At the hotel, she asked for a late checkout and was offered a breakfast voucher and a pool pass. Before dinner, she spoke with a photographer about headshots, then bought a scarf and a handbag for tomorrow’s meetings.",40.307545,3.6965387,684,8.299998,0,2.8306615,4684.046,67.11624,0.0,54721,676,0.012353576,6.516193,4.80643,1654.753,0.16139212250709534,0.0
"Context:
The ticket scan beeped at the entrance, and the staff directed late arrivals to the upper balcony. In the lobby, a screen showed the start time and the next performance on the calendar. A musician slipped into the green room located behind the main stage, next to the narrow corridor of dressing rooms. When the lights dimmed, every seat faced the same focal point as if the whole building had been designed around that spot.",32.209248,3.4722536,685,7.9250007,1,2.6607175,4146.885,60.240185,0.0,54120,691,0.012767923,6.53814,4.880677,1558.5588,0.9944065809249878,1.0
"Context:
The label on the new jacket listed fabric weight, waterproof rating, and seam type, and I smiled at how specific it was. I wore it while buying supplies for a home fix, then headed to the dentist, then sat down with tax forms and a plan to grow my savings account slowly. On my phone, another Brexit negotiation headline claimed a deal was near, even though yesterday’s headline had said the same. Later, a seminar blended philosophy with class stories and talk of blessings, a virtual reality education demo reenacted scenes from a biography, and I finished the night cooking and leaving a review of the jacket.",67.98943,4.2193522,686,9.912497,0,2.5490043,5586.477,63.189873,0.0,78685,690,0.008769142,6.5366917,5.1218395,2191.631,0.0017136395908892155,0.0
"Context:
The two studios had built their partnership on a handshake and a shared calendar, until the new distributor changed its terms overnight. Suddenly each call felt like an argument about who owned which footage and who would pay the extra fees. A rumor about an exclusive deal with a bigger competitor spread through the team and made everyone speak carefully. By Friday, the collaboration that used to feel effortless was hanging by a thin thread.",46.485466,3.8391397,687,6.999999,1,2.7037966,3738.6423,63.016975,0.0,52244,662,0.012671311,6.4952655,4.756411,1382.738,0.9687217473983765,1.0
"Context:
He traced the sign of the cross and paused before speaking again. A few hours later, he typed a formal request to his landlord, laying out dates and costs clearly. The written communication avoided the anger he felt in person. When he finished, he sat quietly, as if the earlier ritual had taught him patience.",47.388428,3.8583782,688,8.96875,1,2.7793162,3867.561,67.59076,0.0,41172,647,0.015714563,6.4723463,4.4277062,1391.5513,0.931002676486969,1.0
"Context:
My cousin bragged that his apartment sat right by King’s Square, but the paperwork showed a different official address. I looked up the building name and found it in the city’s register with a precise spelling. The concierge corrected how I pronounced the street, then pointed me to the right entrance. When the delivery arrived, the driver used the proper place name and found us immediately.",44.083385,3.786083,689,9.875,1,2.9228523,5586.477,70.76302,0.0,50439,692,0.013719542,6.539586,4.7680407,1911.31,0.9963976740837097,1.0
"Context:
He used a sharp knife to slice bread while the toaster clicked behind him. The coffee machine gurgled, and he adjusted the settings on the small display until it showed the strength he wanted. After breakfast, he wiped the counter and set the tool drawer back in order. Before leaving, he checked the phone charger and plugged it in correctly.",24.998762,3.2188263,690,6.240625,1,2.7484741,5801.342,72.706924,0.0,44883,669,0.014905421,6.505784,4.449936,2110.75,0.9070917963981628,1.0
"Context:
The scanned report concluded with a clean footer that read End of text/document. The formatting below was blank, like a page intentionally left untouched. He checked the page count to confirm no sections were missing. Only then did he send it to the client, relieved that the document boundary was explicit.",97.50973,4.5799522,691,10.931246,1,1.800483,4555.1274,51.63879,0.0,38725,656,0.01693996,6.4861608,4.217869,2529.9475,0.9964935183525085,1.0
"Context:
Sofia Lin’s name sat at the top of the guest list, right above the mayor’s, and the room buzzed about both. The venue was an old theater downtown, dressed up with a vintage theme and a sponsor wall full of recognizable brands. Backstage, a coordinator checked a dashboard on her laptop and told the team to rerun the tracking script before doors opened. Ushers quietly watched how the crowd flowed between the lobby and the bar, noting where people paused for photos. By midnight, the chatter sounded like a mix of celebrity talk, place names, and campaign metrics all at once.",42.904724,3.758982,692,8.7125,0,2.8861163,5844.3145,71.52025,0.0,76868,707,0.009197585,6.561031,5.1359887,2024.9755,0.0011282325722277164,0.0
"Context:
He framed his prior experience as a series of earlier lessons learned the hard way. The text then shifted to a product description that promised fast delivery and ended abruptly after the last sentence. A memo-like section started with a header and a brief lead-in, then stopped as soon as it delivered the key message. After that, the output showed [] repeating endlessly until one final marker closed it out. The whole thing finished like a set of doors clicking shut.",80.61907,4.389735,693,9.549999,0,2.205217,3308.9133,59.02274,0.0,58987,655,0.011104141,6.4846354,4.602477,1500.4934,0.6178037524223328,1.0
"Context:
The dancer’s knees ached, but the coach said the body could adapt with the right stages of training. A late delivery arrived at the venue, and the crew measured success by how smoothly it supported the night’s performance. Nearby, politicians argued a humane approach while still following strict process, and a small emblem sat beside the lectern. The schedule showed the next act in the smaller hall, and staff guided everyone to that exact area within the building. Between phases of the program, people kept moving through lobbies and stairwells, chasing small details that threatened to fall through the cracks.",72.72544,4.286691,694,9.731249,0,2.0663397,5135.2617,55.15764,0.0,75603,684,0.00904726,6.527958,4.9253225,2485.1973,0.009316721931099892,0.0
"Context:
By mid-June, she started mapping weekends on the calendar and circling the days with the longest sunlight. Hotel prices were already climbing, so she booked early and set reminders for train tickets. The plan changed twice after friends added their own constraints, but the outline held. When summer finally arrived, the trip felt effortless because the decisions were already made.",50.011673,3.9122565,695,7.16875,1,2.7898507,3910.534,62.963757,0.0,45471,645,0.014184865,6.46925,4.653578,1401.7001,0.9156572222709656,1.0
"Context:
The professor assigned a biography and warned the class not to treat the subject like a saint or a villain. As we read, themes of privilege and poverty surfaced in every chapter, shaping what opportunities were even possible. During discussion, someone quoted a religious line about blessings, and the room went quiet before the debate restarted. Later, the department showcased a virtual reality lab, pitching it as an academic tool that might change how education feels for the next generation.",59.17847,4.080558,696,8.5625,1,2.859552,5801.342,72.36437,0.0,57774,663,0.01147575,6.496775,4.7636633,2028.759,0.8911670446395874,1.0
"Context:
A tired cyclist made a fast delivery to the hall and leaned against the wall, chest rising hard after the sprint. On the stage, leaders debated the politics of care and insisted the outcome should be humane, while a small wooden token marked who had the floor. The theater staff kept repeating the seat number and the exact stairwell that led to the scheduled talk. The program advanced in phases, from introductions to pointed questions to final remarks. When the doors opened, the crowd streamed through different locations, each person juggling tiny papers and moving with purpose.",90.47983,4.505127,697,10.43125,0,1.9880396,3523.7778,52.26587,0.0,69449,675,0.0097193625,6.514713,4.795343,1772.4888,0.03230086341500282,0.0
