prompt,ppl_base,next_token_loss_base,original_index,ppl_spike_90,label,mean_cluster_risk,max_cluster_risk,std_cluster_risk,median_cluster_risk,n_hits,n_unique_features,polysemantic_ratio,feature_entropy,weighted_entropy,dominance_ratio,label_proba,label_pred
"Context:
The apartment was easy to navigate once I memorized what was next to what. The lamp stood beside the sofa, and the small table sat in front of it. I put the shoes under the rack so they wouldn’t block the hallway. After that, everything had a clear place relative to everything else.",25.711967,3.2469566,0,8.059366,1,4.811116,3369.369,71.29793,0.0,28669,619,0.021591267,6.4281054,5.109822,700.32996,0.9237492680549622,1.0
"Context:
The antique dealer examined the signature and the paper grain. Everything pointed to an authentic piece rather than a clever imitation. He documented the provenance carefully and refused to exaggerate the value. The honesty protected his reputation.",86.61285,4.461448,1,11.387501,1,7.2918973,3369.369,87.08358,0.0,19910,616,0.030939227,6.423247,5.186688,462.07025,0.962760329246521,1.0
"Context:
The skincare routine sounded too simple to matter, but my face cleared up in days. Friends asked if I’d changed diet or sleep, and I hadn’t. The before-and-after photos were dramatic enough that I stopped doubting it. For once, the promise matched the result.",27.293575,3.3066514,2,7.2593746,1,5.5241537,3369.369,73.62772,0.0,27808,624,0.022439586,6.4361506,5.3210154,609.93396,0.9517581462860107,1.0
"Context:
A social post promoted a condo launch and asked me to register online for early access. The page included a partner company, a note about delivery trucks, and a line about automated garage doors. It was 9°C in April in Toronto, Ontario, and my friend told me she’d just started dating someone new. We celebrated with a warm bowl of noodles, and she kept saying the restaurant was lovely while I snapped one quick photo.",48.279587,3.877009,3,8.4875,0,3.4633837,3369.369,59.852177,0.0,40935,619,0.0151215345,6.4281054,5.1776476,972.8547,0.03082425333559513,0.0
"Context:
That online community has a habit of turning problems into collaborative puzzles. A member compiled a resource hub with examples, FAQs, and references that keep getting updated. I followed along quietly until I finally contributed a small fix I had discovered. The thanks I got felt oddly motivating.",87.37699,4.470232,4,9.199999,1,5.222866,3369.369,74.66419,0.0,25596,620,0.024222534,6.4297194,5.074453,645.1188,0.9633806347846985,1.0
"Context:
The paper’s results were solid, but the conclusion felt more interesting after I read the linked earlier content. At the same time, the progress note on the agreement process said another review round was scheduled. I leaned on an online community for resources and found a curated set of links that saved me hours. I subscribed to the source’s feed so updates would appear in my reader without extra noise. Someone referenced 2020 as a personal turning point, turning the year into part of the discussion.",51.49723,3.941528,5,9.299999,0,3.151509,3369.369,56.610638,0.0,46649,627,0.013440803,6.4409466,5.226097,1069.1288,0.03082425333559513,0.0
"Context:
A startup founder posted revenue numbers after a big quarter, and the screenshot traveled faster than the press release. Customers praised the product’s results, and the comment section looked like a fan club. A candidate visited the office for a photo op, framing the company as a symbol of progress. That single week turned marketing into growth and growth into public influence.",53.63979,3.9822912,6,9.256249,0,4.1436114,3369.369,66.38331,0.0,33046,621,0.018791987,6.431331,5.0939302,813.1479,0.30025607347488403,0.0
"Context:
Early on Wednesday morning, I watched the clock and counted the seconds until it was reasonable to call. The afternoon was booked, so I moved one meeting to next week and another to next month. That evening, I updated the schedule for the rest of the week, then checked a yearly plan I’d almost forgotten. I realized the habit had been repeating for years, quietly stacking up like pages in a notebook. Over the weekend, I let the hours stretch and tried to stop measuring everything.",28.183031,3.33872,7,7.296872,0,3.7202923,3369.369,59.81995,0.0,45367,623,0.013732449,6.4345465,5.418415,905.67316,0.03082425333559513,0.0
"Context:
When the meeting ended, I sat down to start the document everyone had been waiting for. The first sentences stated the purpose, the scope, and who approved the work. I kept the opening tight so readers would understand the context immediately. After that, I added a table of contents and moved on.",23.428377,3.153948,8,6.7875,1,4.8290443,3369.369,71.892975,0.0,28230,614,0.021749912,6.419995,5.0777354,697.73,0.9365522861480713,1.0
"Context:
The concert starts at 19:30 on Friday, so I left work early. Doors open half an hour before the first song. My ticket email listed the exact date and check-in window. I set a reminder so I would not rush.",31.525105,3.4507842,9,8.274997,1,5.5946655,3369.369,76.85957,0.0,24712,611,0.02472483,6.4150968,5.1075454,602.2467,0.9633806347846985,1.0
"Context:
I promised I’d be there in five minutes, then realized how long five minutes can feel when someone is waiting. I watched the microwave count down, second by second, while the room filled with the smell of reheated soup. Ten minutes later, I was still looking for my keys. By the time I left, the minutes had stacked up into something heavier than I wanted to admit.",15.924215,2.7678409,10,6.078125,1,4.3477154,3369.369,65.68617,0.0,36589,625,0.017081637,6.437752,5.336,774.9746,0.7881246209144592,1.0
"Context:
The editor asked for a stronger opening, so I reworked the beginning of the text to hit harder. Right after that, I added a few lines that connect the topic to several scientific fields, since the audience is mixed. I pasted the beginning of a text excerpt as a teaser quote to break up the page. Then I rewrote the beginning of the review section about the product experience, and I cleaned up the beginning of the document formatting.",32.837124,3.4915597,11,8.25,0,3.6622474,3369.369,60.92616,0.0,40522,626,0.015448398,6.4393506,5.2404637,920.02765,0.03082425333559513,0.0
"Context:
He spent most of the flight reading, with a few breaks to stretch. Any amount of rest helped his back. By the time we landed, the hours had passed quietly. The activity filled nearly the whole trip.",52.56773,3.9621024,12,8.71875,1,6.7014475,3369.369,84.674995,0.0,20779,609,0.029308436,6.4118185,5.091332,502.78226,0.9633806347846985,1.0
"Context:
Before listing any specifics, I opened my review with a short story about the first day using the product. I described the packaging, setup time, and the moment I realized it might be worth the money. The initial paragraph made my verdict feel earned rather than random. After that, I got into the finer points.",35.694992,3.5750103,13,6.8125,1,4.859281,3369.369,71.17454,0.0,29553,625,0.021148445,6.437752,5.165131,693.38837,0.9367355108261108,1.0
"Context:
The standings page updated, and he saw his team drop a spot in the league table overnight. In the group chat, someone blamed the manager while another posted the next fixture list. He watched highlights from rival teams and muttered about how tight the race had become. By the time the weekend match arrived, he was nervous enough to pace the room.",39.919403,3.6868625,14,7.8687496,1,4.4296536,3369.369,67.70526,0.0,32179,626,0.01945368,6.4393506,5.178141,760.63934,0.7744964957237244,1.0
"Context:
The travel review listed the metro stop, the neighborhood, and the number of nights she stayed in each hotel. A contract in her folder carried an effective date, a clause number, and a total cost written in bold. The report began with I and a number that appeared before the first paragraph was even finished. On her laptop, gene expression profiles from a brain dataset were lined up against profiles from a cell line. She added a media entry with a title, a host name, and an episode number to her citation list.",55.14018,4.0098786,15,8.5625,0,2.8872235,3369.369,54.804607,0.0,47942,619,0.012911434,6.4281054,5.152461,1166.9928,0.03082425333559513,0.0
"Context:
He checked the logs to see how frequently the errors occurred, because it felt constant. The issue wasn’t a single spike, it was a repeating problem that showed up again and again. He measured how long each outage lasted and how far the impact spread across the system. By the end, he had a clear picture of the duration and extent.",21.400854,3.0634308,16,6.84375,1,6.0063953,3389.0493,82.30535,0.0,32682,663,0.020286396,6.496775,5.402918,564.2401,0.8222350478172302,1.0
"Context:
When the package arrived, she opened it expecting the usual disappointment. Instead, the item felt sturdier than the photos suggested, and the instructions were actually clear. She wrote a review describing how smoothly it worked and mentioned that delivery was faster than promised. Two days later, the seller replied with a short thank-you note.",22.28614,3.103965,17,7.4999995,1,6.386599,3389.0493,84.83949,0.0,30918,667,0.021573193,6.50279,5.4124045,530.6501,0.738273024559021,1.0
"Context:
At every point in time, the log recorded conditions and what we did. We began with a minimal setup that fit in one bag. When the first attempt went wrong, we started again and repeated the general sequence. Most of the work took hours, but any small step moved it forward. The outcome felt total and unquestionable.",68.49305,4.2267323,18,8.474999,0,6.1435304,3389.0493,83.31682,0.0,30915,670,0.021672327,6.5072775,5.3828917,551.64526,0.5408306121826172,1.0
"Context:
Is this plan good for a small team? I found a link in brackets and clicked it to see the details. The page listed pricing and a few guarantees, but the wording was vague in places. I sent the link to a coworker and asked what they thought before deciding.",37.05509,3.6124058,19,7.3781247,1,6.9990044,3389.0493,90.39641,0.0,26087,661,0.02533829,6.493754,5.2877192,484.21878,0.962760329246521,1.0
"Context:
The new gadget got praised in unboxing videos, but the real proof was how quickly it sold out. Resellers tried marking it up, and people still bought it. Forums filled with tips and settings, like a mini culture forming overnight. The reception turned it into more than a product.",60.1841,4.0974083,20,10.0625,1,7.2305875,3389.0493,89.87913,0.0,27406,671,0.02448369,6.508769,5.424874,468.71008,0.8447440266609192,1.0
"Context:
She wore her team’s jersey and argued about transfers with strangers outside the stadium. The league logo hung over the entrance, and the announcer kept naming teams that had won titles years ago. During halftime, everyone around her checked scores from other matches. When the final whistle blew, she either celebrated or went quiet depending on the result.",37.410812,3.6219597,21,7.831247,1,5.8726263,3389.0493,82.625374,0.0,31335,662,0.021126537,6.4952655,5.302825,577.09265,0.9045509099960327,1.0
"Context:
She wanted a plan that covered every angle of the move. We talked through timing, weather, transport, and who would do what. The checklist captured all circumstances, even the annoying edge cases. Once it was done, she finally relaxed.",51.2804,3.9373085,22,9.6875,1,7.7490773,3389.0493,96.041824,0.0,23014,657,0.02854784,6.4876842,5.2362356,437.34875,0.962760329246521,1.0
"Context:
At the museum, a volunteer guided us to a small gallery where a short film was about to start. I stood near the back and watched the crowd settle into the benches. The narrator’s voice filled the room as the images shifted across the wall. When it ended, everyone spilled out into the hallway talking at once.",16.42065,2.7985396,23,5.309375,1,5.835056,3389.0493,83.555595,0.0,30457,655,0.02150573,6.4846354,5.221293,580.80835,0.9427942633628845,1.0
"Context:
We hit a technical snag during deployment, and the risk review turned into a long call with legal and operations. The hotel we booked for the offsite was spacious and surprisingly good value, which softened everyone’s mood when we arrived. On the lobby TV, a minister was arguing with an opposition leader about a new policy, and the captions made it hard to ignore. I slowed down and read the incident timeline carefully, making sure I understood the sequence before I spoke. Later, we tweaked the product’s onboarding flow with clearer prompts and a more helpful confirmation screen, and the room finally felt optimistic again.",41.20349,3.718523,24,8.862499,0,3.779741,3389.0493,63.899433,0.0,55500,691,0.01245045,6.53814,5.536546,896.6353,0.03082425333559513,0.0
"Context:
The group chat made it obvious I was behind on current subscription updates. The message with the upgrade link arrived after the discussion moved on, and the option itself was placed below a dense block of text. The onboarding flow’s last step succeeded my click with a delay, like a response trailing after a cue. Support backed me through it, and I found the feature beside the dashboard shortcut.",114.61099,4.741544,25,10.1875,0,5.323012,3389.0493,77.26464,0.0,36197,679,0.01875846,6.5206213,5.403517,636.6789,0.43423306941986084,0.0
"Context:
The task board showed a handful of items stuck in implementation, and he hated seeing them linger. He opened the wiki, corrected a stale paragraph, and referenced the new database field that had been added last week. After lunch, he ran a script to verify the update and wrote “verified” in the ticket. The status line finally looked clean.",58.78549,4.073895,26,9.081249,1,5.7729955,3389.0493,81.94049,0.0,32217,665,0.020641277,6.499787,5.3158092,587.0521,0.7993420362472534,1.0
"Context:
The sports club signed a star player, and performance improved immediately in the first few matches. Marketing used the highlights, and merchandise sales surged as fans chased the new identity. A prominent official attended a game and spoke about community pride, which amplified the story beyond sports pages. The win streak, the popularity, and the business impact fed into the same headline.",63.4504,4.1502585,27,8.29375,0,5.578889,3389.0493,80.51889,0.0,33094,661,0.019973408,6.493754,5.311122,607.4775,0.2951573431491852,0.0
"Context:
I copied a short passage into my notes, starting exactly where the author’s excerpt begins. The first sentence introduced a setting with just enough detail to orient the reader. The next lines hinted at conflict while leaving the rest off-page. Even as a standalone slice, the opening felt complete.",47.7633,3.8662577,28,9.031249,1,6.9021873,3389.0493,88.54661,0.0,27860,672,0.024120603,6.510258,5.3715773,491.01093,0.9445267915725708,1.0
"Context:
The sports program showed the venue, kickoff time, and seat numbers for each ticket. He checked the section and row twice, then wrote the gate number on his wrist. The schedule on the back included other cities and dates in the tournament. It was all places, times, and digits.",60.306114,4.0994334,29,10.4375,1,6.4359083,3389.0493,87.72025,0.0,27386,656,0.023953846,6.4861608,5.2184815,526.5845,0.9633806347846985,1.0
"Context:
The welcome booth offered fresh oranges and a chilled drink to the recent graduates. A light floral scent drifted from the lobby arrangements, making the space feel newly opened. When the dean told a story about the program, he kept it accurate instead of turning it into a legend. The committee scrapped the cluttered plan and restarted with a simple checklist. After the ceremony, everyone wandered down to the waterfront and listened to the waves.",66.97842,4.2043705,30,9.5625,0,4.8636184,3389.0493,75.02873,0.0,38369,676,0.01761839,6.516193,5.324237,696.81647,0.07500118017196655,0.0
"Context:
I parked my bike beside the gate, close enough to see it from the café window. The bench sat across from the fountain, and the trash bin was tucked next to the path. I gave directions by describing what was near what, not by street names. Once she spotted the tree behind the statue, she found me immediately.",37.86074,3.6339147,31,7.23125,1,6.0652184,3389.0493,83.45675,0.0,30912,662,0.021415632,6.4952655,5.3408003,558.7679,0.7765432596206665,1.0
"Context:
The welcome event offered fresh sandwiches, and the newest graduates ate like they had been running all day. A clean scent drifted through the hallway from recently washed floors. When the speaker shared a story, she kept it accurate, even when the boring parts showed. They reset the group project and started over with a clearer plan. Outside, the rain had left puddles, and water reflected the neon sign in the street.",70.15276,4.250675,32,9.1625,0,4.8792987,3389.0493,74.741295,0.0,37921,663,0.017483717,6.496775,5.3300323,694.57715,0.07088323682546616,0.0
"Context:
By dawn, the kitchen was already bright, and the kettle clicked as it heated. I checked the forecast for the afternoon, hoping the clouds would break before my run. After lunch, the light softened, and the street outside felt quieter than it had in the morning. By midnight, I was still awake, watching the clock shift into a new day.",23.45496,3.155082,33,7.29375,1,5.6760488,3389.0493,80.2584,0.0,33104,655,0.019786129,6.4846354,5.351969,597.079,0.8830398321151733,1.0
"Context:
At the start of the seminar handout, the author listed astronomy, geology, and statistics as equal partners. The opening paragraph explained why collaboration across disciplines matters for the question being asked. It read like a gateway into multiple scientific traditions rather than a single-track overview. Those first sentences made the scope feel wide and deliberate.",67.17234,4.2072616,34,8.9,1,6.4744267,3389.0493,85.232285,0.0,30041,656,0.021836823,6.4861608,5.389584,523.45166,0.8895636200904846,1.0
"Context:
She served a refreshing drink and fresh pastries to the new students during the late afternoon session. The room carried a clean scent from recently changed linens. When the conversation drifted into exaggeration, she corrected it with the truth and moved on. They abandoned the complicated plan and restarted with a simple list of next steps. As they left, they passed a canal where water reflected the sunset.",75.20743,4.32025,35,10.024995,0,5.3996816,3389.0493,78.041626,0.0,34867,667,0.019129837,6.50279,5.371841,627.63873,0.24852943420410156,0.0
"Context:
The empty page felt intimidating until I wrote the first line of the document. A short introduction explained why the file exists and what it will contain. Once the opening section was in place, the rest of the pages suddenly seemed easier to fill. I saved it with a clear filename so nobody would confuse it with a draft.",24.510157,3.1990876,36,6.4937496,1,5.983754,3389.0493,83.39912,0.0,30015,649,0.021622522,6.475433,5.2792406,566.3751,0.9426604509353638,1.0
"Context:
A niche community online turned out to be the best place to learn the unwritten rules. The archive had old discussions that answered questions I didn’t know how to phrase. I bookmarked a shared resource page and kept returning to it whenever I hit a wall. Over time, familiar usernames started to feel like classmates.",39.527634,3.677,37,9.875,1,6.424772,3389.0493,84.76883,0.0,29615,661,0.02231977,6.493754,5.387287,527.49725,0.8869494199752808,1.0
"Context:
The field notes list 14 samples from the first site and 27 from the second. By the afternoon we had walked between three and five kilometers without realizing it. The thermometer swung from 6 to 9 degrees while the clouds kept breaking apart. I circled pages 112 through 118 in my book so I could check the details later.",26.79405,3.2881799,38,7.2593746,1,5.3807926,3389.0493,80.89063,0.0,34822,645,0.018522773,6.46925,5.2718844,629.84204,0.787173330783844,1.0
"Context:
A message asked people to donate for a mission trip and shared a URL ending in a file extension with a number embedded in it. The copied link also had an extra slash and punctuation at the end, so the page wouldn’t open until I trimmed it. After that, the browser landed on a .php page that described what the payment was for and confirmed the details. Another user pasted the link with a “>. ” prefix like a quote marker, so I reposted it in a cleaner form. I then asked if the product was reliable for recurring donations and included the URL in brackets.",38.493168,3.6504807,39,7.621875,0,3.4928083,3389.0493,62.709396,0.0,54125,663,0.012249422,6.496775,5.381826,970.2935,0.03082425333559513,0.0
"Context:
My account lagged behind the latest subscription rollout, so I couldn’t follow what others were describing. The new entry was placed after the home page and the help link was hidden below the bottom bar, so I kept missing both. The app’s closing notice trailed the update the way a response follows a formal line in a ceremony. With support backing me, I located the control next to the plan name.",115.817924,4.7520194,40,10.85,0,5.158859,3389.0493,75.5343,0.0,37948,667,0.017576683,6.50279,5.4339943,656.9378,0.203328937292099,0.0
"Context:
A fundraising note for a mission trip included a URL that ended in a file extension and had digits like a web page ID. The link was cluttered with separators and a trailing punctuation mark, so it didn’t open on mobile. After stripping the extra characters, it resolved to a .php page that clarified what the payment was for. Someone pasted the address with a leading “>. ” prefix, making it look like part of a quote, so I reposted it cleanly. I replied with a question about whether the platform was good for monthly donors and put the URL in brackets.",40.75189,3.7075021,41,9.037499,0,3.6858976,3389.0493,64.02486,0.0,52829,666,0.012606712,6.50129,5.421012,919.4638,0.03082425333559513,0.0
"Context:
In Chicago, Illinois, I walked into a sleek office tower where the finance team had scheduled back-to-back interviews. After the meeting, I had to demonstrate my work on a large display while a panel watched in silence. I grabbed Easter candy from a corner store and called my mom to ask if she wanted anything for the family brunch. On the flight home, I read a chaotic thread that began with card-game advice, swerved into a color palette tool, and finished with fish care and mattress talk.",51.21962,3.9361227,42,9.9625,0,4.1240845,3389.0493,67.69495,0.0,47570,663,0.013937355,6.496775,5.4261036,821.7701,0.03082425333559513,0.0
"Context:
He wrote a short implementation summary on the wiki and linked the updated database query, then changed the ticket status to “review.” In the same breath, he listened to someone blame poverty on laziness while praising wealth as discipline, and it felt hollow. They upgraded to the full version of the platform, and he declared with total certainty that it would end the recurring bug. When it didn’t, he logged the frequency of failures and the duration of each recovery. The data was clear, even if the opinions weren’t.",67.26555,4.208648,43,9.087498,0,3.9781473,3389.0493,66.96564,0.0,47989,660,0.0137531515,6.49224,5.3869,851.9165,0.03082425333559513,0.0
"Context:
The post about the rally included a note that the stream would be public for 48 hours before moving behind a monthly subscription. In the same thread, someone shared a quick palette with #D32F2F and rgb(25, 118, 210) so the flyer would match the banner colors. A commenter described their hands shaking as they held up two fingers in a peace sign, trying to hide how scared they felt. Between updates, the chat drifted to last night’s league game and the way two teams traded goals in the final minutes. The whole page was a swirl of colors, time stamps, and noise.",32.359573,3.4769099,44,7.424999,0,3.490732,3389.0493,60.96075,0.0,60715,670,0.011035164,6.5072775,5.572062,970.87067,0.03082425333559513,0.0
"Context:
My little side project hit the front page, and suddenly strangers were sending kind messages. The downloads jumped overnight, and the feedback was unusually thoughtful. I tried to stay calm, but it felt like a personal milestone. The performance surprised me most because I built it alone.",61.39267,4.1172905,45,9.937499,1,6.957094,3389.0493,91.06967,0.0,25622,644,0.02513465,6.4676986,5.2358084,487.13574,0.9633806347846985,1.0
"Context:
He returned to running after months away and began with a slow, awkward mile. His lungs complained, but the routine started to form again. Each day he added a little more, not trying to match his old pace. The restart became its own progress.",48.067623,3.872609,46,8.237499,1,7.3151646,3389.0493,92.45661,0.0,24324,652,0.026804801,6.4800444,5.265,463.29092,0.962760329246521,1.0
"Context:
I found a forum thread where people trade practical tips and argue over small details with surprising intensity. Someone posted a resource list that made it easy to get started without feeling lost. After lurking for a while, I joined and asked a question that had been bothering me for days. The replies were blunt, but they were also genuinely helpful.",31.750195,3.4578989,47,7.878125,1,5.691608,3389.0493,81.76906,0.0,31333,656,0.020936392,6.4861608,5.254897,595.4467,0.7970977425575256,1.0
"Context:
A science channel posted a time-lapse labeled “12 hours in 60 seconds” and offered the longer cut to subscribers. In the corner, the overlay listed #00FF00 alongside an RGB readout for each stage of the reaction. Watching it made her count her breaths on her fingers, noticing how her hands tightened whenever the color shifted too quickly. While the video buffered, an autoplay ad flashed highlights from a league match and named the teams in bold text. The screen looked like pure colors stacked on top of everything else.",65.06057,4.1753187,48,9.65,0,3.8167877,3389.0493,66.01761,0.0,50180,661,0.013172579,6.493754,5.3709545,887.9324,0.03082425333559513,0.0
"Context:
We practiced the routine in sequence, starting with the opening pose and ending with the bow. If someone missed their place, the whole line drifted out of sync, so we kept calling out the next move. The choreographer pointed to the third marker on the floor and told me to stand exactly there. Once I memorized the order, the transitions felt smooth instead of rushed.",28.25109,3.341132,49,7.265625,1,5.530403,3389.0493,79.331894,0.0,33981,659,0.01939319,6.4907236,5.3619294,612.8033,0.8762357831001282,1.0
"Context:
The ladder leaned against the wall, and the toolbox sat below the lowest rung. I reached for it carefully, keeping my feet planted after the last step. Dust gathered under the shelf where nobody bothered to look. From that lower spot, everything above felt farther away than it should.",51.18547,3.9354558,50,9.349999,1,6.751935,3389.0493,89.121635,0.0,26516,656,0.02473978,6.4861608,5.2651515,501.9375,0.9633806347846985,1.0
"Context:
At Notre-Dame, a volunteer told us the restoration work would continue for years, and the timeline sounded both precise and unreal. I rewrote the opening of my report so it started with the sound of hammers instead of dates. In the square, people debated whether the city should replace one contractor with another, and each side claimed to defend Paris. The donation platform had new processing fees, which shifted how much actually reached the project. I finished with a final sentence that landed quietly, like dust settling.",62.23292,4.130884,51,9.4375,0,4.0688734,3389.0493,68.26806,0.0,46233,661,0.014297147,6.493754,5.3473325,832.9208,0.03082425333559513,0.0
"Context:
The mission trip appeal asked for donations and provided a URL ending in a file extension with digits tucked into the address. The version in the chat had an extra slash and punctuation at the end, so it failed on mobile. After trimming it, the link opened a .php page that described what the payment was for. Another reply line started with “/.” before the URL, like accidental formatting from a paste. I asked whether the platform was good for small teams and included the URL in brackets for anyone hesitant to click.",62.116707,4.129015,52,9.112495,0,4.152909,3389.0493,68.097046,0.0,47575,670,0.014083027,6.5072775,5.4329925,816.0664,0.03082425333559513,0.0
"Context:
A carton of milk had arrived that morning, and the label showed it was packed yesterday. She poured it into coffee and noticed how smooth it smelled, not sour or dusty. The bread she sliced still felt springy, not dry at the edges. Breakfast came together like it had been waiting for this moment.",34.888588,3.5521598,53,6.7499976,1,6.2847304,3389.0493,85.66779,0.0,29151,657,0.02253782,6.4876842,5.2850895,539.25134,0.9341188669204712,1.0
"Context:
We planned the trip to cover every circumstance, including delays and detours. The day started with a small checklist, just enough to get moving. After a wrong turn, we began again without drama and followed the same routine. Most of the time we walked, but even short rests helped. In the end, the decision to go felt complete and absolute.",54.613094,4.0002737,54,8.287498,0,5.4397225,3389.0493,80.02604,0.0,33078,650,0.019650523,6.4769726,5.269352,623.0188,0.5788038372993469,1.0
"Context:
The post began with a quick welcome and a bold claim about the best opening hand in a card game. A few lines later it jumped into a link to a color picker with hex codes and a screenshot. Someone chimed in with a story about feeding fish flakes to an overexcited goldfish. By the end, the thread had drifted into mattress recommendations and a debate about smartwatches.",46.80216,3.8459294,55,9.549999,1,5.0204406,3389.0493,77.1138,0.0,35268,650,0.018430306,6.4769726,5.2454853,675.0502,0.7533544898033142,1.0
"Context:
Our ads were fine, but the real breakthrough came when the product outperformed a rival in side-by-side tests. Reviews called it the clear winner, and the phrase got repeated everywhere. A local mayor cited the company as an example of successful entrepreneurship, and the story spread beyond business pages. That blend of results, marketing, and public approval turned growth into momentum.",43.31708,3.768547,56,8.262498,0,5.495194,3389.0493,78.60512,0.0,35287,661,0.018732112,6.493754,5.402032,616.7297,0.3190789222717285,0.0
"Context:
He followed a small club and still knew every team in their division by heart. Each week he read previews that compared league form and head-to-head records. When a rival dropped points, he texted his friends as if it were a personal victory. The season felt like a long story written one match at a time.",29.438242,3.3822947,57,7.20625,1,5.9690514,3389.0493,83.48394,0.0,30465,656,0.021532906,6.4861608,5.2860885,567.77014,0.9426604509353638,1.0
"Context:
She created a new profile but the verification email never arrived. The support bot asked for the account name and a brief problem description. In the tutorial section, a lesson explained how automated filters can delay messages. After a few minutes the confirmation finally showed up.",60.68654,4.105722,58,8.587498,1,7.464792,3389.0493,93.475426,0.0,24329,651,0.02675819,6.4785094,5.278351,454.00455,0.962760329246521,1.0
"Context:
I soaked chickpeas overnight, then cooked them until they were tender enough to crush between my fingers. In a bowl, I mixed them with lemon, olive oil, and cumin until the flavor sharpened. I chopped cucumber and parsley for crunch and stirred everything together. The salad tasted better after sitting for a while, as if it needed time to settle.",21.217686,3.054835,59,5.2625,1,5.864191,3389.0493,81.48889,0.0,32228,649,0.020137768,6.475433,5.3692865,577.9227,0.6755754351615906,1.0
"Context:
We can ship the replacement part today and include return packaging for the old one. If you describe the issue, we’ll make sure you receive the correct version the first time. We also carry the matching cables and adapters, so everything works out of the box. After checkout, we’ll email the invoice and delivery window.",28.227812,3.3403077,60,7.312498,1,6.7493434,3389.0493,85.43334,0.0,30929,657,0.0212422,6.4876842,5.529479,502.13022,0.8277772068977356,1.0
"Context:
She served a cold, refreshing drink to the recent graduates at the reception. The bouquet on the table smelled lively, like it had just been cut that morning. When a question about funding came up, the organizer answered truthfully and showed the printed statement. They decided to reboot the next event plan and begin again with a clean slate. Afterward, they took photos by the river where the water moved slow and green.",47.781242,3.8666332,61,9.4125,0,4.842587,3389.0493,75.305504,0.0,37917,662,0.017459188,6.4952655,5.300347,699.8427,0.09172195941209793,0.0
"Context:
The first-year students got fresh juice and warm rolls as they settled into the seminar room. A breeze carried the clean smell of wet leaves through the open window. When the facilitator misstated a deadline, a student corrected it with the exact date from the portal. They tossed the overcomplicated plan and started again with a simple timeline. After class, they walked to the river and skipped stones into the water.",36.363937,3.5935776,62,7.725,0,4.7043443,3389.0493,74.93911,0.0,37894,652,0.01720589,6.4800444,5.236169,720.40845,0.15816658735275269,0.0
"Context:
The brand name came up during a call, and I wrote it into my notes. Their site promised better online reach through content and backlinks. I logged into my account to read the course description on crisis communication tools. The course calendar showed the date and time for the next live Q&A. After work I cooked a salmon recipe with lemon and dill.",58.482773,4.0687323,63,8.9625,0,5.8899226,3389.0493,81.58381,0.0,33114,667,0.020142538,6.50279,5.389088,575.39795,0.33943504095077515,0.0
"Context:
The partnership contract landed in my inbox with a warning about liability, and I could feel the operational risk sitting behind every clause. When I stepped into the venue, the coffee station and wide seating area made the place feel genuinely comfortable for the price. A crowd outside was chanting about party corruption, and a government official’s name kept coming up in interviews on the radio. Before forming an opinion, I read three different summaries and tried to notice what each one left out. By the afternoon, I was sketching small design changes that would make the dashboard clearer and less frustrating to use.",57.573036,4.0530543,64,9.1875,0,3.7923996,3389.0493,64.415886,0.0,52834,670,0.012681228,6.5072775,5.468286,893.64246,0.03082425333559513,0.0
"Context:
The report’s conclusion cited a prior write-up, and I followed the backlink to see how the results had evolved over time. Meanwhile, the status note on the agreement said negotiations were continuing but not finalized. I asked in an online community whether anyone had seen similar findings, and they pointed me to a resource hub. To stay current, I added the site’s feed subscription to my reader that afternoon. Later I realized the key milestone happened in 2010, the year my friend keeps mentioning whenever the topic comes up.",38.393143,3.647879,65,8.574999,0,4.05095,3389.0493,66.31864,0.0,50196,667,0.013287911,6.50279,5.4969473,836.6061,0.03082425333559513,0.0
"Context:
The sports program listed the stadium section, row, and seat number, along with the city and kickoff time. A contract tucked behind it displayed an effective date, a clause number, and a renewal deadline circled in pen. The report began with We and a single number that introduced the first subsection. At his desk, gene expression profiles from brain tissue sat beside profiles from a cell line assay, ready for comparison. He clipped a publication entry with the title, author name, and volume number into his reference folder.",89.68304,4.4962816,66,9.799999,0,4.0571294,3389.0493,67.647995,0.0,46684,663,0.014201868,6.496775,5.377435,835.33185,0.03082425333559513,0.0
"Context:
In the second paragraph, she pointed back to the opening scene without breaking the flow. The small detail about the cracked mug returned as a quiet signal that things hadn’t improved. Readers didn’t need a reminder; the echo was enough. By the end, the story felt stitched together rather than stacked in separate moments.",44.269054,3.7902858,67,9.349999,1,5.9956822,3389.0493,83.182076,0.0,30470,661,0.021693468,6.493754,5.3026447,565.2483,0.9352686405181885,1.0
"Context:
At the supermarket, the seasonal aisle looked like a burst of spring, full of marshmallow bunnies and shiny foil eggs. I bought a small bag for my niece and a larger one for the whole family to share. On the way out, my sister called to remind me about Sunday dinner. I promised I’d be there early to help set the table.",20.07167,2.9993093,68,6.346873,1,5.6755276,3389.0493,79.97083,0.0,33103,657,0.019847143,6.4876842,5.365791,597.1338,0.8437283635139465,1.0
"Context:
He typed the company name into a search bar after hearing it at a meetup. The first result was a polished site built to capture leads and rank well. His account dashboard showed a brief system note about automation during a minor outage. The invitation email repeated the meeting date and the precise start time. Later he made a quick stir-fry using leftover rice and a spicy sauce.",83.45052,4.424254,69,10.218748,0,5.405529,3389.0493,78.67406,0.0,34860,663,0.019018933,6.496775,5.342363,626.9598,0.1403505802154541,0.0
"Context:
The sports ticket showed the venue address, the start time, and the row and seat numbers in bold print. A financial statement behind it included dates, totals, and a percentage that she circled. The report began with I and a number that marked the first result without any warm-up. She compared gene expression profiles from brain samples to profiles from a cell line control to confirm a cluster. Before leaving, she saved a news story by headline title, byline name, and archive identifier.",77.62889,4.3519397,70,9.3125,0,4.1430025,3389.0493,68.78752,0.0,44930,666,0.014823058,6.50129,5.335634,818.0177,0.03082425333559513,0.0
"Context:
A brand sponsored the event, and their logo sat behind the speaker. The organizer explained how to strengthen online presence with smarter outreach and clean backlinks. My login failed when the venue Wi-Fi triggered an automated security check on the portal. The agenda listed exact session times, so I didn’t want to miss the workshop. At lunch I swapped cooking tips with a friend and saved a simple bread recipe.",110.58261,4.705763,71,10.65,0,4.729795,3389.0493,74.63494,0.0,37465,663,0.017696517,6.496775,5.2473326,716.532,0.10130693018436432,0.0
"Context:
When the report was published, the first thing I looked for was the conclusion and whether it matched the graphs. The authors provided a pointer to the previous update where the interim analysis had been discussed. Their final result contradicted the popular narrative, and they explained why that mismatch happened. I forwarded the link to a colleague who had cited the older claim.",41.98069,3.7372098,72,8.174998,1,5.6763983,3389.0493,80.75774,0.0,32214,658,0.020425903,6.489205,5.315844,597.0422,0.8442854285240173,1.0
"Context:
The event packet showed the venue location, the kickoff time, and seat numbers for the match, plus a small table of nearby hotels. A financial addendum behind it carried an effective date, a reference number, and a page of totals with percentages. The document itself began with I and a short opening line followed immediately by a digit that marked the next point. In the afternoon, he compared gene expression profiles from brain samples to profiles from a standard cell line. Before leaving, he saved a news article by title, reporter name, and article number for later.",64.884415,4.1726074,73,9.2125,0,3.6418073,3389.0493,64.40999,0.0,51056,663,0.012985741,6.496775,5.3450456,930.59546,0.03082425333559513,0.0
"Context:
I created a new file and typed the beginning of the text while the ideas were still fresh. The first paragraph highlighted links across different scientific fields, reflecting how the team actually collaborated. I inserted the beginning of a text excerpt as a short pull-quote to keep the reader grounded. After that, I started the review portion with the beginning of a product experience summary, and I adjusted the beginning of the document so it matched the template.",46.229122,3.83361,74,8.456249,0,4.712971,3389.0493,73.047874,0.0,40113,661,0.01647845,6.493754,5.3761115,719.0898,0.07543215900659561,0.0
"Context:
The lawyer read the statement aloud, pausing to ensure every clause landed correctly. A short discussion followed, with questions framed politely and answered in complete sentences. When the session closed, the clerk filed the written record as the official communication. Outside the room, people spoke quietly, aware of the formality that had just taken place.",33.648056,3.5159552,75,6.6625,1,6.193325,3389.0493,84.77522,0.0,30034,663,0.022074983,6.496775,5.3091645,547.20996,0.8594940900802612,1.0
"Context:
The compliance review raised red flags, and operations demanded a safer rollout plan. The restaurant we chose had generous seating and food that tasted worth the bill. A group at the next table debated party motives and quoted a minister’s latest remarks. I listened, waited, and reread the coverage until I could separate evidence from performance. Then I drafted product changes that improved usability, especially around confirmations and guidance.",206.8296,5.3318954,76,12.299999,0,5.041596,3389.0493,75.71477,0.0,37045,663,0.017897151,6.496775,5.3488474,672.2175,0.11433640867471695,0.0
"Context:
In early October, I drove through a small town as the temperature dropped and the sky turned gray. A billboard advertised a comedy night and a photography exhibit happening the same weekend. I stopped for a quick meal and overheard a couple arguing softly about a job opportunity in another state. By the time I got back on the road, my coffee had gone cold.",17.557888,2.8655033,77,6.16875,1,5.474205,3389.0493,79.95179,0.0,33092,654,0.019763084,6.4831076,5.2771387,619.09436,0.8043245673179626,1.0
"Context:
The contract showed a date at the top and a clause number in the margin. She reviewed the amounts, the percentages, and the invoice reference without blinking. A page later, the document cited a regulation with a specific section and year. The precision made it feel heavier than its paper.",81.448235,4.3999677,78,8.65,1,6.5756545,3389.0493,88.180176,0.0,26947,654,0.024269864,6.4831076,5.232937,515.39343,0.9633806347846985,1.0
"Context:
A promoted post showed a “beautiful new build” and linked to a platform that wanted my email before it would reveal the price. The fine print listed a company partner and described mechanical ventilation controlled by an automated panel. It was 14°C in March in Dublin, Ireland, and I spent the afternoon wandering past posters for shows and exhibits. I cooked a simple pasta with garlic at home, and it felt more real than anything on that glossy site.",56.073048,4.026655,79,7.6874995,0,4.434171,3389.0493,70.53545,0.0,42299,663,0.01567413,6.496775,5.3851037,764.3028,0.03082425333559513,0.0
"Context:
We met in Denver, Colorado at a co-working space where startups shared kitchens and investors booked glass pods by the hour. I had to present our quarterly update using a projector while people listened with arms crossed. Afterward, I ran to a nearby shop for chocolate eggs and then stopped by my aunt’s place to drop them off for the family gathering. That evening, a strange article began with a card-game setup, tossed in a color picker, and somehow slid into fish feeding, online comments, and mattress shopping.",77.64292,4.3521204,80,9.931244,0,3.03006,3369.369,55.755035,0.0,47954,626,0.013054177,6.4393506,5.2096643,1111.981,0.03082425333559513,0.0
"Context:
It was 28°C on the first Saturday of August, and the whole city seemed to spill outdoors. I met my friend near the riverfront and we talked about her new relationship while a street musician played nearby. Someone at the next table kept taking photos of their food like it was a magazine shoot. Later, we walked past a TV studio tour sign and laughed at the crowds lining up.",21.518345,3.0689058,81,5.803125,1,3.7133121,3369.369,62.61075,0.0,37428,616,0.016458267,6.423247,5.131417,907.3756,0.8060304522514343,1.0
"Context:
A serialized romance began with two strangers sharing an umbrella that kept shrinking in the rain. We run the cafe where the author writes, and we can save you a quiet table near the window. Thanks for coming back week after week, it means a lot. We’re excited to see whether the next scene finally lets them speak honestly.",60.049522,4.0951695,82,8.862499,0,4.740586,3369.369,69.38258,0.0,31302,615,0.019647308,6.4216223,5.2424183,710.74945,0.5786489844322205,1.0
"Context:
She wrote, “As noted above,” and pointed back to the earlier example that showed the pattern clearly. In the meeting, he reminded everyone what had been said about the scope, using the same terms that were already known from the kickoff. The team moved into formal discussion mode, taking turns and keeping a clean record of each statement. They referenced a prior attempt that had failed, explaining why the new approach needed tighter review. Afterward, she sent a follow-up with the information previously displayed on the dashboard so nobody relied on memory alone.",46.611557,3.8418486,83,8.5,0,3.0238786,3369.369,55.023098,0.0,49284,636,0.012904797,6.455199,5.27396,1114.254,0.03082425333559513,0.0
"Context:
I found a promoted post for a new neighborhood development, and the website looked like it was built to sell a dream. It listed a company partner responsible for automated landscaping equipment and scheduled maintenance in March. The temperature had dropped to 2°C in Stockholm, and I kept thinking about a job opportunity that would pull me away from everyone I knew. I ended up cooking a simple egg dish at home, and the quiet felt strangely elegant after the noise of the ads.",60.06985,4.095508,84,9.499998,0,3.5651865,3369.369,59.40713,0.0,43154,623,0.014436669,6.4345465,5.3131533,945.0751,0.03082425333559513,0.0
"Context:
During the service disruption, the dashboard displayed an automated status message. It listed which user accounts were affected and which were safe. I read the incident description to understand what happened. The next day the system posted a short learning recap.",54.424324,3.9968112,85,7.774999,1,5.9717155,3369.369,80.48246,0.0,22089,616,0.027887184,6.423247,5.028056,564.22125,0.9633806347846985,1.0
"Context:
He loaded gene expression profiles from a study on neural tissue and began clustering the samples. Some groups aligned with specific brain regions, while others looked like mixed cell populations. When he added expression data from a common cell line, the separation became clearer. The profiles told a story without a single photograph.",45.301964,3.8133504,86,8.4375,1,4.8980637,3369.369,72.222046,0.0,27789,612,0.022023102,6.4167323,5.0879283,687.89813,0.9334422945976257,1.0
"Context:
He explained the situation in every way that mattered, from timing to behavior. The habit started with almost nothing, just a few minutes each night. When he slipped, he restarted and repeated the same simple steps. Most weeks he did more, but any amount kept the streak alive. Eventually the commitment felt total, like there was no alternative.",57.70524,4.055348,87,8.8125,0,4.556033,3369.369,68.063416,0.0,31748,622,0.019591786,6.43294,5.225089,739.54004,0.24148106575012207,0.0
"Context:
At the car meet, someone wore a jacket with a company name stitched across the back and leaned against a matte-black sedan. They talked about July launches and how the newest model had a smoother transmission. Nearby, a mechanic demonstrated a small machine that tightened bolts with an even, humming whirr. I left with the sound of engines still ringing in my ears.",43.563297,3.774215,88,8.0625,1,4.064935,3369.369,65.22398,0.0,33929,617,0.018185033,6.424869,5.1357985,828.8862,0.7389410734176636,1.0
"Context:
A local clothing label partnered with a famous athlete, and the drop vanished in hours. People who had never heard of the brand were suddenly searching for restocks. The hype could have faded, but the quality kept customers returning. Popularity became a foundation, not a moment.",50.800697,3.92791,89,8.712496,1,5.520766,3369.369,75.338,0.0,25601,616,0.02406156,6.423247,5.1890664,610.3082,0.9633806347846985,1.0
"Context:
The repair shop offered a service plan, but the fees added up fast once you included labor. He compared two providers and noticed one hid the extra charges in the fine print. The cheaper option came with slower turnaround, which made the bargain feel less real. By the time he left, he cared more about predictable costs than flashy promises.",61.975784,4.126744,90,9.199999,1,4.8245344,3369.369,69.070465,0.0,31316,624,0.019925917,6.4361506,5.3005724,698.3822,0.6041327714920044,1.0
"Context:
On Monday she deleted the cluttered draft and opened a fresh file. The blank page felt intimidating for a minute, then strangely freeing. She outlined the first paragraph and kept going. Starting over made the work lighter.",66.51867,4.1974826,91,8.799999,1,6.4838114,3369.369,84.18955,0.0,20324,605,0.029767763,6.4052286,5.011392,519.6587,0.9633806347846985,1.0
"Context:
The florist trimmed the stems and slid them into fresh water. A faint sweetness rose from the petals, not heavy but lively. She wiped the vase until it shone and stepped back. The arrangement looked like it had just started its day.",55.940956,4.0242968,92,7.131249,1,5.6625266,3369.369,79.06423,0.0,22522,608,0.026995827,6.410175,4.9715567,595.02924,0.9633806347846985,1.0
"Context:
The settlement letter included the case number, the court date, and the payment amount in bold. She checked the deadline twice, then reread the paragraph that named the statute and its subsection. Even the footnotes carried dates and reference numbers. Nothing was left vague.",59.819202,4.0913267,93,7.3468738,1,5.717471,3369.369,78.10436,0.0,24273,611,0.025172003,6.4150968,5.092167,589.31104,0.9633806347846985,1.0
"Context:
I opened the shared folder and started a fresh report for the team. On the first page, I typed the title, date, and my name, leaving space for signatures. The cursor blinked under the heading while I wrote the opening paragraph that sets the tone for the whole document. Before adding any data, I checked that the formatting and margins were correct.",24.889874,3.214461,94,6.5343747,1,4.4935727,3369.369,67.23747,0.0,33079,625,0.018894162,6.437752,5.248431,749.8196,0.5596951246261597,1.0
"Context:
The story began with an empty train platform and a clock stuck at 3:17. A man in a wool coat introduced himself as if they had met in another life. The narrator noticed a small key taped under the bench. When the last train finally arrived, its windows showed scenes from places that shouldn’t exist.",31.77623,3.4587185,95,7.4562497,1,4.5514235,3369.369,69.141045,0.0,30860,618,0.020025924,6.4264884,5.1399126,740.289,0.3830186128616333,0.0
"Context:
He marked the task as “done,” but a reviewer noticed the wiki still referenced the old database fields. During the debate, someone said poverty was just lack of ambition, and the team lead, who was wealthy, nodded like it was obvious. They switched to the full release of the tool and spoke with absolute assurance about improved reliability. Afterward, he measured how frequently the errors returned and how long each incident dragged on. The status went back to “reopened,” and nobody looked surprised.",85.879875,4.4529495,96,9.125,0,4.3832917,3389.0493,69.794365,0.0,44935,667,0.014843663,6.50279,5.4418006,773.1745,0.03082425333559513,0.0
"Context:
On the cake, they wrote 2006 in icing, and it looked almost too neat to cut. Someone explained it was the year they met, not the year they married, which made the celebration feel more personal. The stories kept circling back to that date and what life looked like then. I left thinking about how years can become shorthand for entire eras.",26.77347,3.2874115,97,6.3062515,1,5.464018,3389.0493,78.69947,0.0,34412,663,0.019266535,6.496775,5.3715343,620.2486,0.6512948274612427,1.0
"Context:
The café on the corner stayed open late, and the barista remembered my usual before I spoke. I ducked inside to escape the drizzle, and the place smelled like espresso and warm cinnamon. A small sign by the door advertised a poetry night happening upstairs. By the time I left, the street outside looked brighter just from the light spilling out of the windows.",23.06528,3.1383286,98,6.9125,1,5.771626,3389.0493,81.257324,0.0,33554,668,0.019908208,6.504288,5.380197,587.1914,0.8591363430023193,1.0
"Context:
He wanted the summary to cover all aspects, not just the highlights. The day began with a minimal outline so the team could start fast. When new information arrived, they restarted and repeated a general review process. Most sections were finished early, but any missing lines were added later. The final statement was absolute and closed the matter.",72.77233,4.287336,99,8.5125,0,6.0038414,3389.0493,83.2595,0.0,30898,659,0.02132824,6.4907236,5.3231993,564.48016,0.757054328918457,1.0
"Context:
He reviewed the incident from start to finish, including how everyone acted. The timeline included every point in time and the situation around it. Witness statements covered the different ways the actions happened. The summary left no gaps.",52.19146,3.9549189,100,7.828125,1,8.589986,3389.0493,100.83421,0.0,20814,646,0.031036802,6.4707994,5.2436295,394.5349,0.962760329246521,1.0
"Context:
He brought a tray of warm pastries for the recent graduates, and the scent of butter filled the hallway. A quick spritz of citrus cleaner made the room smell newly aired, like a place ready for first steps. When a question came up about who forgot to book the room, she answered plainly and owned it. They tossed the messy agenda and started over with a simpler plan that everyone could follow. Later, they sat by the river outside and watched the current carry leaves downstream.",46.761112,3.845052,101,8.5,0,4.5277257,3389.0493,71.71897,0.0,44069,666,0.015112665,6.50129,5.4039416,748.5103,0.06852294504642487,0.0
"Context:
The livestream description said the march would start in 30 minutes, and the channel asked viewers to subscribe for a month to see the full footage. As the first chants rose, the camera caught a line of yellow raincoats moving past a wall of blue posters. Someone in the comments kept timing the scene in seconds, pointing out when the sirens began. Later, the host pinned a note about a two-hour break before the next update.",48.788708,3.8874989,102,8.375001,1,4.5229692,3389.0493,73.03096,0.0,40979,657,0.016032603,6.4876842,5.290044,749.2974,0.15375418961048126,0.0
"Context:
He opened the slideshow and recognized the same bullet points that had been communicated in the kickoff meeting. The data was familiar because it had been provided to the team last quarter. Seeing it again in the deck helped him prepare his questions without guessing. He bookmarked the file so he could pull up the information quickly during the review.",44.441242,3.794168,103,8.86875,1,6.0504427,3389.0493,83.59694,0.0,30469,655,0.021497259,6.4846354,5.3150287,560.13245,0.9448809623718262,1.0
"Context:
A local influencer posted a reel about a new apartment complex and tagged the developer in every frame. The caption pushed people to click a website and “book a showing today.” Comments were full of referral codes and people asking about price drops. I muted the account after the third sponsored post in a row.",42.99018,3.7609718,104,9.3,1,6.7496276,3389.0493,88.340546,0.0,28273,654,0.023131609,6.4831076,5.3360696,502.10907,0.9207412004470825,1.0
"Context:
He checked the rumor against the receipts and the security footage. What he found was simple and unembellished, and it cleared the wrong person immediately. He shared the facts without adding drama. The truth landed quietly but firmly.",77.545204,4.350861,105,8.8125,1,8.173931,3389.0493,99.10136,0.0,22133,648,0.02927755,6.473891,5.2332735,414.61682,0.962760329246521,1.0
"Context:
The alarm went off at dawn, and I counted the seconds before I forced myself out of bed. I told myself the workout would take an hour, but it stretched into the afternoon because I kept pausing. That evening, I wrote a simple schedule for the next week, then penciled a goal for the month. I looked further ahead and circled a date next year, hoping the habit would last that long. By the weekend, the days had already blurred together, measured more by minutes saved than by good intentions.",24.380898,3.1938,106,7.1875,0,4.5830193,3389.0493,69.26673,0.0,47168,673,0.014268148,6.5117455,5.608574,739.4796,0.04818851500749588,0.0
"Context:
A hotel review on her phone included the neighborhood, the room count, and the number of nights she stayed. On the desk, a financial document showed dates, totals, and an account number repeated on every page. The file she was editing began with I and a lone digit that introduced the next point. In the analysis folder, gene expression profiles from brain tissue were lined up against profiles from a standard cell line. She logged a media entry with a title, a host name, and an episode number for her archive.",57.21275,4.046777,107,9.9625,0,3.9927924,3389.0493,67.44141,0.0,47562,668,0.014044826,6.504288,5.364516,848.79175,0.03082425333559513,0.0
"Context:
After the argument, she decided to reset the project rather than patch the broken plan. She rewrote the timeline, reassigned tasks, and cleared the calendar noise. The new schedule looked almost too simple. It finally felt workable.",65.31126,4.1791644,108,9.412495,1,7.922784,3389.0493,97.5287,0.0,22123,646,0.029200379,6.4707994,5.2085457,427.75992,0.962760329246521,1.0
"Context:
I skimmed the new study, then clicked the backlink to the older write-up to understand how they reached the final conclusion. The meeting notes said the agreement process was still pending and the status wouldn’t change until the committee voted. I reached out to an online community, and they shared resources that clarified the jargon in minutes. To stay in the loop, I used a feed subscription so new posts would land automatically. Later, I saw a timeline graphic starting in 2008, and the year made the whole story feel longer.",44.33806,3.7918434,109,7.8687477,0,3.9514072,3389.0493,66.15436,0.0,50202,669,0.0133261625,6.505784,5.44909,857.68164,0.03082425333559513,0.0
"Context:
Being behind on the latest subscription features made me second-guess every click. The important link appeared after a slow refresh and the settings I needed were below the section I kept opening. The final prompt followed my tap like a trailing response at the end of a practiced sequence. Support took responsibility for the rollout, and I found the option beside the notifications bell.",131.15683,4.876394,110,10.10625,0,5.68896,3389.0493,80.47842,0.0,33116,669,0.020201715,6.505784,5.35626,595.7239,0.7373208999633789,1.0
"Context:
At the start of the text, the writer chose a short, sharp sentence to set pace. The opening paragraph established the situation and the main friction without wandering. It felt like a doorway that you step through in one motion. After that, the paragraphs could breathe.",50.503838,3.9220493,111,8.875,1,7.6146855,3389.0493,93.17821,0.0,25224,661,0.0262052,6.493754,5.3559465,445.06754,0.931126058101654,1.0
"Context:
She stared at the first line of her letter and kept deleting it until the cursor blinked in an empty silence. The opening needed to sound warm, but not needy, and she tried three different greetings. When she finally reached the last sentence, she read it aloud to see if it landed cleanly. Only after the closing did she feel the message had a shape she could stand behind.",29.488104,3.383987,112,7.812499,1,4.271607,3369.369,65.757195,0.0,35266,626,0.017750809,6.4393506,5.2449846,788.78253,0.7815781831741333,1.0
"Context:
The graduation reception offered fresh fruit cups and cold drinks, and the mood loosened quickly. A crisp, clean scent drifted from the entrance, like the building had been freshly aired out. When asked about a disputed grade, the professor explained the real criteria without hiding behind vague talk. They reset the meeting agenda and began again from scratch so everyone could be heard. Afterward, families walked to the lake and watched water ripple in the wind.",83.991776,4.430719,113,8.787494,0,3.90831,3369.369,62.238907,0.0,39662,637,0.016060714,6.4567695,5.3080997,862.1038,0.11676398664712906,0.0
"Context:
A line began with “/>.” followed by a URL, and it looked like some broken markup had leaked into the message. I copied only the web address portion and ignored the symbols. The page loaded, proving the link itself was fine. The weird prefix was just noise from wherever it was copied.",74.01338,4.304246,114,9.2375,1,4.946393,3369.369,71.41591,0.0,28247,625,0.022126244,6.437752,5.1698976,681.17694,0.8090935349464417,1.0
"Context:
The team won the championship, and the streets filled with chants that sounded like a campaign rally. A local politician showed up to celebrate, and the photo boosted their visibility instantly. Sponsors rolled out new ads within hours, and the merch moved faster than warehouses could ship. The outcome wasn’t just a trophy, it was a wave that lifted businesses and public figures alike.",46.564903,3.8408473,115,10.487501,0,4.299129,3369.369,66.64213,0.0,34377,620,0.018035315,6.4297194,5.2160006,783.7329,0.7040829658508301,1.0
"Context:
The travel brochure promised temperatures from 6 to 9 degrees, and it was right for once. Outside Hallgrímskirkja in Reykjavík, I started an email and tried to get the first sentence to sound human. A news alert popped up about replacing a regional transit contract with an outside bidder, and the comments were already vicious. The article broke down what the change would do to fares and operating costs, which made it feel unavoidable. I ended my email with a crisp closing and went back to watching the snow.",40.812023,3.7089767,116,8.937499,0,3.1967092,3369.369,56.85869,0.0,48386,624,0.012896292,6.4361506,5.292005,1054.0117,0.03082425333559513,0.0
"Context:
The first lines described snow falling upward, collecting on rooftops like white smoke. We install skylights, and we can come by to measure and talk through options. We’re glad you called early, since winter scheduling fills up fast. We’re looking forward to helping you make the room brighter without losing warmth.",52.93317,3.9690301,117,9.25,0,5.0964484,3369.369,72.38922,0.0,29552,621,0.021013806,6.431331,5.22948,661.121,0.8986626863479614,1.0
"Context:
The app’s redesign improved retention, and the numbers finally looked like a success story worth sharing. Reviewers praised the experience, and the praise drove even more downloads. A political figure referenced the company when talking about modern jobs, making it sound bigger than it was. The brand’s reception turned into growth, and the growth turned into a public narrative.",56.6014,4.0360336,118,9.275,0,4.1948433,3369.369,66.5218,0.0,33484,615,0.018366981,6.4216223,5.1229973,803.21686,0.6568803787231445,1.0
"Context:
The study’s conclusion was brief but linked to earlier content, so I followed the chain to see the full set of results. Our manager said the formal process around the agreement was moving, just slower than planned. I posted a question in an online community and got pointed toward a resource page that had examples and references. Then I subscribed to the updates via a feed, which felt less intrusive than newsletters. The conversation wandered into anniversaries, and one person kept citing 1995 like it explained everything.",60.660275,4.105289,119,9.075,0,3.2667716,3369.369,57.121174,0.0,46663,635,0.013608212,6.453625,5.294855,1031.4064,0.03082425333559513,0.0
"Context:
He updated the wiki first, then ran the database script, and only afterward marked the implementation ticket as “ready for review.” During lunch, the conversation drifted to wealth and the strange way people treat it like a personality trait. She downloaded the complete edition of the game, and he promised with absolute certainty that it would include the missing content. After they played, they compared how frequently crashes happened and how long each freeze lasted. The task status sat there, quietly accurate, while their confidence fell apart.",85.0191,4.442876,120,10.324993,0,3.3937173,3369.369,57.982025,0.0,45773,628,0.013719878,6.44254,5.314444,992.82544,0.03082425333559513,0.0
"Context:
Sales doubled after the rebrand, even though the product stayed basically the same. The new messaging made people understand the value in a glance. Our customer acquisition costs fell, and word-of-mouth started doing the heavy lifting. The growth felt sustainable instead of spiky.",31.8645,3.4614925,121,6.421875,1,5.421458,3369.369,74.99165,0.0,26052,617,0.023683403,6.424869,5.1650453,621.4876,0.9633806347846985,1.0
"Context:
Riverside Stadium’s latest changes centered on accessibility, with curb cuts, lifts, and improved viewing areas for disabled supporters. A local economic program offered incentives that helped the club pay for the upgrades without cutting staff. The supplier’s catalog highlighted items used on site and listed their key specs, down to measurements and certifications. The club also tried to increase website traffic by tightening SEO and arranging links from partner organizations while running a small ad campaign. Fans responded with glowing feedback that said the improvements felt thoughtful and overdue.",70.766624,4.2593875,122,8.924999,0,3.7226028,3369.369,62.427505,0.0,46674,636,0.01362643,6.455199,5.392791,905.111,0.03082425333559513,0.0
"Context:
A film studio marketed its new release like a major event, and the opening weekend proved the strategy right. The lead actor delivered a performance that made the hype feel earned. A fashion brand tied to the premiere got a boost, and the products started trending online. Even pundits discussed the cultural impact, treating popularity as a signal of broader change.",52.432644,3.9595294,123,8.221874,0,4.364582,3369.369,67.48986,0.0,32178,621,0.0192989,6.431331,5.1500735,771.97974,0.4466307461261749,0.0
"Context:
The article title included a name, a year, and a short phrase that sounded urgent. She clipped it alongside other headlines and wrote the publication number for her archive. Another piece listed a host’s name and an episode number in the corner. The page looked like a catalog of titles and identifiers.",51.04775,3.9327614,124,8.206249,1,4.6871495,3369.369,71.25376,0.0,28218,609,0.021581968,6.4118185,5.034522,718.8524,0.9365522861480713,1.0
"Context:
He filed the technical report with a version number and a release date on the cover. Inside, each table included measurements with units and a figure label for cross-reference. The appendix listed serial numbers and compliance standards by code. It was written for someone who trusted digits more than adjectives.",87.17253,4.4678893,125,10.574999,1,4.8166604,3369.369,72.4075,0.0,26900,611,0.022713754,6.4150968,5.014893,699.52386,0.9578304290771484,1.0
"Context:
I found a brand through a friend’s recommendation and wanted to see what they offered. Their website had guides on boosting online presence and tracking results. When I created an account, the help page explained an automated queue during peak traffic. My confirmation included the date and time for onboarding. I spent the evening cooking a curry recipe with chickpeas.",61.82464,4.124302,126,9.1875,0,4.3720546,3369.369,68.080765,0.0,31741,620,0.019533096,6.4297194,5.1099167,770.6603,0.6594025492668152,1.0
"Context:
The artist refused to copy the popular design and started with a blank sheet. She sketched her own shape, imperfect at first, then sharper with each pass. When someone asked where she’d seen it before, she said she hadn’t. The result looked unmistakably hers.",34.384323,3.5376008,127,8.674998,1,5.2492137,3369.369,74.37142,0.0,26475,617,0.023305004,6.424869,5.1265755,641.8807,0.9633806347846985,1.0
"Context:
During the hike, they followed the sound of rushing water through the trees. A small waterfall appeared, bright as glass in the sun. They filled their bottles and sat on wet stones. The stream kept talking even when they were silent.",31.791195,3.4591894,128,7.1625,1,7.21445,3389.0493,94.79543,0.0,22539,623,0.027640978,6.4345465,5.081912,469.7585,0.962760329246521,1.0
"Context:
I underlined pages 112 through 118 before walking out into Times Square, where everything felt louder than the numbers suggested. The draft of my article started awkwardly, so I rebuilt the opening around what I saw on the street. A nearby group argued about replacing a local monument with a new design approved by the city, and the tension drew a small crowd. Later, my editor asked whether the service budget could handle the added costs, and I had to answer carefully. I closed the piece with a final sentence that sounded firm, not defensive.",48.96066,3.8910172,129,9.625,0,3.6741905,3389.0493,66.09042,0.0,51050,649,0.012713026,6.475433,5.321815,922.39343,0.03082425333559513,0.0
"Context:
She wrote a long caption about the protest and promised a subscriber-only Q&A next month. In the comments, a designer offered hex suggestions like #FFCC00 and posted the corresponding RGB values for accessibility checks. Reading it, she noticed her hands trembling and tried to calm down by tapping out numbers on her knuckles. A friend messaged her about a league match and asked whether their team still had a chance for Europe. The conversation kept snapping back to colors no matter what they talked about.",58.41062,4.0674977,130,9.275,0,4.1424828,3389.0493,68.8386,0.0,46227,648,0.014017782,6.473891,5.383687,818.1203,0.03082425333559513,0.0
"Context:
I spent the afternoon in a glass tower on the financial district block, surrounded by conference rooms and quiet hallways. The HR office had a line of candidates holding resumes and sipping paper-cup coffee. A recruiter walked me through benefits, salary bands, and the timeline for offers. When I left, the lobby screens were flashing stock tickers and market headlines.",41.403713,3.7233706,131,8.60625,1,5.1424356,3389.0493,78.53067,0.0,33068,640,0.019354058,6.461468,5.1870937,659.0358,0.869976818561554,1.0
"Context:
I counted 18 incomplete forms and wondered how many more were quietly wrong. At CERN, the lobby screens looped the event name like it was a brand launch. I drafted the summary and paid attention to how the opening line framed the whole day. In the breakout room, staff argued about replacing the current safety protocol with an alternative used by another lab. Later, the conversation shifted to the cost of maintaining services, and the numbers stopped feeling abstract.",112.149345,4.7198315,132,11.787499,0,4.2850385,3389.0493,70.72315,0.0,41392,638,0.015413607,6.4583383,5.275493,790.9029,0.03082425333559513,0.0
"Context:
Most evenings, he practiced for some amount of time after dinner. Any amount counted, even ten minutes on busy days. The streak lasted through winter and into spring. He felt proud that he kept going.",51.99944,3.951233,133,9.175,1,8.999575,3389.0493,102.661606,0.0,19931,628,0.031508707,6.44254,5.2748604,376.57883,0.962760329246521,1.0
"Context:
We talked through the constraints, then chose the simplest approach that still met the requirements. We drafted a timeline, contacted the vendors, and confirmed the delivery windows in writing. After a quick call, we updated our estimate and communicated the risk to everyone involved. We left the meeting with clear owners and a realistic plan.",37.120487,3.6141691,134,7.359375,1,5.8174877,3389.0493,83.23739,0.0,29579,637,0.02153555,6.4567695,5.212697,582.5624,0.9500481486320496,1.0
"Context:
Riverside Stadium is getting a full accessibility overhaul aimed at fans with disabilities. The plan includes widening turnstiles, adding handrails on the north concourse, and converting two restrooms into step-free facilities. Volunteers will be stationed at the closest drop-off point to assist anyone who asks. The project timeline is posted on the club’s noticeboard by the ticket office.",28.874632,3.3629634,135,8.600002,1,5.964934,3389.0493,85.06169,0.0,34407,631,0.018339291,6.4473057,5.372194,568.1621,0.9012635946273804,1.0
"Context:
The address bar showed a clean path, but the copied version had an extra slash and a stray punctuation mark at the end. I kept getting redirected to nowhere until I inspected the characters. After trimming the final dot, the link behaved normally. It was the smallest fix with the biggest payoff.",54.99159,4.00718,136,9.625,1,6.1576424,3389.0493,86.22702,0.0,27367,631,0.023056967,6.4473057,5.1690235,550.381,0.9633806347846985,1.0
"Context:
The caption under the microscope photo said “observed for 15 minutes” and included a link to a subscription plan for the full report. Someone asked for the exact shade, so she replied with #9C27B0 and the matching RGB breakdown. Her hands were cold as she typed, and she kept counting her breaths to push down the worry that something was wrong. A sports site in another tab blared league news and listed teams making midseason signings. Everything on her screen reduced to colors and attention.",83.7727,4.4281073,137,10.949993,0,3.9708645,3389.0493,66.68307,0.0,47544,653,0.013734646,6.481577,5.3983173,853.47894,0.03082425333559513,0.0
"Context:
The travel sheet listed three hotels with their neighborhoods, room numbers, and the times guests could check in. A contract attached to it showed an effective date, a clause number, and a renewal deadline in months. The document started with We and a digit that introduced the first point like a signpost. He then reviewed gene expression profiles from brain tissue and compared them to cell line profiles from a parallel dataset. He finished by filing a publication record with a title, editor name, and volume number.",78.93831,4.3686666,138,10.0187435,0,3.9488225,3389.0493,67.69894,0.0,45344,644,0.014202541,6.4676986,5.2922835,858.24304,0.03082425333559513,0.0
"Context:
I was behind on the trend and didn’t recognize the new subscription controls. The update prompt appeared after I opened settings, while the key switch sat below an unrelated section. The final screen followed the install like an echo that comes after the main sound fades. Support took responsibility for the confusion, and their instructions pointed to a button beside the billing overview.",110.198616,4.7022843,139,9.7562475,0,5.3012195,3389.0493,78.92648,0.0,33079,644,0.019468546,6.4676986,5.25082,639.2962,0.7649762034416199,1.0
"Context:
The committee issued a formal statement after the incident, choosing careful wording for every sentence. During the press briefing, questions were answered with measured replies rather than off-the-cuff remarks. Later that afternoon, the internal discussion continued in a recorded meeting with minutes taken. Even the follow-up email carried the same restrained tone.",30.423105,3.4152024,140,7.637496,1,5.7342453,3389.0493,82.13783,0.0,30888,638,0.02065527,6.4583383,5.250167,591.0192,0.6963366866111755,1.0
"Context:
A new mayor took office, and within months the city’s mood felt lighter. Public projects that had stalled for years finally moved, and the press stopped treating every announcement like a joke. Even opponents admitted the leadership had momentum. The win reshaped what residents believed was possible.",41.88181,3.7348516,141,7.381249,1,6.541565,3389.0493,88.02362,0.0,26503,632,0.023846356,6.4488893,5.2263026,518.0793,0.9633806347846985,1.0
"Context:
At work, people kept referencing the new tools bundled into the subscription, and I had no idea what they meant. My dashboard looked outdated, and the buttons they pointed to simply weren’t there. I checked the release timeline and realized I was behind on the trend by an entire cycle. After updating and reading the feature list, I could finally follow along.",37.141747,3.6147416,142,7.724999,1,5.620549,3389.0493,79.46906,0.0,33549,654,0.019493874,6.4831076,5.381136,602.97473,0.88392573595047,1.0
"Context:
The marketing lead audited the site and found the blog posts were buried three clicks deep. He reorganized the navigation, refreshed older articles, and asked suppliers to link back from their retailer pages. For quick traction, he bought a limited run of search ads pointing to the highest-converting page. The daily traffic graph stopped flatlining and began to trend upward.",64.540085,4.1672864,143,8.737498,1,5.551093,3389.0493,79.59697,0.0,32644,643,0.01969734,6.4661446,5.3377194,610.5193,0.7943899035453796,1.0
"Context:
Our campaign video went viral the same week the product update shipped, and the timing couldn’t have been better. We posted the results from early testers, and the comments turned into a flood of orders. Thanks to the surge, we beat a rival launch that was supposed to dominate the season. By the weekend, the brand name was everywhere people argued about what was worth buying.",34.015755,3.5268238,144,6.98125,0,4.289907,3369.369,66.367676,0.0,35254,622,0.017643388,6.43294,5.2573195,785.4177,0.39173614978790283,0.0
"Context:
He held up three fingers to make his point, but his voice cracked and the room went quiet. Heat rushed into his face, and he could almost see the embarrassment as a deep crimson in his thoughts. His hands wouldn’t stop fidgeting, tapping out small counts on the table edge. When someone nodded kindly, the tightness in his chest loosened.",32.944138,3.4948132,145,8.343749,1,4.105277,3369.369,65.96664,0.0,33044,613,0.018551024,6.418365,5.0938683,820.7409,0.7983519434928894,1.0
"Context:
The café posted a sign about a seasonal drink and a fresh pastry run. He ordered both and watched steam rise from the oven tray behind the glass. The croissant shattered softly when he tore it open. It tasted like it had never seen a shelf.",95.102425,4.5549545,146,12.449999,1,5.7902646,3369.369,78.75749,0.0,23847,617,0.025873275,6.424869,5.08774,581.9024,0.9633806347846985,1.0
"Context:
A new publication dropped with results that contradicted a popular claim, and the conclusion pointed back to a prior post for context. In the same hour, the agreement tracker showed the process still hadn’t advanced to final approval. I looked for help in an online community, and a member shared a resource archive that answered my questions. To keep things organized, I added the source to my feed reader instead of signing up for email. Someone mentioned 2014 as the year the first draft appeared, and that date became my mental bookmark.",40.24792,3.6950583,147,7.75,0,3.1691704,3369.369,55.710182,0.0,49292,634,0.012862127,6.452049,5.337615,1063.1707,0.03082425333559513,0.0
"Context:
A comic series launched with a portal opening behind a laundromat, bright enough to wash the street in blue light. We print the new issue on demand, and we’ll reserve a copy under your name. We appreciate you supporting indie releases instead of waiting for spoilers. We’re excited to hand it over the moment it arrives.",58.699043,4.0724235,148,9.518749,0,4.6996026,3369.369,68.88633,0.0,31316,623,0.019893983,6.4345465,5.2472467,716.94763,0.23594650626182556,0.0
"Context:
He tried to stay humble after his raise, but he could feel his habits shifting. It was easy to preach discipline when rent wasn’t a weekly crisis, and he started catching himself doing it. His cousin, who was struggling, listened politely and then said the problem wasn’t motivation, it was math. That one sentence forced him to see the gap more clearly.",43.360977,3.7695599,149,7.7062497,1,4.5520844,3369.369,66.8145,0.0,34833,624,0.017914047,6.4361506,5.3494754,740.1815,0.706267774105072,1.0
"Context:
He watched the committee hearing and took notes, trying to separate promises from practical steps. One member praised the ruling party, while another warned that the proposal would expand government power. The official statements sounded calm, but the subtext was pure conflict. When the vote finally happened, half the room looked triumphant and half looked betrayed.",52.582367,3.962381,150,8.39375,1,4.8477316,3369.369,70.69633,0.0,30428,619,0.020343104,6.4281054,5.2185874,695.04034,0.815278172492981,1.0
"Context:
She referenced the earlier event only briefly, but it explained the cautious mood. Last month’s argument had ended poorly, and nobody wanted a repeat. The new conversation stayed calm because everyone recalled how quickly things escalated before. The past sat in the room even when no one described it in detail.",86.42958,4.45933,151,9.8125,1,4.970944,3369.369,72.13666,0.0,27787,617,0.022204628,6.424869,5.132496,677.8127,0.9005914926528931,1.0
"Context:
A short video ad promoted a seaside rental and kept repeating the website address in the corner. On the page, a company logo sat above details about parking, a small shuttle vehicle, and automated check-in kiosks. The weather widget said 18°C in September, and the town name was printed beside a calendar of events. I ended the day at a cafe where the food tasted rich and buttery, and the staff called everything lovely with the same practiced smile.",46.982597,3.8497772,152,8.093748,0,3.286961,3369.369,57.829525,0.0,43580,627,0.014387334,6.4409466,5.213175,1025.0712,0.03082425333559513,0.0
"Context:
The email had a long web address, and right before the last part there was a number like it had been pulled from a website’s navigation. The sender explained it was for donations that would fund a mission trip. I hesitated until I checked the domain and saw it matched the organization’s name. Then I forwarded the link to a friend who had asked how to contribute.",25.32268,3.2317004,153,6.774997,1,4.119997,3369.369,64.93608,0.0,35249,620,0.017589152,6.4297194,5.204279,817.8086,0.7951448559761047,1.0
"Context:
The sign was placed after the exit, so I missed the turn and had to loop back. My bag slid below the seat in front of me when the bus jolted forward. I kept checking what came next, but the important marker was always just after where I expected it. By the time I noticed, I was already past it.",28.065655,3.3345466,154,7.1875,1,4.6187253,3369.369,68.562294,0.0,31757,619,0.019491766,6.4281054,5.2249317,729.5019,0.1617497354745865,0.0
"Context:
I clicked into the review page and began with a blunt first line about the experience. The opening paragraph described what I bought, how long I used it, and what I expected going in. I mentioned the best part right away so readers wouldn’t have to scroll. Then I shifted into details about what went wrong and what worked.",23.7524,3.1676836,155,6.5625,1,4.5516033,3369.369,69.065445,0.0,31300,616,0.019680511,6.423247,5.1489143,740.25977,0.8041110634803772,1.0
"Context:
The new headset reviewed well, but I didn’t understand until I tried it. The sound was crisp, and the mic made my voice come through clean in calls. People in my group started buying the same model after hearing mine. It became the standard without anyone forcing it.",37.169994,3.6155019,156,7.006248,1,5.1098714,3369.369,73.74088,0.0,26473,614,0.023193443,6.419995,5.0853996,659.3843,0.9633806347846985,1.0
"Context:
He explained that the policy was called a temporary freeze, not a permanent shutdown. When someone challenged him, he restated what had been mentioned to keep the terms consistent. The clarification eased the tension because it matched what the team had heard earlier. By lunchtime, people were using the same phrase in their messages.",48.82182,3.8881774,157,9.037498,1,4.8107834,3369.369,70.55809,0.0,29114,619,0.021261249,6.4281054,5.1626015,700.3784,0.9068843722343445,1.0
"Context:
We gathered in the community center to see the proposal for the new playground. The architect pointed at a large board and traced where the swings and climbing wall would go. Parents leaned forward, trying to picture the space in their minds. I took a photo of the diagram so I could share it later.",17.51084,2.8628201,158,6.1624994,1,4.722282,3369.369,71.446106,0.0,28222,611,0.021649776,6.4150968,5.043531,713.5044,0.9365522861480713,1.0
"Context:
On a bright summer afternoon, I sat outside and noticed how quickly minutes vanish when you’re not chasing them. That evening, I remembered the weekly schedule and set reminders so tomorrow wouldn’t start in panic. I planned the month loosely, then added a note about what I wanted by the end of the year. Thinking in decades made me uneasy, so I focused on the next hour and let the seconds drift by without staring. When the weekend rolled around, the days felt open again.",31.085194,3.4367316,159,7.2437496,0,3.4925802,3369.369,58.438286,0.0,45354,625,0.013780482,6.437752,5.3408017,964.722,0.03082425333559513,0.0
"Context:
The itinerary showed three cities, two hotel names, and the exact check-in times for each night. A technical license attached to it listed a product number, an effective date, and a limit on user seats. His report started with We and a number that framed the first step without any warm-up. Later, he compared gene expression profiles from a brain dataset to profiles from a cell line under stress. Before shutting down, he saved a publication reference by title, editor name, and issue number.",78.097595,4.3579593,160,10.349997,0,4.289592,3389.0493,68.9127,0.0,46262,664,0.014353033,6.498282,5.4466953,790.06335,0.03082425333559513,0.0
"Context:
He set the ticket to “blocked” because the database update failed, and the wiki still showed the old schema. A teammate, who came from money, kept giving advice about poverty that sounded like a motivational poster. They bought the complete bundle of the toolchain, and he said with total certainty that the new release would stabilize everything. After deployment, he recorded the duration of every outage and the frequency of retries. The metrics were calm, but the conversation stayed sharp.",100.02986,4.6054688,161,9.549997,0,4.479192,3389.0493,71.064804,0.0,43187,672,0.015560238,6.510258,5.3945246,756.6207,0.06852294504642487,0.0
"Context:
A mission trip fundraising post shared a URL that contained a file extension and digits like a webpage element. The copied link ended with punctuation and an extra separator, so it wouldn’t load until I edited it. The cleaned address opened a .php page that clarified what the donation was for and showed the form. Someone’s reply began with “/..” before the URL as if it were a path, so I corrected it before forwarding. I asked whether the payment product was good for nonprofits and included the link in brackets for others to review.",55.87284,4.0230784,162,8.74375,0,3.9392712,3389.0493,66.39614,0.0,49765,673,0.013523561,6.5117455,5.416982,860.3239,0.03082425333559513,0.0
"Context:
The city announced upgrades at Aurora Park Stadium after an audit highlighted gaps for disabled supporters. New ramps were added at every main entrance, and the steep curb by Gate C was replaced with a gentle slope. Accessible seating was expanded so wheelchair users could sit with friends instead of being clustered in one corner. Clear tactile signs now guide visitors from the bus stop to the nearest lift.",35.30337,3.5639784,163,6.6625004,1,6.5987835,3389.0493,89.2778,0.0,34440,656,0.01904762,6.4861608,5.4784956,513.587,0.8652060627937317,1.0
"Context:
A stranger’s letter appeared on the porch, and the first line sounded like it came from another world. We handle deliveries for the neighborhood, so we checked the label, logged it, and set it aside for pickup. We’re glad you called before tossing it, because it might be important. We can stay on the phone while you open it if that helps.",23.761963,3.168086,164,6.8374977,0,5.8059573,3389.0493,79.77261,0.0,34873,665,0.019069195,6.499787,5.4842663,583.7193,0.320824533700943,0.0
"Context:
She packed up the old notes and began the semester with a new notebook. The first page stayed clean until she wrote the date in careful ink. When the lecture started, she felt unusually focused. A fresh start made her listen harder.",49.68888,3.9057813,165,9.18125,1,7.7213707,3389.0493,96.2098,0.0,22562,651,0.028853824,6.4785094,5.2006264,438.9181,0.962760329246521,1.0
"Context:
He wore a jacket with a company emblem and people kept asking about it. He said their online marketing team had rebuilt the site and chased quality backlinks. His account on the platform held training modules and a short system status note from last week’s incident. The next live session had a posted start time and a calendar link. Afterward he made tacos from a recipe he found in an old notebook.",97.55452,4.5804114,166,10.687501,0,4.954587,3389.0493,76.28876,0.0,36603,661,0.01805863,6.493754,5.2720513,684.0226,0.11221077293157578,0.0
"Context:
I rented the cabin for a month and thought I’d get bored, but the days filled themselves. The first week was learning where everything was and how the stove behaved. By the third week, I had a favorite chair and a preferred route down to the water. When the month ended, packing up felt like leaving a small life behind.",22.041924,3.0929463,167,6.715625,1,6.1569557,3389.0493,82.930084,0.0,32238,658,0.020410696,6.489205,5.4246135,550.4424,0.7896413207054138,1.0
"Context:
He was totally certain the meeting was at nine, and he said it with the kind of confidence that shuts down questions. When the calendar invite showed ten, he didn’t hedge or soften it, he just stared at the screen. Even then, he tried to insist he was right until the reminder notification proved otherwise. The certainty drained out of him in one quiet breath.",36.15607,3.5878448,168,8.174998,1,5.8718505,3389.0493,80.01696,0.0,34888,661,0.018946342,6.493754,5.493306,577.1689,0.5006628036499023,1.0
"Context:
The product launch started strong because early users posted dramatic before-and-after clips. Our marketing plan was ready, so we amplified the best stories and watched conversions spike. A well-known senator mentioned the trend while talking about consumer trust, and the quote spread widely. By the next morning, the brand was both popular and seen as culturally significant.",70.0454,4.2491436,169,9.4625,0,5.559997,3389.0493,80.73177,0.0,32650,658,0.020153139,6.489205,5.2741995,609.54156,0.3658699095249176,0.0
"Context:
The newsletter started with a date-like number and then a quick greeting. He noticed how the opening set the tone before any details arrived. A pronoun slipped in right away, making it feel personal despite the plain style. The beginning was simple but effective.",79.15018,4.371347,170,8.374998,1,7.6880007,3389.0493,94.35182,0.0,24340,658,0.027033689,6.489205,5.306745,440.82324,0.962760329246521,1.0
"Context:
He scanned the news feed and saved a story with a bold headline and a reporter’s name beneath it. The entry also displayed an article number and a timestamp. A separate link showed a book title with a volume number and the editor’s name. Everything was labeled like it wanted to be cited.",43.49595,3.772668,171,8.381249,1,6.161956,3389.0493,85.655556,0.0,28690,642,0.022377135,6.464588,5.2267823,549.9957,0.9380082488059998,1.0
"Context:
A fantasy book opened on a marketplace where sellers traded memories for bread. We can order it for you and include a short note so it arrives as a surprise. Thanks for asking for recommendations, because we love matching stories to people. We’re excited for you to reach the chapter where the deal goes wrong.",57.359734,4.0493426,172,9.0625,0,6.712645,3389.0493,86.31911,0.0,29161,659,0.022598676,6.4907236,5.4346666,504.8754,0.4701743423938751,0.0
"Context:
She opened the color picker and typed #1E90FF into the field to get the exact blue she wanted. The preview panel updated as she nudged the RGB sliders from 30, 144, 255 to slightly darker values. In the CSS file, she copied the hex code into the button style and refreshed the page to compare it against the background. When it still looked off, she sampled a pixel and checked the new RGB readout.",22.361715,3.1073503,173,7.875,1,4.4774284,3389.0493,71.08497,0.0,44056,660,0.014980934,6.49224,5.4134645,756.9187,0.15396273136138916,0.0
"Context:
Our team met at a co-working space above a busy bank branch, where the elevator opened into a room full of whiteboards. A manager from another department stopped by to discuss budgets and hiring plans. We negotiated desk space, project deadlines, and who would handle the client invoices. By the end, my notebook was full of numbers and follow-up tasks.",27.333565,3.3081155,174,7.484375,1,5.5163865,3389.0493,80.02174,0.0,33968,651,0.019165097,6.4785094,5.3207197,614.36035,0.8441660404205322,1.0
"Context:
A local council introduced tax credits to encourage small businesses to renovate empty storefronts. The bakery owner ran the numbers and realized the incentive would make a new oven affordable sooner than expected. She submitted receipts, photos, and a short statement about the renovations. The reimbursement hit her account right before the holiday rush.",29.51429,3.3848746,175,8.03125,1,6.3523335,3389.0493,85.23371,0.0,29590,658,0.022237243,6.489205,5.348655,533.5125,0.893757700920105,1.0
"Context:
He poured a new batch of cold brew for the new hires and set out pastries that were still warm. The office smelled newly cleaned, and even the hallway felt brighter. When someone asked who approved the wrong budget line, she answered truthfully and took responsibility. They wiped the spreadsheet and rebuilt the forecast from scratch. Later, they stepped outside and watched rainwater race along the gutter like a tiny river.",65.35867,4.17989,176,9.081251,0,4.226254,3369.369,65.22398,0.0,36596,640,0.01748825,6.461468,5.299476,797.24713,0.19355934858322144,0.0
"Context:
I stopped at a corner shop that had a cardboard bunny in the window and pastel wrappers stacked by the register. The cashier rang up a bag of chocolate eggs and asked if I needed a gift receipt. On the walk home, I tucked the sweets into my backpack so my little brother wouldn’t spot them. After dinner, we hid them in the garden for the morning hunt.",26.281916,3.268881,177,6.912495,1,4.406477,3369.369,65.60404,0.0,35282,622,0.017629387,6.43294,5.3317714,764.6401,0.6782077550888062,1.0
"Context:
He designed a poster for an online fundraiser that promised extra clips to anyone who subscribed for three months. To match the brand, he chose #1A1A1A for the text and tweaked the RGB sliders until the background felt right. When he tested the draft, his hands went clammy and he kept counting down from five to steady his nerves. On a second tab, he checked league scores and groaned as a rival team climbed the table. The final layout was all colors, deadlines, and distractions.",51.839916,3.9481604,178,8.849999,0,3.3985581,3369.369,58.48879,0.0,46656,625,0.013395919,6.437752,5.319613,991.4113,0.03082425333559513,0.0
"Context:
I updated my business listing and made sure the hours were correct. Then I asked past clients to leave honest reviews online. I learned how internal links guide people through a website. The calls started coming from strangers.",72.200645,4.279449,179,9.887497,1,6.7316213,3369.369,84.59332,0.0,20348,613,0.030125812,6.418365,5.0849214,500.5286,0.9633806347846985,1.0
"Context:
Fresh salad and cold sparkling water sat on the table as the new students arrived for their first workshop. The room smelled crisp after the windows were opened and a light cleaner was used. When someone tried to pass off borrowed work as their own, the instructor asked for the source and the truth came out. They deleted the confusing draft and restarted the assignment from scratch. At the end, they walked to the canal and watched water shimmer under the lamps.",41.91108,3.7355502,180,8.918751,0,3.6280143,3369.369,60.550915,0.0,40962,637,0.015550998,6.4567695,5.2472515,928.7088,0.03082425333559513,0.0
"Context:
The restaurant served a small bowl of soup topped with toasted seeds and a drizzle of oil that smelled like herbs. I could taste lemon, butter, and something smoky that I couldn’t name. The chef came out for a moment, smiling like he already knew people would be impressed. On the way home, I kept thinking about how one ingredient had changed everything.",18.710093,2.929063,181,6.296875,1,4.387626,3369.369,67.12039,0.0,33934,618,0.018211823,6.4264884,5.2117515,767.92523,0.7424176931381226,1.0
"Context:
The database job finished overnight, and he updated the wiki page before setting the ticket status to “ready.” In the morning standup, a coworker complained that wealth buys patience while poverty buys panic, no matter how positive you try to be. The company bought the complete edition of the platform, and he said with total certainty that it covered every requirement. A day later, he tracked the frequency of timeouts and the duration of each spike. The certainty sounded smaller once the graphs appeared.",117.76231,4.768668,182,10.53125,0,3.3847022,3369.369,58.33499,0.0,44449,626,0.014083557,6.4393506,5.2723837,995.46985,0.03082425333559513,0.0
"Context:
She started the morning with crisp apples and a cold bottle of sparkling water. The apartment smelled clean after she changed the sheets and opened the balcony door. A friend asked how the interview went, and she answered without polishing the awkward parts. Instead of clinging to the old routine, she rewrote her week from scratch on a blank page. At dusk she walked to the harbor and watched the tide pull at the boats.",27.422398,3.3113601,183,6.328125,0,4.045819,3369.369,63.754726,0.0,38336,633,0.016511895,6.4504704,5.292678,832.80273,0.07623124122619629,0.0
"Context:
The property listing showed the street address, the unit number, and the viewing time for Saturday afternoon. A financial statement in the folder listed quarterly dates, totals, and an account number repeated on every page. The draft began with I and a number that appeared immediately after the first sentence. She loaded gene expression profiles from brain samples and compared them to cell line profiles used for benchmarking. She then saved a publication citation with the title, author name, and issue number.",59.746967,4.0901184,184,9.0,0,3.6321537,3369.369,60.469677,0.0,42714,626,0.014655616,6.4393506,5.290219,927.6504,0.03082425333559513,0.0
"Context:
He paused before replying, rereading the message to make sure he understood what was actually being asked. A quick reaction would have been easier, but he chose to process it step by step. He compared his memory of the meeting with the notes and admitted where his assumptions were weak. Only then did he answer, and the conversation stayed calmer than usual.",30.154257,3.406326,185,8.837498,1,4.471884,3369.369,67.53895,0.0,32624,615,0.018851152,6.4216223,5.2154136,753.4563,0.6988670825958252,1.0
"Context:
They kept arguing about whether the base game was enough, but she wanted the complete bundle. The full edition came with the expansions, the soundtrack, and the polished interface that reviewers praised. Once it downloaded, she played straight through without hitting a paywall prompt. For the first time, the experience felt whole.",51.760876,3.9466345,186,8.6875,1,4.8522797,3369.369,70.77288,0.0,29110,615,0.02112676,6.4216223,5.176366,694.38885,0.9266383051872253,1.0
"Context:
The authors posted their results, and the conclusion made more sense after I opened the linked earlier article. Our team’s process update said the agreement still needed approval, so the status wouldn’t change for a while. I visited an online community to find resources, and the discussion threads were surprisingly organized. To keep track, I added the publication feed to my reader and checked it during breaks. Someone dropped 1984 into the conversation as a historical year, and it became a strange anchor for the timeline.",55.402916,4.014632,187,8.562496,0,3.3866243,3369.369,57.25094,0.0,47550,644,0.013543638,6.4676986,5.3766317,994.90485,0.03082425333559513,0.0
"Context:
The birth announcement included a hospital name, a city, and a time, followed by weight and length written in digits. A legal letter nearby showed a case number, a deadline date, and a payment amount in bold. The report began with We and a number that introduced the first step without any preface. He compared gene expression profiles from brain tissue to profiles from a cell line control and noted a few genes that diverged. Before bed, he logged a headline title, a reporter name, and an archive number into his reference list.",58.749897,4.0732894,188,9.30625,0,3.0636914,3369.369,55.57969,0.0,48832,628,0.012860419,6.44254,5.2584853,1099.7743,0.03082425333559513,0.0
"Context:
/..[https://example.org](https://example.org) showed up at the start of the pasted line, like someone had mangled a link while copying it. I deleted the odd prefix and kept only the web address. Once the browser saw a clean URL, it loaded normally. The original formatting looked like it came from a messy quote chain.",45.46239,3.8168855,189,8.387499,1,4.480293,3369.369,67.89566,0.0,33507,625,0.01865282,6.437752,5.236289,752.0421,0.8036812543869019,1.0
"Context:
The company name flashed on the screen before the video started. A short segment explained how they build online presence using strong pages and smart backlink outreach. I opened my account to download materials and read a plain incident note about a recent disruption. The course page showed the assignment deadline with a specific time stamp. I made a quick recipe for pancakes while the file downloaded.",115.723976,4.751208,190,10.15625,0,4.210963,3369.369,66.369,0.0,33940,632,0.018621096,6.4488893,5.1567802,800.14215,0.17472711205482483,0.0
"Context:
My notes said to check items 1 through 4, and I kept flipping back to make sure I hadn’t missed anything. In Kyoto, the meeting room had the host organization’s name on every placard. I wrote the opening paragraph for the recap and made it short so nobody skimmed past it. The committee fought over replacing one supplier with another, arguing that the local partner mattered. The service agreement’s cost structure became the real story, so I closed with a final sentence that made that clear.",52.85546,3.967561,191,9.0625,0,3.1396322,3369.369,56.236023,0.0,47090,638,0.013548524,6.4583383,5.2629156,1073.1731,0.03082425333559513,0.0
"Context:
In her memo, she alluded to the earlier section where the key risk was first introduced, letting readers connect the dots on their own. During the briefing, he clarified what was called the “temporary suspension,” repeating what had been said so the transcript stayed consistent. The department issued an official statement afterward, and the conversation shifted into a more formal tone as soon as cameras appeared. They referenced a previous delay from the spring to justify the extra checkpoints in the plan. To close, she forwarded the information already provided in the earlier email chain so the team had it in one place.",55.45266,4.0155296,192,8.406248,0,3.7963989,3389.0493,64.75125,0.0,52411,679,0.012955296,6.5206213,5.441737,892.70105,0.03082425333559513,0.0
"Context:
In May, I saw a sponsored post for a real estate platform pushing a “new opportunity” in Phoenix, Arizona, and the website loaded with glossy photos. The footer listed a company name next to a fleet note about service vans and an automated gate system for the building. It was already 32°C outside, so I ducked into a restaurant and watched people photograph their meals as if they were doing a shoot. The listing kept calling the property beautiful and elegant, and I almost believed it while I ate a dish heavy with lemon and herbs.",47.066544,3.8515625,193,8.4125,0,3.9748943,3389.0493,65.76112,0.0,51092,666,0.013035309,6.50129,5.4901967,852.6137,0.03082425333559513,0.0
"Context:
Her favorite company launched a new line and updated its website overnight. The blog posts were clearly written to pull in search traffic and earn links. She logged in to check her account settings and saw a short incident description about a temporary outage. The launch stream had a posted date and a countdown timer. She celebrated by making a fresh pasta recipe with basil.",67.20541,4.2077537,194,9.349999,0,5.606013,3389.0493,80.7872,0.0,32652,661,0.020243783,6.493754,5.2926893,604.53827,0.2380482703447342,0.0
"Context:
The community hall across the park hosted a winter market, and music drifted out every time the doors opened. I followed the crowd into the building and found stalls selling candles, knitted scarves, and hot soup. A volunteer at the entrance pointed me toward the ticket table in the back corner. I stayed longer than I planned because the room felt busy and welcoming.",26.907047,3.2923882,195,7.6281247,1,5.4869294,3389.0493,79.98954,0.0,33094,655,0.019792108,6.4846354,5.281463,617.6586,0.8182909488677979,1.0
"Context:
I opened a new study and immediately noticed the conclusion referenced an older post via a neat backlink. In our project channel, the lead said the agreement status was unchanged and the process was still waiting on approval. I checked an online community for context and found a resource collection that made the background easier to follow. Rather than relying on emails, I subscribed through a feed so updates would arrive quietly. Someone compared the situation to what happened in 1989, treating the year like a landmark.",88.22542,4.479895,196,10.8375,0,4.2263756,3389.0493,68.19495,0.0,45817,675,0.014732523,6.514713,5.4470854,801.8808,0.03082425333559513,0.0
"Context:
She referenced the earlier summary and used it as the starting point for her next paragraph. He restated what had been said about the requirement, emphasizing the term that was already known in the thread. The discussion stayed formal, with statements delivered carefully and captured in the minutes. They also reviewed prior events that had created confusion, using them as a warning. Before signing off, she re-shared the information previously displayed on the shared drive so everyone could confirm the same details.",61.214153,4.1143785,197,8.024996,0,4.490316,3389.0493,70.51889,0.0,43204,665,0.015392093,6.499787,5.419009,754.7463,0.037137772887945175,0.0
"Context:
A sports weekend flyer listed the city, the stadium location, and the kickoff time, along with ticket numbers for each seat. A technical report in the same stack carried a version number, a release date, and serial numbers in the appendix. The draft opened with I and a number that framed the first section right away. On the screen, gene expression profiles from brain samples were compared to profiles from a standard cell line to spot differences. She saved a media item by title, creator name, and episode number before closing the browser.",60.314713,4.099576,198,9.387499,0,3.8378468,3389.0493,66.18378,0.0,48432,666,0.013751239,6.50129,5.342036,883.0601,0.03082425333559513,0.0
"Context:
The team kept arguing about tone, so I rewrote the beginning of the text until it sounded confident. I added an opening that ties in several scientific fields to reflect the real scope. To support a point, I dropped in the beginning of a text excerpt as a short citation sample. Then I drafted the beginning of the review section about the product’s performance, and I corrected the beginning of the document layout so the first page looked polished.",48.62367,3.8841105,199,7.8343754,0,4.674608,3389.0493,72.46924,0.0,41007,676,0.01648499,6.516193,5.387335,724.9911,0.07785526663064957,0.0
"Context:
After the vow, there was a pause, and then the response followed, steady and rehearsed. The incense drifted behind the procession, marking where they had been seconds earlier. He finished the repair, and the smell of oil lingered after the work was done. The sequence made the ending feel longer than the last spoken word.",77.66092,4.352352,200,10.5625,1,5.7982154,3389.0493,82.822525,0.0,30457,657,0.021571396,6.4876842,5.23482,584.4987,0.9383407831192017,1.0
"Context:
The courier handed me a package with a bold company label. I had never heard the name, but the design looked premium. Later that evening I searched for reviews and found a long history. By the end I could picture exactly what the brand stood for.",39.17592,3.6680622,201,8.499996,1,7.434052,3389.0493,92.51084,0.0,24334,662,0.027204733,6.4952655,5.306334,455.88184,0.962760329246521,1.0
"Context:
A friend pasted a URL that ended with a slash and a semicolon, and it looked suspiciously like it came straight from a chat message. I clicked it and got a blank page. The moment I removed the punctuation and tried again, the correct site appeared. We laughed about how a single character can derail a whole click.",25.344744,3.2325714,202,6.66875,1,6.0526714,3389.0493,83.86066,0.0,30031,659,0.021943992,6.4907236,5.2857985,559.9262,0.9326885342597961,1.0
"Context:
I recognized the logo the moment I saw it on the box. The clerk mentioned the company had rebranded last spring. A familiar slogan played softly over the store speakers. I walked out with the same brand I always trust.",45.11268,3.8091633,203,7.471874,1,7.939239,3389.0493,97.21978,0.0,21692,654,0.030149363,6.4831076,5.2047215,426.87332,0.962760329246521,1.0
"Context:
The announcement at Aurora Park Stadium focused on better access for disabled fans, including clearer pathways and additional companion seating. A local foundation had provided financial support, which the club said would keep ticket prices stable during the upgrades. On a table near the entrance, the installer laid out a sheet showing the specifications of the new ramp modules and the materials used. Online, the club chased backlinks from community sites while refining keywords to lift traffic ahead of the next home game. The next morning, reviews highlighted the improvements and thanked the club for listening.",62.349594,4.132757,204,10.074999,0,4.4881787,3389.0493,71.305466,0.0,48465,672,0.013865677,6.510258,5.5040407,755.1057,0.08805861324071884,0.0
"Context:
The first thing I did was write the beginning of the document so the team had a stable starting point. Then I added a short opening that nods to multiple scientific fields because the project touches more than one discipline. In the appendix, I included the beginning of a text excerpt to show what we were referencing without dumping the whole source. I also drafted the beginning of a review paragraph about a service we tested, and I checked that the beginning of the text still sounded natural.",35.33098,3.5647602,205,7.7687464,0,4.5264373,3389.0493,70.82837,0.0,43197,665,0.015394588,6.499787,5.4290676,748.7233,0.037137772887945175,0.0
"Context:
We listened to the complaints, summarized what we heard, and proposed a concrete fix. We pulled the logs, reproduced the bug, and wrote a patch that avoided the same failure mode. Once it passed checks, we rolled it out carefully and monitored the error rate. We followed up with the customer to make sure the experience felt stable again.",30.63,3.42198,206,7.40625,1,5.7639756,3389.0493,81.30513,0.0,31792,663,0.020854304,6.496775,5.321618,587.97076,0.9067721366882324,1.0
"Context:
The beginning of the text arrived as a quiet scene that slowly widened. In the first lines, a small detail hinted at a larger story. The opening moved carefully, building trust before asking for attention. After a few sentences, the narrative had a direction.",47.771,3.8664188,207,8.624998,1,7.53733,3389.0493,93.05868,0.0,24347,658,0.027025918,6.489205,5.307559,449.63525,0.962760329246521,1.0
"Context:
The announcement included a web address that ended in a familiar extension, and there was a stray number in the middle like it came from a website menu. It was a fundraising push for travel costs, aimed at people who wanted to support a mission trip. I clicked through and saw the donation form embedded on a simple page. The whole thing felt earnest, even if the link looked clunky.",43.702873,3.7774138,208,8.8875,1,5.1418643,3389.0493,77.38264,0.0,35720,655,0.018337065,6.4846354,5.301734,659.1091,0.8087610006332397,1.0
"Context:
The newsletter was too chatty, so I switched to the site’s feed subscription instead. Now I get clean headlines and summaries, and I can click through only when something matters. I added the feed to my reader on my phone so it syncs everywhere. It feels like a calmer way to keep up.",26.125341,3.2629058,209,7.03125,1,6.115702,3389.0493,84.57778,0.0,29590,658,0.022237243,6.489205,5.277422,554.1554,0.9373983144760132,1.0
"Context:
A journal post summarized the results and pointed back to earlier content so readers could judge the conclusion fairly. On a call right after, we learned the agreement process had stalled again, and the official status hadn’t budged. I went to an online community for resources and found a shared page that listed the best references. Then I subscribed to the journal feed so I’d see future updates without searching. A user chimed in about a 2009 milestone, treating the year like a checkpoint everyone should know.",48.57352,3.8830786,210,7.8624997,0,4.1277122,3389.0493,67.80768,0.0,48022,675,0.014056058,6.514713,5.4379606,821.04785,0.03082425333559513,0.0
"Context:
A colleague shared gene expression profiles from multiple brain samples collected under the same protocol. He plotted the values and noticed a tight cluster that suggested similar cell composition. Then he checked profiles from a standard cell line and saw a smoother, more uniform signature. The difference hinted at complexity in the tissue data.",48.290585,3.8772366,211,8.190622,1,6.2802424,3389.0493,86.794205,0.0,27821,650,0.023363646,6.4769726,5.2049375,539.6367,0.9633806347846985,1.0
"Context:
We met every evening for a week to rehearse, and the repetition made the dialogue stick. Each evening started the same way, with someone forgetting a line and laughing it off. By the final evening, the timing clicked and the pauses felt intentional. On opening night, it was strange that so many evenings had led to one hour onstage.",28.295332,3.342697,212,7.4375,1,6.0767694,3389.0493,82.5138,0.0,31812,665,0.02090406,6.499787,5.4072084,557.70575,0.8278385400772095,1.0
"Context:
The online thread tracked the march in real time, calling out a turn after 20 minutes and another after 90. A banner offered subscribers an extended cut, and someone replied with a quick hex swatch: #8BC34A plus RGB values for a thumbnail. Watching it, she felt her hands shake and tried to steady herself by counting the beats in her wrist. At the same moment, a sports app pinged her with league news and a list of teams in the top four. Colors dominated every window she had open.",70.06564,4.2494326,213,9.987495,0,4.0069156,3389.0493,66.835,0.0,49747,663,0.0133274365,6.496775,5.4420733,845.80005,0.03082425333559513,0.0
"Context:
The meeting was held at CERN, and even the hallway posters felt like announcements for discoveries. We walked along the Seine and listened to a street violinist near Notre-Dame. At Wembley, the roar started before the players even reached the tunnel. That night I fell asleep replaying the sounds of the stadium in my head.",58.88078,4.075515,214,11.2,1,5.7832637,3389.0493,83.3269,0.0,30016,652,0.021721749,6.4800444,5.2022214,586.0098,0.9427942633628845,1.0
"Context:
It started with a detective noticing that every clock in town lagged by the same seven minutes. We provide background checks, and we can start the paperwork as soon as you confirm the names. We appreciate you being careful with details before taking action. We’re hopeful our findings will give you a clear next step.",63.40376,4.1495233,215,9.049999,0,6.6797695,3389.0493,86.24459,0.0,29167,659,0.022594027,6.4907236,5.423161,507.36023,0.4701743423938751,0.0
"Context:
The party’s strategist focused on small towns that had been ignored for decades. Turnout rose, local leaders endorsed the plan, and the national narrative shifted. When the final results came in, the victory looked decisive rather than lucky. The success changed policy priorities almost overnight.",45.0808,3.8084564,216,8.099999,1,6.622547,3389.0493,89.31446,0.0,26060,647,0.024827322,6.4723463,5.191814,511.74408,0.9633806347846985,1.0
"Context:
The movement started online, but it spilled into town halls and neighborhood meetings quickly. Volunteers organized cleanup days and voter drives, and participation kept growing. By the next election, the platform had become mainstream rather than fringe. It was a rare case where popularity turned into tangible social impact.",53.912987,3.9873714,217,9.449999,1,6.7806563,3389.0493,89.36586,0.0,26509,650,0.024519974,6.4769726,5.2629647,499.8114,0.9633806347846985,1.0
"Context:
A small tech venture got glowing reception after reviewers compared it favorably to the market leader. The founders handled it well, scaling marketing without losing clarity in their message. Within weeks, growth accelerated, and competitors started reacting publicly. A policy panel cited the company as a case study in innovation, adding a layer of societal impact to the success.",69.64215,4.24337,218,10.993748,0,5.8703027,3389.0493,82.71889,0.0,31334,653,0.020839982,6.481577,5.293281,577.32104,0.895786702632904,1.0
"Context:
A database migration failed overnight, and the morning started with alarms and terse messages. The team lead listed the operational risks and assigned someone to document the incident for compliance. Our lawyer reminded us that a single missing term in the agreement could become expensive later. When the system came back, nobody celebrated; we just moved to prevention.",63.178715,4.1459675,219,8.30625,1,6.1736083,3389.0493,84.17683,0.0,30467,657,0.021564316,6.4876842,5.332266,548.95764,0.8887565732002258,1.0
"Context:
New graduates arrived early, and a tray of fresh pastries and cold drinks waited by the door. The air smelled clean, like someone had just washed the floors and opened every window. When a rumor about job placements started, one alum corrected it with the real numbers and the official email. They decided to reset their networking plan and begin again with a smaller, clearer goal. Later they walked to the lake and watched water ripple under the wind.",56.59592,4.035937,220,7.0625,0,4.744807,3389.0493,73.2884,0.0,40572,675,0.016637089,6.514713,5.383683,714.26495,0.07339300960302353,0.0
"Context:
I invited friends over and roasted chicken with paprika and onions until the skin turned crisp. While it rested, I tossed a salad with fresh greens and a sharp vinaigrette. We ate slowly, tearing bread and talking between bites. When the plates were empty, the room still smelled like warm spices.",26.792606,3.288126,221,6.25,1,6.9465256,3389.0493,89.38003,0.0,27398,655,0.023906855,6.4846354,5.339127,487.8769,0.9207412004470825,1.0
"Context:
The new game patch fixed long-standing issues, and competitive players immediately started winning with strategies that used to fail. Streamers praised the performance improvements, and the clips pulled in viewers who don’t usually watch esports. Sponsors jumped on the attention, selling branded gear that suddenly felt desirable. Even local officials tweeted about the event, treating it as a point of civic pride.",52.456524,3.9599848,222,9.574996,0,5.4356723,3389.0493,78.8828,0.0,34859,656,0.018818669,6.4861608,5.350638,623.48303,0.6630755662918091,1.0
"Context:
We’re running a small promotion this week on service plans and add-ons. If you bring your device in, we can diagnose it and quote the repair before any work starts. We can also recommend a lower-cost alternative if the fix isn’t worth it. When you’re ready, we’ll schedule the appointment and confirm by message.",16.670582,2.8136456,223,6.1999993,1,5.954742,3389.0493,81.70313,0.0,33535,650,0.019382734,6.4769726,5.441587,569.1345,0.8278780579566956,1.0
"Context:
The river widened after the bend, and the current slowed into a deep green glide. He skipped a stone and watched the ripples spread until they vanished at the far bank. A heron lifted off with a single harsh cry. Everything in the scene belonged to the water.",37.338364,3.6200213,224,7.328125,1,5.3678665,3369.369,75.47233,0.0,25163,612,0.024321424,6.4167323,5.093598,627.6924,0.9633806347846985,1.0
"Context:
On a road trip through Arizona, I pulled off the highway when a sign said Flagstaff was fifteen miles ahead. The air changed fast as the elevation climbed and the desert gave way to pine trees. I checked into a small motel and asked the clerk for directions to the old downtown. Later, I watched the sunset turn the sky purple over the ridge.",17.676523,2.8722374,225,5.8812485,1,4.286506,3369.369,67.005196,0.0,32615,614,0.018825693,6.419995,5.141254,786.04083,0.7042086720466614,1.0
"Context:
The new app layout used clearer spacing and a calmer typography, which made the screen easier to scan. A small progress indicator reduced the feeling of uncertainty during loading. Even the error messages were written in a way that helped instead of blaming. After an hour, I noticed I was making fewer mistakes without trying.",40.251244,3.6951408,226,7.728124,1,5.047006,3369.369,72.70763,0.0,28685,622,0.021683807,6.43294,5.1714,667.59753,0.9077230095863342,1.0
"Context:
Meadowgate Stadium’s accessibility changes were visible before kickoff, with wider gates and clearer signage for disabled fans. A funding partner provided financial support, and the club’s chair acknowledged them in a short speech. The installer left behind documentation listing item specifications for the new seating platforms and restroom fittings. Online promotions focused on backlinks, search visibility, and a limited ad run to drive more traffic to the ticket page. After the match, supporters shared positive feedback that mentioned both comfort and organization.",83.689384,4.427112,227,9.625,0,3.902441,3369.369,64.5386,0.0,44926,639,0.014223389,6.4599047,5.355716,863.4003,0.03082425333559513,0.0
"Context:
The schedule covered every circumstance, including what to do if weather changed. We started with a minimal pack list to avoid overthinking. After the first attempt failed, we began again and repeated the general steps. Most of the day was spent moving, but any pause kept us steady. By evening, the decision felt absolute and whole.",70.85353,4.260615,228,9.249999,0,4.577026,3369.369,68.988235,0.0,30861,622,0.020154888,6.43294,5.162937,736.1481,0.24498134851455688,0.0
"Context:
The property portal entry showed the neighborhood, the floor, the listing number, and the viewing time on Sunday. A technical license in the same folder listed a product number, an effective date, and a seat limit for users. The draft began with I and a number that came so early it felt like a label. In another window, gene expression profiles from brain samples were aligned beside cell line profiles from a drug screen. He bookmarked a headline by title, reporter name, and archive number before closing the laptop.",90.9315,4.5101066,229,10.09375,0,3.3465602,3369.369,58.042255,0.0,47094,633,0.013441203,6.4504704,5.3080153,1006.81555,0.03082425333559513,0.0
"Context:
He referred back to the opening scene, pulling a detail forward so the new section felt connected. When someone asked about the wording, she repeated what had been said, keeping the terms consistent with what everyone already knew. The conversation stayed formal, and each statement sounded like it belonged in a record rather than a hallway chat. They recalled a prior episode that made them cautious about promises. Before leaving, he opened the document containing the information previously provided and pointed to the exact line.",54.962906,4.0066586,230,8.456249,0,3.7102137,3369.369,59.604263,0.0,43619,646,0.01481006,6.4707994,5.3998055,908.13336,0.03082425333559513,0.0
"Context:
I numbered the jars from left to right so I could follow the steps without guessing. The first box went on the shelf, the second slid behind it, and the third stayed at the front where I could reach it. When the instructions said to place the cable in slot four, I counted twice before pushing it in. By the time I finished, everything sat in order, exactly where it was supposed to be.",22.884214,3.1304474,231,7.078125,1,4.0186086,3369.369,62.720848,0.0,38334,623,0.016251892,6.4345465,5.332633,838.44165,0.26076531410217285,0.0
"Context:
On the train, she replayed the argument in her head and tried to separate what was said from what she imagined. She considered how the other person might have experienced the same moment differently. Instead of firing off a response, she waited until she could think clearly about what she wanted to communicate. When she finally called, she listened longer than she spoke.",16.115866,2.7798042,232,6.3906245,1,4.581636,3369.369,67.36673,0.0,33078,625,0.018894734,6.437752,5.293727,735.4074,0.3385899066925049,0.0
"Context:
I kept a notebook of years, each page starting with a handful of hopes that usually changed by February. One year I wrote that I wanted to run a marathon, and by the end of that year I had done it, limping but proud. Another year I promised I’d call family more often, and I actually did. Looking back, the years felt like separate rooms I’d lived in.",18.97868,2.9433162,233,6.4937496,1,3.9030187,3369.369,62.538986,0.0,37886,624,0.016470464,6.4361506,5.2655525,863.2725,0.8278026580810547,1.0
"Context:
The dog barked from the yard below, begging for attention while I tried to focus. I followed the repair guide in sequence, swapping parts only when the step told me to. A shop around the corner offered same-day service, so I carried the device there and waited by the counter. While waiting, I read technical specifications on a new model displayed under bright lights. Dinner was a quick curry from a recipe that smelled like toasted spices the moment the pan heated.",42.345886,3.7458713,234,8.0625,0,3.454452,3369.369,59.812103,0.0,42709,628,0.01470416,6.44254,5.2032394,975.37,0.03082425333559513,0.0
"Context:
The review started with a quick snapshot of the service and why I tried it. In the first few sentences, I explained the signup process and whether it matched the promises on the homepage. The beginning included my initial impression before any deeper pros and cons. That opening set the mood for everything that followed.",34.089935,3.5290022,235,7.625,1,5.181767,3369.369,73.18582,0.0,28243,618,0.021881528,6.4264884,5.1884904,650.23553,0.9369004964828491,1.0
"Context:
The webpage for the event listed the start time in minutes and hours, and a little badge encouraged visitors to subscribe for longer access. She used a color selection tool to grab #FFFFFF and then changed it to a softer RGB white so it wouldn’t glare on mobile. As she worked, her hands cramped and she caught herself squeezing her fingers when she got frustrated. A notification popped up about a league matchup and the two teams’ form lines. By the end, all she remembered clearly were colors and clocks.",51.708282,3.945618,236,8.049999,0,3.0717914,3369.369,55.998344,0.0,46637,622,0.01333705,6.43294,5.2042146,1096.8743,0.03082425333559513,0.0
"Context:
She bought a branded tote bag and later looked up the company website. A sidebar offered tips on marketing and earning backlinks without spam. Her account area included course subjects and a short description of how automation filters messages. The confirmation email showed the event date and the check-in time. She cooked a simple lentil recipe and packed leftovers for tomorrow.",131.53743,4.8792915,237,11.0,0,4.2962356,3369.369,67.52447,0.0,31725,618,0.019479906,6.4264884,5.0935254,784.26074,0.4620110094547272,0.0
"Context:
In the property listing, the agent included the street, the neighborhood, and the unit number. He highlighted the square meters and the year built, then noted the viewing time on Saturday. The document also referenced a local match and the stadium section for ticket holders. It felt like every detail was pinned to a location or a number.",51.765697,3.9467278,238,8.299999,1,4.695107,3369.369,70.02425,0.0,30868,615,0.019923545,6.4216223,5.1697855,717.6341,0.773869514465332,1.0
"Context:
The meeting started in the afternoon, but my day had already been chopped into minutes by notifications. That evening, I set a repeating schedule for the week so I wouldn’t forget the basics again. I penciled in a target for the month, then wrote a longer plan for the year, trying to stop drifting. A decade sounded too big, so I focused on the next hour and the next few seconds of silence before speaking. By the weekend, the routine felt less like a cage and more like a path.",32.13851,3.470055,239,7.674999,0,3.262648,3369.369,56.913284,0.0,47526,631,0.013276943,6.4473057,5.3100843,1032.7098,0.03082425333559513,0.0
"Context:
I set a reminder to pay rent monthly so I’d never have to think about it twice. Every month, the notification popped up at the same time and saved me from a late fee. When I traveled, I scheduled it ahead so the payment wouldn’t depend on my memory. The rhythm of it became so normal that I only noticed when the reminder didn’t appear.",14.3326235,2.6625383,240,5.8875,1,5.2573376,3389.0493,77.28559,0.0,35733,641,0.0179386,6.4630294,5.368554,644.63226,0.7836046814918518,1.0
"Context:
The lecture notes began with a paragraph that name-dropped physics, biology, and computer science in one breath. It framed the problem as something that crosses disciplinary boundaries rather than staying in a single lab. The opening promised examples from multiple domains, from cells to circuits to climate. By the time I finished the first few sentences, I knew the rest would jump between fields on purpose.",33.042416,3.497792,241,7.3999915,1,5.0687146,3389.0493,76.76231,0.0,35259,638,0.01809467,6.4583383,5.2833385,668.62103,0.8449311852455139,1.0
"Context:
The narrator’s tale started in a kitchen where the radio spoke in riddles, and the kettle boiled without heat. We repair appliances, and we can run a quick diagnostic before we quote anything. Thanks for describing the symptoms so clearly, it saves time. We’re hopeful we can fix it today and spare you another strange morning.",57.89273,4.058592,242,8.349999,0,5.726901,3389.0493,81.50904,0.0,31321,631,0.020146228,6.4473057,5.2930326,591.77716,0.44429388642311096,0.0
"Context:
Thanks for coming by, it was great to see you in person. I’m excited about the plan we sketched out and the possibilities it opens up. I hope the trip home is smooth, and I’m looking forward to our next meeting. If you need anything in the meantime, just let us know.",9.048474,2.2025962,243,4.1484375,1,6.5685897,3389.0493,86.20022,0.0,29563,626,0.021175118,6.4393506,5.3919764,515.9478,0.9198549389839172,1.0
"Context:
The page I needed ended in .php, and the instructions said it was “for new members” in a big bold line. I followed the link and found a simple form with a few required fields. After submitting, it redirected to another .php address as if the site had never been updated. Even so, the process worked the first time.",27.007626,3.2961192,244,6.531249,1,5.3283653,3389.0493,79.726524,0.0,32633,634,0.019428186,6.452049,5.2190666,636.03925,0.8568800687789917,1.0
"Context:
A birth announcement on the fridge included the hospital, the city, the time of arrival, and the newborn’s weight. On the table, a financial statement showed quarterly dates, account numbers, and totals that made her double-check the math. The document she was writing began with I and a number that marked the first finding. After lunch, she examined gene expression profiles from brain samples and a familiar cell line to see which genes behaved differently. She ended the day filing a media citation with a title, a creator name, and an episode number.",39.940434,3.6873891,245,8.806249,0,3.5420249,3389.0493,63.97776,0.0,50615,645,0.012743258,6.46925,5.3012686,956.8113,0.03082425333559513,0.0
"Context:
He sprayed the linen with a light citrus mist before guests arrived. The fabric held a clean scent that made the bedroom feel brighter. Even the curtains seemed to hang differently after he opened the windows. The space felt newly reset.",77.15568,4.345825,246,8.768749,1,7.710658,3389.0493,96.820305,0.0,21673,627,0.028930005,6.4409466,5.1478825,439.5279,0.962760329246521,1.0
"Context:
She reminded him of what he had said during the call, quoting the key line precisely. He nodded, realizing the promise was now something everyone considered known. The conversation shifted once the words were on the table again. He agreed to follow through because he couldn’t pretend it hadn’t been mentioned.",48.561245,3.8828259,247,9.231248,1,6.253946,3389.0493,85.12257,0.0,28694,637,0.022199763,6.4567695,5.2920914,541.90576,0.9465361833572388,1.0
"Context:
The hotel brochure listed the address, the check-in time, and the room number for the group booking. A financial statement behind it showed quarterly dates, totals, and a percentage that made him recalculate. The draft opened with We and a digit that marked the first section without any flourish. He compared gene expression profiles from brain tissue to cell line profiles used as controls and noted a few markers. He logged a publication citation with title, editor name, and issue number before closing the folder.",95.1648,4.55561,248,10.612499,0,3.9815319,3389.0493,67.82197,0.0,45355,649,0.014309337,6.475433,5.2992487,851.1923,0.03082425333559513,0.0
"Context:
He moved into the apartment with only a mattress and a kettle. Instead of chasing the old routine, he built a new one from scratch. The first evening was quiet, and that was the point. It felt like a clean beginning.",27.726341,3.322383,249,8.3875,1,7.3780656,3389.0493,94.42162,0.0,22538,624,0.027686574,6.4361506,5.1665235,459.3412,0.962760329246521,1.0
"Context:
He bought a new bar of soap and set it by the sink. The scent was clean, like pine needles and cold air. After washing his hands, he noticed how the smell lingered without turning bitter. It made the whole bathroom feel updated.",30.162725,3.406607,250,8.290622,1,6.857811,3389.0493,92.38514,0.0,23418,627,0.026774276,6.4409466,5.077591,494.1882,0.9633806347846985,1.0
"Context:
The startup applied for a grant that would cover half the cost of upgrading its machinery. After weeks of paperwork, they received a letter confirming the financial support and the conditions attached to it. The funds arrived in two installments, tied to hiring targets and quarterly reporting. With the extra cash, they finally stopped delaying the safety improvements in the workshop.",30.257902,3.4097574,251,7.90625,1,5.8634486,3389.0493,81.62942,0.0,31771,635,0.01998678,6.453625,5.352437,577.9959,0.7621913552284241,1.0
"Context:
The recipe calls for 2 minutes of whisking, then 10 to 12 minutes of resting. I filled the kettle to the 1.5 mark and watched it drop to just under 1.0 after two mugs. The coach wanted intervals of 400 meters, repeating 8 times with a short break. When I looked at the clock, the whole session had lasted 43 minutes.",20.360075,3.0135758,252,6.9187474,1,4.656853,3389.0493,73.337555,0.0,39647,629,0.01586501,6.4441314,5.3257422,727.75525,0.6497972011566162,1.0
"Context:
The lab notebook referenced gene expression profiles pulled from a public brain dataset. She highlighted genes that spiked in one tissue type and stayed quiet in others. Later, she compared those patterns to a set of cell line measurements from a drug screen. The contrast helped her choose the next experiment.",72.03269,4.27712,253,10.15,1,6.303877,3389.0493,87.375175,0.0,26484,631,0.023825707,6.4473057,5.1620727,537.6135,0.9633806347846985,1.0
"Context:
The photo album was labeled 2012, and it instantly explained the outdated hairstyles and tiny phone screens in the background. My aunt pointed to one picture and reminded me that it was taken the year I started school. Seeing the date made the memory feel anchored, like it had a proper place on a timeline. I wrote the year on the back of a printed copy so it won’t be forgotten again.",30.081839,3.4039216,254,7.6875014,1,4.7588673,3389.0493,73.3575,0.0,38790,646,0.016653776,6.4707994,5.3598623,712.1546,0.2565585970878601,0.0
"Context:
A horror anthology began with a voicemail from a number that doesn’t exist, played back in a child’s voice. We provide call filtering and number tracing, and we can set it up on your phone today. Thanks for bringing the logs, they help a lot. We’re looking forward to making your evenings feel normal again.",43.650288,3.7762098,255,9.0625,0,6.0247197,3389.0493,82.27261,0.0,31785,642,0.020198207,6.464588,5.3877854,562.524,0.4665370285511017,0.0
"Context:
At home, I simmered tomatoes with garlic until the sauce thickened and filled the kitchen with a sweet, sharp smell. I added basil at the last second so it stayed bright. When I plated the pasta, the steam rose in slow curls and made my glasses fog. I ate standing at the counter, thinking it tasted better than anything I’d ordered all week.",18.883999,2.938315,256,5.8,1,5.394192,3389.0493,78.58865,0.0,34416,657,0.019089958,6.4876842,5.332013,628.27747,0.7817991375923157,1.0
"Context:
She brought refreshing cucumber sandwiches for the new hires and watched them relax a little. The room smelled fresh after she sprayed a light citrus mist on the curtains. When someone tried to blame a coworker for a mistake, she told the truth and cleared it up. They wiped the board clean and restarted the workflow from scratch. On the way home, they crossed a bridge and looked down at the dark water moving beneath.",37.068382,3.6127644,257,7.181249,0,5.0513844,3389.0493,75.42919,0.0,37935,671,0.017688151,6.508769,5.3872805,670.9149,0.1530480831861496,0.0
"Context:
We’ve got a few options in stock, and we can bundle them with a warranty if you want extra coverage. If you share your budget, we’ll point you toward the best fit rather than the most expensive choice. We can process the order online or at the counter, whichever is easier. Once it’s confirmed, we’ll send a receipt and tracking details.",15.408488,2.7349186,258,5.640623,1,5.763823,3389.0493,78.84462,0.0,35762,657,0.018371455,6.4876842,5.515627,587.9863,0.7117307782173157,1.0
"Context:
She couldn’t merge the change until the implementation notes were added to the wiki and the database table names were consistent. In the hallway, she overheard someone claim poor people just need a better mindset, and she clenched her jaw. They installed the full version of the software, and her manager spoke with absolute assurance about the rollout. When the system lagged, she counted how often it slowed and how long the delays lasted each time. Only then did the task status feel meaningful.",66.559845,4.1981015,259,9.24375,0,4.446493,3389.0493,70.29257,0.0,43624,668,0.015312672,6.504288,5.426476,762.18475,0.03082425333559513,0.0
"Context:
A customer walked in talking about a mystery that opens with a missing statue and a wet footprint trail. We offer gift wrapping, and we’ll put together a package that looks good under a tree. We’re glad you gave us your deadline, because it helps us prioritize the order. We’re excited for you to see their reaction when they read the first twist.",42.20233,3.7424755,260,9.174995,0,5.8124013,3389.0493,79.41982,0.0,34889,670,0.01920376,6.5072775,5.4927135,583.07214,0.46530744433403015,0.0
"Context:
He watched an online stream that promised a subscriber archive after one week and used timestamps down to the second. In a side panel, a designer pasted hex codes like #FF5722 and offered RGB equivalents for overlays. The chat turned tense, and he noticed his fingers clenching as he counted the minutes until it ended. When the stream cut out, he clicked over to league scores and saw two teams tied on points. Even the scoreboard graphics looked like pure colors.",87.53772,4.4720697,261,10.362498,0,4.650171,3389.0493,71.76662,0.0,43620,666,0.015268225,6.50129,5.468826,728.801,0.0853661298751831,0.0
"Context:
I chopped garlic and warmed olive oil in a small pan. The tomatoes softened as they simmered with a pinch of salt. After ten minutes I stirred in pasta water to thicken the sauce. The whole kitchen smelled like dinner.",28.603079,3.3535144,262,8.443749,1,8.550576,3389.0493,100.377014,0.0,21699,641,0.029540531,6.4630294,5.287372,396.35333,0.962760329246521,1.0
"Context:
She wanted certainty, not a vague promise. The guarantee was written as complete and unconditional. When the issue came up later, the wording settled it. The agreement felt absolute in practice.",101.06574,4.6157713,263,9.931248,1,9.477919,3389.0493,106.40613,0.0,18181,645,0.035476595,6.46925,5.191686,357.57315,0.962760329246521,1.0
"Context:
A new sign announced fresh pastries, and the morning crowd included several recent graduates visiting campus. The scent of piney soap lingered in the restroom, clean and sharp. When someone brought up an old accusation, he answered plainly with what he knew and what he didn’t. The team reset the project plan and rebuilt it with fewer moving parts. Later, they sat by the sea wall and watched the tide slide in.",51.47866,3.9411674,264,8.4875,0,4.7522473,3389.0493,73.808975,0.0,38801,666,0.017164506,6.50129,5.328162,713.14667,0.11059407144784927,0.0
"Context:
We flew into Atlanta, Georgia for a job fair hosted in a glossy office park near the banks. After lunch, my friend ducked into a store to buy pastel candy for her nephew and called her mom to coordinate the family weekend. In the event hall, I stood by a display screen and demonstrated the new dashboard to a line of recruiters. That night, I scrolled through a thread that began with card rules, jumped to choosing colors, and somehow landed on fish feeding and sleep-tracking watches.",69.80097,4.245648,265,9.487499,0,4.166703,3389.0493,68.40111,0.0,45811,660,0.01440702,6.49224,5.388136,813.3647,0.03082425333559513,0.0
"Context:
On the treadmill display, she watched the numbers climb and felt her anxiety color everything around her. Her palms were sweaty, and she kept rubbing her thumb across her index finger to stay grounded. When the screen hit 8, she imagined a bright red warning sign in her mind and nearly stepped off. After a minute of slow breathing, the panic faded and her hands stopped trembling.",30.252346,3.4095738,266,6.162494,1,5.152153,3389.0493,76.84289,0.0,35289,653,0.01850435,6.481577,5.3240237,657.79285,0.7843261361122131,1.0
"Context:
I leaned over the stairwell and called down to my roommate below, asking if the package had arrived. The instructions for the shelf were picky about sequence, so I sorted the screws and followed the steps without skipping ahead. At the corner of our block, a laundromat stayed open late, and I stopped there to wash muddy clothes. On the way back, I compared two power banks by reading their technical specifications on the boxes. Dinner was a simple soup from a recipe my grandmother taught me, heavy on garlic and pepper.",36.119247,3.5868258,267,9.018749,0,4.2595353,3389.0493,67.779724,0.0,48030,683,0.014220279,6.526495,5.509719,795.63824,0.03082425333559513,0.0
"Context:
I saved a new file and filled in the beginning of the document with a title and a tight opener. The next paragraph at the start connected ideas from different scientific fields, the way the research group actually talks. To support a claim, I inserted the beginning of a text excerpt from a published piece, keeping it short and punchy. Near the end, I wrote the beginning of a product review section about our trial run, then returned to the beginning of the text to fix a clunky sentence.",42.843525,3.7575545,268,8.968744,0,4.479896,3389.0493,69.595924,0.0,45402,676,0.014889212,6.516193,5.5040197,756.5018,0.04848098009824753,0.0
"Context:
A donation request for a mission trip came with a URL that had a file extension and a numeric chunk like it was pulled from a website menu. Someone pasted it with a trailing comma and an odd slash, so it failed in the browser. After fixing the punctuation, the page redirected to a .php form that spelled out what the funds were for. Another message showed the link preceded by “/..” at the beginning of the line, which I removed before forwarding. In the thread, I asked if the payment product was good for nonprofits and added the URL in brackets.",45.333405,3.8140442,269,8.674997,0,3.6849182,3389.0493,64.310555,0.0,51943,663,0.012763991,6.496775,5.396645,919.7082,0.03082425333559513,0.0
"Context:
Rather than giving out my email, I used a feed subscription to follow the blog. The reader groups it with my other sources, so I can skim quickly in the morning. When a post is irrelevant, I mark it read and move on. The whole routine is simple and surprisingly satisfying.",35.653328,3.5738425,270,6.71875,1,6.7393694,3389.0493,87.400696,0.0,27428,665,0.024245298,6.499787,5.3520412,502.87335,0.9333668947219849,1.0
"Context:
A property portal entry listed the city, postal code, listing number, and the open-house time. A settlement letter beside it included a case number, a deadline date, and a payment amount with a reference number. The report started with I and a number that introduced the first part of the outline. In the dataset folder, gene expression profiles from brain samples were compared to profiles from a cultured cell line. She saved a news article by headline title, reporter name, and archive number before sending the file.",66.81437,4.201918,271,9.562499,0,4.225141,3389.0493,69.316086,0.0,46686,660,0.014137001,6.49224,5.395975,802.11505,0.03082425333559513,0.0
"Context:
Legal wanted the terms tightened before launch, while operations worried about the next week’s workload. The apartment I rented had a roomy kitchen and quiet bedrooms, and the rate felt fair after I saw the view. News alerts kept interrupting dinner with statements from officials and responses from rival parties. I waited, reread the article, and tried to understand what was proven versus what was implied. Later, I adjusted the product settings screen so the labels were clearer and the flow felt more intuitive.",121.83778,4.8026905,272,11.187498,0,4.5159106,3389.0493,70.746765,0.0,44063,674,0.01529628,6.5132303,5.448533,750.4686,0.040092140436172485,0.0
"Context:
A fundraising email for a mission trip shared a URL with a file extension and a number embedded in the path. The copied address had separators and a trailing dot that broke it when clicked. Once cleaned, it led to a .php page that explained what the donation was for and confirmed the next steps. Someone had pasted the link with a weird “/>.” prefix, so I removed the extra symbols before reposting. In the chat, I asked whether the service was reliable for international payments and included the link in brackets.",43.690643,3.777134,273,7.906245,0,3.8931782,3389.0493,67.09964,0.0,47551,664,0.0139639545,6.498282,5.3229356,870.5097,0.03082425333559513,0.0
"Context:
The email asked for my address line by line, so I typed the street first and the apartment number after it. I wrote the building code in the next field, then added the floor level so the courier wouldn’t get lost. The form insisted on a specific position for the postcode, so I moved it to the end. When I hit submit, the page finally stopped highlighting the boxes in red.",19.589977,2.975018,274,6.487499,1,5.4682517,3389.0493,77.20536,0.0,37518,677,0.018044671,6.517671,5.499872,619.7684,0.6980282068252563,1.0
"Context:
The guide in Reykjavík said the walk would take 30 to 40 minutes, but the wind made it feel longer. I kept rewriting the start of my travel post because the opening sounded too generic. In the café, locals argued about replacing the town’s bus operator with an outside company, and the debate kept circling back to who should decide. The owner explained how the service contracts affect what customers pay and why the margins are thin. I finished the post by choosing a last line that left the scene hanging in the air.",38.58609,3.6528919,275,8.053124,0,4.1583786,3389.0493,67.640076,0.0,49759,671,0.013484998,6.508769,5.495363,814.993,0.03082425333559513,0.0
"Context:
A new beverage promised better recovery, and athletes started winning with it mentioned in interviews. The company’s marketing focused on those visible results, and sales climbed steadily rather than spiking once. A public health committee discussed the trend, which gave it a societal angle people argued about online. Popular reception turned into growth, and growth turned into relevance beyond the product itself.",126.24668,4.838238,276,11.03125,0,5.5053535,3389.0493,79.702545,0.0,33971,662,0.01948721,6.4952655,5.3331223,615.5916,0.33412984013557434,0.0
"Context:
Fresh herbs and chilled lemonade sat on the table as the new students gathered for their first group meeting. Someone had just changed the linens, and the room smelled crisp and airy. When a disagreement flared, one person repeated the facts exactly and stopped the speculation. They erased the messy notes and started over with a new outline that everyone could own. Afterward they took a path to the stream and listened to the water rush under the bridge.",53.9899,3.988797,277,8.974998,0,4.724967,3389.0493,73.607086,0.0,39679,675,0.017011518,6.514713,5.348172,717.2641,0.06466862559318542,0.0
"Context:
Meadowgate Stadium hosted a community walkthrough to show the new accessibility routes for disabled supporters. The finance officer explained that incentives from a regional program helped cover labor and materials. The contractor displayed products used in the renovation and pointed to key specs, from bolt ratings to weatherproof coatings. The club’s webmaster cleaned up metadata, pursued backlinks, and launched a small ad push to increase website traffic for ticket purchases. Fans responded with positive feedback, noting both comfort and clearer wayfinding.",112.31783,4.7213326,278,8.849998,0,4.645149,3389.0493,73.85928,0.0,44070,674,0.015293851,6.5132303,5.4218273,729.5889,0.06892988085746765,0.0
"Context:
The fitness program promised fast improvements, and the leaderboard proved it when beginners started posting standout times. Our brand partnered with the creators, and the campaign rode the wave with clean messaging and daily highlights. A popular commentator framed it as a cultural shift toward healthier habits, and the phrase spread widely. The outcome felt competitive, profitable, and socially influential all at once.",111.10819,4.7105045,279,10.325,0,5.4215803,3389.0493,79.65271,0.0,33520,659,0.019659905,6.4907236,5.2852645,625.1036,0.7754589915275574,1.0
"Context:
The laptop listing spelled out the details: a 14-inch display, 32 GB of memory, and a 1 TB SSD. I compared the processor model and the ports because I needed two USB-C connections for my setup. The battery rating mattered too, since I’d be using it away from outlets all day. After reading the specs twice, I finally understood why the price was higher than the others.",19.56614,2.9738004,280,6.3812494,1,5.282796,3389.0493,75.43588,0.0,40144,676,0.016839378,6.516193,5.553047,641.5257,0.21472124755382538,0.0
"Context:
A vendor audit uncovered gaps, so legal drafted new language while the engineers planned mitigation steps. The rental place had a big living room and high-quality furniture, which made the stay feel like good value. In the evening, the news showed officials trading accusations with the opposition about a policy rollout. I reread the coverage and asked myself what evidence I’d need to believe any of it. Then I refined the design by simplifying buttons and adding a subtle progress cue that made tasks feel easier.",95.49118,4.559034,281,10.25,0,4.476806,3389.0493,69.84336,0.0,44951,677,0.015060844,6.517671,5.493805,757.0239,0.03082425333559513,0.0
"Context:
At Aurora Park Stadium, the club unveiled step-free routes and new accessible seating after months of construction. A representative from the city presented a funding package that helped pay for the upgrades, and the club thanked them on the big screen. Outside the gates, a contractor handed out flyers listing product specifications for the new portable ramps and railings used across the concourse. On their phones, staff monitored a fresh campaign designed to drive more visitors to the ticketing page, helped by backlinks from local news sites. After the first match under the new setup, fans flooded the app with positive reviews praising the smoother entry and clearer signage.",38.554596,3.6520753,282,7.96875,0,4.0788474,3389.0493,67.78512,0.0,55942,686,0.012262701,6.5308776,5.5700355,830.8841,0.03082425333559513,0.0
"Context:
She gave him an answer with complete assurance, as if there was no other possibility. When someone challenged her, she didn’t pause to reconsider or look it up. The room went silent because her tone made doubt feel rude. Only later did she admit she’d been guessing.",33.235886,3.5036302,283,6.8249993,1,6.7661643,3389.0493,88.60909,0.0,26963,664,0.02462634,6.498282,5.305468,500.88193,0.9633806347846985,1.0
"Context:
I began the text with a simple hook that made the topic feel immediate. The first paragraph laid out what would be covered and why it mattered right now. It used plain language so a reader could follow without warming up. Once the opening landed, the rest could afford to get more detailed.",38.876446,3.6603885,284,7.65625,1,6.778046,3389.0493,88.68556,0.0,27400,660,0.024087591,6.49224,5.308601,500.00388,0.9633806347846985,1.0
"Context:
I stopped in Milwaukee, Wisconsin for a meeting at a bank’s downtown office, where the conversation kept circling around budgets and hiring. Afterward, the organizer asked me to present a short summary to the group, so I stood by the monitor and walked through the main points. I left early enough to buy Easter candy at a nearby shop and called my sister to coordinate the family visit. On the train, I read a thread that began with card-game strategy, jumped to choosing colors, and drifted into fish feeding and smartwatch chatter.",48.4384,3.880293,285,8.44375,0,3.9932058,3389.0493,67.05891,0.0,48888,676,0.013827524,6.516193,5.4073296,848.7039,0.03082425333559513,0.0
"Context:
The chair wobbled until I tightened the brace behind the leg. Once it had proper backing, I could lean without worrying it would collapse. I stayed with the project even when it got messy, because the team needed someone to hold responsibility. The work felt lighter when the load wasn’t carried alone.",53.49245,3.9795406,286,9.118747,1,6.7021933,3389.0493,87.01341,0.0,28747,676,0.023515496,6.516193,5.3909407,505.66272,0.9446105360984802,1.0
"Context:
I wasn’t up-to-date on the subscription changes, so the conversation made me feel behind. The banner sat above everything, but the actual toggle was below the section I kept opening, and the link showed up after the page refreshed. The little confirmation text trailed my action like an echo that comes after the main sound. A support agent backed me up and told me the button was beside the plan selector.",67.726654,4.21548,287,8.8625,0,5.127123,3389.0493,75.30697,0.0,38831,681,0.017537534,6.5235624,5.451154,661.0041,0.33419880270957947,0.0
"Context:
I went to the industrial park on the edge of town where the warehouses had company logos painted ten feet tall. The payroll office was tucked behind a security desk and a stack of shipping forms. I sat down with an accountant who explained how reimbursements would show up in my next deposit. Outside, delivery trucks kept rolling in like clockwork.",39.283974,3.6708167,288,7.9375,1,5.6769114,3389.0493,81.04602,0.0,31773,649,0.020426149,6.475433,5.2923107,596.9882,0.7600790858268738,1.0
"Context:
She said the schedule was final, and everyone heard the certainty in her voice. Later, he repeated what she had mentioned so there was no confusion about the plan. The room fell quiet because the wording left little room for debate. When the meeting ended, the decision was treated as something already known.",42.419704,3.747613,289,8.0375,1,5.9978824,3389.0493,84.58519,0.0,28255,636,0.02250929,6.455199,5.2023797,565.04095,0.9458808898925781,1.0
"Context:
The headaches lasted for weeks, not just a day or two, and she started tracking how often they hit. Some months it was every morning, other times it stretched to once a week. She wrote down the duration of each episode and the hours she lost afterward. Over time, the pattern became impossible to ignore.",24.842178,3.212543,290,7.1875,1,6.287988,3389.0493,84.93876,0.0,29570,632,0.021373013,6.4488893,5.3350086,538.972,0.9024691581726074,1.0
"Context:
The novel opened with a storm rolling in over a quiet harbor town. A girl counted the lighthouse flashes and swore they were sending her a message. In the alley below, a stranger dropped a sealed envelope into her hands and vanished. She ran home knowing the night had just changed the rules of her world.",31.184177,3.439911,291,7.9718747,1,6.2305117,3389.0493,84.94999,0.0,28713,648,0.022568176,6.473891,5.2916994,543.944,0.9343404173851013,1.0
"Context:
He described the project in a way that included timing, conditions, and how tasks were done. The rollout began with only a small pilot group. After a glitch, the team restarted and repeated the same broad procedure. Most users stayed active, and any level of participation still helped. The final report sounded complete and definitive.",91.26159,4.51373,292,9.712496,0,5.924922,3389.0493,83.44648,0.0,29997,632,0.021068774,6.4488893,5.2608876,571.99896,0.9039285778999329,1.0
"Context:
The help desk agent pointed her to the details that had been displayed in the confirmation window. She scrolled back and found the tracking number that was already communicated earlier. Nothing about it was surprising, but it solved the problem immediately. She copied the line into her notes and closed the chat.",49.44227,3.9008057,293,9.331249,1,6.0989738,3389.0493,86.39903,0.0,26918,628,0.023330113,6.44254,5.127466,555.67535,0.9633806347846985,1.0
"Context:
The night before the trip, I set alarms in minutes so I wouldn’t oversleep, then added backup times just in case. In the morning, the last seconds before departure felt loud, like the house was counting with me. The afternoon flight delay forced me to reschedule next week, and I pushed one goal into next month without fighting it. I checked the calendar and saw plans stretching into next year, and it made the whole week feel small. When the weekend finally arrived, I slept through an extra hour and let time do what it wanted.",30.262049,3.4098945,294,7.478124,0,4.0151377,3389.0493,66.300964,0.0,50642,651,0.012854942,6.4785094,5.4897137,844.068,0.03082425333559513,0.0
"Context:
A bowl of fresh fruit waited in the lounge for the new interns. The place smelled clean after someone aired it out and wiped the couches down. When he was asked how the project failed last year, he told the real story without excuses. They tossed the old schedule and rebuilt it from scratch with fewer meetings. Later, they walked past a fountain and watched water arc into the basin.",53.957455,3.988196,295,8.6875,0,5.147208,3389.0493,76.94351,0.0,35730,654,0.018303946,6.4831076,5.326377,658.42474,0.6717787981033325,1.0
"Context:
At Arenaside Stadium, the club introduced a redesigned entrance for disabled visitors, with ramps and a staffed assistance point. A business-support scheme provided funding that reduced the upfront cost and came with simple reporting requirements. The new fixtures were documented with a specification sheet listing dimensions, tolerances, and safety certifications. The club also worked on SEO and paid ads to bring more people to the match info page, plus a few partner links from local groups. Within hours, online reviews praised the changes and encouraged others to attend.",61.300762,4.1157923,296,9.199999,0,4.10842,3389.0493,70.21805,0.0,46673,645,0.013819553,6.46925,5.3109403,824.9033,0.03082425333559513,0.0
"Context:
She stood behind the intern during the presentation, ready to step in if things went wrong. Her presence felt like backing, not control, and it steadied his voice. When the questions turned sharp, she took responsibility for the decision and explained the reasoning. Afterward, he admitted that support behind him made the room less scary.",41.925198,3.735887,297,8.5625,1,6.0109115,3389.0493,82.593216,0.0,30467,642,0.02107198,6.464588,5.3483887,563.8162,0.8878656625747681,1.0
"Context:
She read the change request twice and set the status to “pending” because the wiki documentation didn’t match the database anymore. After she updated the page, she started the implementation and left a note about the missing index. The next morning, she checked the logs and confirmed the new records were flowing correctly. Only then did she mark the task complete.",35.924667,3.5814242,298,8.024996,1,5.1093597,3389.0493,78.549286,0.0,33060,636,0.01923775,6.455199,5.174076,663.3021,0.868498682975769,1.0
"Context:
She expected excuses, but he told the story exactly as it happened. His details matched what everyone had seen, down to the small pause before the door closed. The honesty stung, yet it also relieved the tension in the room. It felt better than a polished lie.",45.380413,3.8150806,299,9.249998,1,7.2235045,3389.0493,91.242355,0.0,25650,643,0.025068225,6.4661446,5.335128,469.16968,0.9194589853286743,1.0
"Context:
The recipe starts with just a pinch of salt. That minimal amount wakes up the flavor immediately. The rest of the steps build from that simple beginning. The dish tastes balanced in the end.",39.07231,3.665414,300,8.6875,1,8.589028,3389.0493,103.48872,0.0,18584,617,0.033200603,6.424869,5.0668364,394.5789,0.962760329246521,1.0
"Context:
Arenaside Stadium rolled out accessibility upgrades, and the crowd noticed the new step-free corridors immediately. The club’s director credited a government-backed incentive that reduced the cost of the overhaul. A vendor demonstration on the plaza highlighted product features such as load ratings, grip textures, and corrosion-resistant finishes used in the new rails. The marketing crew worked in parallel, buying search ads and improving pages to increase traffic to the ticket portal. That night, the club inbox filled with positive feedback praising both the changes and the helpful staff.",83.90483,4.429683,301,9.543749,0,4.182917,3389.0493,69.85789,0.0,48880,647,0.0132364975,6.4723463,5.423753,810.2119,0.03082425333559513,0.0
"Context:
I glanced down through the glass floor below my feet and regretted it immediately. The museum route was numbered, and I followed the sequence from room one to room ten without skipping. In the café attached to the building, a pianist played softly while tourists warmed their hands on cups. At a display near the exit, I compared technical specifications on portable chargers, checking capacity and output. That night I cooked pasta using a recipe that relied on slow garlic and a splash of lemon.",56.78563,4.0392833,302,9.274994,0,4.129527,3389.0493,69.441,0.0,43166,643,0.014895983,6.4661446,5.278601,820.687,0.03082425333559513,0.0
"Context:
At the university, a petition circulated to replace the invited keynote with another researcher, and the organizers called an emergency meeting. Some students said the alternative would make the event safer, while others argued it would damage academic openness. The faculty kept stressing that the decision would reflect on the institution beyond campus. In the end, the announcement landed like a stone in the group chat.",39.698902,3.6813235,303,9.200001,1,4.9795375,3389.0493,76.893776,0.0,34389,637,0.018523365,6.4567695,5.2206,680.5952,0.8641449213027954,1.0
"Context:
She opened a brochure that listed hotel addresses, check-in times, and room numbers for guests arriving during a big sports weekend. Beside it lay a contract with a bold date, a case number, and totals aligned in tidy columns. The draft report began with We and a lone number that introduced the first section. On her laptop, a brain tissue dataset displayed gene expression profiles next to control profiles from a cell line. She added a citation with a headline title, an author name, and an issue number before closing the folder.",77.3411,4.3482256,304,9.7125,0,3.977201,3389.0493,66.98172,0.0,48445,675,0.013933326,6.514713,5.394384,852.1192,0.03082425333559513,0.0
"Context:
The supplemental files contained gene expression profiles labeled by brain region. She scanned down the rows, looking for markers that would separate one area from another. A second folder held profiles from immortalized cell lines used as controls. Together they made the dataset feel complete.",75.49455,4.3240604,305,9.487495,1,7.4143195,3389.0493,93.36543,0.0,24328,661,0.02717034,6.493754,5.266107,457.09512,0.962760329246521,1.0
"Context:
She spent the weekend polishing her portfolio site. On Monday she connected it to analytics and watched visitors arrive. A friend suggested outreach to earn a few quality backlinks. The next month her inquiries doubled.",97.01316,4.5748467,306,10.7562475,1,8.8207035,3389.0493,104.331665,0.0,19045,646,0.033919662,6.4707994,5.1196613,384.2153,0.962760329246521,1.0
"Context:
The invitation listed 1975, and my dad smiled before he even read the rest. He said that year marked a turning point for the family, and the anniversary was worth celebrating properly. We dug out a dusty box of keepsakes that all had the same date scribbled on them. It was strange how a single year could carry so much weight.",22.972012,3.1342766,307,7.125,1,5.6254883,3389.0493,79.81869,0.0,33996,677,0.019914107,6.517671,5.377135,602.4454,0.8570654988288879,1.0
"Context:
The listing spelled out the device’s specifications in a way that made comparison easy. It noted battery capacity, weight, charging standard, and the exact dimensions of the case. The photos showed the ports clearly, so there were no surprises when it arrived. He checked each feature against the description and found everything matched.",30.874136,3.4299188,308,8.75,1,6.5918593,3389.0493,86.41825,0.0,29611,664,0.0224241,6.498282,5.385663,514.12646,0.8884403109550476,1.0
"Context:
The webinar begins at 16:00 and runs for forty minutes. Registration closes the night before the event. I saved the date in my phone while reading the announcement. When the reminder popped up, I joined immediately.",28.791569,3.3600826,309,7.418749,1,8.672645,3389.0493,100.52586,0.0,22137,655,0.029588472,6.4846354,5.3235373,390.7746,0.9194589853286743,1.0
"Context:
He sent me a link that had odd separators and a trailing comma, which made it look like it belonged in a sentence rather than a browser. I tried it anyway, and the site threw an error. When I deleted the extra punctuation at the end, everything worked. It was a reminder that tiny marks can break a path completely.",33.45262,3.5101302,310,7.6437488,1,5.8131704,3389.0493,82.351295,0.0,31355,663,0.021144953,6.496775,5.2926545,582.995,0.8956547975540161,1.0
"Context:
She used a short reference to the earlier paragraph to remind readers where the argument began. He then clarified what was mentioned about responsibilities, repeating the line that had already become known across the team. The discussion was handled as formal communication, with each statement written down before the call ended. They also revisited prior events that had led to a policy change, which made the reasoning feel less theoretical. To wrap up, she attached the information previously displayed on the shared screen so the numbers were in everyone’s inbox.",68.13061,4.2214265,311,8.574999,0,4.2586184,3389.0493,68.68322,0.0,46713,678,0.014514161,6.5191474,5.447749,795.8096,0.03082425333559513,0.0
"Context:
The startup used short videos to show the product in real situations, and the campaign spread fast. Retailers called asking for inventory before we even finished the second run. Investors who had been hesitant suddenly wanted meetings. Marketing didn’t just create buzz, it created demand.",58.530815,4.0695534,312,8.625,1,7.7263703,3389.0493,94.18546,0.0,25230,669,0.026516052,6.505784,5.366432,438.63406,0.9436057806015015,1.0
"Context:
The nonprofit’s board approved a matching program to support community projects. When the youth center raised money for new computers, the organization doubled the amount as promised. The extra funding came with a simple requirement: publish a short impact report within sixty days. By the next meeting, the director shared attendance numbers and a few photos from the reopened computer room.",34.7533,3.5482745,313,8.599998,1,5.7944207,3389.0493,81.391106,0.0,32663,661,0.020236965,6.493754,5.3583527,584.8815,0.56660395860672,1.0
"Context:
The operations lead warned that one mistake could cascade into outages, and legal followed with a reminder about regulatory exposure. The café where we regrouped had big tables, great pastries, and prices that felt fair. A political argument flared on someone’s phone, with officials and party spokespeople trading sharp lines. I sat quietly, processed the information, and tried to notice what I was assuming. Later, I refined the UI so the product felt less cluttered and the user experience became calmer.",105.45332,4.6582685,314,11.2,0,4.400047,3389.0493,70.83621,0.0,44502,672,0.015100445,6.510258,5.3861127,770.2303,0.03082425333559513,0.0
"Context:
He wanted to handle the entire situation, from beginning to the last detail. The first move was minimal, just enough to begin. After a mistake, he restarted and repeated the general approach. Most attempts went smoothly, but any rough patch was treated as part of the process. When it worked, the success felt total and final.",46.2461,3.8339772,315,8.474999,0,6.1205716,3389.0493,83.775505,0.0,30914,660,0.021349551,6.49224,5.35435,553.71454,0.5693022012710571,1.0
"Context:
In Seattle, Washington, our team visited a client’s headquarters where the lobby had a giant market board with red and green numbers. I rehearsed my talk in a small meeting room, then presented the plan on a wall-sized monitor while executives watched in silence. On the walk back, I stopped at a grocery to grab chocolate eggs for Sunday and called my dad about which cousins were coming. Later, I clicked a blog post that started with a card-game intro, included a color-picker screenshot, and ended with chatter about aquariums, mattresses, and smartwatches.",48.375996,3.8790038,316,8.5125,0,3.645752,3389.0493,63.98748,0.0,53275,672,0.012613797,6.510258,5.408153,929.58856,0.03082425333559513,0.0
"Context:
The product announcement dropped weeks ago, but I only noticed after my friends compared the latest upgrade. My account was still running the older version, and the new subscription tier wasn’t even visible to me. I felt late to the party, like I’d walked into the conversation after the punchline. Once I updated everything, the interface finally matched what everyone else described.",33.481743,3.5110004,317,7.965623,1,5.6170917,3389.0493,78.81906,0.0,34870,671,0.019242901,6.508769,5.4501386,603.34595,0.7356430888175964,1.0
"Context:
The watch measured time in seconds, and the ticking sound made the room feel sharper. I stared at the dial while the tea cooled, letting one minute pass before tasting it. Ten minutes later, the bitterness had settled in, exactly as expected. When I finally looked up, the minutes felt like small coins I’d spent without noticing.",40.123684,3.6919668,318,7.65625,1,5.976723,3389.0493,82.39051,0.0,31794,670,0.021073159,6.5072775,5.370369,567.0414,0.8372504115104675,1.0
"Context:
I clicked into a scientific report, read the conclusion, and followed the backlink to the prior version to compare results. The next message I saw was a status update on a formal process, warning that the agreement still needed final confirmation. In an online community, a volunteer shared resources for tracking changes without getting overwhelmed. I used a feed subscription so new updates would show up automatically in my reader. Someone mentioned 1979 as the year the original idea surfaced, and that number kept echoing in the thread.",47.590206,3.862627,319,7.609375,0,4.1574116,3389.0493,67.9669,0.0,47140,675,0.014319049,6.514713,5.4358644,815.18256,0.03082425333559513,0.0
"Context:
The storm drains overflowed and sent shallow sheets across the street. She rolled up her pants and stepped carefully, feeling cold water push around her ankles. Cars slowed, and the city sounded different, muffled and wet. By evening, puddles reflected the orange streetlights.",47.193115,3.854248,320,7.140625,1,7.0116763,3389.0493,91.30838,0.0,25205,659,0.026145605,6.4907236,5.229879,483.34366,0.962760329246521,1.0
"Context:
The client wanted a formal start, so I rebuilt the beginning of the document with the correct structure. I also wrote a new opening that situates the work across several scientific fields instead of pretending it’s one-lane. To show the style we were aiming for, I added the beginning of a text excerpt that reads smoothly on its own. Finally, I drafted the beginning of the review section for the service we used, and I made sure the beginning of the text didn’t drift off-topic.",27.55041,3.3160174,321,7.9999995,0,4.3547573,3389.0493,68.98185,0.0,46721,681,0.014575887,6.5235624,5.484918,778.24066,0.03082425333559513,0.0
"Context:
Fresh sandwiches waited for the new students, and the bread still felt warm through the paper. The room smelled crisp, like someone had just cleaned and opened every window. When a rumor about housing spread, an older student corrected it with the actual email and the right numbers. They wiped their messy notes and restarted their plan from scratch to match the updated schedule. Later, they walked to the waterfront where waves slapped quietly against the rocks.",70.13771,4.2504606,322,9.724997,0,4.7600675,3389.0493,73.63265,0.0,39680,672,0.016935484,6.510258,5.3671913,711.97504,0.06428510695695877,0.0
"Context:
I watched a promotional clip for a holiday rental, and the caption kept pointing to a website and a social account. The listing named the host organization and mentioned a small shuttle vehicle plus automated check-in machines. In December, the temperature was below zero in Helsinki, Finland, and my friend and I talked about relationships while we waited for a table. The restaurant looked lovely in photos, but what I remembered was the buttery soup topped with toasted seeds.",59.561527,4.08701,323,8.8125,0,4.7018447,3389.0493,72.524574,0.0,41427,666,0.016076472,6.50129,5.419515,720.79144,0.07740001380443573,0.0
"Context:
He set out a refreshing fruit salad for the orientation leaders, and it disappeared faster than he expected. The hallway smelled newly washed, like the building had been scrubbed clean overnight. When asked about a missing registration, she told the truth and pulled up the confirmation email. They abandoned the old seating plan and began again from scratch, calmer this time. Outside, puddles still covered the courtyard, and water reflected the gray sky.",73.458496,4.2967205,324,10.3625,0,5.0727444,3389.0493,75.49433,0.0,38812,670,0.017262703,6.5072775,5.4172506,668.0899,0.2536996006965637,0.0
"Context:
The headphones had a sturdy hinge, softer ear pads, and a control dial that felt precise. The sound profile was balanced, and the features actually improved daily use rather than adding gimmicks. Pairing was simple, and the indicators were easy to understand in a noisy street. I kept thinking that good design is mostly about reducing friction.",50.35969,3.9191911,325,8.96875,1,6.1607924,3389.0493,83.63729,0.0,31351,660,0.02105196,6.49224,5.375718,550.0996,0.8668214082717896,1.0
"Context:
In the draft letter, she referenced an earlier passage so the reader would remember the original request. He then restated what had been said about the deadline, making it clear that the date was already known to everyone involved. A formal discussion followed with prepared remarks, and the tone shifted from casual to procedural. They also revisited a prior mistake that had caused confusion, using it as a reason to double-check the wording. Before sending, she attached the information previously provided in the last update so no one could claim they hadn’t seen it.",30.33449,3.4122853,326,7.1031237,0,4.2411046,3389.0493,67.48399,0.0,49800,676,0.013574298,6.516193,5.538471,799.0959,0.03082425333559513,0.0
"Context:
He looked at a hotel booking sheet that included the address, check-in time, and room number for each guest. A financial statement next to it showed quarterly dates, account numbers, and totals that didn’t match his expectation. The draft opened with I and a number that framed the first claim. On the desktop, gene expression profiles from brain samples were paired with profiles from a cultured cell line control. He copied a publication title, an author name, and a volume number into his bibliography.",50.42819,3.9205503,327,10.074996,0,3.9974682,3389.0493,68.187805,0.0,45792,659,0.01439116,6.4907236,5.3016763,847.79895,0.03082425333559513,0.0
"Context:
I only needed a small amount of paint to fix the corner. The work began with careful taping along the edge. A few strokes covered the mark and it disappeared. The smallest supply was enough.",51.92317,3.9497652,328,8.206249,1,9.358767,3389.0493,104.98356,0.0,19072,651,0.03413381,6.4785094,5.248116,362.12564,0.962760329246521,1.0
"Context:
The streaming bundle looked convenient until she calculated how many add-ons were quietly stacked on top. A trial period ended abruptly, and the renewal policy felt designed to catch distracted people. She called support to ask about a refund, and the agent kept steering her toward store credit. After hanging up, she decided to pay a little more for a service that didn’t play games.",46.904728,3.8481185,329,10.499998,1,5.722087,3389.0493,79.78062,0.0,35301,667,0.018894648,6.50279,5.4496408,592.275,0.7565369009971619,1.0
"Context:
My friends had moved on to the newest subscription perks, and I was clearly behind. The install button sat below the promotional card, and the next prompt appeared after a slow load, which made me click in the wrong order. The app’s final chime followed the update the way a closing response succeeds a ritual phrase. When I contacted support, their backing helped me find the feature next to the privacy controls.",124.35071,4.823106,330,10.949999,0,4.8903394,3389.0493,75.10365,0.0,37918,665,0.017537845,6.499787,5.3219767,693.00903,0.05816850811243057,0.0
"Context:
She recognized the company name on the badge lanyard at check-in. A slide deck covered online presence, website basics, and backlink outreach. The learning portal asked her to confirm her account after an automated policy update. The agenda displayed dates and time slots for every session. That evening she followed a recipe for tomato stew and served it with rice.",76.9754,4.343486,331,8.874998,0,5.620122,3389.0493,81.220085,0.0,32645,648,0.0198499,6.473891,5.278599,603.0206,0.45707520842552185,0.0
"Context:
The whole evening felt warm and elegant, like the city had put on its best clothes. Golden lights made the square look charming in every photo I took. People kept saying the venue was beautiful and the night was perfectly timed for the holiday. I posted one picture and the compliments rolled in immediately.",44.35583,3.7922442,332,7.5593743,1,6.358159,3389.0493,87.863144,0.0,27818,646,0.023222374,6.4707994,5.196756,533.0237,0.9633806347846985,1.0
"Context:
We found a security issue in the payment system and had to brief compliance on the immediate risks. The conference center was clean, spacious, and surprisingly affordable for how polished it looked. A panel on stage turned into a political fight, with party representatives sparring over who wrote the policy and who would own the fallout. I took a slow breath and walked through the incident details until I could explain them without exaggeration. Afterward, we improved the app’s error handling so it suggested fixes instead of dumping users into confusion.",54.90693,4.0056396,333,8.4375,0,4.199394,3389.0493,68.42807,0.0,46697,668,0.014304987,6.504288,5.425956,807.0329,0.03082425333559513,0.0
"Context:
The headphones box boasted a specific driver size, an impedance rating, and a wireless codec I’d never heard of. I looked up the frequency range and tried to figure out whether it would change how the bass felt. The manual listed charging time down to the minute, like it was a promise. Even before listening, the technical details made it seem unusually serious.",42.814957,3.7568874,334,8.84375,1,5.7737083,3389.0493,80.517876,0.0,33986,663,0.019508032,6.496775,5.414205,586.9797,0.7870592474937439,1.0
"Context:
The procurement agreement is still in review, and the latest note says legal has not signed off yet. Yesterday’s meeting ended with a plan to revise two clauses and circulate a new draft. Everyone keeps asking whether the timeline is slipping, but the status page only shows “pending approval.” Until the final sign-off lands, no one is allowed to announce anything externally.",43.776386,3.7790945,335,8.4,1,5.906211,3389.0493,80.64681,0.0,34414,653,0.018974835,6.481577,5.4703264,573.8111,0.8226875066757202,1.0
"Context:
She wanted a plan that covered the entire process, down to the smallest choices. It began with a tiny budget line, barely noticeable at first. Each time a setback happened, she restarted and used the same general method. Most days she worked on it, though any progress was accepted. When it finished, the result felt completely final.",64.65152,4.1690116,336,9.081249,0,5.1124473,3369.369,71.42163,0.0,31337,631,0.020135941,6.4473057,5.3306036,659.05206,0.40385088324546814,0.0
"Context:
A travel sheet listed three hotels with their addresses, room counts, and check-in times. Next to it, a license agreement showed an effective date, a product number, and a renewal deadline in months. The report began with We and a digit that marked the first step without any preface. She then compared gene expression profiles from a brain dataset to profiles from a cell line study. Before leaving, she saved a media citation by title, creator name, and episode number.",78.597496,4.36434,337,9.718748,0,3.3572743,3369.369,58.430996,0.0,43574,619,0.014205719,6.4281054,5.2292423,1003.6025,0.03082425333559513,0.0
"Context:
The campus tour ended with iced tea and fruit cups on a sunny patio. The newest students clustered in small groups, comparing schedules and laughing too loudly. A counselor reminded them to keep their energy up for the afternoon sessions. The refreshments disappeared quickly.",47.714455,3.8652344,338,7.531249,1,5.93375,3369.369,79.017044,0.0,23409,613,0.026186509,6.418365,5.1206236,567.8313,0.9633806347846985,1.0
"Context:
I marinated the chicken with yogurt, lemon, and cumin. After an hour it went onto a hot grill and charred at the edges. I let it rest before slicing so it stayed juicy. We ate it with warm flatbread.",21.27171,3.057378,339,5.074999,1,6.311114,3369.369,81.44464,0.0,22094,608,0.027518783,6.410175,5.127638,533.87866,0.9633806347846985,1.0
"Context:
In the union office, the proposal to replace the old shift system with an app set off arguments that wouldn’t cool down. People framed it as a local tradition versus a corporate template, and the room split along familiar lines. A regional manager insisted the alternative was the only way to keep schedules fair. When the vote ended, nobody looked satisfied, and the hallway filled with quiet complaints.",54.588676,3.9998264,340,8.5625,1,4.0199323,3369.369,63.836575,0.0,36123,623,0.01724663,6.4345465,5.2245965,838.1656,0.8700693249702454,1.0
"Context:
On my first morning in Reykjavík, the sky looked polished and unreal. The hotel clerk recommended a path to Hallgrímskirkja and promised the view would calm me down. We crossed the harbor and watched boats tilt in the wind by the old warehouse district. I kept repeating the city’s name under my breath so I wouldn’t forget it.",21.661556,3.075539,341,7.5,1,4.2538786,3369.369,66.56911,0.0,33941,621,0.018296456,6.431331,5.1642647,792.0698,0.7005050778388977,1.0
"Context:
The study update landed with results, a restrained conclusion, and a link to earlier context that made the shift easier to see. Our internal thread focused on the agreement process, with everyone watching the status line like it was a scoreboard. I asked an online community for resources, and someone pointed me to a tidy archive of prior discussions. To avoid missing announcements, I subscribed to the project feed and let it come to me. Later, an anniversary date—2011—came up, and it neatly matched the timeline in the papers.",63.917686,4.157596,342,9.3125,0,3.188446,3369.369,55.71742,0.0,49306,644,0.013061291,6.4676986,5.3523235,1056.7433,0.03082425333559513,0.0
"Context:
At the welcome reception, the new graduates wore stiff name tags and nervous smiles. Someone handed them warm cinnamon buns straight from the kitchen, and the mood loosened at once. They joked about first-day mistakes and future plans. The room felt like it had just been switched on.",36.73002,3.6035943,343,7.849999,1,5.1655025,3369.369,74.015045,0.0,26484,612,0.023108292,6.4167323,5.092204,652.2829,0.9633806347846985,1.0
"Context:
The story begins with a cracked mirror that shows a different room than the one you’re standing in. We make custom frames, and we can measure yours today so the fit is perfect. Thanks for bringing it in instead of trying to glue it yourself. We’re hopeful we can preserve the piece without losing the strange charm that drew you to it.",33.58283,3.514015,344,7.6406217,0,4.578181,3369.369,67.11798,0.0,33082,628,0.018983133,6.44254,5.3066597,735.9624,0.19886821508407593,0.0
"Context:
At the debate, the minister defended the new policy while the opposition leader accused the government of hiding its real agenda. Party spokespeople traded talking points that sounded rehearsed, but the room still reacted sharply. Reporters asked about timelines and enforcement, and nobody gave a straight answer. Walking home, I realized the speech was less about facts and more about loyalty.",46.037952,3.829466,345,8.525,1,4.582214,3369.369,67.8809,0.0,33074,629,0.019017959,6.4441314,5.2647095,735.31464,0.19048051536083221,0.0
"Context:
A donation drive for a mission trip shared a URL with a file extension and a number segment like a page identifier. The copied link had an extra slash and a trailing dot that made it fail. Once I trimmed the punctuation, it resolved to a .php page that explained what the payment was for and showed a form. Someone pasted the address with “/>.” at the start of the line, so I stripped that off before reposting. I then asked if the service was good for one-time contributions and included the URL in brackets.",46.03144,3.8293247,346,7.9375,0,3.050668,3369.369,55.21856,0.0,49281,627,0.012722956,6.4409466,5.282472,1104.4692,0.03082425333559513,0.0
"Context:
In her notes, she referenced an earlier part of the text where the key assumption was first stated. He restated what had been mentioned about the timeline, making sure it matched the words already known in the group. Their discussion was conducted as formal communication, with careful statements and a clear summary at the end. Someone brought up prior delays that had hurt trust, and the mood shifted immediately. She closed by circulating the information previously displayed during the call so everyone had the same reference.",71.20952,4.2656264,347,8.649999,0,3.3664238,3369.369,58.435635,0.0,44032,632,0.014353198,6.4488893,5.2350054,1000.8748,0.03082425333559513,0.0
"Context:
I noticed the brand label on the coffee cart and scanned the QR code. The page talked about growing an online presence through content and backlinks. When I tried to access the members area, my account needed a reset after an automated flag. The schedule for the tasting included exact times for each sample. After I got home, I cooked a dessert recipe that used dark chocolate and sea salt.",58.5532,4.069936,348,9.075,0,4.102848,3369.369,64.96512,0.0,35686,622,0.017429804,6.43294,5.196709,821.2268,0.8017269968986511,1.0
"Context:
We’re glad you reached out, and we’ll do our best to make this easy. Thanks for your patience while we look into the issue and gather the right details. We’re hopeful the next update will solve the last few annoyances you mentioned. If anything changes before then, we’ll keep you posted.",11.103582,2.4072678,349,5.124999,1,4.9904184,3369.369,70.24544,0.0,30867,612,0.019826999,6.4167323,5.308782,675.1676,0.8107189536094666,1.0
"Context:
He opened his presentation by alluding to the initial problem described earlier in the document. When questions came, she referenced what he had mentioned, repeating the phrasing so the meaning stayed fixed. The panel recorded the discussion and treated each statement as something that might be reviewed later. Someone recalled a previous incident that made the topic sensitive, and the room grew more careful with every sentence. At the end, he displayed the same information already provided in the shared folder so the audience could verify it instantly.",60.97934,4.110535,350,8.5,0,3.1950064,3369.369,57.26955,0.0,44905,639,0.014230041,6.4599047,5.1932864,1054.5735,0.03082425333559513,0.0
"Context:
The tale begins with a child finding a coin that hums like a bee when held to the ear. We sell protective cases, and we can recommend one that won’t scratch what you found. Thanks for coming in to ask before you tried polishing it. We’re looking forward to seeing if the next chapter explains why it started singing.",40.64709,3.7049272,351,7.2,0,4.5628486,3369.369,68.1265,0.0,32187,618,0.019200299,6.4264884,5.2324023,738.4354,0.15116243064403534,0.0
"Context:
A post about new results included a concise conclusion and a backlink to the previous analysis. In the replies, the coordinator clarified the status of the formal agreement process and asked for patience. I switched tabs to an online community and found resources that broke the topic down with concrete examples. After that, I added the site to my feed subscriptions so I could monitor changes passively. A commenter noted they were born in 2003 and used that year to explain why they remembered the early coverage.",67.8513,4.2173185,352,9.974998,0,4.4087234,3389.0493,69.80727,0.0,45368,671,0.014790161,6.508769,5.4475217,768.7144,0.03082425333559513,0.0
"Context:
The apartment had a big living room, tall windows, and a view that made the street feel quiet. The host left fresh towels and a good coffee machine, which felt like a small luxury. It wasn’t cheap, but the value made sense once I saw how much space there was. I checked in and immediately understood why the reviews were glowing.",20.357798,3.013464,353,6.040624,1,6.073044,3389.0493,82.85311,0.0,33094,647,0.019550372,6.4723463,5.441657,558.0479,0.8476887941360474,1.0
"Context:
I opened a box with a brand label and a thank-you card from the company. The card included a link to their site and suggestions for growing online presence. My account signup hit a snag, and the system posted a short description of the verification delay. The receipt listed the purchase date and the expected delivery time. I tried a new recipe for roasted vegetables to go with dinner.",46.622906,3.842092,354,8.9375,0,5.2135515,3389.0493,77.0001,0.0,35731,660,0.018471355,6.49224,5.3452253,650.0462,0.23698705434799194,0.0
"Context:
A birth notice listed the hospital, the city, and the exact time, followed by two measurements in tidy digits. A legal letter beside it included a case number, a deadline date, and a statute section underlined in pen. The document on her screen began with We and a number that signaled the first point. She then compared gene expression profiles from brain tissue to profiles from a standard cell line to check a hypothesis. Before dinner, she saved a media citation with a title, creator name, and episode number.",72.348976,4.2815013,355,9.549999,0,4.1298695,3389.0493,68.21549,0.0,46683,660,0.014137909,6.49224,5.3887815,820.619,0.03082425333559513,0.0
"Context:
The sprint board was a mess: half the tasks were stuck, and the database update didn’t match the wiki documentation. At the same time, someone posted a thread about poverty and “mindset,” and the replies from wealthy accounts sounded smug. They purchased the full bundle of the software to avoid half-finished features, and she said with total assurance that it would solve everything. When problems persisted, she timed the duration of each failure and counted the frequency across the week. Eventually, the status changed, but the arguments didn’t stop.",72.568924,4.284537,356,9.149998,0,3.939478,3389.0493,65.67442,0.0,50196,675,0.013447287,6.514713,5.4702888,860.2788,0.03082425333559513,0.0
"Context:
She opened the email and saw the same chart that had been shown on the screen during the call. The numbers weren’t new, but having them in writing made it easier to check later. He saved the message because it contained information already provided and he didn’t want to hunt for it again. When someone asked for the figures, he forwarded the thread without adding anything.",23.845062,3.1715772,357,7.9749994,1,5.202091,3389.0493,77.3507,0.0,35291,660,0.018701652,6.49224,5.313682,651.4783,0.27478399872779846,0.0
"Context:
From the stage, the audience looked like a dark sea below the spotlights. The director demanded that every cue hit in strict order, so we rehearsed the sequence until it felt automatic. After the show, we walked to a late-night diner on the same street, sliding into a booth by the window. My friend pulled out a camera and bragged about its technical specifications, listing what it could do in low light. When we got home, we made pancakes from memory, flipping them fast before they burned.",24.27786,3.189565,358,6.265625,0,4.244784,3389.0493,68.21241,0.0,47155,676,0.014335701,6.516193,5.467466,798.40326,0.03082425333559513,0.0
"Context:
Riverside Stadium hosted a ribbon-cutting for improvements aimed at disabled supporters, including wider entrances and upgraded restrooms. The project moved forward after the club secured a financial incentive tied to community access targets. The supplier set up a booth displaying items with detailed features like weight limits and material ratings for the installed handrails. Meanwhile, the media team ran targeted ads and improved search pages to boost traffic for season-ticket sales. By Monday morning, the club’s page was filled with glowing feedback from attendees who noticed the difference immediately.",66.62968,4.19915,359,8.1875,0,4.4408984,3389.0493,71.83156,0.0,47578,664,0.01395603,6.498282,5.437106,763.14496,0.05719077214598656,0.0
"Context:
On the train to CERN, the timetable showed departures at 08 and 09, and I counted stops like a habit. I typed a paragraph for the project update and focused on how the first sentence set the tone. At lunch, the staff discussed replacing an internal tool with an external alternative pushed by headquarters, and the room split into camps. The finance team had just changed the billing model for the service, so nobody knew what the new plan would mean. I ended the email with a clean closing so it wouldn’t invite another round of debate.",43.319073,3.768593,360,8.8125,0,3.8128276,3389.0493,64.78458,0.0,51518,675,0.013102217,6.514713,5.445414,888.8546,0.03082425333559513,0.0
"Context:
I realized I was behind on the latest product features, and it was tied to my subscription tier. The new tab appeared after the home screen, while the help entry was tucked below the footer, so navigation felt backward. The last instruction followed my click like a response that succeeds a spoken cue. Support took responsibility for the messy rollout, and I located the setting next to the notifications switch.",138.48648,4.930773,361,10.375,0,5.424524,3389.0493,76.98748,0.0,36198,671,0.018536936,6.508769,5.4604487,624.7644,0.35337740182876587,0.0
"Context:
At dawn, I opened my laptop and gave myself ten minutes to outline the work. The minutes turned into hours, and the afternoon arrived before I noticed I was hungry. That evening, I moved the deadline to next week and added a reminder for the weekend so it wouldn’t vanish again. My notes included a goal for the month and a bigger plan for the year, both written in ink like a promise. When I watched the seconds tick by before midnight, I finally stopped and went to sleep.",24.823778,3.211802,362,6.875,0,4.520873,3389.0493,69.78287,0.0,46276,670,0.014478347,6.5072775,5.5227327,749.6449,0.04818851500749588,0.0
"Context:
The harbor was crowded with masts, and the tide tugged gently at every rope. He watched the surface wrinkle under a passing gust. Salt dried on his lips as he spoke. The sea made every other thought feel smaller.",74.46605,4.3103433,363,8.3875,1,7.659395,3389.0493,96.77707,0.0,21676,643,0.029664144,6.4661446,5.1269264,442.46957,0.962760329246521,1.0
"Context:
He circled back to the earlier explanation and used the same wording so no one would miss the connection. The mention of the first deadline made the revised timeline feel grounded. Even the joke from the opening line reappeared, softened, as a nod to what came before. The thread held because each return was subtle and timed.",100.10168,4.6061864,364,9.3125,1,6.151836,3389.0493,84.28841,0.0,29593,662,0.022370156,6.4952655,5.2991924,550.90045,0.936846911907196,1.0
"Context:
The note on the altar came after the offering, like a small reminder that followed the main act. He completed the task, then left the tool behind, as if the object’s presence was meant to trail the action. The prayer that followed felt like a soft continuation rather than a new start. Even when people spoke, their meaning seemed to arrive a moment later.",41.280525,3.7203908,365,8.4125,1,5.1905417,3389.0493,77.61275,0.0,34413,661,0.019207858,6.493754,5.285147,652.92786,0.1651170253753662,0.0
"Context:
The essay opened with a short sentence that used I and made a claim immediately. A single digit followed soon after, pointing to a detail that mattered later. He liked how the first lines sounded confident, not decorative. The opening did its job and moved on.",87.472496,4.4713244,366,9.0125,1,7.2659445,3389.0493,92.09794,0.0,24762,653,0.026371052,6.481577,5.2726874,466.4293,0.962760329246521,1.0
"Context:
The mayor stood beside party officials and promised reforms that would be felt in every neighborhood. A protester shouted questions about funding, and the response was a practiced line about responsibility. Later, the council session turned into a fight over who would get credit for the bill. By midnight, my feed was full of clips edited to make the other side look cruel.",45.454433,3.8167105,367,8.299999,1,5.692522,3389.0493,80.20881,0.0,32657,659,0.020179441,6.4907236,5.361404,595.35114,0.6979875564575195,1.0
"Context:
In Austin, Texas, I checked into a downtown hotel where a finance workshop was being held in a rented ballroom. Before my session, I picked up chocolate eggs from a corner shop and texted my sister to save some for the kids. Onstage, I shared my screen and walked the room through the charts while people snapped photos of the slides. Back in my room, I opened a forum post that started with card-game tips, drifted into a color picker link, and ended with someone arguing about mattresses and smartwatches.",45.874302,3.825905,368,10.581249,0,3.088401,3369.369,56.315517,0.0,47962,624,0.0130103,6.4361506,5.221416,1090.9752,0.03082425333559513,0.0
"Context:
The auditorium lights dimmed and the projector hummed as my first slide filled the screen. I walked to the podium and tried to keep my voice steady while I introduced the agenda. A row of directors watched closely, flipping between printed handouts and their tablets. When the Q&A started, the questions came fast but I stayed on track.",23.73747,3.167055,369,7.234375,1,4.2948785,3369.369,68.805725,0.0,31288,613,0.019592175,6.418365,5.0272036,784.50854,0.805901825428009,1.0
"Context:
The candidate’s approval climbed after a speech that landed perfectly, and the crowd outside the venue looked like a concert line. Our company sponsored the event, and the logo ended up in every photo that spread online. Sales of the limited merch jumped, and the marketing team could barely keep up with demand. By election night, the victory felt tied to the same wave of popularity that carried the brand.",45.069237,3.8082,370,8.362499,0,3.8529544,3369.369,63.01417,0.0,36997,617,0.016677028,6.424869,5.1880207,874.4897,0.688926100730896,1.0
"Context:
During the audit, they reviewed every point in time and every circumstance. The first step was minimal, just collecting a few key files. When the format changed, they started again and followed a general template. Most records were processed automatically, but any remaining items were handled by hand. The conclusion was absolute, with nothing left unresolved.",65.062126,4.1753426,371,8.075,0,4.5797124,3369.369,68.75851,0.0,30862,619,0.020057028,6.4281054,5.1711617,735.71625,0.31298890709877014,0.0
"Context:
A post about street footage mentioned a six-month subscription tier and listed the runtime in hours. She opened a palette tool, typed #3F51B5, and compared the RGB readout against a reference image. Feeling nervous, she rubbed her thumb across her fingertips and counted to four whenever her heart sped up. Her brother interrupted to argue about which league team had the toughest schedule. The room was quiet, but her screen stayed full of colors.",101.082085,4.615933,372,10.625,0,3.6556122,3369.369,60.502277,0.0,41825,627,0.014991034,6.4409466,5.2842593,921.6976,0.03082425333559513,0.0
"Context:
Riverside Stadium posted maps showing step-free routes and accessible seating after its latest upgrade. The club had secured an incentive payment that arrived just in time to finish the final phase of construction. At the fan zone, a display compared products used in the project, with specs for ramp gradients and materials that resist winter salt. The marketing plan paired targeted ads with SEO cleanup to increase website traffic ahead of derby day. When the gates opened, the first reviews applauded the smooth entry and friendly assistance.",79.34576,4.373815,373,9.443748,0,3.7375512,3369.369,63.148304,0.0,44467,632,0.014212787,6.4488893,5.3118157,901.491,0.03082425333559513,0.0
"Context:
The bookshop owner slid a new paperback across the counter and said the first chapter grabs you immediately. We run a small reading club, and we’ll email you the dates if you want to join. Thanks for asking about it, because we love seeing new faces at the meetings. We’re excited to hear what you think once you’ve finished the opening scene.",27.590126,3.317458,374,7.1593723,0,4.5308123,3369.369,66.22323,0.0,34829,625,0.017944816,6.437752,5.3700814,743.6567,0.3408384621143341,0.0
"Context:
Her flight departs at 06:15, so we agreed to meet at 04:45. The itinerary listed the date, gate, and boarding time. She double-checked the time zone to be safe. We arrived early and grabbed coffee.",26.183632,3.2651346,375,7.9562473,1,5.210977,3369.369,74.63283,0.0,25595,613,0.02394999,6.418365,5.0671,646.59064,0.9633806347846985,1.0
"Context:
She cut basil from the windowsill and crushed a leaf between her fingers. The scent burst out, sharp and green, as if the plant had been waiting to speak. After a quick rinse, the leaves looked glossy again. The whole room smelled newly aired.",37.071747,3.6128552,376,8.087498,1,5.7473373,3369.369,77.39344,0.0,24740,620,0.025060631,6.4297194,5.1508217,586.24866,0.9633806347846985,1.0
"Context:
She refused to close the task until the wiki and database were consistent, so the status stayed open another day. In the team chat, a debate flared about wealth versus poverty, with one side insisting it was all mindset. They bought the complete package of the software anyway, and someone said with absolute assurance that it was “the final fix.” Afterward, she tracked how frequently alerts fired and how long the degraded mode lasted each time. The status eventually moved, but her trust didn’t follow.",91.50237,4.516365,377,9.787498,0,3.5980885,3369.369,58.54156,0.0,45365,638,0.014063706,6.4583383,5.4306445,936.43304,0.03082425333559513,0.0
"Context:
From the balcony, the street looked like a toy set far below, with buses sliding past like bright blocks. A delivery rider waited under the awning beneath my window, tapping his gloves together to stay warm. When I leaned over the railing, the smell of wet asphalt rose up from the sidewalk below. I tossed down a note tied to a pebble, and it landed right beneath the bench by the entrance.",32.48665,3.4808292,378,7.2749996,1,4.0106316,3369.369,63.555428,0.0,37463,628,0.016763207,6.44254,5.2676644,840.1093,0.7836993336677551,1.0
"Context:
From the very start, he saved a small amount each week. Even a minimal deposit made the habit feel real. The balance grew slowly but steadily. He smiled when the first milestone appeared.",48.086388,3.8729992,379,7.21875,1,7.4045973,3369.369,88.150085,0.0,18587,609,0.032764837,6.4118185,5.116272,455.0374,0.962760329246521,1.0
"Context:
A contract dispute surfaced during due diligence, and the whole operation suddenly felt fragile. The host greeted us in a roomy, well-kept apartment that felt worth every krone. On the street below, campaign volunteers handed out flyers attacking a government official’s policy record. I kept my reaction private and read multiple sources to make sure I understood the context. Later, I polished a feature so the UI guided users with clearer steps and fewer surprises.",75.85927,4.32888,380,9.681252,0,3.6134171,3369.369,60.726475,0.0,40960,634,0.015478516,6.452049,5.2381835,932.4605,0.03082425333559513,0.0
"Context:
The city looked tiny below the rooftop garden, and my ears popped in the wind. I planned the day in sequence on a sticky note, pinning it to my jacket so I wouldn’t forget the order of errands. A community center nearby hosted a short class, and I slipped in for the last ten minutes to listen. In the foyer, I examined the technical specifications of a new electric kettle on a poster. Dinner came from a recipe for lentils that turned silky after a long simmer.",45.86616,3.8257277,381,8.3125,0,3.2368684,3369.369,57.188263,0.0,44898,635,0.014143169,6.453625,5.23286,1040.9348,0.03082425333559513,0.0
"Context:
A real estate platform pushed an offer across my timeline, complete with a glossy website and share buttons everywhere. The listing credited a construction firm and mentioned service trucks and mechanical ventilation systems humming behind the walls. It was late July in Miami, Florida, and the heat made the streets shimmer as I walked to meet my sister. We ate grilled fish with citrus and herbs, and she insisted the restaurant was stunning enough to deserve a full photo dump.",62.483734,4.1349063,382,8.375,0,3.6353161,3369.369,61.261345,0.0,40507,620,0.015305997,6.4297194,5.209291,926.84344,0.03082425333559513,0.0
"Context:
I opened a guide that started like a rulebook, explaining how to deal cards and keep score. Right after that, it suggested a color palette tool for making custom tokens look nicer. The writer casually mentioned remembering to feed the koi before sitting down to play. In the comments, people compared mattress firmness and tracked their sleep with different smartwatches.",118.431244,4.7743325,383,9.98125,1,4.215275,3369.369,66.5604,0.0,32174,626,0.019456705,6.4393506,5.1189528,799.32367,0.6753666400909424,1.0
"Context:
When I started the write-up, I focused on the beginning of the text so a reader would feel oriented immediately. After that, I adjusted the opening to reflect how the topic spans diverse scientific fields rather than staying narrow. I pulled in the beginning of a text excerpt as a quote to anchor the tone. Before publishing, I wrote the beginning of a review segment about the product we used, and I formatted the beginning of the document so it looked official.",34.76332,3.5485628,384,7.34375,0,4.5566297,3389.0493,71.59442,0.0,42315,671,0.01585726,6.508769,5.384428,743.76227,0.06842076778411865,0.0
"Context:
The website added a one-click checkout and a cleaner cart summary, which made the purchase feel straightforward. Product photos loaded faster, and the descriptions were easier to read on a phone. The changes were subtle, but they made the whole experience feel more trustworthy. I left a review because the improvements were obvious within minutes.",35.291126,3.5636315,385,8.0875,1,5.998825,3389.0493,83.33485,0.0,30016,649,0.021621801,6.475433,5.293973,564.9522,0.9448809623718262,1.0
"Context:
She began by referring back to the opening paragraph, noting how the promise made there shaped everything that followed. A colleague repeated what had been mentioned in the last meeting so the team agreed on the wording before sending anything out. The chair then delivered a formal statement to the group, and the discussion stayed focused on what had been said on the record. He also brought up a prior incident from last quarter, explaining why the timeline needed extra caution. Before they ended, someone pulled up the information previously displayed in the shared deck so nobody left with a different set of numbers.",44.960155,3.8057766,386,8.125,0,3.831458,3389.0493,64.76583,0.0,51521,674,0.013082044,6.5132303,5.461089,884.53253,0.03082425333559513,0.0
"Context:
The bike frame description included the weight, the wheel size, and the type of braking system. I checked the gear range and crank length to see if it would fit my riding style. The shop assistant pointed to the tire clearance and explained what it meant for wet roads. By the time I left, I had a page of specifications circled in pen.",24.325048,3.1915066,387,7.043749,1,5.6051283,3389.0493,80.197365,0.0,32654,656,0.020089423,6.4861608,5.3224,604.63367,0.7882988452911377,1.0
"Context:
A scientific summary popped up with a link to earlier content, so I read both to understand the final conclusion. The comment section drifted into updates on a formal process, with people tracking whether the agreement had moved past review. In a small online community, someone shared a resource page that answered most of the practical questions. I subscribed to the feed so I’d catch the next publication as soon as it landed. In the middle of it all, a user mentioned their 2001 birthday and tied the year to a personal memory of the event.",49.960857,3.9112399,388,9.0625,0,3.8418853,3389.0493,65.00137,0.0,50639,672,0.013270404,6.510258,5.446096,882.13184,0.03082425333559513,0.0
"Context:
On a cold winter morning, I walked to the station and counted the seconds until the train doors opened. The ride took an hour, but the day stretched into the afternoon with delays and small problems. That evening, I rescheduled the appointment for next week and pushed another task into next month. Looking at the calendar, I realized my plan ran all the way into next year, as if time could be neatly boxed. When the weekend finally came, I slept late and let the hours pass without tracking them.",19.957693,2.9936147,389,5.9656243,0,4.69587,3389.0493,70.4081,0.0,46288,665,0.014366575,6.499787,5.593549,721.7085,0.05397478863596916,0.0
"Context:
At all times during the trip, the tracker recorded our location. It kept notes about conditions and how we responded. The report later described every stage of the route. Reading it felt like reliving the entire day.",46.159473,3.8321023,390,7.171875,1,8.108088,3389.0493,99.05895,0.0,20806,648,0.031144861,6.473891,5.15411,417.9838,0.962760329246521,1.0
"Context:
In November, I clicked a promoted listing for a downtown condo and the site begged me to follow their profile for updates. The building information named a management company and described automated security doors that opened with a quiet motor. Outside, the air felt close to freezing, and I hurried past a poster for a live show while thinking about whether my relationship could handle a move. I warmed up at a restaurant with a peppery stew and caught myself calling the place beautiful after snapping a quick photo.",72.1428,4.2786474,391,9.837499,0,4.460047,3389.0493,70.74779,0.0,44499,664,0.014921684,6.498282,5.4144983,759.8685,0.03082425333559513,0.0
"Context:
I simmered tomatoes with garlic until the sauce thickened and turned a deep red. While it bubbled, I toasted bread in a pan and rubbed it with a cut clove for extra bite. I folded fresh basil in right at the end so the kitchen filled with a bright, green smell. When I plated it, the whole thing looked simple but tasted rich.",20.455013,3.018228,392,6.2562494,1,5.9984317,3389.0493,81.655464,0.0,33566,660,0.019662755,6.49224,5.468591,564.98926,0.6667228937149048,1.0
"Context:
We met early, agreed on the goals, and divided the workload without arguing. We tested the new pipeline twice and documented the results so the team could repeat them. When the numbers didn’t match expectations, we traced the issue to one missing parameter and corrected it. We ended the day sending the report and outlining what we would tackle tomorrow.",29.754866,3.3929927,393,7.6875,1,5.573051,3389.0493,80.56757,0.0,32213,656,0.020364448,6.4861608,5.274751,608.11383,0.6695641279220581,1.0
"Context:
At all times during the workshop, the instructor kept the room focused. From the beginning, even a minimal warm-up set the tone. The advice was general enough to repeat whenever someone restarted the task. Most sessions ran long, but any amount of practice was welcomed. By the end, the rule felt absolute and the results showed it.",54.248787,3.9935806,394,8.375,0,5.8332195,3389.0493,81.67798,0.0,31773,658,0.020709407,6.489205,5.3333125,580.9912,0.8540983200073242,1.0
"Context:
We launched a referral program and watched signups climb day after day. The ads became more precise, and the conversions finally matched what the dashboard promised. By the end of the quarter, the team hit targets that used to feel unrealistic. The strategy worked because it was disciplined, not flashy.",42.606388,3.7520041,395,8.1875,1,6.6063643,3389.0493,87.42289,0.0,27395,651,0.023763461,6.4785094,5.293489,512.9976,0.9633806347846985,1.0
"Context:
She reviewed a hotel directory that listed cities, room numbers, and check-in times for guests arriving during the tournament. A financial addendum showed a date, an account number, and totals aligned in a rigid column. The draft began with I and a single number that set the first result on the table. Her analysis window displayed gene expression profiles from brain samples beside profiles from a cell line control. She then logged a headline title, a reporter name, and an archive identifier into her notes.",86.69181,4.4623594,396,10.968748,0,3.9438846,3389.0493,67.987656,0.0,45353,653,0.014398165,6.481577,5.264714,859.31757,0.03082425333559513,0.0
"Context:
I landed in Portland, Oregon just before dusk and took the light rail into the city. The rain made every streetlamp glow on the wet pavement. I wandered through a quiet neighborhood where the houses all had big porches and small gardens. By morning, I had a short list of parks and cafes I wanted to visit.",17.050718,2.8361924,397,5.9875,1,5.938101,3389.0493,82.972626,0.0,30456,648,0.021276595,6.473891,5.28582,570.7295,0.9426604509353638,1.0
"Context:
The café had generous seating, warm lighting, and pastries that looked like they belonged in a magazine. My sandwich came fast and tasted fresh, and the portions felt worth the cost. Even the restroom was spotless, which made the whole place feel cared for. I stayed longer than planned because it was simply comfortable.",28.13841,3.3371356,398,6.874999,1,6.6439695,3389.0493,86.06225,0.0,29167,651,0.022319745,6.4785094,5.4047728,510.09406,0.8685324788093567,1.0
"Context:
We’re happy you stopped in today, and we can get you set up in a few minutes. We’ll take a look at the issue, explain what we find, and suggest the fastest fix. If you’d rather not wait, we’ll book a time that suits your schedule and send a reminder. Before you leave, we’ll make sure everything works the way you expect.",9.847908,2.287259,399,4.9031243,0,5.7503114,3389.0493,78.34331,0.0,37532,657,0.017505063,6.4876842,5.570757,589.368,0.728451669216156,1.0
"Context:
The singer’s new tour sold out in minutes, and scalpers couldn’t keep up. Reviews praised the performance as if it were a different era of their career. Even casual listeners knew the chorus from short clips online. It was popularity backed by real delivery on stage.",54.923874,4.005948,400,10.9625,1,5.6478133,3369.369,75.10688,0.0,26489,622,0.023481445,6.43294,5.2722573,596.57935,0.9633806347846985,1.0
"Context:
She kept repeating the warm-up routine until it felt automatic. The guidance was general, meant for anyone starting out. After each restart, she followed the same sequence. Eventually the whole process became smooth.",72.691284,4.2862215,401,9.700001,1,6.9368167,3369.369,85.67638,0.0,19917,619,0.031078978,6.4281054,5.096032,485.72263,0.9633806347846985,1.0
"Context:
Our training session is scheduled for Tuesday at 09:00. The invite includes a link and a clear end time. I blocked the slot on my calendar to avoid overlap. After lunch, I planned the rest of the day around it.",27.330257,3.3079944,402,7.1749997,1,6.111885,3369.369,81.02708,0.0,23846,610,0.02558081,6.413459,5.1276526,551.28143,0.9633806347846985,1.0
"Context:
It started in a school library where a dusty book whispered when opened. The main character read one sentence and felt the room tilt, like gravity had been rewritten. Outside, the sky turned the color of bruised peaches, calm and wrong. She shut the cover, but the words followed her down the hallway.",40.469715,3.700554,403,8.090618,1,5.057238,3369.369,72.01355,0.0,28687,627,0.02185659,6.4409466,5.2007074,666.2468,0.9322423934936523,1.0
"Context:
On Thursday evening, I rehearsed a presentation and tracked each slide by the minute to keep my pace steady. The next day, the afternoon session ended early, leaving me with an unexpected hour. I rearranged next week’s schedule, then looked ahead to the month and the year, trying to make the plan coherent. A long-term goal for the next ten years felt distant, but it shaped what I chose to do with today. As the countdown reached the last few seconds, I took a breath and started speaking.",23.423815,3.1537533,404,5.909374,0,3.468797,3369.369,57.007385,0.0,47987,636,0.013253589,6.455199,5.4643593,971.3364,0.03082425333559513,0.0
"Context:
The sports program displayed the venue location, the match time, and seat numbers for the crowd. A legal memo behind it included a filing date, paragraph numbers, and a statute section she needed to reference. The document began with I and a number that introduced the first claim without delay. She then compared gene expression profiles from brain samples to profiles from a cell line assay to check consistency. She finished by recording a media citation with a title, a creator name, and an episode number.",76.52795,4.337656,405,9.087499,0,3.2349129,3369.369,57.72329,0.0,44450,623,0.014015748,6.4345465,5.182874,1041.5641,0.03082425333559513,0.0
"Context:
On the counter sat a bowl of just-picked strawberries and a pitcher of chilled lemonade. The fruit still carried a cool snap, and the kitchen smelled like mint that had been bruised a moment ago. She tasted one and smiled at how crisp it was. Nothing about it felt tired or leftover.",31.756905,3.45811,406,7.221874,1,4.8297954,3369.369,71.79491,0.0,27792,617,0.022200633,6.424869,5.0783134,697.62146,0.9230890870094299,1.0
"Context:
She whisked eggs with a splash of milk until foamy. Butter melted in the skillet and started to sizzle. The omelet set slowly as she folded in herbs and cheese. It slid onto the plate perfectly.",30.879602,3.430096,407,7.518748,1,6.5933948,3369.369,85.6525,0.0,21214,603,0.028424624,6.4019175,5.0534863,511.02188,0.9633806347846985,1.0
"Context:
Aurora Park Stadium introduced new wheelchair spaces and companion seats as part of its accessibility project for disabled fans. The club combined its own funds with a financial support program that rewarded community-focused renovations. Contractors provided a clear breakdown of product specifications for the modular ramps and the upgraded gate hardware. To attract more visitors, the communications team boosted website traffic using backlinks, search optimization, and a short burst of advertising. Afterward, positive reviews described a welcoming atmosphere and a far smoother entry process.",86.72712,4.4627666,408,10.0625,0,3.950669,3369.369,66.132286,0.0,43595,622,0.014267691,6.43294,5.3016963,852.86035,0.03082425333559513,0.0
"Context:
I began by crafting the beginning of the document so it would read like a finished deliverable, not a notebook. The introduction that followed explicitly framed the work across diverse scientific fields, which matched the committee’s expectations. To keep the reader engaged, I included the beginning of a text excerpt that starts with a strong image. I then wrote the beginning of a review paragraph about a service we relied on, and I polished the beginning of the text so it didn’t repeat itself.",37.220802,3.6168678,409,8.8125,0,3.3970728,3369.369,58.31608,0.0,44473,635,0.014278326,6.453625,5.2754035,991.8448,0.03082425333559513,0.0
"Context:
Meadowgate Stadium reopened after renovations that improved access for disabled attendees from the parking area to the stands. The club leaned on financial support from a community grant that required transparent reporting. Product sheets at the entrance described features and specifications for the new ramps, rails, and seating platforms. The marketing team pushed backlinks, search tweaks, and paid ads to increase traffic to the match information page. That night, the review section filled with positive comments about the easier navigation and helpful staff.",55.670433,4.019449,410,9.187497,0,4.0668254,3369.369,65.78179,0.0,43614,629,0.014421974,6.4441314,5.359072,828.501,0.03082425333559513,0.0
"Context:
The guide aimed to cover all aspects, including timing and what to do in each scenario. The routine started with a minimal version to make it approachable. If someone quit, they restarted and repeated the general lesson. Most people practiced daily, but any amount of time was still valued. The rule was absolute, and the results looked whole.",86.199844,4.4566684,411,10.518749,0,4.584951,3369.369,68.409935,0.0,31313,622,0.019863954,6.43294,5.2082233,734.8757,0.17363548278808594,0.0
"Context:
The site combined a science update with a countdown clock and a prompt to subscribe for the long-form writeup. To fix the charts, she swapped a muddy blue for #03A9F4 and checked the RGB channels to keep gradients smooth. Her hands were sore from typing, and she kept counting errors aloud when the numbers in the table wouldn’t reconcile. During a break, she watched a league highlight and recognized the teams instantly from their kits. The whole day felt like staring at colors.",90.11939,4.5011353,412,10.0125,0,3.3434103,3369.369,57.753223,0.0,46641,626,0.013421668,6.4393506,5.3113184,1007.7641,0.03082425333559513,0.0
"Context:
A thriller opened with an elevator that refused to stop at any labeled floor. We run building maintenance, so we checked the control panel and scheduled a safety inspection. We’re glad you reported it immediately, because that kind of behavior can’t be ignored. We’re hopeful the fix is simple and you’ll feel safe riding it again.",36.643562,3.6012378,413,8.874997,0,5.1279664,3369.369,70.14794,0.0,32633,627,0.01921368,6.4409466,5.4192667,657.0575,0.34737882018089294,0.0
"Context:
A familiar brand sponsored the livestream and the company name sat in the corner. The presenter explained how they use online marketing to increase traffic and earn backlinks. My account page showed a short description of a system fix that had just rolled out. The stream page showed the date and a countdown to the start time. I cooked a quick noodle recipe during the waiting screen.",79.18811,4.371826,414,9.5875,0,4.1254454,3369.369,65.95812,0.0,33494,621,0.018540634,6.431331,5.116124,816.7285,0.376648485660553,0.0
"Context:
After launching the store, she focused on getting more eyes on it without changing the product line. She reached out to partners for mentions, improved the site speed, and added clear headings that matched common queries. A small ad campaign ran for two weeks to test which pages pulled the most engaged visitors. The analytics dashboard started showing longer sessions and more returning users.",42.873814,3.7582612,415,7.678125,1,4.2872057,3369.369,67.42205,0.0,33059,624,0.018875344,6.4361506,5.145022,785.9126,0.5729132890701294,1.0
"Context:
The film opened to packed theaters, and the audience stayed quiet through the final scene. Ratings held steady after the first weekend instead of dropping. Friends who rarely go out made plans just to see it. Success showed up in both numbers and conversation.",49.632416,3.9046443,416,8.887499,1,7.4752073,3389.0493,94.05694,0.0,23432,651,0.02778252,6.4785094,5.229479,453.37195,0.962760329246521,1.0
"Context:
He brought fresh pastries for the incoming students and poured cold juice into paper cups. The air smelled freshly cleaned, with a sharp hint of soap. When a dispute about room assignments started, he told the truth and pulled up the official list. They erased the whiteboard and restarted the plan from scratch, one step at a time. Later, they stood by the lake and watched water lap against the shore.",43.77779,3.7791266,417,8.431247,0,4.9666333,3389.0493,75.54953,0.0,37051,671,0.018110173,6.508769,5.323747,682.3635,0.18802307546138763,0.0
"Context:
He grew up watching people treat money like a moral scorecard, and it made him furious. In one neighborhood, wealth showed up as comfort and free time, while poverty looked like constant stress and second jobs. A friend insisted the difference was “mindset,” but he could see how the rules were stacked long before anyone formed an attitude. When he donated quietly, he hoped it would help without turning into a lecture.",37.12295,3.6142354,418,8.7875,1,5.134209,3389.0493,75.38296,0.0,38806,660,0.017007679,6.49224,5.4562736,660.0918,0.5871275067329407,1.0
"Context:
The training app pushed a new plan, and within two weeks my intervals stopped feeling like punishment. My teammate tried it too, and we both set personal bests at the same meet. In our club chat, everyone started asking what we changed. It wasn’t hype, it was numbers on the stopwatch.",54.032894,3.989593,419,8.537499,1,6.235568,3389.0493,84.761116,0.0,29139,657,0.022547102,6.4876842,5.3063693,543.5029,0.9366479516029358,1.0
"Context:
Outside Buckingham Palace, the line stretched farther than I expected, and someone guessed it was between two and three blocks long. I opened my notebook and tried to begin with a sentence that sounded like a real moment, not a brochure. Tourists nearby argued about replacing the current tour operator with a different company, insisting the royal site deserved better oversight. The ticket desk explained the fee tiers and why the premium option existed at all. I ended my entry with a short closing line before the crowd nudged me forward.",59.642384,4.0883665,420,8.762499,0,4.3840337,3389.0493,68.6465,0.0,46257,672,0.014527531,6.510258,5.512661,773.04364,0.03082425333559513,0.0
"Context:
He nodded like the outcome was guaranteed and said there was no chance of failure. The way he spoke left no room for “maybe,” and it made everyone else uneasy. When the results came back different, he looked more confused than embarrassed. It wasn’t the mistake that surprised them, it was the certainty.",26.059917,3.2603984,421,7.046875,1,6.158753,3389.0493,84.22127,0.0,29571,648,0.02191336,6.473891,5.3122845,550.28174,0.9290692210197449,1.0
"Context:
She arrived at the beginning of the semester with almost nothing prepared. A tiny bit of planning each day changed the pace. After a week, she already felt ahead. The improvement started with a minimal effort.",55.143887,4.009946,422,8.15,1,8.54185,3389.0493,101.32677,0.0,19917,639,0.032083146,6.4599047,5.174617,396.75824,0.962760329246521,1.0
"Context:
The brochure listed the hotel’s address, the check-in time, and the room count in neat columns. She traced the line that showed the city and the floor number, making sure it matched the map. A separate line mentioned a sports event nearby and the exact date it started. The whole page read like a careful inventory of places and numbers.",42.557117,3.750847,423,8.762499,1,5.4005213,3389.0493,79.37061,0.0,33085,654,0.019767266,6.4831076,5.2702904,627.54114,0.7874951958656311,1.0
"Context:
He bought a new pastry and a refreshing drink before meeting the newest interns. The café smelled clean, with a bright citrus note lingering in the air. When a misunderstanding about deadlines appeared, he stated the truth and showed the calendar invite. They scrapped the old plan and started again from scratch with a simple timeline. Outside, rainwater ran along the curb like a narrow stream.",91.290054,4.514042,424,10.568748,0,5.2916536,3389.0493,78.13189,0.0,34856,663,0.019021116,6.496775,5.3134537,640.45184,0.16695822775363922,0.0
"Context:
She read the article twice, then a third time, because the first pass was all emotion. After letting it sit, she returned and noticed how different the claims looked when she traced each one back to its source. She asked herself what she might be missing and wrote down questions instead of conclusions. When she finally spoke about it, her tone was slower and more careful.",27.354012,3.3088632,425,7.15625,1,5.5992627,3389.0493,79.21994,0.0,34425,661,0.019201161,6.493754,5.3999968,605.2671,0.4364033341407776,0.0
"Context:
In Orlando, Florida, I checked into a hotel next to a business park where a finance seminar was being held. I presented my segment in a ballroom, switching between slides and a live demo while people watched from round tables. During the break, I bought chocolate eggs from a store in the lobby and called my dad to confirm the family plans for Sunday. That night, I opened a post that started with card-game instructions, tossed in a color palette link, and ended with fish care tips and mattress arguments.",51.035923,3.9325297,426,9.875,0,4.120044,3389.0493,68.12931,0.0,47124,668,0.014175368,6.504288,5.3992877,822.5759,0.03082425333559513,0.0
"Context:
The mission trip fundraiser included a URL with a file extension and digits in the middle, and it was clearly meant for donations. The link had a trailing dot and extra separators, so I had to clean it up before it would load. When it finally opened, it landed on a .php page that explained what the donation was for and how it would be used. Someone had quoted it with “/>.” at the start of the line, making the address look corrupted. I asked whether the service was good for international cards and posted the fixed link in brackets.",38.05566,3.6390498,427,8.449999,0,3.8019183,3389.0493,64.82831,0.0,51079,671,0.013136514,6.508769,5.4344916,891.4051,0.03082425333559513,0.0
"Context:
The authors released their results with a carefully worded conclusion and a link to earlier material for readers who wanted the full trail. At lunch, my coworker gave a quick status update on the formal agreement process and sighed about another revision cycle. I later asked an online community for practical resources, and several people replied with links that filled in missing details. After that, I set up a feed subscription so I wouldn’t miss the next announcement. On my way home, I remembered it was the anniversary year of my parents’ move, which made the timeline feel oddly personal.",40.111515,3.6916635,428,8.5625,0,3.9661863,3389.0493,65.8055,0.0,51531,675,0.013098911,6.514713,5.489365,854.48566,0.03082425333559513,0.0
"Context:
We had to pause a release because the legal team identified a risk in the service terms. The workspace we rented was large, clean, and surprisingly affordable, which helped the team settle in. Outside, protesters waved signs at party leaders and demanded changes to government policy. I reviewed the situation carefully and kept my notes focused on what I could verify. By the end of the day, I improved the product’s design so it felt more intuitive and supportive for users.",45.767807,3.823581,429,8.78125,0,4.315079,3389.0493,70.70527,0.0,42731,662,0.015492265,6.4952655,5.311836,785.3968,0.03082425333559513,0.0
"Context:
In Boston, Massachusetts, our team met at a finance firm’s headquarters and talked through contracts in a room with a view of the harbor. I was asked to present the final proposal, so I stood in front of a large display while people followed along. On the way back, I stopped for Easter treats and then called my aunt to ask which relatives were arriving first. That night, a blog entry began with a card-game setup, shifted into color choices, and ended with fish tank reminders and mattress comparisons.",50.67722,3.9254766,430,8.668733,0,3.9282684,3389.0493,66.7646,0.0,47561,658,0.013834865,6.489205,5.356003,862.73364,0.03082425333559513,0.0
"Context:
The invoice had a company logo at the top and a note about an automated system upgrade scheduled for November. A fleet list on the second page included vans, pickups, and a single compact car for city routes. In the workshop, motors spun up as technicians tested the machinery. The supervisor circled a few line items and said everything should run faster after the changeover.",65.92439,4.1885085,431,8.90625,1,5.2755413,3389.0493,78.55894,0.0,33952,649,0.01911522,6.475433,5.2691703,642.4079,0.8285922408103943,1.0
"Context:
The clinic downtown had a quiet waiting room with soft chairs and a shelf of worn magazines. I checked in at the front desk and listened for my name over the low hum of conversation. When I stepped outside afterward, the street vendors nearby were packing up for the day. The whole trip felt tied to that one location, from the sign on the door to the bus stop out front.",32.09596,3.4687302,432,8.174997,1,4.2780776,3369.369,65.6971,0.0,35711,626,0.017529612,6.4393506,5.280811,787.5895,0.792297899723053,1.0
"Context:
The hiking trail dropped away, and a patch of forest sat below the ridge like a soft blanket. I checked the map in order, making sure each turn matched the sequence of markers. At the trailhead, a small stand rented walking poles and sold snacks to anyone passing through. I studied the technical specifications on a headlamp, wondering if the brightness rating meant anything in real darkness. Back at the cabin, I cooked beans using a recipe that demanded slow heat and constant tasting.",50.81385,3.928169,433,7.4124994,0,3.7890038,3369.369,59.827785,0.0,43638,647,0.014826528,6.4723463,5.442171,889.24927,0.03082425333559513,0.0
"Context:
The forecast said 3°C in the morning, so I packed an extra layer before leaving the hotel. In February, the streets in Oslo felt sharper, and my breath hung in the air. We ended up at a small restaurant where the tables were close together and the chatter bounced off the walls. After dinner, we wandered past a theater poster and debated whether to catch the late show.",21.427336,3.0646675,434,6.590625,1,4.026237,3369.369,63.997704,0.0,36566,625,0.01709238,6.437752,5.2255983,836.8531,0.8827842473983765,1.0
"Context:
I gave a broad summary of what happened, leaving out tiny details. The story began again at the first checkpoint to keep it clear. In the end, the picture felt complete. Nobody needed extra context to understand it.",58.331158,4.0661364,435,9.787499,1,6.270335,3369.369,81.9369,0.0,21220,615,0.028982092,6.4216223,5.0575476,537.3507,0.9633806347846985,1.0
"Context:
The first paragraph read like the start of a hobby blog, launching into a weekend of cards and friendly trash talk. Then it veered into a tiny tutorial on choosing colors for a digital board layout. A sidebar note reminded readers not to forget the fish tank while they got absorbed in a game night. Later, the author thanked an online community and joked about needing a better mattress and a smarter watch.",61.467834,4.118514,436,8.924999,1,3.9455822,3369.369,62.949444,0.0,37009,625,0.016887784,6.437752,5.25227,853.9599,0.8705622553825378,1.0
"Context:
A brochure on the counter listed Aurora Logistics in bold letters next to a sketch of a delivery van. The fine print mentioned March as the rollout month for a new automated sorting line. In the warehouse, a conveyor belt thumped and a robotic arm moved cartons with steady precision. The whole place smelled like oil and fresh cardboard.",66.19807,4.1926513,437,11.3125,1,4.450086,3369.369,68.4542,0.0,30423,619,0.020346448,6.4281054,5.11287,757.1469,0.8414315581321716,1.0
"Context:
A small restaurant became famous after a critic called it the best in the city, and the line wrapped around the block. The owner used the momentum with a simple marketing push, and reservations filled months ahead. A council member talked about the place while promoting tourism, and the mention boosted the neighborhood’s reputation. Strong results, business growth, and public visibility arrived as one package.",37.409523,3.6219254,438,7.474999,0,4.4946256,3369.369,66.501656,0.0,35257,617,0.01750007,6.424869,5.3441715,749.644,0.2630634605884552,0.0
"Context:
From the bleachers, the court lay bright below, and the players looked faster than I expected. The coach insisted we run drills in sequence, repeating each one before moving to the next. After practice, we went to a smoothie place in the same complex and ordered at the counter by the door. My teammate showed off a new laptop and quoted technical specifications like a salesperson. At home, I followed a recipe for oatmeal cookies, pulling them out just as the edges browned.",33.492237,3.5113137,439,7.887499,0,3.4231641,3369.369,58.78907,0.0,43588,634,0.014545288,6.452049,5.2495832,984.2849,0.03082425333559513,0.0
"Context:
The new partnership looked promising until due diligence surfaced unresolved disputes. Business development wanted to move fast, but the risk register kept growing with every meeting. The legal advisor drafted a cautious amendment that limited exposure in case things went sideways. Even the engineering team started talking like lawyers by the end of the week.",63.027935,4.143578,440,8.718749,1,5.027812,3369.369,72.164474,0.0,28246,622,0.022020817,6.43294,5.1722703,670.1462,0.8488901853561401,1.0
"Context:
On Monday the inbox was heavy, so I cleared the most urgent messages first. By Wednesday, the project finally felt manageable, and my shoulders stopped creeping up toward my ears. Friday evening arrived with the relief of a door closing behind me. On Sunday, I wrote a short plan for the week ahead and tried to keep it simple.",27.4219,3.311342,441,7.690625,1,4.4917507,3369.369,68.47595,0.0,31313,621,0.019832019,6.431331,5.149556,750.1238,0.6457474231719971,1.0
"Context:
The scoreboard flashed 6 to 9 after the first period, and the whole arena reacted as if it were a verdict. At Wembley, I typed a message and tried to begin with something steadier than a statistic. In the concourse, fans argued about replacing the coach with an alternative backed by the board, and every point seemed personal. The food stalls were raising prices again, and people grumbled about paying more for less. I ended my text with a quick sign-off before the crowd swallowed me.",63.760124,4.155128,442,11.1375,0,3.356658,3369.369,57.30832,0.0,46661,635,0.013608796,6.453625,5.3478074,1003.7868,0.03082425333559513,0.0
"Context:
He nodded toward the earlier chapter, bringing a small quote forward to anchor the new section. She repeated what he had said during the briefing so the phrasing matched the official record. The room shifted into formal discussion, and statements were delivered slowly, without improvisation. Someone referenced a prior incident that explained the stricter review process, and the tension was easy to feel. They finished by sharing the information previously provided in the minutes so nobody walked out with a different understanding.",87.392746,4.4704123,443,8.868749,0,3.5711372,3369.369,59.707623,0.0,41838,634,0.015153688,6.452049,5.273848,943.50024,0.03082425333559513,0.0
"Context:
Engineering found a vulnerability, and legal immediately asked how exposure would be handled if anything went wrong. The conference hotel was roomy and quiet, and the overall quality made it feel like a good deal. A political segment on the lobby screen showed officials blaming each other for a policy mess. I took a moment, reread the details, and tried to understand the situation before speaking up in the meeting. Afterward, I adjusted the interface with clearer labels and a smoother path through the most common task.",75.642685,4.3260207,444,10.831249,0,3.5737503,3369.369,58.715496,0.0,44481,633,0.014230795,6.4504704,5.3727365,942.8104,0.03082425333559513,0.0
"Context:
The preprint finally came out, and the authors summarized the main finding in plain language at the top. In the discussion, they admitted a limitation that could bias the effect size and suggested a follow-up experiment. I clicked the citation trail and ended up on an older report that the new paper directly builds on. The conclusion was cautious, but the numbers still shifted how I think about the topic.",33.39936,3.5085368,445,7.8000007,1,3.979329,3369.369,63.555096,0.0,36570,628,0.017172545,6.44254,5.2200303,846.71783,0.7600203156471252,1.0
"Context:
A new batch of pastries arrived just as the new hires reached the office. The place smelled crisp, like laundry dried in cold air. When someone accused a teammate unfairly, she corrected the story with the exact facts. They scrapped the messy plan and began again with a simple workflow. On their break, they walked past the river and listened to the water rush under the bridge.",50.84649,3.928811,446,8.781246,0,4.1433105,3369.369,65.05544,0.0,34831,628,0.018029915,6.44254,5.2105184,813.207,0.47521939873695374,0.0
"Context:
A financial statement arrived with quarterly dates and totals aligned to the right. He followed the line that showed interest, then the one that showed fees with a small percentage beside it. The account number appeared on every page like a reminder. The document felt like it spoke in timestamps.",101.96844,4.6246634,447,9.35625,1,4.9670396,3369.369,73.71151,0.0,26028,610,0.023436299,6.413459,5.0037456,678.34546,0.9448884129524231,1.0
"Context:
The mug on his desk carried a simple company wordmark. He said it was from a conference booth downtown. The brand name kept popping up in our meeting notes. I finally asked what they actually build.",98.02548,4.5852275,448,9.5625,1,8.220923,3389.0493,100.27055,0.0,19920,632,0.031726908,6.4488893,5.1245074,412.2468,0.962760329246521,1.0
"Context:
I found an RSS link hidden in the footer and subscribed out of curiosity. Since then, every new article drops into my feed reader within minutes. It’s nice to control the flow instead of relying on social media to surface updates. If the feed ever breaks, I’ll notice immediately.",26.894726,3.2919302,449,6.146875,1,6.508868,3389.0493,87.06338,0.0,27831,638,0.022924077,6.4583383,5.2995186,520.6818,0.9633806347846985,1.0
"Context:
At Wembley, the announcer promised the gates would open between six and seven, and the crowd pressed closer. I drafted a quick message to my friend, then trimmed the first sentence until it sounded calm instead of frantic. Nearby, fans debated whether the club should replace the sponsor with a different brand, blaming the league for pushing the change. Inside, the prices for food felt like a separate event, and people compared what the bundles actually cost. When the match ended, I closed my text with a single sharp sentence and hit send.",55.580173,4.0178266,450,10.237497,0,3.8876462,3389.0493,66.14906,0.0,48424,652,0.013464398,6.4800444,5.3907905,871.7484,0.03082425333559513,0.0
"Context:
The weekend felt too short, so I stretched Saturday morning with coffee and a book. By Saturday night, the city sounded louder, as if everyone had decided to be out at once. Sunday afternoon came with a quiet pressure, the sense that time was folding back toward work. When Sunday night arrived, I set an alarm and tried not to think about Monday.",25.491339,3.2383387,451,6.3125,1,5.3106394,3389.0493,78.87931,0.0,33515,639,0.01906609,6.4599047,5.2627397,638.1622,0.8802073001861572,1.0
"Context:
The race official counted down in seconds, and the crowd went quiet as the numbers dropped. I held my breath through the last few seconds, waiting for the signal. The first minute after the start felt chaotic, full of elbows and quick decisions. When it steadied, I found a pace that matched the time I’d trained for.",26.81645,3.2890155,452,6.8125,1,5.6672854,3389.0493,82.002785,0.0,31772,640,0.020143522,6.461468,5.2558355,598.0022,0.6181878447532654,1.0
"Context:
He marked the ticket as “in progress” and added a short note that the database migration still needed review. Later, he edited the wiki page to reflect the latest schema change and linked the updated table names. When a coworker asked for an ETA, he pointed to the checklist and said the deployment was blocked on one missing permission. By the end of the day, he flipped the status to “done” and pushed the update.",28.137016,3.337086,453,7.287498,1,4.364524,3389.0493,71.91507,0.0,39633,632,0.015946308,6.4488893,5.233303,776.4992,0.14444461464881897,0.0
"Context:
The seedlings needed about three months before they were strong enough to move outside. Each month I measured them with a ruler, surprised by how slowly growth can happen. By the final month, the leaves were thicker and the stems stopped bending under their own weight. When I planted them in the garden, it felt like finishing a long, quiet task.",25.257505,3.2291234,454,7.5593743,1,5.4660926,3389.0493,80.041214,0.0,32199,634,0.019690052,6.452049,5.266515,620.0132,0.7164033651351929,1.0
"Context:
The donation appeal for the mission trip had a URL with a file extension and a numeric segment that looked like a page ID. The link someone shared ended with stray punctuation and odd separators, so it failed on the first click. Once cleaned up, it opened a .php page where the text explained what the fee was for and how the form worked. Another line began with “/.” before the URL, which I recognized as accidental formatting from a paste. I replied with a question about whether the service was good for small budgets and placed the link in brackets.",53.828426,3.9858017,455,8.824999,0,3.6052642,3389.0493,64.15622,0.0,51039,642,0.012578616,6.464588,5.3429003,940.028,0.03082425333559513,0.0
"Context:
I wrote the beginning of the document first, so every later section had a stable anchor. Next, I framed the work at the start as spanning multiple scientific fields, since the audience includes different departments. I placed the beginning of a text excerpt in the middle as a compact quote that didn’t need extra context. Near the end, I opened the review part with the beginning of a product-and-service assessment, then I revisited the beginning of the text for final edits.",48.75706,3.88685,456,8.162498,0,4.3224487,3389.0493,69.92388,0.0,44064,650,0.01475127,6.4769726,5.385322,784.05774,0.03082425333559513,0.0
"Context:
A property listing on his screen included the street address, the unit number, and the viewing time. A legal memo nearby cited a regulation section, included a filing date, and referenced an exhibit number. The text he drafted began with We and a number that marked the first part of the outline. Later, he compared gene expression profiles from brain tissue to profiles from a standard cell line. He saved a publication entry with a title, an editor name, and an issue number for his references.",51.848667,3.9483292,457,8.5625,0,4.104662,3389.0493,69.1343,0.0,44903,639,0.014230675,6.4599047,5.317398,825.65857,0.03082425333559513,0.0
"Context:
The sports ticket displayed the stadium address, the start time, and the section and seat numbers in bold. A technical report stapled behind it listed a version number, a release date, and figure numbers referenced throughout. The report he wrote began with We and a number that introduced the first subsection. In the lab notebook, gene expression profiles from brain tissue were compared to profiles from a cultured cell line. He bookmarked a publication with its title, author name, and volume number before heading out.",56.47032,4.0337152,458,10.231245,0,3.752557,3389.0493,67.06808,0.0,45333,633,0.013963338,6.4504704,5.1957803,903.1307,0.03082425333559513,0.0
"Context:
I wrote, “Does this service work for Denmark?” and included the URL in brackets so it wouldn’t break the chat formatting. The reply came back quickly with a short explanation and another link. I opened both and compared what they promised against my needs. In the end, the question mattered more than the marketing copy.",41.573463,3.727462,459,7.65625,1,5.604195,3389.0493,81.74881,0.0,30444,638,0.02095651,6.4583383,5.2047386,604.7344,0.949804961681366,1.0
"Context:
The flyer ended with a short link that looked like a URL, complete with a file extension and a page number. It was collecting donations for a small team heading out on a mission trip next month. I typed the address carefully because one wrong character would send me nowhere. After I paid, the confirmation page showed the same link again at the bottom.",34.585236,3.543427,460,6.5687494,1,5.341856,3389.0493,79.35486,0.0,32642,641,0.019637277,6.4630294,5.2432356,634.4329,0.7444567680358887,1.0
"Context:
The musician’s single performed well, but the bigger surprise was how it boosted the brand collaboration attached to it. Marketing clips spread everywhere, and the product sold out at the exact peak of attention. A mayor praised the event for bringing money into the city, and the statement made the news cycle. The week ended with results on charts, receipts in stores, and public approval in speeches.",93.121086,4.5339007,461,11.375,0,4.9205246,3389.0493,75.986336,0.0,36145,635,0.017568128,6.453625,5.2643085,688.75775,0.37511903047561646,0.0
"Context:
The shelf sagged because the brackets behind it weren’t anchored properly. I slid a support board under the load to stop it from bending further. When the screws finally bit into the stud, the whole structure felt backed by something solid. I took responsibility for the fix because it was my setup that failed.",38.38993,3.6477952,462,7.5124993,1,6.2249517,3389.0493,84.550674,0.0,29154,643,0.022055293,6.4661446,5.320086,544.4298,0.8599287867546082,1.0
"Context:
The guidebook listed a hotel’s neighborhood, the room number, and the late check-in time, all neatly aligned. Next to it, a technical report showed a version number, a release date, and serial numbers for the equipment. The draft opened with We and then dropped a number into the second line like a signpost. Later, he loaded gene expression profiles from brain tissue and compared them to profiles from a cell line control. He bookmarked a headline by title and journalist name, noting the article number before closing the tab.",56.93722,4.0419493,463,10.212498,0,3.7639685,3389.0493,65.51582,0.0,49735,650,0.013069267,6.4769726,5.358472,900.3926,0.03082425333559513,0.0
"Context:
He described the overall pattern of the team across the season. The approach was general, not tied to one match. Even after a fresh start, the same habits returned. By midyear, the repetition was obvious.",60.142193,4.0967116,464,9.1875,1,8.605175,3389.0493,100.74514,0.0,20818,655,0.031463157,6.4846354,5.258129,393.8385,0.962760329246521,1.0
"Context:
The dog stayed near my left leg while the kids ran ahead. Our bags were stacked beside the door, and the keys lay next to the blue notebook. I kept saying where things were relative to each other so nobody had to search. When the phone was found under the pillow, the whole room relaxed.",53.85423,3.986281,465,7.9562483,1,6.4819894,3389.0493,86.49084,0.0,28709,660,0.022989307,6.49224,5.325697,522.84094,0.9200172424316406,1.0
"Context:
A small coffee company opened near the station, and the line never seemed to shrink. Photos of the cups kept showing up on social media, and tourists started treating it like a must-stop. Within a month, they added staff just to keep pace. The venture felt inevitable once the buzz caught fire.",37.050358,3.612278,466,8.031247,1,6.3211226,3389.0493,86.08197,0.0,28711,662,0.023057364,6.4952655,5.2787714,536.1467,0.9633806347846985,1.0
"Context:
I wrote an opening sentence that began with the date range from 2019 to 2024, then caught myself and rewrote it so it flowed. Outside the window in Kyoto, the conference banners were still fluttering from the morning keynote. In the hallway, people argued about replacing the current committee chair with an alternative proposed by the regional chapter. When I checked the registration desk, the service fee policy had changed again, and everyone was doing mental math. I ended my notes with a short closing line so I could hand the page to my colleague without extra explanation.",33.978153,3.5257177,467,7.95,0,3.7007205,3389.0493,64.46092,0.0,53267,674,0.012653237,6.5132303,5.419594,915.78094,0.03082425333559513,0.0
"Context:
He compiled citations for a report and needed the exact publication titles and author names. Each entry included a volume number, an issue number, and a year in parentheses. A few items were news articles with headline numbers used by the archive. The list looked like a careful roll call.",79.53589,4.3762083,468,9.9375,1,6.8956656,3389.0493,89.847466,0.0,26524,656,0.024732318,6.4861608,5.283275,491.4753,0.9633806347846985,1.0
"Context:
He saw the company name on a banner outside the lecture hall. Inside, a speaker discussed online marketing tactics and backlink audits. My account on the learning platform loaded slowly and showed an automated status message. The program had fixed dates and exact session times across the day. Afterward I cooked a chili recipe using beans and smoked paprika.",95.86341,4.5629244,469,8.837497,0,5.8185644,3389.0493,83.03982,0.0,30899,657,0.021262825,6.4876842,5.2452803,582.4545,0.6145382523536682,1.0
"Context:
She laid out the markers and chose teal first, then switched to a sharp magenta for the title. The page looked flat until she added a thin black outline around the letters. When she stepped back, the colors worked together better than she expected. She capped the pens and smiled at the finished page.",37.04331,3.6120877,470,9.237499,1,6.344621,3389.0493,86.65835,0.0,28264,657,0.023245117,6.4876842,5.247896,534.161,0.9633806347846985,1.0
"Context:
I planned the savings goal over five years so it wouldn’t feel impossible. In the first year, the progress was small, but it proved the system worked. By the third year, I could see the number changing in a way that felt real. When the fifth year arrived, I realized patience had done most of the work.",23.464315,3.1554809,471,6.1031246,1,6.104349,3389.0493,83.05728,0.0,31354,662,0.021113733,6.4952655,5.3867836,555.18604,0.8605592846870422,1.0
"Context:
I joined a small online group where everyone shares links to tools and tutorials they’ve tested. The conversations move fast, but the best posts get pinned so newcomers can catch up. Whenever someone asks for recommendations, people respond with specific resources instead of vague advice. It’s the first place I check when I need guidance.",21.018894,3.0454218,472,6.35,1,6.382085,3389.0493,84.80971,0.0,30498,663,0.02173913,6.496775,5.4104614,531.02545,0.898504912853241,1.0
"Context:
She joined the gym on a whim and promised to go most days. Some days she only managed a short session, but it still counted. Over months, the total time added up. The routine became part of her life.",25.788815,3.2499409,473,7.5187497,1,8.306252,3389.0493,98.71677,0.0,21701,655,0.03018294,6.4846354,5.267762,408.01187,0.962760329246521,1.0
"Context:
A short message included “.php” and a number, then ended with the word “for,” like it was copied mid-sentence. I opened the page and found a pricing table that explained what the plan was for in concrete terms. The site looked dated, but the details were clear enough to act on. I took a screenshot before leaving in case the link changed.",41.947956,3.7364297,474,7.593751,1,5.4349327,3389.0493,78.99209,0.0,34406,663,0.019269895,6.496775,5.343179,623.5679,0.2735162079334259,0.0
"Context:
We offer same-day pickup for most orders placed before noon. If you tell us the model number, we can confirm compatibility and set the right configuration. Our team can also install the accessory for you while you wait. When you arrive, just mention the reservation name and we’ll take it from there.",16.36875,2.795374,475,5.9375,1,7.0504355,3389.0493,88.11159,0.0,29183,660,0.022615906,6.49224,5.4777484,480.68652,0.8542917966842651,1.0
"Context:
A post about donations for a mission trip included a URL with a file extension and a numeric piece like a webpage index. The link had awkward separators and a trailing punctuation mark that stopped it from loading. When I removed the extra characters, it opened a .php page explaining what the money was for and how it would be processed. Someone’s quote added “>. ” before the URL at the beginning of the line, which made the address look corrupted. I asked if the service was good for recurring donors and shared the fixed URL in brackets.",51.81371,3.9476547,476,8.74375,0,3.9391227,3389.0493,66.35683,0.0,49767,676,0.013583298,6.516193,5.42299,860.3564,0.03082425333559513,0.0
"Context:
After switching to the new shoes, my race times dropped by almost a minute. I expected a small change, but the grip felt unreal on the wet corners. By the final lap, I was passing people who usually finish ahead of me. The results board looked like a different season entirely.",36.250385,3.59045,477,7.28125,1,6.906529,3389.0493,89.18566,0.0,27401,652,0.023794752,6.4800444,5.3414335,490.70224,0.9207412004470825,1.0
"Context:
I whisked eggs with a pinch of salt, then poured them into a hot pan with melting butter. The edges set first, so I pushed them inward and let the soft center flow out again. A sprinkle of cheese disappeared into the folds as I finished it over low heat. I ate it standing at the counter, still warm and barely holding its shape.",21.480423,3.067142,478,5.6124997,1,6.0538926,3389.0493,83.53217,0.0,33568,668,0.019899905,6.504288,5.4205813,559.81323,0.726269006729126,1.0
"Context:
I stepped out of the station and saw the sign for Kyoto pointing toward the river. The taxi driver kept talking about the festival and how the streets change after sunset. At the gate of Buckingham Palace, tourists pressed closer whenever the guards moved. Later, I wrote a postcard from Times Square because it felt like the center of everything.",44.64551,3.7987537,479,8.662498,1,6.064083,3389.0493,83.578964,0.0,30917,665,0.021509202,6.499787,5.3378,558.8725,0.7211795449256897,1.0
"Context:
The sprint note said the wiki needed a refresh and the database migration was only half applied, so she left the status as “in progress.” A coworker joked that being broke is a mindset issue, and she watched the wealthiest person in the room laugh loudest. They installed the complete version of their analytics tool, and the manager spoke with absolute assurance about accuracy. After launch, she measured how often the dashboards failed and how long each outage persisted. The status eventually turned green, but she didn’t feel relieved.",64.85051,4.172085,480,8.8875,0,4.3432703,3389.0493,68.5029,0.0,46702,669,0.014324868,6.505784,5.507454,780.29895,0.03082425333559513,0.0
"Context:
He pointed back to the first page of the report, where the main claim had been laid out, and used that framing again in the conclusion. When a teammate asked about the wording, she repeated what had been mentioned in the call, emphasizing the exact phrase everyone was supposed to use. The meeting minutes captured each statement, and the discussion stayed careful because it was all on the record. Someone brought up prior events that had led to scrutiny, and the room tightened as memories surfaced. They ended by reopening the slide with the information previously displayed so the numbers were unmistakable.",45.72764,3.822703,481,8.375,0,3.9956362,3389.0493,65.390625,0.0,51554,676,0.013112465,6.516193,5.5307584,848.1877,0.03082425333559513,0.0
"Context:
I read a summary of study results and noticed the conclusion was paired with a link to previous content for comparison. In a separate thread, a status message explained that the formal agreement process was ongoing and not yet finalized. I relied on an online community to find resources, and a member shared a concise guide that cut through the noise. I subscribed to the feed so I could follow updates without signing up for emails. Later, the topic of anniversaries surfaced, and 2018 came up as a date people kept pointing to.",41.282784,3.7204456,482,7.8874993,0,3.9426775,3389.0493,66.61451,0.0,48431,662,0.013668931,6.4952655,5.3920627,859.5806,0.03082425333559513,0.0
"Context:
I opened the latest results, read the conclusion, and followed the backlink to see how earlier content framed the same question. Right after, a message about the agreement process said progress was steady but not complete, which dampened the excitement. I checked an online community for resources and found a helpful archive that explained the context with examples. I subscribed to the source’s feed so I’d notice the next update immediately. A commenter referenced 2013 as the year the debate really started, and that date stuck as shorthand for the beginning.",48.693462,3.8855448,483,8.525,0,3.9533658,3389.0493,65.38464,0.0,50655,676,0.013345178,6.516193,5.4929485,857.2567,0.03082425333559513,0.0
"Context:
Fresh herbs and warm bread filled the kitchen as the new roommates moved in. The air smelled clean after they washed the floors and opened the windows. When a neighbor asked why they moved, they told the truth instead of making it dramatic. They decided to start their household budget from scratch with a blank sheet and clear rules. Later, they walked to the river and watched water carry small branches downstream.",35.044273,3.5566123,484,7.3031254,0,5.178398,3389.0493,76.80144,0.0,36605,662,0.018084962,6.4952655,5.360173,654.459,0.22771257162094116,0.0
"Context:
Our startup’s growth looked slow until a competitor stumbled, and suddenly we were the obvious alternative. Influencers praised the results they got using the app, and the reviews read like victory laps. A city council member referenced the trend in a speech about innovation, which gave it a political shine. By the end of the quarter, popularity, sales, and public attention all reinforced each other.",59.59278,4.0875344,485,10.375,0,5.3594584,3389.0493,77.13659,0.0,36187,664,0.018349132,6.498282,5.424097,632.3492,0.31434014439582825,0.0
"Context:
The photo frame hung below the window, slightly off-center. The small hook sat after the larger one on the rail, so the coat ended up in the wrong place. I rearranged everything so the sequence made sense again. Once the positions were fixed, the whole wall looked calmer.",60.006332,4.09445,486,9.78125,1,6.5731196,3389.0493,87.93162,0.0,26945,647,0.024011876,6.4723463,5.2488737,515.5922,0.9633806347846985,1.0
"Context:
I subscribed to the site’s feed so new posts show up automatically without me checking the homepage. The moment an update goes live, it appears in my reader alongside the rest of my subscriptions. I tweaked the settings so it only alerts me for major announcements. That small change cut down my doom-scrolling a lot.",36.120323,3.5868556,487,8.0875,1,6.0749145,3389.0493,83.20847,0.0,30036,656,0.021840459,6.4861608,5.3363986,557.87604,0.888145387172699,1.0
"Context:
I was reading a new paper in a community forum, and someone linked back to an earlier post that summarized the first round of results. While we debated the conclusion, another person noted the agreement process for data access was still pending. I added the journal’s feed to my reader so I wouldn’t miss the next update. In the sidebar, a user mentioned they were born in 1998 and remembered the original event firsthand. By the time I closed the tab, I had both the study link and the community resource saved for later.",26.839138,3.2898612,488,7.3187494,0,4.0265965,3389.0493,66.09931,0.0,50631,671,0.01325275,6.508769,5.501297,841.66595,0.03082425333559513,0.0
"Context:
I clicked a promoted listing for a house near the river, and the website felt like a storefront with perfect lighting. It credited an organization managing the property and described mechanical systems that ran the security and ventilation automatically. In February, the temperature hovered around 4°C, and I watched a TV show later while thinking about whether I should take a new opportunity in another city. Dinner was roasted chicken with paprika, and the smell made the night feel beautiful in a way the ads couldn’t.",55.92938,4.02409,489,9.125,0,4.407977,3389.0493,69.39342,0.0,45388,665,0.014651449,6.499787,5.4769864,768.8446,0.03082425333559513,0.0
"Context:
He spent Saturday cleaning up broken links and rewriting page titles to match what people actually searched for. On Monday, he pitched a guest post to an industry blog to earn a backlink from a credible site. He also paused the broad ads and shifted the budget to a narrow set of keywords that matched the landing page. By the end of the month, visits from search had climbed steadily.",34.758,3.5484097,490,8.5625,1,5.286306,3389.0493,77.301414,0.0,35734,657,0.018385852,6.4876842,5.368484,641.09973,0.7680361270904541,1.0
"Context:
In Nashville, Tennessee, I spent the morning touring a corporate campus and talking about budgets in a small finance office. After lunch, I demonstrated a prototype on a big screen to a room of managers who kept asking for deeper detail. On the way back, I bought pastel candy for my niece and then called my grandmother to confirm the family dinner time. Later, I read a post that started like a card-game guide, threw in color codes, and ended with aquarium reminders and smartwatch sleep stats.",61.671177,4.1218166,491,9.887497,0,4.1901274,3389.0493,68.52582,0.0,45817,664,0.014492437,6.498282,5.3898034,808.81775,0.03082425333559513,0.0
"Context:
He kept thinking about the previous draft and why it failed with readers. The earlier version had sounded defensive, so he rewrote it with a simpler tone. That prior attempt wasn’t wasted; it showed him exactly what to avoid. The final copy felt cleaner because it grew out of what had happened before.",47.047215,3.8511517,492,8.5375,1,6.3901772,3389.0493,85.28797,0.0,29163,663,0.022734286,6.496775,5.3407326,530.35297,0.9273825287818909,1.0
"Context:
The plan was simple: track progress by days, not feelings, and keep moving. After seven days, the habit felt less like a fight and more like a routine. By day fourteen, I could tell the difference in my breathing during the climb. On day twenty-one, I stopped counting and just went out the door.",18.946152,2.9416008,493,6.468749,1,5.79854,3389.0493,81.908745,0.0,30899,658,0.021295188,6.489205,5.2918205,584.46594,0.768099844455719,1.0
"Context:
She pulled up a list of hotels that included city names, check-in times, and room numbers for the group booking. A technical report beside it showed a version number, a release date, and serial numbers printed in the appendix. The draft on her laptop started with I and a number that pointed to the first result. In another window, gene expression profiles from brain tissue were compared to profiles from a cultured cell line. She saved a citation with a publication title, an author name, and a volume number before logging off.",43.112984,3.7638242,494,9.5125,0,3.7066658,3389.0493,65.67949,0.0,48413,654,0.013508769,6.4831076,5.2845044,914.3121,0.03082425333559513,0.0
"Context:
The hotel advertised a low rate, but the total climbed once the resort fees appeared at checkout. He weighed the upgrade against what he would actually use and skipped it. The front desk tried to sell a premium package by describing it as better value. He walked away feeling like the economics mattered more than the view.",65.92574,4.188529,495,9.674999,1,6.37823,3389.0493,84.812836,0.0,29150,654,0.022435678,6.4831076,5.3667154,531.3464,0.8995739221572876,1.0
"Context:
A hotel directory listed the neighborhood, the check-in time, and the room count for each option in the city. A license agreement beside it included an effective date, a product number, and a user limit in plain numerals. The report opened with We and a digit that marked the first section like a label. In the analysis tool, gene expression profiles from brain tissue were lined up against profiles from a cultured cell line. He clipped a news entry with a headline title, a byline name, and an archive identifier into his notes.",72.17934,4.279154,496,9.9375,0,3.571379,3389.0493,64.49902,0.0,49284,640,0.012985959,6.461468,5.278825,948.947,0.03082425333559513,0.0
"Context:
The post asked for donations to support a mission trip and attached a web address with a file extension plus a number inside the path. The copied version ended with stray punctuation and an extra separator, which broke the link when clicked. Once I removed the trailing characters, it opened a .php page that explained what the charge was for and how the form would be processed. Another line started with a forward slash and a dot before the URL, and it looked like accidental formatting. I asked if the service was worth it for small groups and shared the link in brackets.",46.476444,3.8389456,497,9.249998,0,3.6842945,3389.0493,64.47049,0.0,51044,647,0.012675339,6.4723463,5.3810654,919.86383,0.03082425333559513,0.0
"Context:
The attic door creaked, and the ladder dropped to the floor beneath it with a dull thud. I climbed up, then heard my friend’s voice drifting from somewhere below the hatch. Dust floated in the beam of my flashlight as I looked down at the room beneath the rafters. The cat circled on the floor below, watching the ladder like it might move again.",23.826359,3.1707926,498,6.3875003,1,4.9586062,3389.0493,76.93097,0.0,34385,634,0.018438272,6.452049,5.2104754,683.46814,0.852042555809021,1.0
"Context:
I kept seeing the brand on billboards and finally searched for it. Their site offered a checklist for online presence and pointed to backlink partners. In my account area, a short lesson described how automation handles spikes during crises. The welcome message listed the date and time of the first training call. I cooked a bean salad recipe while I waited for the call to begin.",84.82501,4.4405904,499,9.46875,0,5.0585046,3389.0493,77.90618,0.0,33953,641,0.01887904,6.4630294,5.192792,669.9706,0.7248660922050476,1.0
"Context:
He left feedback after using the service for a month. The support team had answered his questions in under an hour, and the final result matched what was advertised. In his review, he pointed out the small touches that made it feel professional. He ended by saying he would recommend it to friends without hesitation.",22.107128,3.0959,500,6.0687494,1,5.87152,3389.0493,84.42024,0.0,28668,626,0.021836193,6.4393506,5.1593266,577.20135,0.9512643814086914,1.0
"Context:
We drove out to the coast for a winter event, and the view was breathtaking the moment we arrived. The air was crisp, the colors were bright, and the whole place looked picture-perfect. Someone asked me to take a photo for their page because the backdrop was so pretty. Later, I caught myself describing everything as lovely, even the parking lot lights.",22.216814,3.1008494,501,7.28125,1,4.9615273,3389.0493,77.68798,0.0,33929,627,0.018479766,6.4409466,5.1513176,683.06573,0.8618873357772827,1.0
"Context:
The dorm kitchen filled with the smell of fresh bread as new students unpacked their boxes. Someone had hung clean towels, and the whole space smelled newly laundered. When the fire alarm story got exaggerated, a resident assistant corrected it with the real details. They erased the chaotic chore chart and started from scratch with a simpler rotation. That night they walked to the waterfront and listened to the waves hit the stones.",61.72283,4.122654,502,9.29375,0,4.648986,3389.0493,73.902534,0.0,37457,642,0.017139653,6.464588,5.2526793,728.9868,0.15464989840984344,0.0
"Context:
The sponsored ad promised “your next home” and linked to a website with an endless stream of glossy photos. The footer listed a company name alongside notes about service vehicles and a mechanical room full of humming equipment. It was 24°C in June, and I sat outside a restaurant listening to a couple argue softly about moving closer to family. The place looked charming on camera, but the best part was the food, rich with butter and bright herbs.",57.112198,4.0450177,503,8.737499,0,4.406845,3389.0493,70.725555,0.0,42285,638,0.015088093,6.4583383,5.3575697,769.04205,0.03082425333559513,0.0
"Context:
We replaced the old router, and suddenly the lag spikes disappeared during ranked matches. My win rate climbed so fast it felt suspicious. Even the trash talk in the lobby shifted because people could see the difference. It was the first upgrade that truly changed outcomes.",63.289165,4.147714,504,8.412498,1,6.8480854,3389.0493,91.4685,0.0,24292,625,0.025728635,6.437752,5.1373334,494.89005,0.9633806347846985,1.0
"Context:
Being behind on trends is annoying, especially when a subscription update changes everything overnight. The interface hid the key option below the fold and placed the upgrade prompt after an unrelated screen, so I kept looping. The guide’s final line came trailing after the step, like a quiet continuation at the end of a service. Once support backed me, I found the control beside the payment method list.",161.39398,5.0838485,505,11.0625,0,4.824013,3389.0493,75.32363,0.0,36147,635,0.017567156,6.453625,5.244126,702.5373,0.28701654076576233,0.0
"Context:
The sports schedule showed cities, match times, and ticket numbers in a compact grid. A technical appendix behind it listed serial numbers, compliance codes, and a release date on the cover. The report started with We and a digit that introduced the first section without any flourish. Later, she reviewed gene expression profiles from brain tissue and compared them to cell line profiles from a separate assay. She finished by saving a news article labeled with a headline title, a byline name, and an archive number.",106.8668,4.671583,506,11.349998,0,4.0595827,3389.0493,68.140945,0.0,45356,653,0.014397213,6.481577,5.3375635,834.827,0.03082425333559513,0.0
"Context:
He checked a property portal entry that showed the city, postal code, listing number, and the open-house time. A financial statement behind it displayed quarterly dates and totals with percentages that made him frown. The document he was drafting opened with I and a number that signaled the first claim. On the desktop, gene expression profiles from brain samples were paired with profiles from a standard cell line. He added a publication record with a title, an editor name, and an issue number to his bibliography.",86.42329,4.459257,507,9.274998,0,4.0268283,3389.0493,68.7195,0.0,45350,643,0.01417861,6.4661446,5.289331,841.61755,0.03082425333559513,0.0
"Context:
At dawn on Monday, I checked the schedule and saw the meeting set for the afternoon. I blocked out two hours that evening to write, then shifted it to the weekend when the day got away from me. The plan stretched across weeks and months, with yearly goals sitting at the top like distant landmarks. I tracked the time in hours and minutes, counting down the last few seconds before each call started. By the end of the night, I felt how easily days turn into years when you keep repeating the same routines.",26.608282,3.2812226,508,6.449999,0,4.353083,3389.0493,68.55574,0.0,47584,650,0.013660054,6.4769726,5.518515,778.54,0.03082425333559513,0.0
"Context:
He connected the conclusion to an earlier line in the text, letting the reference do the work without a long recap. When a colleague challenged the phrasing, she repeated what had been mentioned in the official call, word for word. The conversation stayed formal because it was part of a documented discussion, and everyone spoke as if their statements might be quoted later. They brought up a previous sequence of events that had triggered complaints, which made the room go quiet for a moment. To settle it, he reopened the file containing the information previously provided and highlighted the relevant figures.",49.25871,3.8970861,509,8.387499,0,3.796221,3389.0493,64.97923,0.0,51081,664,0.012998963,6.498282,5.4204197,892.74286,0.03082425333559513,0.0
"Context:
A creator posted a thread about a street demonstration and promised a subscriber-only recap after 24 hours. The opening clip showed bright red flags sweeping across the frame while the clock in the corner counted up. In the caption, they mentioned a six-week membership tier for those who wanted longer recordings. By the end, they added that the next upload would land in two days.",56.912384,4.041513,510,10.06875,1,4.9141526,3389.0493,76.06135,0.0,35701,640,0.017926669,6.461468,5.2485147,689.6508,0.5899776816368103,1.0
"Context:
She bought a new loaf and cut it while her roommate unpacked boxes for a fresh start. The kitchen smelled clean after they aired it out and wiped the counters. A neighbor introduced himself and told them the real rules about trash pickup, not the gossip version. They decided to begin their shared budget from scratch with a single page and clear numbers. That evening they walked to the canal and watched water reflect the streetlights.",51.863586,3.948617,511,7.515625,0,4.7237477,3389.0493,73.965324,0.0,38352,653,0.017026491,6.481577,5.300536,717.4493,0.18415875732898712,0.0
"Context:
The report felt heavy until she rewrote the opening so it began with a clear scene. Each new section needed a clean entry, and she kept trimming stray phrases that drifted in late. The final line mattered most, so she chose a sentence that ended without apology. After printing it, she reread the endings and smiled at how decisive they sounded.",70.48105,4.255344,512,8.340623,1,4.5100784,3369.369,68.472855,0.0,32195,630,0.019568255,6.4457197,5.171872,747.07544,0.5890003442764282,1.0
"Context:
He edited the paragraph by reading it from the final word backward, hunting for anything that felt sloppy. The start of the section had to hook the reader quickly, so he tightened it until it snapped. At the end, he added a short sign-off that sounded like him, not like a template. When he hit send, he still remembered the exact rhythm of the first sentence.",39.790833,3.6836364,513,8.456249,1,4.087536,3369.369,64.34979,0.0,35701,629,0.017618554,6.4441314,5.228252,824.3032,0.7594619393348694,1.0
"Context:
The fundraising note for a mission trip contained a URL with a file extension and digits, and it looked like it was copied straight from a website. The link ended with punctuation and had an extra separator, causing an error on click. After cleaning the trailing characters, I landed on a .php page that stated what the contribution was for. Another message had a “/..” prefix before the URL, which I removed to make it readable. I replied by asking whether the platform was good for international supporters and placed the link in brackets.",48.45456,3.8806264,514,9.4625,0,3.1252537,3369.369,55.776985,0.0,48407,626,0.012932014,6.4393506,5.2818627,1078.1105,0.03082425333559513,0.0
"Context:
They tried to capture the entire situation, including circumstances and manner of action. The first trial used only a minimal sample to reduce risk. After the initial run, they restarted and repeated the general protocol. Most of the data arrived on time, yet any late pieces were still processed. The result felt complete, with no exceptions.",64.29726,4.163517,515,8.725,0,4.9316616,3369.369,70.28697,0.0,30450,631,0.020722495,6.4473057,5.2771964,683.2117,0.4350854754447937,0.0
"Context:
The newest study didn’t just drop results; it also included a backlink to the earlier piece that shaped the conclusion. In parallel, the update on the agreement process said the paperwork was still under review and progress was slow. I asked around in an online community and got directed to resources that made the background readable. I added the source to my feed subscriptions so the next release would show up instantly. Someone mentioned their birth year, 1992, and used it to explain why the older references felt familiar.",63.759457,4.1551175,516,9.793747,0,3.3558156,3369.369,58.30349,0.0,47971,631,0.01315378,6.4473057,5.3338366,1004.03876,0.03082425333559513,0.0
"Context:
A bowl of strawberries sat next to a stack of brand-new notebooks for the incoming students. The air smelled fresh after a sudden rain, and the open windows made everyone sit up straighter. When the speaker misquoted a policy, a student corrected it with the exact wording, no drama. The organizers tore up the old schedule and began again with a clean slate. In the afternoon they walked to the lake, where water slapped softly against the dock.",34.657135,3.5455036,517,7.271874,0,3.545505,3369.369,59.91786,0.0,41837,635,0.015177952,6.453625,5.2374954,950.3213,0.03082425333559513,0.0
"Context:
The subway platform stretched below the overpass, and trains groaned as they pulled in. I kept my tasks in order, buying the ticket first and then checking the timetable before heading down the stairs. At the station, a kiosk sold newspapers and offered directions to local events happening in the area. While waiting, I read the technical specifications on a pair of earbuds, trying to decide if the noise cancelling was real. Later I cooked a spicy stew from a recipe that made my eyes water in the best way.",31.925648,3.4634097,518,6.9249983,0,3.2344067,3369.369,56.829426,0.0,46216,629,0.013610005,6.4441314,5.2715917,1041.727,0.03082425333559513,0.0
"Context:
After the rain, the garden smelled washed and cool. She walked through the path and breathed in the damp earth and young leaves. Even the air felt less crowded. The afternoon carried a crisp edge.",46.432705,3.838004,519,6.8625,1,6.4428697,3369.369,85.0626,0.0,19449,608,0.031261247,6.410175,4.925479,522.9609,0.9633806347846985,1.0
"Context:
The business team wanted to move fast, but the risk log kept filling with technical and legal concerns. Our hotel had large rooms and excellent breakfast, and the value almost made the trip feel like a reward. In the elevator, someone was watching a clip of a government official defending a controversial bill. I read the summary twice, then opened the source to see what was actually said. That night, I redesigned a small feature so the interface felt smoother and the experience less tiring.",60.79768,4.1075516,520,7.7281246,0,3.3855252,3369.369,58.65594,0.0,43587,633,0.014522679,6.4504704,5.22471,995.22784,0.03082425333559513,0.0
"Context:
I admitted I was behind on the newest features, especially the ones tied to my subscription plan. The upgrade link was placed after the main menu and the update notes were hidden below a fold, so I overlooked them. The confirmation screen arrived trailing after the download, like something that follows once the main act is done. Support took responsibility for the confusion, and their directions told me to look beside the billing tab.",71.003235,4.2627254,521,8.287499,0,4.021109,3369.369,62.896267,0.0,37901,622,0.016411176,6.43294,5.3118067,837.9203,0.13599145412445068,0.0
"Context:
I spent a morning in Salt Lake City, Utah walking between office buildings where recruiters had set up interview booths. When it was my turn, I had to display a portfolio on a large screen and explain it clearly under pressure. Afterward, I found a shop selling pastel candy and grabbed a bag of chocolate eggs for my little cousin. Later, I read a wandering post that started with card-game talk, showed a color picker, and then slid into fish feeding and smartwatch sleep tracking.",58.263912,4.064983,522,8.706249,0,3.234947,3369.369,57.52793,0.0,44453,624,0.014037298,6.4361506,5.1999793,1041.5531,0.03082425333559513,0.0
"Context:
The city council debated swapping the historic street names for a new set that honored different figures, and the public gallery was packed. Speakers tied every option to the identity of the neighborhood and the reputation of the council itself. A committee member offered a compromise list, but it pleased neither side. By the time they adjourned, the controversy had spilled onto the steps outside.",38.75043,3.657142,523,7.4687495,1,4.314593,3369.369,66.13515,0.0,33496,623,0.018599236,6.4345465,5.227068,780.92395,0.4596928656101227,0.0
"Context:
The contract said the policy applies in every circumstance. It spelled out what happens at any time, in any place, and in any manner. A supervisor walked me through the clauses with examples. By the end, nothing felt left out.",49.468582,3.9013379,524,8.631248,1,5.90686,3369.369,79.5034,0.0,22520,610,0.027087035,6.413459,5.0646076,570.41626,0.9633806347846985,1.0
"Context:
In the lab’s weekly update, the researcher wrote that the samples stayed under the lamp for 12 hours and would be checked again after three days. A small banner on the page offered a yearly subscription for the detailed dataset. The entry compared the pale green tint at minute five to the deeper green at minute twenty. People reading along kept asking for timestamps so they could follow the changes in real time.",49.397274,3.8998952,525,9.412499,1,3.4919639,3369.369,61.43634,0.0,37854,611,0.016140962,6.4150968,5.044282,964.8923,0.7755441069602966,1.0
"Context:
Aurora Park Stadium’s renovation targeted accessibility first, and the new lift near Section 14 drew immediate attention. The club thanked the public program that offered financial support as part of a broader inclusion initiative. A supplier rep walked visitors through product features, including handrail height standards and the load capacity of the platform system. In the background, the digital team optimized pages and sought backlinks to boost traffic to the accessibility guide and ticket sales. The evening ended with a wave of positive reviews from fans who felt genuinely accommodated.",79.25468,4.3726664,526,9.1875,0,3.5056179,3369.369,61.455036,0.0,47094,626,0.013292564,6.4393506,5.289455,961.1341,0.03082425333559513,0.0
"Context:
They held a structured discussion in the conference room, with each speaker waiting for recognition. The chair summarized the statements at the end so the record would be clear. In the hallway afterward, conversation loosened, but no one contradicted what had been said on the record. The official note that went out was dry and direct.",49.50409,3.9020553,527,8.375,1,4.9870577,3369.369,71.347916,0.0,29565,621,0.021004567,6.431331,5.2152166,675.6226,0.8492298722267151,1.0
"Context:
The magazine cover showed the title in large letters and the issue number near the barcode. She noted the author name and the page range for her reference list. Next to it sat a DVD case with a film title and a series number printed on the spine. The shelf felt like a grid of names and numbers.",38.27633,3.6448317,528,7.7624993,1,5.787924,3389.0493,83.62819,0.0,29120,633,0.021737637,6.4504704,5.166617,585.538,0.9500481486320496,1.0
"Context:
Everyone joked that I was behind on trends because I still didn’t have the new subscription tools. The notification appeared after I’d already closed the page, and the prompt was buried below the banner, so the layout fought me. The walkthrough’s final message succeeded the last click the way a formal response follows a spoken line. I reached out for support, and with their backing I located the option next to the account icon.",85.60063,4.4496927,529,9.43125,0,4.5514503,3389.0493,72.0248,0.0,40115,658,0.016402842,6.489205,5.337908,744.60864,0.15375418961048126,0.0
"Context:
An outage report came in at dawn, and the team immediately started documenting what could trigger it again. The client meeting was in a bright office with a large table, good chairs, and snacks that felt oddly luxurious. In the hallway, two staffers argued about the ruling party and whether the policy shift was a betrayal. I held my tongue and reviewed the logs until the story of the failure made sense. Once the panic settled, we refined a feature so the interface guided users gently instead of surprising them.",60.609936,4.104459,530,8.737499,0,4.144718,3389.0493,68.6663,0.0,45806,656,0.014321268,6.4861608,5.3638787,817.6791,0.03082425333559513,0.0
"Context:
He stared at his hands under the desk lamp and noticed the knuckles looked a little pale. The nurse counted to ten while he flexed each finger, and he felt his worry rise with every number. A flush crept into his cheeks as he tried to calm down, but his fingertips stayed cold. When he finally exhaled, his shoulders dropped and the tension eased.",22.218937,3.100945,531,7.515625,1,5.307757,3389.0493,78.78501,0.0,33969,635,0.018693514,6.453625,5.2853,638.5088,0.8943007588386536,1.0
"Context:
The sports ticket showed the stadium address, the start time, and the section and seat numbers. A technical license in the same stack listed an effective date, a product number, and a user limit in plain digits. The document began with I and a number that framed the first finding immediately. She examined gene expression profiles from brain samples alongside profiles from a cell line to check a pattern. She ended by saving a media item with a title, a creator name, and an episode number.",91.60807,4.5175195,532,10.624999,0,3.9104931,3389.0493,68.09579,0.0,44464,639,0.014371176,6.4599047,5.224015,866.6552,0.03082425333559513,0.0
"Context:
She wrote “in progress” on the implementation card and added a reminder to update the wiki after the database change. In a separate chat, her friend described growing up poor while watching wealth move through the world like it had gravity. The vendor pitched a complete version, and she claimed with total certainty that it was already stable. Once they deployed, she checked how often the service hiccuped and how long the slowdowns lasted. The numbers told a different story than her confidence did.",62.704517,4.1384335,533,8.699999,0,4.0579963,3389.0493,68.49359,0.0,44468,643,0.014459836,6.4661446,5.3088403,835.1534,0.03082425333559513,0.0
"Context:
The program for the sports weekend listed the venue location, the match time, and ticket numbers for each attendee. A legal document in the binder included an effective date, a clause number, and a cited subsection that she underlined. The report began with We and a single number that introduced the first section cleanly. Later, she reviewed gene expression profiles from brain tissue and matched them against cell line profiles used as controls. She ended by clipping a news item labeled with a headline title, a reporter name, and an archive number.",78.62261,4.3646593,534,8.756238,0,3.836665,3389.0493,66.41594,0.0,47539,644,0.013546772,6.4676986,5.3198667,883.3321,0.03082425333559513,0.0
"Context:
A listing site showed a bright banner ad for rentals and pushed me to click through to their online tour. The property page named the management organization and noted a fleet of vans used for repairs, plus an automated heating system. In October, the forecast said 11°C and the city streets were full of event posters that looked great in photos. I met friends for dinner, and the dish featured garlic, chili, and fresh greens that made the whole table fall silent for a moment.",67.68807,4.21491,535,8.4375,0,4.2736373,3389.0493,69.65354,0.0,44922,647,0.0144027425,6.4723463,5.373699,793.0129,0.03082425333559513,0.0
"Context:
I hadn’t kept up with the trend, so my subscription account looked outdated compared to everyone else’s. The update notice appeared after I’d already scrolled past it, and the install link was tucked below the summary. The final confirmation trailed the action like a closing line that follows a formal sequence. When I asked for help, support took responsibility and told me to check beside the profile menu.",59.01275,4.0777535,536,8.737497,0,4.7966514,3389.0493,74.28332,0.0,37484,653,0.017420767,6.481577,5.312459,706.54486,0.1459944099187851,0.0
"Context:
The newspaper archive tagged each story with a headline, a byline, and an edition number. She searched by title and filtered by date, then opened a piece with a short name in the URL. The record also displayed an internal reference number. It made the archive feel orderly and strict.",63.981083,4.1585875,537,8.625,1,6.3275194,3389.0493,86.969635,0.0,27377,630,0.023012018,6.4457197,5.204283,535.60474,0.9633806347846985,1.0
"Context:
I ordered a new gadget from a well-known brand and checked their site first. To boost the launch, their team pushed ads and asked partners for backlinks. My account page showed a short walkthrough of the product features. The receipt listed the delivery date and a support chat window. That night I cooked a quick noodle recipe while reading the confirmation email.",73.994576,4.303992,538,8.987498,0,5.1606402,3389.0493,79.13297,0.0,32622,636,0.019496046,6.455199,5.1592197,656.711,0.86116623878479,1.0
"Context:
The donation request for a mission trip included a URL with a file extension and a numeric chunk that looked like it came from a site’s structure. It was pasted with an extra slash and a trailing punctuation mark, and the first click failed. After removing the stray characters, I reached a .php page where the copy explained what the charge was for. Another message had “>. ” in front of the URL at the beginning of the line, making the address look messy. I asked if the service was good for recurring gifts and placed the link in brackets.",51.49702,3.941524,539,8.4375,0,3.6029892,3389.0493,63.98106,0.0,51053,647,0.012673104,6.4723463,5.353536,940.6216,0.03082425333559513,0.0
"Context:
A creator posted field notes about a demonstration and tagged it for subscribers who wanted the longer timeline in weeks and days. In the design draft, he pasted #E91E63 and checked the RGB values to make sure the pink didn’t shift on different screens. He felt embarrassed about a typo and could sense the heat rising in his face, his hands suddenly restless as he counted edits. Meanwhile, his friend kept sending league updates about teams swapping places in the table. The entire chat felt saturated with colors.",119.47046,4.783069,540,9.4,0,3.8825002,3389.0493,66.94531,0.0,47538,647,0.013610165,6.4723463,5.3247375,872.9039,0.03082425333559513,0.0
"Context:
My account was locked right when I needed to submit the assignment. The platform showed a short description of the outage on the login screen. I clicked the help page and found a troubleshooting guide. After a password reset, everything worked again.",31.480093,3.4493554,541,6.831249,1,7.2763925,3389.0493,94.609314,0.0,22548,633,0.028073443,6.4504704,5.1111846,465.75955,0.962760329246521,1.0
"Context:
A message in the group chat pasted a URL with a file extension and a suspicious-looking numeric segment. The text asked for help covering donation goals before the mission trip deadline. I opened it and landed on a page with photos, a short story, and a big donate button. Afterward, I copied the link again so I could share it with my parents.",45.37498,3.814961,542,8.362499,1,5.246145,3389.0493,79.032166,0.0,33508,640,0.019099917,6.461468,5.227897,646.00757,0.8918866515159607,1.0
"Context:
The class portal switched to maintenance mode without warning. A banner explained the issue and pointed to a temporary learning page. My subject folders were still visible, but uploads were paused. When it returned, the system posted a summary of the fix.",92.86745,4.531173,543,10.5625,1,7.3524127,3389.0493,93.90819,0.0,22990,634,0.027577208,6.452049,5.1819243,460.94385,0.962760329246521,1.0
"Context:
He told me the resource was on a .php page, and the note said it was for troubleshooting a common issue. The link opened a plain layout with text-heavy instructions and a couple of buttons. I expected something modern, but it felt like an old intranet portal. I bookmarked it because it solved the problem anyway.",47.6179,3.8632088,544,7.0031223,1,4.5499096,3369.369,69.20562,0.0,31306,621,0.019836454,6.431331,5.1530695,740.53534,0.3420930504798889,0.0
"Context:
The first line began with a simple pronoun, and the rest followed without delay. A stray number appeared early, like a marker for a section that would come later. He kept reading because the opening pulled him forward. The start felt like a door cracking open.",57.276295,4.047887,545,8.5,1,5.418727,3369.369,76.35623,0.0,24722,619,0.025038427,6.4281054,5.0489216,621.80084,0.9633806347846985,1.0
"Context:
The coach offered a simple rule that worked in most cases. The drill starts, stops, and starts again, almost like a loop. Over time the repetition made the fundamentals feel complete. He could rely on it under pressure.",62.983833,4.142878,546,8.259375,1,5.873018,3369.369,80.64407,0.0,21636,605,0.027962655,6.4052286,4.9698496,573.7032,0.9633806347846985,1.0
"Context:
The merger review has been open for months, and each update feels like a tiny step forward. Today the regulator requested additional documentation, which pauses the clock again. The internal tracker shows the process is active but not progressing as fast as planned. People are frustrated, yet the official line remains that negotiations are continuing.",44.45204,3.794411,547,9.025,1,5.421974,3369.369,73.64185,0.0,29127,619,0.02125176,6.4281054,5.2990003,621.4284,0.9348275661468506,1.0
"Context:
After dinner, she posted a rating for the restaurant while the flavors were still fresh in her mind. The staff had handled an allergy request carefully, and the meal arrived exactly as ordered. She wrote that the atmosphere was relaxed and the bill was fair for the portion sizes. The next week, the manager recognized her name and thanked her for the kind words.",22.463102,3.111874,548,6.987499,1,4.4231386,3369.369,67.57982,0.0,33057,622,0.018815985,6.43294,5.1908193,761.7597,0.5863505005836487,1.0
"Context:
The bridge cast a long shadow, and the river ran dark below the planks. I paused at the railing and watched leaves spin in the current beneath my boots. A fisherman on the bank below waved once without looking up from his line. When the wind gusted, the water below rippled in a quick, shivering pattern.",27.942911,3.3301635,549,7.29375,1,4.3533063,3369.369,68.529495,0.0,30418,615,0.020218292,6.4216223,5.046735,773.9793,0.8455573320388794,1.0
"Context:
Monday morning was chaos, so I started timing everything in five-minute bursts just to stay calm. The afternoon meeting ran long, and I had to push the rest into the evening. I set the schedule for the week, then marked a checkpoint for next month to see if anything improved. A yearly review sat on the calendar like a shadow, reminding me that weeks become years without permission. Over the weekend, I let the hours stretch and tried not to count the seconds at all.",40.19103,3.6936438,550,7.809375,0,3.5909877,3369.369,59.297764,0.0,44481,626,0.014073425,6.4393506,5.3470325,938.2847,0.03082425333559513,0.0
"Context:
In the procession, the choir’s response came trailing after the priest’s words. The final blessing followed the last hymn, arriving with a quiet weight. A child carried the candle behind the cross, trying to keep pace without spilling wax. When the doors opened, the lingering echoes succeeded the footsteps into the night.",57.559803,4.0528245,551,7.543749,1,4.715563,3369.369,69.77239,0.0,29998,623,0.020768052,6.4345465,5.1725993,714.52106,0.9176738262176514,1.0
"Context:
She waited for the complete edition because she was tired of buying updates one by one. When the full version finally dropped, it included all the extra levels and the patch that fixed the worst bugs. She installed it, started a new save, and enjoyed not worrying about missing content. It felt finished in a way the earlier release never did.",28.814411,3.3608756,552,7.3125,1,4.4542637,3369.369,68.0731,0.0,31744,620,0.01953125,6.4297194,5.1683207,756.43677,0.7307381629943848,1.0
"Context:
The new gallery was stunning, with soft lighting that made every corner feel inviting. Even the website matched the vibe, clean and polished like a boutique hotel page. Outside, the street decorations made the neighborhood feel festive without being loud. I left thinking the entire visit had been carefully designed to look good in photos.",39.214066,3.6690354,553,7.6999993,1,4.9035134,3369.369,70.99361,0.0,29122,620,0.021289747,6.4297194,5.1829786,687.1336,0.884025514125824,1.0
"Context:
The first-year students crowded around fresh fruit and cold lemonade during the break. The air smelled newly washed, and even the chairs felt cleaner somehow. When the facilitator misstated a rule, a student corrected it with the official wording. They erased the whiteboard and rebuilt the plan from scratch to fit the real constraints. At the end of the day, they walked to the lake and watched water shimmer under the fading light.",42.979588,3.7607253,554,7.8812513,0,3.721489,3369.369,62.210075,0.0,38762,630,0.016253032,6.4457197,5.175726,905.38196,0.12076663225889206,0.0
"Context:
He bought the full software package instead of the trial because he needed every feature for work. The installer labeled it “complete version,” and the license unlocked the export tools immediately. After testing it for an hour, he stopped thinking about limitations and just used it. The product finally matched the promise on the box.",46.26467,3.8343787,555,8.262499,1,5.2445045,3369.369,72.69644,0.0,29135,628,0.021554831,6.44254,5.267313,642.45703,0.8440463542938232,1.0
"Context:
He drafted a content calendar and published one useful article a week. Each post linked to a clear service page with a strong call to action. He also ran a small campaign to drive targeted traffic. Within weeks the online footprint felt real.",63.680733,4.153882,556,8.787498,1,6.363325,3369.369,81.33506,0.0,22539,619,0.027463507,6.4281054,5.159875,529.49817,0.9633806347846985,1.0
"Context:
He opened the fridge and tossed yesterday’s wilted salad without hesitation. At the market, he chose greens that crackled when he squeezed the stems. Back home, he rinsed them and felt like the whole meal had woken up. The first bite tasted clean and bright.",38.647587,3.6544843,557,8.35,1,5.30605,3369.369,75.16202,0.0,26048,614,0.023571867,6.419995,5.0936613,635.0051,0.9633806347846985,1.0
"Context:
She reviewed a property listing that included the street address, unit number, and the viewing time on Saturday. A legal memo nearby carried a case number, a court date, and a cited section from a regulation. The draft on her screen opened with I, then immediately presented a number tied to the first result. In the lab folder, gene expression profiles from brain tissue were paired with control profiles from a cell line. She added a news citation with the headline title, reporter name, and archive number before sending her notes.",72.86001,4.28854,558,10.199999,0,3.2521195,3369.369,57.56341,0.0,47529,629,0.013234026,6.4441314,5.2687035,1036.0532,0.03082425333559513,0.0
"Context:
A bright promo post advertised new rentals and urged me to share the link before the “deal” expired. The website listed a company and showed a diagram of mechanical systems, from elevator motors to automated lighting. It was 30°C in August in Athens, Greece, and the heat made everyone move slowly, like they were underwater. I ducked into a small place for food with tomatoes and herbs, and the first bite tasted so good I forgot the ad was still open on my phone.",47.398598,3.8585927,559,8.324996,0,3.4477286,3369.369,58.502193,0.0,45786,628,0.013715983,6.44254,5.3271675,977.2721,0.03082425333559513,0.0
"Context:
He ordered a new seasonal drink and a fresh pastry before meeting the first-year students. The café smelled crisp, with a clean mint note floating above the counter. When a misunderstanding came up, he repeated the truth without softening it, and the tension eased. They scrapped the messy agenda and started over with a short plan that fit the time. After the meeting, rainwater streamed along the curb like a narrow canal.",78.62831,4.364732,560,8.525,0,3.7603319,3369.369,61.944164,0.0,38771,631,0.01627505,6.4473057,5.217018,896.02966,0.07718115299940109,0.0
"Context:
At Meadowgate Stadium, the matchday experience changed after a disability advocacy group walked the grounds with management. They marked blind spots where lighting made lip-reading difficult and flagged a corridor that was too narrow for mobility aids. A new platform lift is being installed near Section 14, and the audio commentary channel is being extended to more seats. Staff training now includes how to guide someone safely through a crowded concourse.",43.727634,3.7779803,561,7.8625016,1,4.716542,3369.369,69.22965,0.0,38794,623,0.016059184,6.4345465,5.4331155,714.37274,0.7143276333808899,1.0
"Context:
Arenaside Stadium completed a set of accessibility improvements that made the concourse easier for disabled visitors to navigate. The treasurer noted that government incentives reduced the burden on the club’s budget. Nearby, the supplier handed out a sheet detailing product features like anti-slip tread patterns and the rated strength of the new railings. The club’s website team polished SEO, requested backlinks, and ran ads to increase traffic for memberships. The next day, customers left enthusiastic reviews praising the upgrades and the attentive staff.",89.44596,4.4936347,562,11.0,0,3.6317196,3369.369,62.596886,0.0,45775,625,0.013653741,6.437752,5.310414,927.7613,0.03082425333559513,0.0
"Context:
The birth announcement included the hospital name, the city, and the time the baby arrived. It also listed weight and length with tidy numerals beside them. A cousin added the room number for visitors to find them easily. The note was short but packed with coordinates and counts.",47.477974,3.860266,563,8.406244,1,5.277328,3369.369,74.996315,0.0,25593,614,0.023990935,6.419995,5.075732,638.4611,0.9633806347846985,1.0
"Context:
The software license spelled out the effective date and the term length in months. It included a product number, a support level code, and a limit on user seats. She underlined the renewal date and wrote the total cost in the margin. It read like a promise made of numbers.",57.749775,4.0561194,564,8.874999,1,5.4060793,3369.369,74.46618,0.0,26488,616,0.023255814,6.423247,5.193677,623.25555,0.9633806347846985,1.0
"Context:
He drafted a recap that would be free for 24 hours and then moved to a subscription page with monthly billing. In the corner of the layout, he placed a button colored #FF9800 and verified its RGB levels for contrast. Stress made his hands stiff, and he counted the revisions on his fingers until he could breathe again. A coworker walked by talking about league standings and which teams looked like contenders. The office lights washed everything into pale colors.",72.05822,4.2774744,565,10.874998,0,3.7352886,3369.369,61.730503,0.0,43151,627,0.01453037,6.4409466,5.3190045,902.0371,0.03082425333559513,0.0
"Context:
He handed me a brochure with a company name in big letters. It explained ways to improve online presence, from better pages to smarter link building. When I created an account, the site displayed an automated message about temporary delays. The appointment email included a specific date and a start time. I made a quick recipe for baked oats as a snack.",64.07762,4.160095,566,8.49375,0,4.4851537,3369.369,68.59764,0.0,32187,622,0.019324573,6.43294,5.1580076,751.22705,0.6474862694740295,1.0
"Context:
My cousin called from Raleigh, North Carolina and said the whole city was getting ready for the weekend festival. I drove in early to beat traffic and parked near the courthouse. The sidewalks were already crowded with people carrying folding chairs. When the first band started, the sound echoed between the brick buildings.",23.612658,3.161783,567,5.784374,1,4.945056,3369.369,72.00847,0.0,27801,619,0.022265386,6.4281054,5.1238065,681.36115,0.9005914926528931,1.0
"Context:
I promised myself I’d do it in an hour, then watched the minutes slip away while I scrolled. After two hours, I finally stood up and felt stiff from sitting. I gave it another ten minutes, then another, pretending the deadline was flexible. When the evening ended, I realized the whole day had gone without the one thing I meant to finish.",25.141611,3.2245243,568,5.828125,1,4.8543344,3369.369,68.032036,0.0,33982,626,0.018421518,6.4393506,5.4105887,694.0949,0.786820113658905,1.0
"Context:
New interns arrived with stiff smiles, and someone welcomed them with fresh sandwiches and iced tea. The room carried the bright scent of basil from a small plant on the window ledge. When the manager explained the project history, he stuck to what really happened, even the mistakes. They wiped the whiteboard clean and restarted the plan with a simpler outline. Afterward, the group crossed a bridge and stopped to watch the river churn below.",49.359657,3.8991334,569,9.3,0,3.801514,3369.369,62.369698,0.0,38765,627,0.016174383,6.4409466,5.2184362,886.32294,0.16866755485534668,0.0
"Context:
The study’s summary headline sounded dramatic, but the actual conclusion was more measured once I read it. They included a direct link to the earlier post where the initial hypothesis was proposed. The results section separated correlation from causation in a way that felt honest. By the end, I understood why the authors framed the takeaway so narrowly.",40.07648,3.6907897,570,8.887499,1,4.6513214,3369.369,69.99302,0.0,30859,616,0.019961761,6.423247,5.148727,724.3896,0.7748143076896667,1.0
"Context:
The policy applied in all circumstances, including how people acted and when. Training began with a minimal drill to build confidence. If someone missed a day, they started over and repeated the basics. Most participants practiced longer, but any time invested still counted. The standard was absolute, and everyone knew it.",79.27501,4.372923,571,9.249999,0,5.0253224,3369.369,72.7247,0.0,28239,622,0.022026276,6.43294,5.14381,670.47815,0.6687073111534119,1.0
"Context:
Her answer was absolute, with no exceptions allowed. The room went quiet because the rule sounded final. He tried to negotiate, but she did not budge. Everyone understood the boundary immediately.",73.74143,4.300565,572,10.443748,1,7.389269,3369.369,88.465866,0.0,18158,615,0.033869367,6.4216223,5.085128,455.98135,0.962760329246521,1.0
"Context:
Her laptop sticker had a clean corporate mark in the corner. Someone at the table said the company sponsors local events. The name came up again when we discussed new job openings. I wrote it down to remember it.",93.03641,4.532991,573,10.875,1,6.326487,3369.369,82.746605,0.0,20768,612,0.029468413,6.4167323,5.031884,532.58136,0.9633806347846985,1.0
"Context:
I flew into San Diego, California for an onboarding session at a company campus near the freeway. The morning was all payroll forms and budget discussions, and the afternoon ended with me presenting a short demo on a shared screen. Before dinner, I bought chocolate eggs at a grocery store and called my sister to see how the kids were doing. Later, I read a post that started like a card-game introduction, included a color-picker screenshot, and ended up on fish feeding and smartwatches.",53.075386,3.9717133,574,8.856249,0,3.298734,3369.369,57.834736,0.0,45330,623,0.013743658,6.4345465,5.2457356,1021.4127,0.03082425333559513,0.0
"Context:
I arrived in Sacramento, California on a red-eye and headed straight to a business center near the river. The hiring manager asked me to present a case study, so I pulled up slides and walked through them while the panel watched every move. During a break, I ran to a nearby shop and picked up chocolate eggs for the kids, then texted my brother about our holiday plans. That night, a thread I opened began with card-game talk, pivoted to a color picker, and finished with fish feeding and mattress complaints.",42.223858,3.7429855,575,8.499999,0,3.1683874,3369.369,55.94396,0.0,48855,629,0.012874833,6.4441314,5.3137703,1063.4333,0.03082425333559513,0.0
"Context:
The text started with a forward slash and a dot before a web address, as if it had been pasted from a command line. I stripped away the extra characters and tried the remaining URL. The website opened without complaint. After that, I asked people to paste links plainly to avoid the same mistake.",34.22708,3.5330172,576,7.3749995,1,6.6132708,3389.0493,87.1853,0.0,28287,665,0.023509033,6.499787,5.3364344,512.4619,0.9302170276641846,1.0
"Context:
The excerpt began mid-scene, but the first line still had to pull me in. It opened with a single vivid image and a character’s quiet decision. In the first few sentences, the tension rose without any long backstory. By the end of the opening, I wanted to know what happened next.",23.474365,3.155909,577,6.9437494,1,6.6378093,3389.0493,86.50269,0.0,29167,661,0.022662599,6.493754,5.394574,510.56744,0.9430091977119446,1.0
"Context:
She opened the ticket and saw the implementation marked “blocked,” with a note to update the wiki and backfill the database. In the same meeting, someone joked that being poor is a mindset problem, and she watched the wealthier folks laugh too easily. The vendor offered a complete edition of the software, and she insisted with absolute assurance that it was the only sensible choice. After rollout, she measured the duration of the outages and the frequency of the alerts to see whether things improved. The status finally changed, but the room stayed tense.",69.767624,4.24517,578,9.3125,0,4.2232842,3389.0493,67.38902,0.0,49345,683,0.013841322,6.526495,5.5458655,802.4677,0.03082425333559513,0.0
"Context:
The hike from the harbor took about five to seven kilometers, and I kept counting my steps to stay warm. Before posting photos from Reykjavík, I obsessed over the first sentence of the caption. A local committee was arguing about replacing the community center’s manager with an outsider, and the conversation turned sharp. Someone complained that membership costs keep rising while the service stays the same. I ended my caption with a simple closing that didn’t try too hard.",60.638,4.104922,579,10.387499,0,4.607231,3389.0493,71.98196,0.0,42312,679,0.016047457,6.5206213,5.4110303,735.5935,0.07303370535373688,0.0
"Context:
Our team posted the latest study results with a cautious conclusion and a link to the previous update for context. In the same thread, the coordinator said the formal approval process for the collaboration agreement hadn’t progressed beyond review. A few members of the online community chimed in with resources for newcomers who wanted to understand the background. I subscribed to the project’s feed so I could track announcements without refreshing the page. Someone joked that the whole saga started back in 2016, and the year stuck in my head as a marker.",36.00056,3.5835345,580,8.9375,0,3.9182389,3389.0493,66.416855,0.0,49754,676,0.013586847,6.516193,5.412005,864.94196,0.03082425333559513,0.0
"Context:
A sci-fi novel started with a translator headset that turned every sentence into a confession. We sell audio gear, and we can swap your unit if it’s malfunctioning. Thanks for explaining what you’re hearing, because that’s not typical behavior. We’re excited to get you a replacement that does what it’s supposed to do.",37.43033,3.6224813,581,8.249998,0,6.0439796,3389.0493,80.99475,0.0,33547,667,0.019882552,6.50279,5.5074472,560.73145,0.3326263129711151,0.0
"Context:
A new scientific post summarized results and linked back to a prior entry so the conclusion wouldn’t feel abrupt. During the afternoon meeting, we discussed the agreement process and why the status remained “in review.” I asked an online community for resources and got a set of links that clarified the practical steps. Instead of cluttering my inbox, I used a feed subscription to follow future announcements. Later, an anniversary year—2000—showed up on a graphic someone shared, tying the whole thread together.",75.21113,4.320299,582,8.95,0,4.387496,3389.0493,69.170235,0.0,46712,680,0.014557287,6.522093,5.497579,772.4336,0.03082425333559513,0.0
"Context:
The hotel room was larger than expected, with a solid desk and a bed that didn’t sag. Breakfast was included, and the ingredients tasted better than the usual buffet routine. The price was higher, but the quality showed up in details like noise insulation and clean linens. I left thinking I’d happily book it again.",21.855158,3.084437,583,6.656245,1,6.5512457,3389.0493,85.64826,0.0,30930,668,0.021597154,6.504288,5.4412203,517.3137,0.7976405024528503,1.0
"Context:
I was scrolling through a glossy listing site when a banner promised a “limited-time offer” on waterfront condos. The page kept nudging me to sign up, follow their social account, and share the link with friends. Every photo had a watermark and a button that said the tour was available online. By the time I closed the tab, I felt like I’d watched an ad disguised as a neighborhood guide.",26.205355,3.2659638,584,8.3125,1,5.3189588,3389.0493,76.77199,0.0,38820,674,0.017362185,6.5132303,5.477892,637.16406,0.5319843888282776,1.0
"Context:
In Minneapolis, Minnesota, I visited an office where the finance team sat behind a wall of glass and spoke in quiet, careful sentences. They led me to a training room and asked me to demonstrate how I would present results to a group. After the session, I bought Easter candy at a small convenience store and called my mom to ask if she needed anything for the family brunch. Back at the hotel, I read a strange starter paragraph about a card game that swerved into color choices, fish flakes, and smartwatch debates.",45.420074,3.8159542,585,9.5,0,4.274598,3389.0493,68.1376,0.0,48034,674,0.014031728,6.5132303,5.5126834,792.8346,0.03082425333559513,0.0
"Context:
A brand was mentioned in the podcast ad break, so I checked it out. The host described how the company helps clients build online presence fast. When I tried to sign into my account, the site displayed a brief crisis update and pointed to support. The webinar schedule listed a start time, a break, and an end time. I made a quick recipe with eggs and spinach while listening.",47.76165,3.866223,586,7.1875,0,5.3462768,3389.0493,78.27461,0.0,36178,667,0.018436618,6.50279,5.3635693,633.9083,0.29577067494392395,0.0
"Context:
The draft looked messy until I rewrote the beginning of the document with a clearer purpose statement. I followed it with an opening section that references multiple scientific fields, since the methods come from different places. In the middle, I dropped in the beginning of a text excerpt to give readers a taste of the source material. Finally, I opened the review portion with the beginning of a product-and-service assessment, then skimmed the beginning of the text one more time for rhythm.",36.377895,3.5939612,587,7.496872,0,4.7733636,3389.0493,71.95194,0.0,43668,684,0.015663644,6.527958,5.5173264,709.9919,0.09431346505880356,0.0
"Context:
A fundraiser post included a URL with a file extension and a numeric segment, and it was clearly aimed at donations for a mission trip. The link someone copied had an odd separator and punctuation at the end, so half the group couldn’t open it. When I fixed the trailing characters, the page redirected to a .php address and showed what the payment was for. Another message began with a forward slash and a dot before the URL, which I removed to make it readable. I replied with a question about whether the platform was good for recurring gifts and placed the link in brackets.",38.785206,3.6580389,588,8.7625,0,3.6247647,3389.0493,63.717804,0.0,53270,672,0.01261498,6.510258,5.4136405,934.9708,0.03082425333559513,0.0
"Context:
They stayed at the cabin for three days, but the storm made it feel longer. Rain returned every few hours, sometimes light, sometimes loud enough to drown conversation. She kept noting how wide the flooding reached and how long the power stayed out each time. The frequency alone was exhausting.",46.594738,3.8414876,589,9.299999,1,6.912141,3389.0493,89.453514,0.0,26967,664,0.024622686,6.498282,5.3181834,490.30386,0.9633806347846985,1.0
"Context:
The campaign message asked for donations for a mission trip and included a URL with a file extension and a number inside it. The link was pasted with awkward separators and a trailing dot, so it looked suspicious even though it was real. Once I cleaned the punctuation, it led to a .php page explaining what the payment was for. Another person had added a forward slash and a dot before the URL, which I stripped out to avoid confusion. I posted a question about whether the service was good for international supporters and added the link in brackets.",35.78791,3.5776103,590,7.5,0,3.915244,3389.0493,66.46329,0.0,49320,676,0.0137064075,6.516193,5.3942175,865.6036,0.03082425333559513,0.0
"Context:
The basement workshop was lit by a single bulb, and the concrete floor sat cold below my knees. I kept the assembly steps in sequence, tightening one bracket before moving to the next. Across the street, a hardware shop offered key cutting and repairs, so I walked there when I realized I’d lost a bolt. The clerk explained the technical specifications of the replacement part to make sure it matched. Afterward, I made a quick stir-fry from a recipe taped inside a cupboard door.",30.73183,3.425299,591,7.96875,0,4.308603,3389.0493,69.797615,0.0,44941,674,0.014997441,6.5132303,5.400116,786.57733,0.03082425333559513,0.0
"Context:
The support agent sent a .php link and added it was for resetting the account without calling anyone. The page asked for my email and then showed a confirmation code screen. It wasn’t pretty, but it was direct. Within a minute, I was back into the service.",51.93282,3.949951,592,8.5374975,1,6.654248,3389.0493,89.158455,0.0,26499,644,0.024302803,6.4676986,5.2208853,509.30612,0.9633806347846985,1.0
"Context:
A cheerful listing popped up in my feed, promoting a bright apartment with a virtual tour and a link to the agency’s site. The page was packed with calls to follow their profile, share the post, and “act fast” before the offer ended. In the middle of it all, the photos looked crisp and lovely, like they were shot for a magazine. That evening, I cooked garlicky pasta at home while a TV show played in the background, and I messaged my partner about visiting the place next month.",24.344072,3.1922884,593,7.7499986,0,4.716243,3389.0493,70.574135,0.0,48482,668,0.013778309,6.504288,5.62644,718.59094,0.05397478863596916,0.0
"Context:
He painted the wall a muted gray and immediately felt the room become quieter. A bright yellow mug on the counter suddenly looked louder than it used to. When he added a blue frame to the print, the space felt balanced. The colors were simple, but the change was unmistakable.",32.70895,3.4876487,594,7.574998,1,6.3750753,3389.0493,88.2658,0.0,26491,638,0.024083652,6.4583383,5.150634,531.6093,0.9633806347846985,1.0
"Context:
The dataset included a matrix of gene expression values for brain tissue samples. She compared the profiles across regions, watching how certain genes rose in one area and fell in another. A separate batch from a cultured cell line showed a different pattern entirely. The numbers felt like fingerprints from living systems.",65.13386,4.1764445,595,8.5125,1,6.653332,3389.0493,88.611725,0.0,26945,648,0.024048988,6.473891,5.2525125,509.37622,0.9633806347846985,1.0
"Context:
He reviewed gene expression profiles from a brain tissue atlas and wrote notes about which genes tracked with specific regions. The patterns shifted when he looked at profiles from a cultured cell line under stress. The changes were subtle but consistent. It made him wonder what the cells were compensating for.",45.163734,3.8102944,596,8.475,1,6.901019,3389.0493,90.195526,0.0,26078,656,0.025155304,6.4861608,5.258897,491.09402,0.9633806347846985,1.0
"Context:
We took a weekend trip to Richmond, Virginia, and I tagged along while my friend toured a new job site near the commercial district. In the afternoon, we attended a community event where a speaker presented plans on a big screen and the crowd murmured at every slide. Before heading home, we stopped for chocolate eggs and then swung by her parents’ house to drop them off for the family. Later, a post I skimmed opened with card-game rules, mentioned a color picker, and ended up in fish tanks and mattress reviews.",52.99211,3.970143,597,7.7625,0,4.05337,3389.0493,67.1009,0.0,48442,666,0.0137484,6.50129,5.434528,836.10657,0.03082425333559513,0.0
"Context:
He clipped a short highlight reel and noted that the full version would go live after 72 hours for subscribers. To brand it, he set the lower-third graphic to #2196F3 and nudged the RGB channels until the blue matched the kit. When he recorded the voiceover, he felt his fingers stiffen and kept counting takes on his hand to stay focused. In the same session, he checked league fixtures and realized his team played twice next week. The edit bay glowed with colors from every monitor.",64.33262,4.164067,598,8.49375,0,3.9814274,3389.0493,66.781906,0.0,48874,661,0.013524573,6.493754,5.415604,851.21466,0.03082425333559513,0.0
"Context:
We built our schedule around the client’s launch date and kept a shared checklist on the whiteboard. We reviewed the draft, fixed the broken links, and rewrote the confusing section before lunch. By the afternoon, we had a clean version ready for approval and a plan for the next update. We promised to stay available in case the stakeholder requested changes.",31.686375,3.4558868,599,7.2124996,1,5.780407,3389.0493,81.85181,0.0,33097,660,0.019941384,6.49224,5.330837,586.29944,0.5428733229637146,1.0
"Context:
A real estate ad followed me from one site to another, always pushing the same platform and its social buttons. The building details listed a contractor by name and mentioned automated pumps and machinery tucked beneath the lobby. It was 16°C in September in Lisbon, Portugal, and I met my partner to talk through family plans over dinner. The restaurant was elegant enough for photos, but the dish that mattered was the one with lemon, garlic, and olive oil.",61.207554,4.1142707,600,9.5,0,4.59342,3389.0493,71.947334,0.0,42745,660,0.015440403,6.49224,5.4066,737.80524,0.15396273136138916,0.0
"Context:
The URL ended with a slash and a dot, like someone had copied it from the address bar without trimming anything. I stared at the punctuation for a second because it looked wrong but still might work. After pasting it into the browser, I realized the period was the problem. Once I removed it, the page loaded instantly.",28.806654,3.3606064,601,7.5499983,1,6.163105,3389.0493,83.776085,0.0,30471,662,0.021725575,6.4952655,5.3564243,549.8932,0.885184645652771,1.0
"Context:
I sat down with a blank page and wrote the beginning of the document in a way that would survive quick skimming. The opening paragraph referenced multiple scientific fields because the project draws from different research traditions. For context, I inserted the beginning of a text excerpt that starts exactly where our citation points. After that, I wrote the beginning of a review paragraph about the service quality, then I reread the beginning of the text to ensure the tone matched.",43.147144,3.7646163,602,8.75,0,4.876955,3389.0493,73.77031,0.0,40570,671,0.016539315,6.508769,5.425302,694.91095,0.07740001380443573,0.0
"Context:
A fundraiser note mentioned a mission trip and included a URL with a file extension plus digits in the path. The copied address had an unnecessary trailing character and an extra separator that broke it. After trimming the punctuation, I reached a .php page that spelled out what the donation was for. Someone else had pasted the link with a “/>.” prefix at the beginning of the line, so I removed that noise before sharing it again. I asked in the chat whether the platform was good for quick one-time payments and included the link in brackets.",54.184013,3.9923859,603,8.99375,0,3.8453097,3389.0493,66.26131,0.0,49750,665,0.013366834,6.499787,5.364447,881.34625,0.03082425333559513,0.0
"Context:
Her notes started with a pronoun and a single number that signaled the first step of the plan. She cross-checked a legal letter that included a court date, a statute section, and a payment amount. The travel page in front of her listed cities, hotel room counts, and the time of check-in for each stop. On the screen, gene expression profiles from brain tissue formed clusters beside smoother profiles from a cultured cell line. She finished by logging a publication title with an author name and an issue number in her citation list.",63.66024,4.15356,604,9.137498,0,3.7623158,3389.0493,66.43311,0.0,48855,658,0.013468427,6.489205,5.2918534,900.7881,0.03082425333559513,0.0
"Context:
On Sunday evening, I planned the week and tried to keep every day realistic instead of heroic. I set monthly reminders, then wrote a yearly goal that I could actually measure. The next morning, I timed my work in hours and minutes, then watched the seconds on a call timer while I waited for someone to join. By afternoon, the schedule had already shifted, as if it was alive and impatient. When the weekend returned, the weeks felt like pages turning faster than my hands could hold.",37.569252,3.626186,605,6.6437454,0,4.4351563,3389.0493,69.99707,0.0,45398,674,0.014846469,6.5132303,5.4549017,764.133,0.03082425333559513,0.0
"Context:
After we streamlined checkout, abandoned carts dropped immediately. We paired that with better email follow-ups, and revenue climbed without hiring more staff. The board meeting turned from defensive to optimistic. Growth came from small fixes stacked together.",106.64384,4.6694946,606,10.818749,1,8.221962,3389.0493,98.34454,0.0,21693,651,0.030009681,6.4785094,5.256961,412.19473,0.962760329246521,1.0
"Context:
The story opened with a ship captain reading a map drawn in ink that never dries. We offer printing services, and we can reproduce your artwork without smudging the details. We appreciate you trusting us with something delicate. We’re hopeful the finished copy will look exactly like you imagined.",48.545586,3.8825033,607,8.21875,0,6.9642267,3389.0493,89.63692,0.0,26961,654,0.024257261,6.4831076,5.323383,486.63684,0.9194589853286743,1.0
"Context:
The design tool showed the current background as rgb(245, 245, 245), almost white but not quite. He pasted #FF6A00 into the accent slot and watched the interface highlight links in a vivid orange. On the next screen, he toggled between hex and RGB to match a client’s brand guide. After saving, he added the codes to the style sheet and pushed the change.",32.254353,3.473653,608,8.474998,1,3.5926168,3369.369,61.506325,0.0,41365,611,0.014770942,6.4150968,5.1974773,937.85925,0.03082425333559513,0.0
"Context:
I was behind on the current features, and it showed because my subscription page looked different. The notification showed up after I logged out once, and the upgrade button sat below a promotional panel. The confirmation text succeeded my action like a deliberate follow-up, arriving just late enough to feel odd. Support provided backing and told me to look beside the user icon for the missing toggle.",130.98227,4.875062,609,10.362495,0,4.485965,3369.369,65.86555,0.0,35288,634,0.017966447,6.452049,5.3627534,751.09125,0.21076853573322296,0.0
"Context:
The novel’s opening described a wedding where the guests applauded too long, like they were afraid to stop. We host events, and we can help you plan the seating and timing so nothing feels awkward. Thanks for sharing what you want the atmosphere to be. We’re excited to make your night feel warm instead of unsettling.",43.323757,3.768701,610,8.249997,0,4.8476343,3369.369,69.92333,0.0,30880,622,0.020142486,6.43294,5.2583666,695.05426,0.19763104617595673,0.0
"Context:
A developer’s site promoted lofts with a social-media widget and a big button to book a showing online. The maintenance page mentioned an August upgrade by a named contractor and showed a diagram of machinery controlling the elevators. It was 7°C that morning in Chicago, Illinois, and my friend texted me about moving in with her boyfriend. We celebrated with dinner, and the place was charming enough that everyone took photos before eating the spicy noodles.",75.495766,4.3240767,611,8.468749,0,3.6618392,3369.369,60.75802,0.0,41821,625,0.014944645,6.437752,5.2695947,920.1302,0.03082425333559513,0.0
"Context:
She noticed how conversations changed when someone mentioned being broke. People offered advice about positive thinking, as if poverty were just a bad habit to unlearn. Meanwhile, the wealthy guests talked about opportunities as if they were ordinary things everyone could reach. The imbalance sat in the room like a heavy object no one wanted to name.",48.966835,3.8911433,612,9.5875,1,5.1088758,3369.369,71.16991,0.0,30010,626,0.020859713,6.4393506,5.298053,659.5128,0.9546157717704773,1.0
"Context:
On Tuesday morning, I started a timer for twenty minutes and promised I’d focus until it rang. The task spilled into the afternoon, then returned again that evening when I realized I’d missed a detail. I pushed the deadline by a week, then marked the next milestone a month out, trying to be realistic. My planner held the bigger picture in years, but my day was ruled by minutes and seconds. When the weekend arrived, I used a few quiet hours to catch up and reset the schedule.",26.327076,3.270598,613,7.078125,0,3.5324214,3369.369,58.250366,0.0,47119,629,0.01334918,6.4441314,5.4126673,953.8412,0.03082425333559513,0.0
"Context:
A travel review compared three hotels and gave each one a ranking number. She mentioned the neighborhood, the nearby metro stop, and the late-night check-in time. The summary added how many nights she stayed in each place. The details read like a small ledger of locations and durations.",54.94648,4.0063596,614,8.875,1,5.0629015,3369.369,73.01084,0.0,27353,613,0.022410704,6.418365,5.1248846,665.5016,0.944252073764801,1.0
"Context:
The report’s conclusion leaned on a phrase introduced at the start, pulling it forward like a handle. A brief reference to the initial complaint reminded everyone why the investigation began. The writer kept it short, trusting that the audience would recognize the earlier point. That single glance backward made the ending feel earned.",70.71505,4.2586584,615,8.571869,1,5.00087,3369.369,71.65041,0.0,28687,628,0.021891449,6.44254,5.194406,673.75653,0.8869515657424927,1.0
"Context:
The birth announcement included the hospital name, the city, the time, and two measurements written in clean numerals. A legal letter on the counter showed a case number, a court date, and a payment amount with a deadline highlighted. The draft began with I and a number that framed the first point in the opening lines. On the screen, gene expression profiles from brain tissue sat next to cell line profiles used for comparison. She filed a news entry with a headline title, a byline name, and an edition number for her archive.",68.46817,4.226369,616,9.50625,0,3.0129416,3369.369,55.85971,0.0,48826,622,0.012739114,6.43294,5.2003684,1118.2988,0.03082425333559513,0.0
"Context:
The chapter opened with a blunt line and a lone number set off by punctuation. She reread the start because it sounded like someone speaking directly. The first few words carried a clear voice, even before the scene formed. It hooked her without tricks.",113.52762,4.732046,617,9.799999,1,6.2722507,3369.369,79.801994,0.0,23444,630,0.026872547,6.4457197,5.2240167,537.1866,0.9633806347846985,1.0
"Context:
My aunt insisted we all meet at the same bakery, the one she used to visit with her dad. While she picked out iced cupcakes shaped like chicks, she told stories about family holidays from years ago. I listened while holding a small box tied with a ribbon. When we got home, she placed the treats in the middle of the table like a centerpiece.",24.516085,3.1993294,618,7.499999,1,4.147799,3369.369,65.943596,0.0,33494,621,0.018540634,6.431331,5.1247683,812.32697,0.6183472871780396,1.0
"Context:
The weekend began with a quiet morning, and I promised myself I wouldn’t open my calendar for at least an hour. By the afternoon, I was already checking the schedule for next week and shifting a task into next month. That evening, I wrote a yearly goal and laughed at how serious it sounded. I watched the microwave count down in seconds while I wondered where the day had gone. When Monday arrived, the hours felt shorter, but the weeks still kept marching forward.",23.677258,3.164515,619,6.00625,0,3.9293597,3369.369,61.84412,0.0,44052,623,0.014142377,6.4345465,5.4228396,857.4855,0.03082425333559513,0.0
"Context:
The lab scale read 0.32 grams for the first vial and 0.29 for the next. The survey returned 61 responses, with 18 marked incomplete. He estimated the crowd at somewhere between 200 and 300 people, though nobody agreed. The last entry in the log shows day 7 as the point where everything stabilized.",38.108055,3.6404257,620,9.5625,1,4.3706484,3369.369,65.367485,0.0,36117,615,0.017027993,6.4216223,5.352729,770.90826,0.8071998357772827,1.0
"Context:
A singer announced a charity tour, and tickets disappeared as fast as election-night headlines refresh. The campaign used the moment, praising the artist’s impact and showing up at the venue for photos. Meanwhile, a small sponsor brand rode the attention and saw orders triple. The performance on stage, the public narrative, and the business results all surged together.",77.45312,4.349673,621,9.224998,0,4.324614,3369.369,66.940735,0.0,33053,624,0.018878771,6.4361506,5.1776767,779.1144,0.5515047311782837,1.0
"Context:
In summer the sun stayed up late, and dinner stretched into long conversations. Autumn brought earlier darkness, and I started carrying a light on my bike. Winter mornings were slow, and I never wanted to leave the warmth of the bed. When spring returned, the days felt like they were opening again.",23.125835,3.1409504,622,7.575,1,5.395462,3369.369,73.63076,0.0,28264,621,0.021971412,6.431331,5.277364,624.482,0.8270668983459473,1.0
"Context:
I was behind on the new subscription features, and the gap showed the moment I opened the app. The alert popped up after I navigated away, and the button I needed sat below a cluttered panel. The next screen succeeded my tap with a lag that made the process feel like call-and-response. Support provided backing and pointed me to the option next to the security settings.",92.32331,4.5252967,623,10.887497,0,4.3347936,3369.369,65.24226,0.0,35727,639,0.017885633,6.4599047,5.320699,777.2847,0.19907847046852112,0.0
"Context:
During the project, we met almost every week. Even a quick check-in helped, no matter how small it was. Over time, the effort stacked into real progress. The work finished earlier than expected.",42.0873,3.739746,624,7.687498,1,6.3941903,3369.369,83.48401,0.0,20334,607,0.02985148,6.408529,5.010911,526.9422,0.9633806347846985,1.0
"Context:
He kept repeating that he was born in 1999 as if the number itself were a badge. At the party, someone taped a banner with the anniversary year in big gold letters. The older relatives started telling stories tied to that date, each one more specific than the last. By the end of the night, the year felt like a shared reference point for everyone.",23.236315,3.1457164,625,6.2812495,1,3.980197,3369.369,64.17233,0.0,35240,622,0.017650397,6.43294,5.1671453,846.5332,0.7928199172019958,1.0
"Context:
The comedy special hit the top spot, and people quoted lines at work like it was a shared language. The comedian’s endorsement of a small drink brand made it sell out, and the company leaned into the buzz with smart promotions. A city council debate even referenced the cultural moment while arguing about arts funding. Popularity crossed from entertainment to products to politics without slowing down.",76.21157,4.3335133,626,9.450001,0,4.2896805,3369.369,65.53013,0.0,34388,631,0.018349424,6.4473057,5.2628603,785.45917,0.22867833077907562,0.0
"Context:
We appreciate your help today, especially with the tricky part we couldn’t reproduce earlier. I’m hopeful we’ve finally found the root cause and that tomorrow will be calmer. It means a lot that you took the time to walk through it step by step. Thanks again, and we’ll follow up after the next run.",15.214523,2.7222505,627,6.34375,1,4.827463,3369.369,69.44499,0.0,31729,614,0.019351382,6.419995,5.310006,697.9585,0.6995298862457275,1.0
"Context:
The scientist said the sample sizes were 14 and 27, and the room nodded as if that settled things. In Kyoto, the venue staff kept pointing visitors toward the hall with a sign bearing the sponsor’s name. I drafted the summary and made sure the first line didn’t bury the lead. During the break, organizers debated replacing the speaker with an alternative, worrying how the decision would look to the host institution. Afterward, we reviewed the service contract terms and realized the pricing structure punished small changes.",58.32401,4.066014,628,9.831249,0,3.2899153,3369.369,56.87141,0.0,47979,636,0.013255799,6.455199,5.3413506,1024.1506,0.03082425333559513,0.0
"Context:
The candidate’s rallies drew crowds that surprised even the party veterans. Polls shifted steadily, and the message started shaping debates across the country. When the reforms passed, people could point to concrete changes in schools and local jobs. Their popularity wasn’t just noise, it translated into lasting influence.",117.49889,4.766429,629,9.793748,1,5.060558,3369.369,72.61374,0.0,27793,617,0.022199834,6.424869,5.152937,665.80975,0.9363463521003723,1.0
"Context:
Saturday arrived, and I swore I’d relax for once, at least for the morning. By the afternoon, I was timing chores in thirty-minute blocks, trying to keep the day from disappearing. That evening I set reminders for the week and penciled in a check-in next month. A yearly goal sat in the corner of my notebook, waiting like a quiet dare. When I watched the clock tick down in seconds before midnight, I felt the weekend slipping away.",31.468962,3.4490018,630,8.237499,0,3.8475144,3369.369,61.04622,0.0,44055,621,0.014096016,6.431331,5.402978,875.72614,0.03082425333559513,0.0
"Context:
The real estate portal displayed the city, postal code, and the listing number at the top. He scrolled to the part that showed the open-house time and the apartment’s floor. A note mentioned a marathon passing through the same district later that month. Every line anchored the entry to a place and a time.",59.986732,4.0941234,631,8.5625,1,4.8028927,3369.369,70.90465,0.0,29993,623,0.020771513,6.4345465,5.159752,701.52905,0.9342832565307617,1.0
"Context:
Operations warned that a rushed migration could break critical services, and legal backed them up with a reminder about contractual penalties. The café across the street was bright and comfortable, with portions that felt worth the cost. A radio host dissected party strategy and quoted a minister’s remarks, and the callers sounded furious. I listened, took notes, and tried to process the claims without jumping to conclusions. After lunch, I added a clearer navigation pattern to the product so users could find what they needed faster.",93.9832,4.543116,632,11.299999,0,3.489394,3369.369,58.415455,0.0,45344,629,0.013871736,6.4441314,5.3423023,965.6029,0.03082425333559513,0.0
"Context:
A forum thread mixed a lab observation log with a reminder that the premium subscription renewed every 30 days. One user corrected the chart colors by quoting #4CAF50 and an RGB triplet to keep the plot consistent. Another wrote about gripping the rail so hard their hands went numb, counting each minute until the test ended. Off to the side, a banner showed league standings and rotated through team crests. It was all colors, timers, and noise in one place.",116.77764,4.7602715,633,12.206242,0,3.5013695,3369.369,59.318428,0.0,43575,631,0.01448078,6.4473057,5.2867575,962.3003,0.03082425333559513,0.0
"Context:
The brand launched a simple logo refresh, and suddenly it looked premium rather than dated. Shops featured it at eye level, and customers gravitated to it without much prompting. Online comments turned from skeptical to enthusiastic. Positive reception became a steady stream of repeat purchases.",75.16573,4.3196955,634,8.999999,1,5.3423786,3369.369,76.0144,0.0,24720,617,0.024959547,6.424869,5.0388465,630.687,0.9633806347846985,1.0
"Context:
The team scrapped the prototype and rebuilt the interface from the ground up. They kept only the goal and threw out the habits that had crept in. The first demo looked different, even to them. Restarting gave them room to think.",45.955826,3.8276806,635,7.74687,1,6.285015,3369.369,81.0523,0.0,22542,613,0.027193682,6.418365,5.156313,536.0956,0.9633806347846985,1.0
"Context:
The previous week’s mistake still shaped how they approached the new task. He remembered the earlier delay and built in extra time so it wouldn’t happen again. What came before wasn’t dramatic, but it was enough to change habits. By Friday, the team moved faster because they learned from the prior setback.",36.371433,3.5937836,636,6.8187494,1,4.679268,3369.369,69.77251,0.0,29985,618,0.020610305,6.4264884,5.148813,720.06323,0.8057302832603455,1.0
"Context:
The status line said “pending review,” and she added a link to the wiki section that explained the database change. Later, she read a long essay about wealth and poverty that blamed the poor for not thinking right, and it made her angry. She downloaded the complete version of the product and told everyone with absolute assurance that there would be no missing features. When users complained anyway, she checked how frequently the same issue appeared and how long each complaint thread lasted. The task closed, but the debate kept going.",54.740273,4.0025997,637,8.337499,0,3.3046079,3369.369,56.818085,0.0,46646,627,0.013441667,6.4409466,5.344118,1019.59717,0.03082425333559513,0.0
"Context:
I heard laughter from the lobby below, echoing up through the open stairwell. The training session ran in a strict order, with each drill following the last, so nobody could jump ahead. Afterward, our group met at a sports bar in the same building, where a screen showed highlights on loop. Someone at the table compared smartwatch technical specifications, arguing over battery life and sensors. When I got home, I baked bread using a recipe that demanded patience more than skill.",44.423744,3.7937741,638,8.112499,0,3.5220196,3369.369,60.229786,0.0,43142,627,0.0145334015,6.4409466,5.2435465,956.6582,0.03082425333559513,0.0
"Context:
Rain tapped the skylight overhead while the courtyard lay quiet below. I moved through the checklist in sequence, setting each item in its assigned position so nothing got misplaced. In the neighborhood square nearby, a pop-up repair stand offered help with snapped chains and loose bolts. The mechanic recited the bike’s technical specifications as if he was reading a biography. That night I followed a recipe for roasted vegetables, letting the tray caramelize until the kitchen smelled sweet.",70.67655,4.258114,639,10.124997,0,3.7823296,3369.369,61.63311,0.0,42281,631,0.014923961,6.4473057,5.3312488,890.8184,0.03082425333559513,0.0
"Context:
She insisted on a plan that included every circumstance and every way of acting. It began with almost nothing, a minimal promise she could keep. When motivation dipped, she restarted and repeated a general routine. Most days she did a lot, though any effort was acceptable. In the end the commitment felt absolute and complete.",91.893105,4.520626,640,9.59375,0,6.2434087,3389.0493,84.25432,0.0,29602,657,0.022194447,6.4876842,5.3419633,542.8204,0.6566295623779297,1.0
"Context:
She chose the backpack because the product page was precise about its features. It stated the fabric type, water resistance rating, number of compartments, and the laptop sleeve size. Even the zipper brand was mentioned, which made it feel more trustworthy. When she used it in the rain, the contents stayed dry as promised.",22.637976,3.119629,641,6.28125,1,6.4898276,3389.0493,84.811615,0.0,29621,671,0.022652848,6.508769,5.4196,522.2095,0.8169928193092346,1.0
"Context:
Her favorite plugin let her hover over any element and instantly reveal its hex value. She used it to pull #2F2F2F from a header and then wrote the matching RGB numbers into a gradient. The palette looked consistent until one card appeared too warm, so she adjusted the red channel by a few points. With another refresh, the contrast finally matched the mockup.",51.344746,3.9385626,642,8.343748,1,5.2681518,3389.0493,77.4298,0.0,34844,657,0.01885547,6.4876842,5.342748,643.30896,0.7985831499099731,1.0
"Context:
A sign at the station listed platforms 3 through 5, and I chose one at random to avoid thinking. In Times Square, I wrote the opening of my blog post on my phone and deleted it twice. A crowd gathered around a protest calling to replace a corporate contract with a community-run alternative, and the chants bounced between buildings. Nearby vendors complained about fees and how the economics squeeze small sellers. I ended the post with a closing line that sounded like the city’s own pulse.",43.67601,3.776799,643,7.7124996,0,4.1997166,3389.0493,68.517975,0.0,45813,671,0.014646498,6.508769,5.4085217,806.97095,0.03082425333559513,0.0
"Context:
>. [www.sample-site.com](http://www.sample-site.com) appeared at the beginning of the line in the document, and it confused everyone reading it. I realized the symbols weren’t part of the address, just leftovers from formatting. After removing them, the link became clickable and worked immediately. It was a small cleanup that made the whole note readable.",30.851183,3.4291751,644,9.0406275,1,5.068286,3389.0493,76.3843,0.0,36601,656,0.017923007,6.4861608,5.332044,668.6776,0.6837360858917236,1.0
"Context:
A podcast listing included the show title, the guest’s name, and the episode number. He copied the details into his notes so he could find it later. Another link displayed a journal title with a DOI-like string and a year. It was all names, titles, and identifiers.",41.14936,3.7172084,645,9.681249,1,6.4473658,3389.0493,86.92334,0.0,27828,654,0.02350151,6.4831076,5.263342,525.6487,0.9633806347846985,1.0
"Context:
The lecture lasted ninety minutes, and my attention came and went in waves. During the last fifteen minutes, the room grew warmer and everyone shifted in their seats. I checked the time once, then forced myself to stop. When it ended, stepping into the hallway felt like waking up.",26.665594,3.283374,646,7.4187484,1,6.8236237,3389.0493,88.65812,0.0,26964,657,0.024365822,6.4876842,5.3099976,496.66415,0.9633806347846985,1.0
"Context:
I started with the beginning of the text, then turned it into the beginning of the document by adding proper headings and structure. The introduction included references to diverse scientific fields, since the work borrows methods across domains. I placed the beginning of a text excerpt as a small boxed quote to break up the prose. Finally, I wrote the beginning of a review paragraph about the service experience and checked the beginning again to keep everything consistent.",44.058617,3.785521,647,7.2687488,0,4.817591,3389.0493,73.56617,0.0,39690,664,0.016729655,6.498282,5.3868704,703.4738,0.07543215900659561,0.0
"Context:
A short post shared a URL with a file extension and page-number-like digits, asking people to donate toward a mission trip. The link was pasted with extra separators and a trailing mark that stopped it from loading. After removing the punctuation, I hit a .php page where the text explained what the funds were for in plain terms. Another person had prefaced the address with “/..” like a command-line artifact, so I corrected that before reposting. I then asked if the product behind the payment system was good for international use and dropped the URL in brackets.",58.51929,4.0693564,648,8.537499,0,3.6652954,3389.0493,63.90043,0.0,52827,664,0.01256933,6.498282,5.414142,924.63196,0.03082425333559513,0.0
"Context:
The report began with We and a brief statement of purpose. Right after that came a number that signaled a count or a step. She appreciated the straightforward start because it made the rest easier to navigate. The first lines felt like a clean handshake.",98.93875,4.594501,649,9.962498,1,7.383018,3389.0493,93.919106,0.0,23438,647,0.027604744,6.4723463,5.196934,459.03305,0.962760329246521,1.0
"Context:
On the first page, the map had a tear right where the capital should have been. A courier arrived breathless, insisting the king was already dead in a future that hadn’t happened yet. In the tavern, everyone pretended not to hear his warning. By sunrise, the protagonist had packed a bag and stepped onto the road anyway.",39.21887,3.669158,650,7.2093744,1,6.1601024,3389.0493,83.286354,0.0,31364,668,0.021298304,6.504288,5.396176,550.1612,0.8471147418022156,1.0
"Context:
A brand name was printed on the flyer taped to the door. The message encouraged businesses to improve online presence with better site structure. I tried to create an account for the workshop portal, but the system asked extra questions due to automated checks. The flyer listed the date, location, and arrival time in bold. I went home and cooked a one-pan recipe with potatoes and paprika.",55.524597,4.016826,651,8.45,0,5.1996307,3389.0493,77.30189,0.0,35726,667,0.018669877,6.50279,5.3224993,651.78656,0.18427497148513794,0.0
"Context:
Is there a cheaper option for this service? I posted the question and added a bracketed link to the official page. A couple of people replied with alternatives, but I checked the original link first to confirm the price. The official page didn’t mention discounts, so I kept searching.",26.853016,3.290378,652,7.25,1,6.7820945,3389.0493,87.92378,0.0,27399,654,0.023869485,6.4831076,5.339735,499.7054,0.9207412004470825,1.0
"Context:
The article’s first lines connected chemistry to medicine and then to materials engineering. It started by comparing how different disciplines measure the same phenomenon in their own language. The introduction set up a tour through several branches of science without lingering on only one. The beginning made it clear the reader would need to switch mindsets often.",47.615414,3.8631566,653,7.7124987,1,6.314428,3389.0493,84.64756,0.0,30037,658,0.021906316,6.489205,5.3591094,536.7152,0.8971074819564819,1.0
"Context:
The sunset turned the clouds a warm orange, and the whole street looked softer for a moment. She picked a scarf in a rich green because it made her feel steady. In the shop window, a strip of purple fabric caught her eye and made her stop walking. By the time she got home, she had the colors of the evening stuck in her head.",24.394245,3.1943474,654,7.1187496,1,5.4442854,3389.0493,79.13201,0.0,33539,658,0.01961895,6.489205,5.313319,622.49664,0.8577803373336792,1.0
"Context:
The first scene took place in a museum at closing time, when the paintings seemed to breathe. We handle security upgrades, and we can add motion sensors without ruining the aesthetics. We’re glad you flagged the blind spots during the walk-through. We’re hopeful the new setup will prevent any more midnight surprises.",46.855213,3.8470623,655,7.8687487,0,6.644412,3389.0493,85.52475,0.0,30048,662,0.022031417,6.4952655,5.464225,510.0601,0.4930557608604431,0.0
"Context:
Our partnership contract moved from “negotiation” to “finalization,” and that change alone calmed the whole team down. The vendor requested one more amendment, so the document went back to the committee. In the weekly update, the project lead said the process is on track despite the extra round. We’re waiting on a formal vote before anything becomes binding.",37.704468,3.6297786,656,7.0374994,1,5.7676635,3389.0493,80.43945,0.0,33549,666,0.01985156,6.50129,5.409342,587.59485,0.77885502576828,1.0
"Context:
The hotel brochure listed the city, postal code, room count, and the check-in time in a clean table. A legal memo underneath carried a filing date, paragraph numbers, and a cited subsection that she highlighted. The report opened with We and a lone digit that introduced the first section. On her screen, gene expression profiles from brain tissue contrasted with the smoother profiles from a cell line. She logged a publication title with an author name and an issue number before saving the folder.",112.20878,4.720361,657,11.94375,0,4.2930155,3389.0493,69.84969,0.0,44491,673,0.015126655,6.5117455,5.3776755,789.4333,0.03082425333559513,0.0
"Context:
I stood on the mezzanine above the main floor and watched shoppers drift below the glass railing. The brochure said to follow the steps in order, so I took the escalator down after checking the map’s numbered route. At street level, a small bookstore in the same block hosted an evening reading, and I made a note to return later. Before leaving, I compared two phones by scanning their technical specifications on the display cards. Back home, I cooked a quick bowl of noodles using a recipe I’d scribbled earlier, tasting and adjusting until it felt right.",30.041838,3.402591,658,7.293748,0,4.0810065,3389.0493,65.99646,0.0,51995,684,0.013155111,6.527958,5.561128,830.44446,0.03082425333559513,0.0
"Context:
The orientation table had fresh oranges and chilled tea, and the first-years grabbed them with grateful hands. The lobby smelled clean after someone opened the doors and let a cool breeze sweep through. When a question about fees came up, the staff member answered truthfully and showed the printed policy. They wiped the schedule clean and started from scratch, keeping only what mattered. After the session, they walked to the harbor and watched the tide rise.",60.027473,4.0948024,659,8.75625,0,4.925095,3389.0493,74.39112,0.0,40138,680,0.016941551,6.522093,5.431247,688.1185,0.06863975524902344,0.0
"Context:
I was stitching together a big document for a client, so I wrote a clean opening page before anything else. Right after that, I drafted an introduction that talks about how the work spans several scientific fields, so nobody would assume it was just one specialty. Later in the same file, I pasted the beginning of a text excerpt from a source we were quoting to show tone. Before sending it out, I added the beginning of a product review section that summarized early impressions, and I re-read the beginning of the text to make sure it flowed.",33.166435,3.5015383,660,8.049998,0,4.429431,3389.0493,67.87835,0.0,50259,686,0.013649297,6.5308776,5.6388855,765.1207,0.03082425333559513,0.0
"Context:
She stood at the edge of the pool and listened to the steady splash of laps. The smell of chlorine clung to the humid air. When she slipped in, the coolness closed around her shoulders. The noise of the room softened under the surface.",21.59099,3.072276,661,6.5125,1,7.384279,3389.0493,94.35692,0.0,23449,655,0.02793296,6.4846354,5.192194,458.95468,0.962760329246521,1.0
"Context:
The email asked for donations to cover travel for a mission trip and included a web address that ended in a file extension with a number in the middle. The pasted link also had a stray slash and punctuation at the end, which made it look broken. Once I trimmed the tail, it opened a .php page that described what the fee was for and how the form worked. Someone had quoted the link with a weird “>. ” prefix at the start of the line, so I copied only the clean URL. In my reply, I asked if the service was suitable for small organizations and included the link in brackets.",30.909266,3.431056,662,7.5625,0,3.571887,3389.0493,62.737778,0.0,55895,675,0.012076214,6.514713,5.465302,948.812,0.03082425333559513,0.0
"Context:
The café near campus offered a new seasonal drink, and the first-year students lined up as if it were a ritual. The mint on top smelled sharp and alive, and the whole counter looked freshly wiped. A classmate repeated a rumor, but another student corrected it with the actual email, word for word. The group decided to reboot their study plan and begin again with a clean schedule. When they left, rain had turned the streets glossy, and water pooled at the curb.",43.81599,3.7799988,663,7.575,0,4.39979,3389.0493,70.17037,0.0,44067,681,0.015453741,6.5235624,5.4222226,770.27527,0.03082425333559513,0.0
"Context:
The task list still showed the wiki update as “in progress,” and he promised the database changes would land today. Over coffee, a teammate complained that poverty gets blamed on attitude while wealth gets treated like proof of virtue. When the complete version of their tool finally installed, he said with total certainty that the bug was gone. Two hours later, the error returned, and he tracked how frequently it appeared and how long each run stalled. By evening, the status flipped to “done,” but nobody sounded convinced.",84.18504,4.4330173,664,9.2625,0,4.2295866,3389.0493,68.49925,0.0,46687,671,0.01437231,6.508769,5.449234,801.272,0.03082425333559513,0.0
"Context:
Thank you for the quick reply, it really helped us move forward. We’re excited to share the final version once the last review is complete. I’m looking forward to hearing what you think when you have a moment. Until then, we appreciate you sticking with us.",13.524146,2.6044767,665,4.9874997,1,7.7576504,3389.0493,92.05119,0.0,26522,658,0.024809591,6.489205,5.498355,436.86545,0.8668867945671082,1.0
"Context:
He pointed back to the earlier explanation, using a brief reference to keep the logic intact. She repeated what had been mentioned about the decision, treating it as already known and not up for debate. The group shifted into formal discussion, and each statement sounded deliberate, like it belonged in an official record. A prior mistake was brought up to justify the stricter process this time. They concluded by showing the information previously provided on the dashboard so the numbers could settle the argument.",76.026054,4.331076,666,8.078125,0,4.5967116,3389.0493,71.70385,0.0,42768,674,0.015759446,6.5132303,5.4242826,737.2769,0.06892988085746765,0.0
"Context:
I drove into Columbus, Ohio for an interview at a payroll office tucked behind a warehouse district. The recruiter walked me through compensation details, then escorted me to a conference room where I had to show a short demo on a shared screen. Before leaving town, I bought a small box of Easter candy and called my sister to ask if her kids preferred eggs or bunnies. On the bus back to the hotel, I read a rambling post that opened with card tips, wandered through color choices, and ended with fish care and gadget talk.",46.077045,3.8303149,667,9.237496,0,4.3019705,3389.0493,68.53251,0.0,48470,673,0.013884877,6.5117455,5.500913,787.79,0.03082425333559513,0.0
"Context:
At the top of the page, the text started abruptly with a name and a number. She paused at the opening phrase, then let the paragraph carry her into the story. The beginning had that brisk feeling of something already in motion. It didn’t ask permission to begin.",30.88143,3.430155,668,6.5374956,1,6.862506,3389.0493,89.45457,0.0,26525,665,0.025070688,6.499787,5.289364,493.8501,0.9633806347846985,1.0
"Context:
Meadowgate Stadium looked different on matchday, with new ramps, tactile signs, and a lift that finally worked reliably for wheelchair users. A regional program had offered support money, and the treasurer mentioned it in the newsletter sent to members. The contractor’s invoice included a breakdown of components and specifications for the seating platforms and safety barriers. The club also pushed a refreshed site, chasing backlinks and tightening SEO so people could find accessibility info without digging. After the match, supporters posted enthusiastic reviews describing how easy the journey felt from entrance to seat.",87.34051,4.4698143,669,9.549995,0,4.5667014,3389.0493,72.89348,0.0,49787,674,0.0135376705,6.5132303,5.5260177,742.12195,0.08857054263353348,0.0
"Context:
The vendor flagged a vulnerability in our checkout flow and asked for a remediation plan. Legal insisted the contract needed a clearer liability clause before we shipped anything. Operations mapped out the rollout and pointed to the risk of downtime during peak hours. By the end of the call, the roadmap felt less like a dream and more like a set of obligations.",53.718513,3.9837577,670,9.5625,1,5.8308454,3389.0493,82.13852,0.0,31788,660,0.020762552,6.49224,5.3204145,581.2278,0.9084964394569397,1.0
"Context:
She tracked the routine at all times, noting when it happened and how it went. The habit began with a minimal target that felt easy to hit. Whenever she missed a session, she restarted and repeated the same general drill. Most weeks she did more, but any effort still counted. Over months it became total, almost absolute.",72.79913,4.287704,671,8.637496,0,6.2132287,3389.0493,83.56219,0.0,30932,670,0.021660417,6.5072775,5.4006634,545.45703,0.819116473197937,1.0
"Context:
I registered a short domain and put up a simple landing page. After that I rewrote the homepage titles to match what people search. I reached out to a few blogs for backlinks. Over time the site started showing up higher.",35.886086,3.5803497,672,7.0499997,1,8.291354,3389.0493,98.25815,0.0,22142,655,0.02958179,6.4846354,5.301525,408.74496,0.962760329246521,1.0
"Context:
The medication had to be taken every six hours, even if I felt fine. I set alarms so the schedule wouldn’t drift while I slept. After the first day, I understood how quickly six hours can pass when you’re distracted. By the third day, the routine felt like a metronome I couldn’t ignore.",15.73444,2.755852,673,6.340625,1,6.0183916,3389.0493,83.31281,0.0,31350,665,0.021212121,6.499787,5.330713,563.1155,0.880605161190033,1.0
"Context:
The judge used clear, uncompromising language in the ruling. It was complete and left no room for alternate interpretations. The decision felt absolute to both sides. Afterward, the debate ended.",58.0907,4.0620055,674,10.7875,1,9.892668,3389.0493,108.99214,0.0,17742,650,0.03663623,6.4769726,5.2036805,342.58194,0.962760329246521,1.0
"Context:
After weeks of back-and-forth, the lab posted their results with a short paragraph explaining what they do and do not prove. A reviewer comment had pushed them to add a robustness check, and the added figure changed the interpretation. At the bottom, they linked to a prior dataset release so readers could compare trends. I saved the reference because it neatly ties the claim to earlier work.",43.99461,3.7840672,675,8.0625,1,5.3391805,3389.0493,77.93904,0.0,36181,665,0.018379813,6.499787,5.3783226,634.75085,0.49663934111595154,0.0
"Context:
The database migration looked fine, yet the wiki page was stale, so he set the task status back to “needs work.” A colleague kept lecturing about discipline, as if poverty disappears when you think the right thoughts, and it rubbed him the wrong way. They bought the full version of the product anyway, hoping a complete build would remove the rough edges. He spoke with total certainty about the fix until the same failure happened again. Then he logged how often it occurred and how long it took to recover each time.",62.975212,4.142741,676,9.75,0,4.2351794,3389.0493,68.13351,0.0,47143,675,0.014318138,6.514713,5.4821873,800.21387,0.03082425333559513,0.0
"Context:
The group chat circulated a donation link with a file extension and an embedded number, tied to a mission trip budget. Unfortunately, the copied URL ended with an extra slash and a dot, so it failed for anyone who clicked directly. When I cleaned the punctuation, it loaded a .php form and stated what the contribution was for, line by line. A follow-up message began with “/>.” before the web address, which I removed so the link would display properly. I asked whether the service was reliable for one-time payments and included the link in brackets for quick access.",51.613987,3.9437928,677,9.3875,0,3.7675369,3389.0493,64.37528,0.0,53280,683,0.012819069,6.526495,5.4722624,899.5398,0.03082425333559513,0.0
"Context:
The donation page link ended with a file extension and a stray number, and the message asked for support for a mission trip. I clicked it, but the copied URL had a trailing slash and an extra dot that broke the page. After cleaning the punctuation, I landed on a .php form that explained what the payment was for. Someone had pasted the address with a weird “/>.” prefix, so I trimmed that off before sharing it again. In the chat, I asked whether the service was reliable for international donors and included the link in brackets so others could check it.",39.633354,3.679671,678,7.124997,0,3.7354283,3389.0493,64.42933,0.0,52392,670,0.012788212,6.5072775,5.4414344,907.2719,0.03082425333559513,0.0
"Context:
The launch checklist kept stalling on compliance questions and technical risk, and the back-and-forth started to wear everyone down. The venue had a generous workspace and great lighting, and the price seemed almost too reasonable. A heated political discussion broke out nearby, with party names thrown around like insults. I stepped away, reviewed the facts, and tried to interact with the information calmly instead of feeding the noise. When I returned, I proposed interface tweaks that made the product feel more helpful and less demanding.",66.92999,4.203647,679,10.65,0,4.3716397,3389.0493,69.878075,0.0,45839,685,0.014943607,6.529419,5.441652,775.2353,0.03082425333559513,0.0
"Context:
I took two weeks off and expected to feel instantly rested, but the first few days were just unwinding. By the end of the first week, my sleep finally settled into a steady rhythm. The second week passed faster, full of small plans that didn’t need a calendar invite. When I returned, it felt like the break had lasted both forever and no time at all.",18.121468,2.8970973,680,6.612499,1,5.951006,3389.0493,80.61531,0.0,35776,665,0.01858788,6.499787,5.527896,569.4918,0.6137714982032776,1.0
"Context:
The company name was stitched onto the cap he wore. He said their new website was built to strengthen online presence quickly. When I tried to log into my account, a short system note described an outage earlier in the day. The event page showed the date and the doors-open time. At home I cooked a simple recipe for garlic potatoes.",70.03438,4.2489862,681,8.656248,0,5.627593,3389.0493,81.26481,0.0,32215,665,0.020642558,6.499787,5.2753963,602.22003,0.48437848687171936,0.0
"Context:
They told us the agreement is close, but the status still reads “awaiting counterparty confirmation.” A revised timeline was shared after the last checkpoint call. The progress note hinted that the remaining issues are procedural rather than substantive. I’m not celebrating until the process reaches its final stage.",53.365192,3.9771588,682,8.5625,1,7.0012546,3389.0493,88.83008,0.0,27414,663,0.024184722,6.496775,5.3880973,484.06314,0.9427246451377869,1.0
"Context:
A new streaming series exploded, and the lead actor’s performance turned them into an overnight household name. The studio’s marketing leaned into the momentum, pushing trailers that made the next episode feel unmissable. A snack brand featured in the show sold out in stores, and shoppers talked about it like it was part of the plot. The success spilled from entertainment into products and headlines in the same week.",34.900387,3.5524979,683,6.8937497,0,5.000047,3389.0493,75.214005,0.0,37925,666,0.017560976,6.50129,5.383213,677.80347,0.0947355106472969,0.0
"Context:
I measured the hike by hours, not kilometers, because the terrain made every step count. After three hours, we stopped near a stream and ate in silence. The final hour dragged, and my legs felt like they belonged to someone else. When we reached the car, it felt strange that the whole day had been contained in a handful of hours.",21.508343,3.068441,684,6.218748,1,5.8227715,3389.0493,81.50846,0.0,32675,664,0.020321347,6.498282,5.3618484,582.0337,0.8455177545547485,1.0
"Context:
Someone asked if the product was worth it for students, then pasted a link inside brackets like a citation. I opened it and scanned the features, focusing on what was actually included. The claims sounded great, but the fine print had limitations. I responded with a cautious yes and pointed to the exact section that explained why.",51.21607,3.9360533,685,9.312498,1,6.279906,3389.0493,85.31536,0.0,30023,658,0.021916531,6.489205,5.330115,539.66565,0.8859724998474121,1.0
"Context:
He updated the database index, then edited the wiki, then finally switched the implementation task to “complete.” At dinner, his friend argued that poverty isn’t cured by attitude, while wealth gets to call itself hard work. She bought the full edition of the game, and he said with total certainty that the download included every expansion. When crashes happened, he started counting the frequency per hour and timing the duration of each freeze. The numbers ruined the easy confidence.",142.97583,4.9626756,686,10.21875,0,4.614835,3389.0493,71.86786,0.0,42737,666,0.0155836865,6.50129,5.4246597,734.38153,0.06852294504642487,0.0
"Context:
The first page described a city built inside a whale’s ribcage, and the imagery made the room feel colder. We curate themed bundles, and we can pack a few similar titles with a note about reading order. Thanks for trusting our picks even when they’re unusual. We’re looking forward to hearing which opening hooked you the hardest.",73.167435,4.2927504,687,8.537499,0,5.9575567,3389.0493,82.00412,0.0,32666,662,0.020265719,6.4952655,5.3965573,568.86566,0.33960607647895813,0.0
"Context:
He alluded to the earlier section with a single phrase, trusting readers to remember the setup. She repeated what he had said about the scope, keeping the language aligned with what had already been mentioned. The team held a formal discussion afterward, and the statements were treated like something that could be audited later. A prior conflict was referenced to explain why the tone needed to stay calm. To finish, he forwarded the information previously provided in the original packet so nobody had to ask again.",68.92006,4.2329473,688,8.918747,0,4.19121,3389.0493,69.362404,0.0,43616,652,0.014948643,6.4800444,5.327326,808.6088,0.03082425333559513,0.0
"Context:
From the footbridge, I watched kayaks glide below, their paddles flashing in the sun. I arranged the trip plan in order on my phone, making sure each stop came at the right point in the day. Near the waterfront, a coffee stand served hot drinks and rented blankets for people sitting outside. I also checked the technical specifications of a small speaker before buying it for the ride back. Later, I followed a recipe for baked fish, timing it so the skin crisped without drying out.",43.20103,3.7658644,689,8.631247,0,3.9460692,3389.0493,67.74033,0.0,45353,644,0.014199723,6.4676986,5.293639,858.8418,0.03082425333559513,0.0
"Context:
The schedule claimed the talk would run 45 to 60 minutes, but the speaker went long anyway. I started drafting the minutes and watched how the first line made the whole document feel official. Midway through, the group argued about replacing the current policy with an alternative suggested by a regional office. The treasurer explained how the new service pricing would affect members over the next quarter. I closed the minutes with a neat final sentence and filed them before anyone could edit them in anger.",46.266296,3.8344138,690,8.53125,0,4.148339,3389.0493,69.01334,0.0,44474,643,0.014457885,6.4661446,5.330998,816.9654,0.03082425333559513,0.0
"Context:
Riverside Stadium completed an accessibility renovation that added lifts and reduced bottlenecks at the gates. The board meeting notes mentioned a subsidy that made the project feasible without cutting the youth budget. The equipment supplier’s brochure listed item features like anti-slip surfaces and maximum incline ratios for the new ramps. To fill the stands, the club ran advertising, improved SEO, and negotiated links from local partners to drive more traffic. After opening night, customers posted warm reviews about how smooth the experience had become.",84.60481,4.437991,691,9.381248,0,4.4171495,3389.0493,72.17109,0.0,44489,647,0.0145429205,6.4723463,5.3603063,767.24805,0.05719077214598656,0.0
"Context:
We spent the morning tracing a technical failure and listing the risks that could repeat it, while legal prepared a brief for leadership. The hotel lounge was comfortable, with good coffee and a sense of quality that made the cost easier to accept. A televised speech by a party leader played in the corner, and the policy claims sparked arguments at nearby tables. I slowed down, rechecked the timeline, and tried to process the situation without letting the crowd’s mood steer me. Before bed, I simplified the app flow so the experience felt smoother and more reassuring.",78.652985,4.3650455,692,10.187498,0,3.6406019,3389.0493,64.617096,0.0,50626,651,0.0128590055,6.4785094,5.3299212,930.90356,0.03082425333559513,0.0
"Context:
In the legal memo, each paragraph began with a numbered heading and a date reference. He compared the quoted amounts against the exhibit numbers and the timeline in the attachments. The notation was dry but useful when questions came up. Every claim was nailed to a figure or a date.",111.66184,4.715475,693,11.131249,1,6.5016103,3389.0493,88.48761,0.0,26052,637,0.024451097,6.4567695,5.181949,521.26306,0.9633806347846985,1.0
"Context:
The brochure listed the stadium address, the start time, and the seat numbers for the tournament final. A settlement letter in the same folder carried a case number, a payment amount, and a deadline date in bold. The report began with We and then dropped a number into the first paragraph like a marker. In the lab, he inspected gene expression profiles from brain samples alongside profiles from a cell line control. He finished by recording a headline title, an author name, and an edition number in his notes.",49.776638,3.9075458,694,8.3375,0,3.8373055,3389.0493,67.32579,0.0,46202,633,0.013700706,6.4504704,5.2499537,883.18463,0.03082425333559513,0.0
"Context:
On Friday morning, I watched the kettle boil and noticed how slow a single minute can be. The afternoon was packed, so I shifted a meeting to next week and set a reminder for the weekend. That evening, I planned the rest of the month, then glanced at a note about a goal for the year. The idea of keeping it up for decades felt absurd, but it also made today’s hours seem small. When the countdown hit zero seconds, I hit send and let the schedule move on without me.",25.63232,3.243854,695,6.343748,0,3.8262362,3389.0493,66.66111,0.0,47540,634,0.013336138,6.452049,5.2968054,885.7397,0.03082425333559513,0.0
"Context:
At orientation, the new students arrived early and found a table set with chilled fruit and fresh bread. Someone had opened the windows, letting in a clean breeze that carried a hint of wet grass from the nearby lake. One mentor warned them not to exaggerate their experience, and the room relaxed when people spoke honestly. After lunch, they reset their group plan from scratch because the schedule had changed. They ended the day walking down to the water and talking while the waves tapped the rocks.",41.564186,3.727239,696,7.54375,0,4.2042985,3389.0493,70.19214,0.0,44042,643,0.0145997,6.4661446,5.3080664,806.0915,0.03082425333559513,0.0
"Context:
In her reply, she referred back to the earlier message where the expectation had been set. He restated what was called the “final revision,” reminding the group that the term had been mentioned and was already known in the thread. The committee’s discussion remained measured, with each statement framed carefully for the record. A prior setback from last year came up, shaping how cautious the next steps sounded. She ended by pasting the information previously displayed on the portal so the team could confirm the details.",77.89725,4.3553905,697,9.05625,0,4.054136,3389.0493,68.299484,0.0,45367,646,0.014239425,6.4707994,5.324812,835.94867,0.03082425333559513,0.0
"Context:
He toasted sesame seeds until they popped lightly. Then he mixed them into a dressing with soy sauce and honey. The salad became glossy after a quick toss. It tasted fresh and rich at once.",45.00477,3.8067684,698,7.628121,1,8.549164,3389.0493,102.83848,0.0,19028,621,0.032636113,6.431331,5.0941744,396.4188,0.962760329246521,1.0
"Context:
I felt behind on the newest release, especially the subscription features people kept praising. The icon sat below the header, but the real upgrade link came after two screens, so I missed it repeatedly. The success message followed the download like something that lingers after the main event. A support rep backed me and described the setting as being next to the account details.",145.05222,4.9770937,699,11.574999,0,5.464503,3389.0493,79.38615,0.0,33087,637,0.019252274,6.4567695,5.3020854,620.19354,0.875436544418335,1.0
"Context:
She followed a company on social media after seeing its name on a coworker’s hoodie. The marketing page promised better online visibility and offered a free website audit. When she tried to sign up, her account verification stalled during a platform hiccup. The confirmation screen still showed the scheduled demo time for Thursday afternoon. While waiting, she tested a new soup recipe with roasted peppers.",60.08549,4.0957685,700,8.499997,0,5.250675,3389.0493,78.2767,0.0,34844,641,0.01839628,6.4630294,5.291152,645.4502,0.8667587041854858,1.0
"Context:
Before adding charts, I fixed the beginning of the document so the first page didn’t feel like a rough draft. I followed it with an opening that acknowledges how the study crosses diverse scientific fields. In the supporting materials, I included the beginning of a text excerpt as a short quote, keeping it self-contained. Then I wrote the beginning of a product review section based on our trial, and I tightened the beginning of the text for clarity.",44.27906,3.7905118,701,8.237499,0,4.3964443,3389.0493,71.12475,0.0,41418,641,0.015476363,6.4630294,5.3135996,770.86145,0.05719077214598656,0.0
"Context:
A tray of fresh pastries sat beside a stack of welcome packets for the recent graduates. The lobby smelled clean, with a faint floral note from new arrangements by the door. When someone tried to retell a story with extra drama, she pulled it back to the plain truth. They reset the event plan and started over with a simpler flow. After the photos, they wandered to the river and watched the water move slow and dark.",52.42316,3.9593484,702,7.1625,0,4.54327,3389.0493,72.31543,0.0,39678,649,0.016356671,6.475433,5.3107038,745.94934,0.15375418961048126,0.0
"Context:
The quoted excerpt started with a direct line of dialogue that sounded like trouble. The first few sentences gave me a voice, a mood, and a sudden turn. It didn’t waste space explaining the world outside the snippet. The opening did its job and left the cut-off feeling sharp.",67.879036,4.217727,703,10.318748,1,6.3754253,3389.0493,86.174774,0.0,27837,641,0.023026906,6.4630294,5.2679687,531.58014,0.9633806347846985,1.0
"Context:
A bell chimed from the tower, and the plaza spread out below in neat stone patterns. The scavenger hunt required a specific order of stops, so I checked off each location in sequence as I walked. Halfway through, I ducked into a small museum in the same area, where a guide offered a quick tour starting every hour. In the gift shop, I studied the technical specifications on a pair of binoculars meant for birdwatching. That evening I cooked rice with herbs using a recipe card stained with old sauce.",40.115067,3.691752,704,8.525,0,4.150942,3395.488,67.88363,0.0,47581,680,0.014291419,6.522093,5.4480805,818.0042,0.03082425333559513,0.0
"Context:
She was tired of recycled promises, so she asked for something real. He admitted what he could do and what he could not, without hiding behind slogans. The plain answer surprised her. It sounded new because it wasn’t rehearsed.",44.44293,3.794206,705,8.0625,1,8.376966,3395.488,98.36652,0.0,23030,664,0.028831959,6.498282,5.3410373,405.33624,0.9290763139724731,1.0
"Context:
The livestream chat pinned a schedule: the next update in 2 hours, the recap in 7 days, and the full archive for subscribers. Someone dropped a link to a tool that converted #F5F5F5 into rgb(245, 245, 245) for the site theme. As the crowd noise grew, he felt his fingers curl into his palm and forced himself to relax by counting to ten. During a lull, the host joked about missing a league derby and named both teams with dramatic sorrow. Even through the chaos, the colors on the screen stayed bright.",49.037354,3.8925824,706,8.312498,0,3.8756108,3395.488,64.46691,0.0,56371,685,0.012151638,6.529419,5.584806,876.1169,0.03082425333559513,0.0
"Context:
Snow gathered on the ledge, and the alley sat silent below the window. I organized my packing in order, placing heavy items first and sliding lighter ones on top. The next street over, a small theater advertised a matinee in that location, so I bought a ticket on impulse. Inside the lobby, a poster listed technical specifications for the venue’s sound system, boasting about clarity and range. When I returned, I made hot chocolate from a recipe that started with real cocoa and a pinch of salt.",39.746017,3.6825097,707,7.7124996,0,4.2740173,3395.488,68.630844,0.0,46717,691,0.01479119,6.53814,5.4687786,794.44885,0.03082425333559513,0.0
"Context:
I felt behind on the latest subscription features, so I opened the app and stared at a menu everyone else already understood. The help icon sat below the search bar, and the new toggle was placed after the settings link, so I kept missing it. In the tutorial, the next step followed my tap with a slight delay, like a response trailing after an action in a quiet ritual. When the update finally installed, I had proper backing from the support chat, and I used their directions to find the button beside the profile picture.",57.288643,4.0481024,708,9.537499,0,4.3415275,3395.488,68.41965,0.0,48496,700,0.01443418,6.55108,5.548838,782.0953,0.03082425333559513,0.0
"Context:
The website opened with a pop-up offering a free consultation if I entered my email. A bright carousel showed renovated kitchens, happy couples, and a call-to-action button at the bottom of every image. A sidebar encouraged me to join their community page and follow updates on social media. I clicked away when the countdown timer started flashing.",28.48007,3.3492045,709,7.2718735,1,6.166094,3395.488,83.03797,0.0,32225,671,0.020822342,6.508769,5.428672,550.67084,0.773125410079956,1.0
"Context:
A fantasy serial started with a lone rider crossing salt flats under a violet sky. We publish weekly installments, and we’ll add your email so you don’t miss the next one. We appreciate the subscription, because it keeps the project alive. We’re excited to see which character you end up rooting for.",33.533226,3.5125368,710,8.5875,0,6.473839,3395.488,85.2826,0.0,30030,663,0.022077922,6.496775,5.412601,524.4938,0.4269475042819977,0.0
"Context:
He demanded total silence during the recording session. The instruction was strict and entirely non-negotiable. Even small noises were treated as violations. The standard was absolute from start to finish.",55.736996,4.020644,711,9.374998,1,10.2828665,3395.488,108.37532,0.0,18224,669,0.036709834,6.505784,5.3486123,330.2083,0.9322739243507385,1.0
"Context:
The new headphones tested better than expected, and the charts made the difference hard to argue with. Influencers praised the results, and the brand’s name became a default recommendation. The company used the momentum to expand into new markets, turning buzz into business growth. A local politician referenced the success as an example of competitiveness, and the quote traveled far.",67.61753,4.213867,712,12.112497,0,5.809785,3395.488,81.17818,0.0,33110,673,0.020326186,6.5117455,5.3875446,584.443,0.792705774307251,1.0
"Context:
I realized I was behind when everyone talked about the new features like they were old news. My subscription still showed the previous layout, and I kept missing the settings they mentioned. After a few confusing clicks, I found the update notes and saw how far back I was. I spent the evening catching up so I wouldn’t feel lost in the next discussion.",27.128092,3.3005698,713,6.98125,1,5.5921087,3395.488,80.30044,0.0,33548,669,0.019941576,6.505784,5.337122,607.19275,0.748838484287262,1.0
"Context:
Before buying the monitor, he read the full specification sheet twice. The panel type, refresh rate, resolution, and available inputs were all listed in plain terms. The stand adjustments were described with measurements rather than vague claims. When it arrived, the ports and settings lined up exactly with what he had planned for his desk.",25.689419,3.2460792,714,7.206249,1,6.8724823,3395.488,86.50237,0.0,30071,675,0.022446876,6.514713,5.5026197,494.0701,0.6711937785148621,1.0
"Context:
The travel review listed cities, hotel names, and the number of nights spent in each place. A technical report nearby showed a version number, a release date, and figure numbers referenced in the text. The draft began with We and a digit that framed the first step right away. On his screen, gene expression profiles from brain tissue contrasted with profiles from a standard cell line control. He added a publication entry with a title, author name, and volume number to his bibliography.",78.82994,4.367293,715,12.387499,0,4.3812675,3395.488,70.65327,0.0,43619,677,0.015520759,6.517671,5.3712215,775.0013,0.03082425333559513,0.0
"Context:
The opening page looked thin, so I expanded the beginning of the document with a sharper introduction. I made sure the start referenced diverse scientific fields because the methods section later jumps around. For a touchstone, I included the beginning of a text excerpt that starts with a vivid moment. Then I drafted the beginning of a review paragraph about the service we tried, and I smoothed the beginning of the text to avoid awkward repetition.",71.84811,4.2745543,716,9.425,0,4.8985844,3395.488,74.74441,0.0,38805,675,0.017394666,6.514713,5.3658633,693.157,0.12045622617006302,0.0
