prompt,ppl_base,next_token_loss_base,original_index,ppl_spike_90,label,mean_cluster_risk,max_cluster_risk,std_cluster_risk,median_cluster_risk,n_clusters_in_prompt,n_unique_clusters,n_unique_features,polysemantic_ratio,cluster_entropy,weighted_entropy,dominance_ratio,risk_p95,risk_p99,risk_sum,risk_sum_log,label_proba,label_pred
"Context:
The university career office hosted a workshop on applications, and he brought a folder of educational credentials. He mentioned his graduate degree as he sat down, and the advisor asked him to spell out the academic degrees clearly. He listed a bachelor's, a master's, and a PhD he was still finishing, then laughed at how formal it sounded. That evening he attended a prestigious tournament in town, stayed at a luxury hotel, and ended up chatting with skilled professionals who made the whole day feel exceptional.",53.73997,3.984157,1242,8.0,0,300.9797,1050.0984,251.63768,205.78111,29,29,27,0.9999999999655173,3.3672957,3.048753,3.4889345,782.51495,1004.2574,8728.411,9.074453,0.25237942,0
"Context:
Ethan left his umbrella at the hostel in Lisbon. Sofia found it and chased him down Rua Augusta. They ended up eating by the Tagus while the city lights flickered. The day stayed anchored by who they met and where they stood.",106.80286,4.6709847,762,9.71875,1,297.1882,863.99023,237.88127,205.41919,14,13,13,0.9999999999285715,2.5400367,2.337907,2.9072158,704.13196,832.01855,4160.635,8.333663,0.6043381,1
"Context:
The tasting menu started with oysters, then moved into a dumpling course where guests folded their own wrappers at the chef’s table. After dessert, she stopped at a shop to compare a stainless pan’s riveted handle, 28 cm width, and the way its lid vents steam. The pan’s functionality seemed designed for exactly what she’d cooked earlier. By midnight, the class notes and the pan specs were on the same page in her notebook.",101.991,4.6248846,1279,9.387499,1,343.4985,848.02216,270.15344,256.5605,38,29,26,0.9743589743339909,3.2452328,3.3138742,2.4687798,840.7802,845.9714,13052.943,9.476846,0.12541655,0
"Context:
A reviewer criticized the article for sloppy publication details and demanded a proper author line and journal listing. He rewrote the reference section until every date and publisher entry looked correct. The revised manuscript also included a brief bio mentioning his bachelor’s and later graduate studies. When it finally passed review, he felt relief more than pride.",167.59439,5.1215467,771,9.0625,1,307.53275,1554.0287,397.80786,132.0212,26,21,19,0.9999999999615384,2.9180574,2.663895,5.0532136,1200.9795,1471.8525,7995.8516,8.986803,0.7547145,1
"Context:
The printer jammed right as he was trying to email a gift voucher, and the laptop started throwing error codes too. After a reboot and a driver update, he wrote a short how-to on his blog’s admin page so he could repeat the fix later. He kept the site running as a mix of computer problem-solving, recipe notes, and whatever hobby he was into that week. Once the voucher finally sent, he celebrated by testing a new chili recipe.",82.40895,4.411694,668,9.1875,1,366.6112,1496.9418,392.61096,186.94882,29,24,22,0.9999999999655173,3.1282794,2.9000168,4.083186,1304.4948,1495.1115,10631.725,9.271691,0.5024399,1
"Context:
He was unable to tolerate being interrupted, so he raised a hand and held his ground. The situation at the meeting turned sharp, and his stance stayed firm even when others sighed. When the noise got worse, he excused himself to breathe. His tolerance ran out before the agenda did.",65.04556,4.175088,936,8.4375,0,283.44415,1024.0933,306.33054,180.61925,8,8,8,0.999999999875,2.0794415,1.6012747,3.6130335,816.3693,982.54846,2267.5532,7.7268977,0.77695835,1
"Context:
A long-form article on the Gospels explained how translation choices shaped public disputes over centuries. On the same site, a sidebar tried to sell a personal-finance course with glossy marketing promises. The mix of religious history and financial services felt jarring, yet the layout was smooth. He closed the tab, still thinking about both.",137.28749,4.922077,240,9.44375,0,332.5057,1027.5891,278.70187,254.73645,24,22,20,0.9599999999616,3.062529,2.869447,3.0904408,925.74554,1009.157,7980.1367,8.984837,0.43154898,1
"Context:
The nonprofit’s website had a clear section for people who needed emergency support. I filled out the form and described the gap between my paycheck and rent. The next day, an email arrived with steps to verify documents and schedule a call. They weren’t promising miracles, but they were offering real help.",65.189354,4.177296,1063,9.249998,1,266.69815,742.85376,218.60242,199.08809,14,14,14,0.9999999999285715,2.6390579,2.3491583,2.7853723,714.4261,737.1682,3733.7742,8.225443,0.6291258,1
"Context:
I went to a late-night cabaret where the crowd was mostly queer and loudly supportive. The performer winked at my friend, and she blushed like she was sixteen again. Drinks kept arriving, but the real intoxication was the room’s energy. Walking out, we were still quoting lines from the show.",79.58775,4.37686,282,9.399999,1,361.82104,958.0248,294.79694,267.24478,17,17,17,0.9999999999411765,2.8332133,2.4863482,2.6477861,861.71954,938.76373,6150.958,8.724525,0.5163148,1
"Context:
He looked at the calendar and crossed off every remaining Sunday, then realized the year had fewer usable days than he thought. Before heading out, he pulled on a jacket described as breathable and water-resistant, hoping it would survive the drizzle. At lunch, he avoided the shared pizza because of a medical restriction that made certain foods risky. On the way to the stadium, an argument broke out in the car, a bug smacked the windshield, and their entry passes nearly fell between the seats, but they still made it inside and later talked about volunteering for policy work tied to women’s health.",72.06736,4.2776012,1170,8.625,0,311.1898,1201.1796,322.047,169.97522,19,19,19,0.9999999999473684,2.9444387,2.529817,3.8599582,1096.3566,1180.215,5912.606,8.685011,0.5019227,1
"Context:
I pinned a fresh drawing to the wall of my apartment to calm my nerves before heading out. The day’s gatherings began with a meeting that flowed straight into a conference session, and the presenter didn’t even pause for water. In the exhibition wing, volunteers rolled out a large drawing board display so attendees could follow the plan visually. By midafternoon, a formal hearing convened, and the chair called speakers in strict order like a courtroom. When I finally reached the art exhibition, my framed drawing looked steadier than I felt.",99.0045,4.5951653,1093,9.4625,0,238.08952,674.548,161.64822,209.63007,20,19,17,0.99999999995,2.926418,2.771951,2.8331697,554.4734,650.5331,4761.7905,8.468589,0.5848158,1
"Context:
She drafted an email and searched the text for a phrase that sounded too aggressive. After rewriting it, she submitted a request to an organization that helps people with medical bills and urgent expenses. At the same time, she asked for quotes on property-related services so she could plan a move. She kept everything in her editor, updating a checklist as replies arrived. When the decisions started stacking up, she booked a short session for professional guidance.",66.118225,4.1914444,239,8.8125,0,313.35318,1100.9095,266.89465,238.26791,29,28,28,0.9999999999655173,3.3194923,3.0170712,3.5133188,775.9956,1011.8568,9087.242,9.114737,0.15818721,0
"Context:
I asked an older colleague to review a decision I was about to make. He listened carefully and then challenged one assumption I hadn’t noticed. We talked through alternatives until the choice felt less risky. I left the conversation with more confidence and fewer blind spots.",93.970566,4.5429816,65,8.4375,1,177.12032,774.2209,173.87332,100.04751,17,16,15,0.9999999999411765,2.7516665,2.4864283,4.371158,422.2943,703.8356,3011.0454,8.010375,0.49426737,1
"Context:
My watch kept losing time, so I took it in for a repair and they replaced the battery on the spot. While they worked, I stood near the window, hands clasped, watching passersby. After I picked it up, I walked into the neighboring hotel bar to meet friends, cutting through a lounge filled with chatter. A plane roared overhead, and everyone glanced up for a second. The bar’s smoky smell was too much for me to tolerate, so I sat outside.",44.294285,3.7908556,44,8.462498,0,243.47232,1020.7627,220.59587,179.7006,26,26,25,0.9999999999615384,3.2580965,2.9087286,4.1925206,565.7321,911.366,6330.2803,8.753258,0.39912713,0
"Context:
The email introduced Michael as the new operations lead, and Daniel as the shift supervisor who would handle nightly handoffs. Later, a care package arrived with a face cream described as fragrance-free, rich in ceramides, and designed to soothe dry skin after winter wind. Michael tried to sound professional while thanking the sender, but he still asked Daniel if it was appropriate to keep it at the office. Daniel shrugged and said the ingredient list looked harmless, so it stayed in the break room.",67.672005,4.2146726,1022,9.174999,1,281.7159,968.016,258.17764,205.07777,37,31,28,0.9999999999729731,3.3719716,3.242086,3.4361422,796.7463,944.8864,10423.489,9.251913,0.20562595,0
"Context:
At the community center, a flyer about the Hib vaccine sat next to a notice from investor-owned utilities explaining last week’s outage. In the hallway, I overheard a couple discussing couples counselling and whether they could afford more appointments in a weak economy. Someone joked about catching every cold this winter, blaming a weak immune system. I tucked the papers into my bag because my roommate wanted them while polishing his HARPO fellowship submission.",197.76666,5.287088,1226,10.8125,1,241.98116,1231.3599,250.38332,168.46976,30,29,27,0.9999999999666667,3.354988,2.9860787,5.0886602,616.2751,1064.4819,7259.4346,8.890195,0.31539598,0
"Context:
I went to a knife-skills class and practiced until onions finally stopped intimidating me. Shopping afterward, I picked a service plan based on its attributes, especially the parts that mattered for travel. Back at the office, I spent an hour on scheduling and check-ins because managing people has consequences when you get it wrong. My computer refused to publish my blog post about the new curry recipe and my cycling route, and the frustration pushed me into scrolling through an argument about financial disparity, spoiler-heavy trailers, and whether a celebrity’s public stance toward the transgender community is sincere.",133.52719,4.894305,977,9.75,0,286.21616,1438.11,257.58414,199.86035,42,39,37,0.9767441860237968,3.6386485,3.4004505,5.0245585,641.39667,1126.6842,12021.079,9.3945,0.13756755,0
"Context:
My landlord wanted a proof-of-coverage letter, so I contacted the insurer for documentation. While I was at it, I asked for an updated premium quote and any discounts I might qualify for. The representative explained the options and sent everything in writing. Having the documents on hand made the next steps straightforward.",50.138317,3.9147856,478,8.46875,1,174.35397,579.5911,157.36497,134.44603,18,17,16,0.9999999999444444,2.8133552,2.5372152,3.3242211,523.147,568.3023,3138.3716,8.051778,0.676427,1
"Context:
The grocery app flashed a notice about a recall tied to Listeria. I checked the fridge and found the same product code on the label. At the store, a clerk taped signs above the empty shelf. By dinner, the whole neighborhood chat was comparing lot numbers and tossing food.",120.23484,4.789447,543,10.049999,1,358.63513,1103.7911,343.25186,239.99013,26,23,23,0.9999999999615384,3.0448203,2.8427255,3.0777552,1068.6982,1097.425,9324.514,9.14051,0.474494,1
"Context:
On the long-haul, the cabin air was cold and dry, and he kept turning the overhead vent to find relief. He used a phone application to log each time he stood up to stretch, tapping a counter every lap around the aisle. The crew announced their cruising altitude while the screen showed the route inching forward. By landing, the counter read twenty and he felt less stiff.",129.34842,4.8625097,377,9.0,0,309.70322,1243.945,359.61072,181.22592,28,27,23,0.9655172413460167,3.2826943,2.8183243,4.016571,1203.9229,1237.2875,8671.69,9.067934,0.52020735,1
"Context:
I checked the clinic’s appointment portal and confirmed the exact date, time, and location before heading across town. The nurse was direct about what I had to bring and demanded I stop eating two hours beforehand. On the portal, I noticed new features that let patients upload forms and see receipts instantly. In the waiting room, I compared two smartwatches by heart-rate accuracy, water resistance, and battery specs. When the visit was over, I left negative feedback because the device they sold at the front desk stopped syncing after a day.",76.97635,4.343498,438,8.275,0,367.98505,1706.5785,439.03464,179.33727,30,27,27,0.9999999999666667,3.2625682,2.8561618,4.63763,1387.1482,1699.3625,11039.552,9.30933,0.43714535,1
"Context:
The community hall announced a weekend event with the date, start time, entry cost, and where to park. In the planning chat, one volunteer insisted with strong opinions that the schedule was unrealistic and demanded a later start. Others pointed to the posted timetable and the venue booking constraints. The start time stayed exactly as printed.",94.68428,4.550548,528,8.799999,0,288.0339,822.84784,226.79433,198.42584,18,14,14,0.9999999999444444,2.5241678,2.5892544,2.8567743,630.8322,784.4447,5184.6104,8.553643,0.6621346,1
"Context:
The company launched a new service bundle and promoted it with billboards, influencer posts, and a loud countdown timer on the homepage. To build trust, they also hosted a live demo night at a local makerspace, turning it into a small recreational event. Attendees tried the tools, asked questions, and left with coupons. Signups jumped the next morning.",62.201206,4.1303744,615,9.487499,0,285.47705,928.5891,245.66185,190.34251,26,24,22,0.9629629629272977,3.1514585,2.926654,3.2527628,779.95245,893.0353,7422.4033,8.912393,0.31643206,0
"Context:
The city council website listed its departments and other governmental organizations in a tidy directory. After dinner, I reheated teriyaki chicken and glanced at a listing for a sedan someone was selling nearby. A plumber’s number was taped to my fridge, right above a folder label on my laptop for furniture image files I still needed to sort. Later, I noticed an online gallery of art pieces and wondered how so many unrelated errands ended up in one day.",128.78137,4.858116,1075,10.049999,1,295.29233,1392.1827,308.21426,212.01546,19,18,17,0.9499999999525,2.871476,2.5627918,4.7145915,825.89526,1278.9253,5610.554,8.632583,0.55240613,1
"Context:
The insurance form asked for pre-existing diseases, and I hesitated over every checkbox. Some words sounded like character flaws instead of medical facts. I wondered how a single negative attribute could follow someone for years. After I submitted it, I sat there feeling oddly smaller.",100.083,4.606,365,9.262499,1,277.3664,1213.2517,314.55655,173.24118,26,23,22,0.9629629629272977,3.0780144,2.7159832,4.374184,907.41675,1143.0372,7211.526,8.8835745,0.4251374,1
"Context:
A hotfix rolled out quietly, and the release notes called it a minor adjustment. On the same day, the company relaunched its site with a redesigned promo page for a new investment product. Those software updates and repairs kept the signup form from erroring out. Customers only saw a cleaner layout and faster load times.",80.24823,4.3851247,1008,9.7625,1,243.12334,875.14844,213.47052,173.13696,28,26,23,0.9999999999642857,3.2331839,3.0249271,3.599607,777.1272,866.1863,6807.4536,8.82592,0.34479633,0
"Context:
She checked her planner and removed Sundays to see how many days were left before the year turned over. Her earrings came with a description about hypoallergenic material, and she was glad they didn’t itch. Because of her restriction, she turned down dessert and kept things simple. An argument over seats, an insect hovering near the concession stand, and the scramble for entry passes all happened before she headed home to draft advocacy emails about women’s health legislation.",104.52437,4.6494203,767,9.893749,0,363.0746,1037.8031,325.56488,219.75189,22,20,20,0.9999999999545455,2.965016,2.7248905,2.8583739,1013.11786,1033.7666,7987.641,8.985776,0.59252983,1
"Context:
The store clerk showed me the recall notice for Listeria and said it came directly from a governmental organization. Later, a minister held a briefing on fertilizer costs that made the farmers in the audience groan. That night, our street hosted a small festival, and I signed up for a class advertised at the same location. A friend at the snack stall talked about moving between Switzerland, Holland, the US, and Costa Rica for work.",71.300125,4.266898,1267,9.0625,0,283.06427,1025.5688,276.24405,166.84506,23,20,20,0.9999999999565218,2.8943996,2.7413802,3.6230948,969.9798,1020.152,6510.4785,8.781322,0.65280795,1
"Context:
Her resume looked polished, but she wanted the qualifications to be more than decorative lines. She pursued a graduate-level program to deepen expertise, not just to collect another degree. The coursework forced her to confront gaps in her skill level she hadn’t noticed. Finishing felt like a quiet correction of those weaknesses.",124.31768,4.82284,422,9.58125,0,180.02019,734.299,187.6406,152.14272,21,20,19,0.999999999952381,2.978509,2.6211984,4.0789814,682.2659,723.8924,3780.4238,8.237856,0.59391814,1
"Context:
In the quarterly meeting, the founders studied how rivals were cutting prices in their segment. A new entrant had been poaching customers with flashy ads and faster delivery claims. They adjusted their launch calendar to avoid being drowned out by the bigger brand’s campaign. By the end, they agreed to differentiate on service rather than chase a race to the bottom.",135.34499,4.907827,578,9.412498,1,273.9509,1203.8395,244.1988,212.46902,23,18,17,0.9999999999565218,2.7253428,2.855808,4.3943624,673.3701,1089.3042,6300.8706,8.748602,0.5211213,1
"Context:
We were comparing contractors for a small renovation, so I asked each company for a written quote. One of them also suggested checking whether our insurance would cover part of the damage. I followed up with my insurer to confirm the claim process and timelines. Once the numbers were on paper, the decision became easy.",63.792755,4.1556396,700,7.7156243,1,320.02963,1306.1232,341.6499,208.69165,20,18,17,0.99999999995,2.857103,2.5410562,4.0812573,1137.0813,1272.3148,6400.593,8.764302,0.6904691,1
"Context:
The email subject line promised something new, and the first paragraph leaned hard on words like “limited” and “exclusive.” He clicked through out of curiosity and found a refreshed service package with a discounted intro month. The copy tried to sound friendly, but the real goal was obvious: get him to upgrade now, not later. He closed the tab, then reopened it an hour later when the reminder notification hit.",98.89937,4.594103,707,9.0875,1,326.65042,1297.1439,310.8188,185.31575,29,24,23,0.9999999999655173,3.0804763,2.9765131,3.971046,903.31696,1214.818,9472.862,9.156292,0.37851027,0
"Context:
I ordered Japanese teriyaki chicken and waited by the window. Outside, a low sedan rolled past the curb and parked crookedly. In the café corner, art pieces featuring bright patterns hung above the booths. A woman in black leggings asked for a plumber’s number after her sink flooded at home.",131.39545,4.8782115,1085,9.049999,1,341.42395,737.16956,195.53242,281.5487,18,17,15,0.9999999999444444,2.8133552,2.7284646,2.1591032,651.1231,719.96027,6145.631,8.7236595,0.58100927,1
"Context:
The town hall, an official institution, displayed a recall bulletin about Listeria near the front desk. On a nearby screen, the agriculture minister talked about fertilizer costs and upcoming policy meetings. Outside, a local festival was setting up, and the community center advertised classes and services offered at this location. A vendor told me he shipped goods to the US and Holland and had just returned from Switzerland and Costa Rica.",98.67298,4.591811,128,9.049999,0,299.06265,1114.2539,334.27505,159.77214,24,22,21,0.9999999999583333,3.0625293,2.657137,3.7258208,1083.8221,1109.0409,7177.504,8.878846,0.6587596,1
"Context:
He couldn’t tolerate even a pinch of chili, so the first sip of spicy stew made him cough. The café had chalkboard walls and low lamps that made the place feel like a basement hideout. When the chef swapped the bowl for a mild broth, he finally enjoyed the meal and described its buttery finish. The establishment stayed the same; his tolerance was the only problem.",89.97855,4.4995713,1081,9.125001,1,229.74939,733.298,200.73473,127.11016,19,17,16,0.9999999999473684,2.7985132,2.603645,3.1917298,624.8792,711.6142,4365.2383,8.381657,0.7169992,1
"Context:
His apartment building finally got fiber, and the provider left flyers with three internet tiers. He read the fine print about installation fees and the modem rental charge. The mid-tier plan promised enough speed for video calls while his roommate gamed. He chose the option with the better cancellation policy.",164.84447,5.1050024,649,9.875,1,403.38272,1149.5248,325.8057,281.2984,16,15,14,0.9999999999375,2.6859455,2.451664,2.8497126,982.3734,1116.0945,6454.1235,8.77263,0.5963597,1
"Context:
The minivan was advertised as seating seven, but the driver insisted it felt crowded once backpacks filled the aisle. At the office, the same crew spent the afternoon moving project files into a new storage system and verifying that the transfer kept permissions intact. A delayed upload forced them to wait in the parking lot with the engine running. When the last sync completed, they finally drove off with every seat filled and every file accounted for.",78.992836,4.369357,51,8.7125,0,355.09985,1213.2517,295.63806,331.2861,17,16,16,0.9444444443919753,2.7516665,2.4994657,3.4166493,764.98724,1123.5989,6036.6978,8.705778,0.6265055,1
"Context:
A quick patch fixed the printer queue, and he labeled it as a minor repair in the ticket system. Still, he felt stuck in a weird situation, caught between two teams arguing over who caused the outage. He kept a neutral stance and repeated the facts. The update solved the issue, but the politics lingered.",91.31949,4.5143642,605,9.187498,0,385.0517,1278.5487,394.2479,146.35318,20,19,18,0.99999999995,2.926418,2.5105858,3.3204598,1070.2406,1236.8871,7701.0337,8.94924,0.75551444,1
"Context:
We started at an arcade bar where the noise made it easy to laugh at ourselves. I ordered something sweet and cold, and it disappeared faster than I expected once the games got competitive. In a booth near the back, my friend told me she was scared to define her relationship, and the honesty felt bigger than the room. Later, we joined the crowd at a queer lounge where people danced without hesitation and the staff treated everyone like regulars. When we finally left, someone mentioned the push for mandatory warning labels on alcohol and how producers keep trying to soften the language.",62.07022,4.1282663,420,8.25,0,239.18092,852.2353,237.67401,127.2047,33,29,29,0.9999999999696971,3.3126163,3.065104,3.5631404,787.35736,837.1889,7892.9707,8.973855,0.16852179,0
"Context:
She handed her sister a gift voucher at breakfast, then spent the afternoon training new baristas on scheduling and conflict checks. The café manager assigned shifts, resolved a complaint, and made sure everyone followed closing procedures. When the staff finally clocked out, she remembered to text the voucher code again in case it got lost. Managing people all day made the simple gift feel surprisingly easy.",125.70928,4.833972,1047,9.799999,1,414.1749,1088.6921,316.39673,333.60233,18,17,17,0.9999999999444444,2.8133552,2.5895224,2.6285808,1005.55994,1072.0657,7455.148,8.916794,0.5759499,1
"Context:
At dinner, the conversation drifted to finance and economics, and someone complained about grocery prices and rent. The host countered by serving a big bowl of savory butternut squash stew, saying it was still cheaper to cook at home. Seconds came quickly, and the price talk faded into recipes. Everyone asked what spices made it taste so deep.",83.103035,4.420081,261,9.612499,0,356.5191,1372.7413,338.88632,191.64563,16,14,14,0.9999999999375,2.5993023,2.4120388,3.8504004,908.1371,1279.8204,5704.3057,8.649152,0.64822555,1
"Context:
A minor software update adjusted the audio levels, and the speaker system finally stopped crackling. Even with the fix, she was unable to tolerate the harsh echo in the room, so she covered one ear and winced. When someone tested the microphone again, her eyes watered from the volume. The repair helped the equipment, but her tolerance didn’t budge.",79.25962,4.372729,679,8.5625,0,219.40993,1220.2401,261.6488,118.752266,22,20,17,0.9999999999545455,2.9412317,2.6136482,5.5614624,570.90686,1085.041,4827.0186,8.482191,0.36424902,0
"Context:
He set up a temporary stall at the festival and watched people pause when the signage caught their eye. The profit would be good if waste stayed low, so he tracked every ingredient and every sale in real time. Between customers, he tweaked his WordPress site on his phone, fixing a broken checkout button that was costing him orders. After closing, he shared savory butternut squash hand pies with a fashion designer friend who critiqued the packaging like it was a garment.",99.861145,4.6037807,718,9.981247,0,379.65045,1249.4681,335.33743,256.56128,28,27,27,0.9655172413460167,3.2826943,2.989222,3.2911017,1127.2198,1238.0599,10630.213,9.271549,0.24599314,0
"Context:
A governmental institution issued a recall notice after Listeria was detected in a batch of ready-to-eat items. The letter used formal language and included a hotline number for questions. By the afternoon, stores had pulled the product from shelves and posted the same warning near the entrance. People read it quietly, then checked their bags twice before leaving.",49.129932,3.8944685,23,8.65,0,292.24896,1061.1788,311.32352,114.11847,27,24,23,0.999999999962963,3.1224246,2.8084865,3.6310782,972.642,1042.5996,7890.7217,8.97357,0.44841313,1
"Context:
During the conference, the keynote ended with a slide on new data and internet service plan offerings. Business competitors immediately clustered in the hallway, trading rumors like currency. On the expo floor, the competition between entities and products played out as attendees tested speeds at neighboring booths. Competitors kept scanning the crowd for prospects, speaking faster as the day wore on. After closing, someone brought tropical drinks while others cooked burgers on a small balcony grill.",153.53549,5.0339317,394,9.1875,0,325.59622,1003.12274,218.5445,265.27432,21,17,15,0.999999999952381,2.7555501,2.855437,3.0808797,705.08484,943.51514,6837.5205,8.830327,0.5885077,1
"Context:
The musician’s name drew the crowd in, but the program booklet also included careful publication details for a liner-note essay. It listed the author, the title, the date, and the publisher like a formal citation. Between songs, he flipped through the pages and realized the band treated its history like a record worth archiving. When he got home, he saved the booklet instead of tossing it.",87.81892,4.475277,1232,9.65,0,216.30302,640.40497,142.02077,184.16577,24,19,17,0.9999999999583333,2.8456385,3.0041614,2.9606845,578.39655,634.0719,5191.2725,8.554927,0.6066523,1
"Context:
His doctor told him the diagnosis plainly and handed over a printed plan for managing the specific condition. To stay on schedule, he installed a counter app that clicked up each time he used his inhaler, especially on days when stale indoor air made breathing harder. The small number on the screen became a daily reality check. At the next visit, he showed the totals and the doctor adjusted the prescription.",82.69812,4.415197,298,8.78125,1,263.66867,820.33185,207.21692,219.0099,27,26,26,0.999999999962963,3.2444925,3.0110292,3.1112223,645.3642,774.8722,7119.0537,8.87067,0.27416745,0
"Context:
She updated her profile with her educational qualifications and attached her official documents. In the bio, she wrote that her graduate studies culminated in a master's, and she also held a bachelor's; her mentor teased her about eventually adding a PhD. That weekend she attended a prestigious tournament and stayed in a luxury accommodation paid for by a sponsor. She spent breakfast trading insights with highly skilled professionals, amazed that one trip could feel so exceptional.",83.72654,4.427556,43,9.799999,0,271.36002,869.7465,189.77063,207.96686,30,26,26,0.9999999999666667,3.1701486,3.1848598,3.2051384,621.34094,800.6619,8140.801,9.004766,0.2425659,0
"Context:
He opened the document and searched for the address to make sure it was written the same way throughout. Then he contacted a community organization to request help covering a medical expense that had arrived unexpectedly. To prepare for the next steps, he asked two providers for quotes on legal services related to the issue. He used a simple editor to compile timelines, receipts, and messages into a single readable page. Before sending anything official, he called a professional for advice on how to phrase the request.",55.559162,4.0174484,644,7.7749996,0,282.23227,2077.2998,422.52237,118.11864,31,29,26,0.9999999999677419,3.344549,2.7262287,7.360249,959.20844,1744.3497,8749.2,9.076832,0.35524282,0
"Context:
Teriyaki chicken cooled on the counter while I compared two sedan listings on my phone. I opened a folder of furniture image files to find a reference shot, only to realize half the names were nonsense. A few tabs over, an online gallery showed art pieces that looked nothing like what I needed, but I kept staring anyway. When the plumber finally called back, I answered with one hand and pulled on leggings with the other.",90.674995,4.507282,713,8.93125,0,287.42166,1378.8604,323.67465,135.79984,24,22,20,0.9999999999583333,3.062529,2.6567693,4.7973433,844.7623,1260.182,6898.12,8.839149,0.4760463,1
"Context:
She spent the afternoon prototyping a new bowl shape, sanding the edges until it felt right in the hand. The project mattered because she wanted to sell a limited run, and she needed each piece to justify its price in a tight economy. When the glaze tests were done, she uploaded the story to her WordPress shop and set the inventory count to match what she could actually produce. At dinner, she served butternut squash gnocchi to a fashion designer who admired the color and asked about a custom edition for a showroom.",61.232048,4.1146708,541,9.293745,0,370.1853,2525.742,483.84802,202.19391,32,30,29,0.9999999999687501,3.362741,2.9180596,6.822912,1137.0038,2139.1177,11845.93,9.379824,0.1349955,0
"Context:
She didn’t trust store-bought decorations, so she made her own candles with dried orange slices pressed into the wax. The apartment smelled like citrus as they cooled on the counter. Later, she packaged them in simple boxes and added a hand-drawn label. Everyone at the holiday dinner asked where she had bought them, and she enjoyed saying she hadn’t.",63.88822,4.157135,764,8.737499,1,357.12183,942.2254,271.7847,250.87326,21,18,18,0.9545454545020661,2.8464808,2.753186,2.6383865,828.72534,919.5254,7499.5586,8.922732,0.50244415,1
"Context:
The finance team treated gift vouchers like tiny liabilities that had to be tracked. Each month they reconciled issuance, redemptions, and outstanding balances in the ledger. A single misplaced voucher code could turn into hours of hunting. By noon, the spreadsheet finally matched the point-of-sale report.",112.38689,4.721947,81,9.95,1,236.15634,1157.5199,227.95517,163.56633,31,26,21,0.9999999999677419,3.1766334,3.0811558,4.9014983,615.4482,1001.0086,7320.8467,8.898618,0.31812975,0
"Context:
He came home from couples counselling to find the power out again, and the investor-owned utility hotline was overwhelmed. The fridge warming up made him worry about his kid’s Hib vaccine that needed proper storage at the clinic earlier that week. With the economy weak and his own immune system not great, he felt stretched thin by small setbacks. Still, he opened his laptop on battery and finished his HARPO fellowship essay before midnight.",181.98619,5.203931,63,11.287498,1,239.23758,591.4394,161.7318,232.2387,23,21,20,0.9999999999565218,3.014947,2.9070425,2.4721842,512.9303,575.3684,5502.4644,8.613133,0.3489415,0
"Context:
On the studio call sheet, Hannah Brooks appeared in neat type next to her surname. A sedan arrived carrying Japanese teriyaki chicken for the crew and a crate of art pieces featuring painted clouds. In the control room, Chen Wei launched a Python script while Elena Ruiz checked the numbers. Between takes, Theo joked about Jamie’s terrible singing at last year’s party, and the director reminded everyone the shoot wrapped in Copenhagen.",219.8852,5.3931055,123,9.731251,0,352.0106,1372.086,333.67868,195.33372,30,28,24,0.9999999999666667,3.3087783,3.0076919,3.8978548,1067.0165,1304.8916,10560.317,9.264954,0.27094507,0
"Context:
At the pet shop, the clerk warned him that the hay for the rabbits could trigger allergies in some people. He ignored it until his throat felt scratchy and his nose ran nonstop. The rabbits themselves were calm, twitching their noses as if nothing was wrong. He left with a different bedding and promised himself to read labels next time.",60.205578,4.097765,933,8.812498,1,335.6533,895.9722,250.31764,265.30704,17,17,17,0.9999999999411765,2.8332133,2.570443,2.6693385,882.02496,893.1828,5706.106,8.649467,0.5257379,1
"Context:
He used to think only a graduate degree mattered, but then he met a musician who’d built a career without finishing college. That didn’t stop him from wanting the degree for himself. He enrolled anyway and found the coursework brutally demanding. When the musician’s song came on, he felt both envy and motivation at once.",63.215538,4.14655,78,8.599998,1,178.73494,472.9346,120.374535,123.22724,15,15,14,0.9999999999333333,2.7080507,2.4897497,2.646011,368.86688,452.12106,2681.0242,7.894327,0.73662686,1
"Context:
She met her cousin in Bremerton at a café that doubled as a shop, running on a pay-what-you-want shelf plus standard retail pricing. A musician’s name was announced over the speakers as the evening set began. A water-safety officer came in wearing reflective gear and ordered soup to warm up. The flyer on the table included publication details for a local article, listing author, title, date, and journal.",110.74128,4.7071967,490,9.387499,0,227.609,832.4849,200.46504,156.48726,30,28,28,0.9999999999666667,3.3087783,3.059563,3.6575215,628.4283,780.48114,6828.27,8.828973,0.17443638,0
"Context:
She noticed the banner on the website announcing an updated plan and a new feature that wasn’t there last month. The chat agent welcomed her and immediately suggested she try the add-on while it was still “launch priced.” She asked for details, and the agent kept steering the conversation toward the checkout button. After a long pause, she requested the terms in writing before committing to anything.",100.61769,4.611328,976,9.75,1,290.3728,1014.7043,261.94376,179.4931,20,19,19,0.99999999995,2.926418,2.6298788,3.4944878,714.78424,954.7203,5807.456,8.66707,0.68741184,1
"Context:
For her birthday, he picked up a gift voucher and tucked it into a card with a handwritten note. The same envelope included a reservation confirmation for a chef’s table where the first course is taught as a mini class. She opened it and immediately started planning which dishes to try. By dinner, the voucher felt like an edible itinerary.",95.396515,4.558042,1278,8.774998,1,414.94754,1299.7828,305.01123,373.05835,29,28,26,0.9999999999655173,3.3194926,3.0883932,3.1324027,849.8112,1174.4354,12033.479,9.395531,0.23221827,0
"Context:
At the starting line, she planted her feet shoulder-width apart and lowered her center of gravity. Her coach corrected her stance, turning one toe slightly outward to steady her balance. When the whistle blew, she held her position for a beat before pushing forward. Even after the run, she kept rehearsing that posture in front of the mirror.",42.467953,3.7487497,277,8.66875,1,290.97098,1049.9071,231.3014,231.56332,22,18,18,0.9565217390888469,2.7759757,2.825998,3.608288,733.58923,985.5955,6401.362,8.764422,0.5851926,1
"Context:
At brunch, she ordered a spicy bloody mary and dared me to try it. The salt on the rim hit first, then the heat, then the savory finish. It was weirdly satisfying, like a meal in liquid form. I still ordered something sweeter for myself afterward.",56.4913,4.0340867,198,8.3125,1,305.90747,1347.356,330.25067,191.95831,16,14,13,0.941176470532872,2.5993023,2.2958956,4.4044557,856.9925,1249.2833,4894.5195,8.496076,0.66269565,1
"Context:
A governmental organization issued a recall warning about Listeria, and my phone buzzed with alerts. Later, the agriculture minister was quoted on fertilizer costs, and the headline made my father sigh. I still went downtown for a local festival and picked up information about classes and neighborhood services. On the train, I read a travel blog comparing Switzerland and Holland, with side notes about the US and Costa Rica.",98.87338,4.59384,949,8.6875,0,374.9197,2051.6377,417.59195,239.92892,30,27,27,0.9999999999666667,3.2451267,2.9474754,5.4722056,1062.4069,1770.1217,11247.591,9.327998,0.16404559,0
"Context:
We started at a little pub that felt like neutral ground for complicated conversations. I tried a spicy drink at brunch-style hour, and it shocked me into paying attention. A local band played nearby, and the entertainment made the night feel lighter even when the talk turned to love and uncertainty. Later, we went to an LGBTQ+ club with a drag host who worked the crowd like they were all friends. On the ride home, someone brought up mandatory warning labels on alcohol and why the industry keeps resisting stronger regulations.",82.153534,4.40859,1102,8.46875,0,289.45016,769.991,214.77919,253.64946,19,19,19,0.9999999999473684,2.9444387,2.6681435,2.660185,666.35443,749.26373,5499.553,8.612604,0.28701684,0
"Context:
The online store’s dashboard let me filter orders by status, export invoices, and trigger automatic emails to customers. I turned on the abandoned-cart reminder and watched the conversion rate tick up over the week. A new toggle added live shipping estimates right on the product page. By Friday, the support inbox was calmer because shoppers could find answers in the self-service portal.",125.34758,4.8310905,573,9.55,1,321.31546,1305.5876,317.70215,185.34357,22,18,15,0.9999999999545455,2.7759757,2.7032626,4.0632577,879.79486,1216.8284,7068.9404,8.863607,0.61682856,1
"Context:
I got the Hib vaccine in the morning and spent the afternoon on the phone with investor-owned utilities about an outage on our block. My sister texted that couples counselling was helping, but the sessions left her exhausted. Over dinner we talked about the weak economy and how stress can mimic a weak immune system. Later that night, I drafted my HARPO fellowship statement while the lights flickered back to life.",91.71227,4.5186563,527,9.95,1,316.39505,850.7145,211.76813,338.10934,19,18,18,0.9999999999473684,2.871476,2.7083302,2.6887732,631.8815,806.9479,6011.506,8.701597,0.5704667,1
"Context:
A child’s Hib vaccine pamphlet sat on the kitchen counter beside a HARPO fellowship brochure he’d forgotten to read. The lights flickered, and the investor-owned utility pushed an outage alert that turned the whole evening into improvisation. His partner asked if couples counselling was still on, and he realized the week had been rough enough already. He went to bed feeling run down, like his immune system had taken every hit personally.",142.20628,4.9572787,1079,11.737499,0,317.799,1201.1796,288.35312,239.64752,28,26,26,0.9655172413460167,3.2331839,2.9985385,3.7796826,1019.42456,1166.485,8898.372,9.093736,0.30092722,0
"Context:
I was trying to locate the exact sentence where I promised a deadline. The search highlighted it instantly, and I rephrased the line to remove any ambiguity. Then I reviewed the surrounding paragraph for consistency. When everything matched, I saved the updated copy.",60.907707,4.1093597,660,8.125,1,379.02545,1681.696,459.56686,165.20624,27,26,23,0.999999999962963,3.2444923,2.6845918,4.4368944,1466.6332,1658.5203,10233.6875,9.233538,0.57779163,1
"Context:
The art gallery used to be a factory, and the building still felt vast even after the renovations. The director asked me about site design, newsletter marketing, and a way to take membership payments online. In the shop, framed prints were sorted by size, paper type, and the dominant color in the image. After the opening, we ate roasted vegetables and bread, and I described the char and sweetness like I had just learned new words. A wall text nearby referenced the Gospels and discussed how religious language seeped into civic life.",82.7968,4.4163895,355,8.9375,0,347.02554,1292.2653,327.98703,222.12863,40,31,31,0.9999999999750001,3.350801,3.294132,3.7238333,965.24097,1197.4939,13881.021,9.53835,0.24518323,0
"Context:
As the plane banked over the city, a panoramic skyline slid past the window in one smooth sweep. He opened a travel app to pull up the flight map and watched their path curve across the screen. The cabin air smelled like coffee and warm plastic. When the captain announced descent, he saved the last wide shot to remember the view.",79.39982,4.374496,243,8.549999,0,347.13873,1279.828,332.1907,214.27322,16,16,16,0.9999999999375,2.7725887,2.3972528,3.6867912,939.3457,1211.7316,5554.2197,8.622493,0.5708815,1
"Context:
My aunt forwarded a new paper about a compound in processed foods and its association with colorectal cancer outcomes. I read the methods section first, checking how they measured exposure over time. The authors were careful about what they could claim, but the effect sizes still made my stomach drop. I closed the tab and decided to cook something simple instead.",63.25981,4.14725,247,8.412499,1,296.796,984.77295,245.4875,208.80095,34,22,22,0.9999999999705883,2.7114196,3.2298257,3.3180132,841.0544,957.4939,10091.063,9.219504,0.64427364,1
"Context:
A storm delayed flights, and the only option was a crowded airport shuttle with a strict seat limit. Emil, introduced as the service manager, tried to move reservations between systems, juggling storage quotas and file transfers on a glitchy portal. Nearby, a traveler broke into sneezing fits after hugging a friend’s dog goodbye. The wait turned friendlier once someone opened a box of homemade cookies and shared them down the row.",185.24507,5.2216797,233,9.75,0,342.0462,1845.6489,441.52264,114.533325,20,20,20,0.99999999995,2.9957328,2.376117,5.395905,1093.7843,1695.276,6840.9243,8.830824,0.6871557,1
"Context:
A headline warned that a ready-to-eat item was being recalled for possible Listeria contamination. I read the statement twice and looked up the affected dates. The next morning, the supermarket offered refunds at customer service. I wiped down the counter like I’d been handling raw meat.",83.91356,4.429787,231,9.4125,1,317.90036,1061.1788,278.3835,208.89233,23,22,22,0.9999999999565218,3.0752206,2.796805,3.3380864,901.31824,1028.8837,7311.708,8.897369,0.44346294,1
"Context:
At the gear shop, the clerk laid out a matte-black carbon bottle cage that was 90 mm wide and weighed almost nothing, and he showed how the spring tab snaps the bottle in place. Next to it sat a USB headlamp with a 300-lumen mode and a silicone strap cut to fit different helmet sizes. After paying, the receipt printed a tasting-pass for a nearby restaurant where the chef teaches a short ramen class. That evening, the new headlamp survived a rainy ride and the ramen broth tasted even better after the ride.",84.00973,4.4309325,32,8.7125,1,277.15552,1343.7848,259.1513,194.95107,49,38,35,0.9999999999795919,3.5485756,3.5675888,4.8484864,735.0583,1277.1017,13580.621,9.516473,0.17762573,0
"Context:
The clinic called to confirm the Hib vaccine appointment, then the investor-owned utility announced a planned outage in the same time window. He rescheduled, not wanting power issues to disrupt refrigeration or paperwork. Stress from a weak economy had already been rough on sleep, and a weak immune system made every decision feel heavier. He finished the day by emailing his HARPO fellowship mentor for advice.",163.31288,5.095668,76,10.662499,0,452.9261,1219.2877,348.8534,427.39835,20,20,20,0.99999999995,2.9957328,2.7032833,2.692024,1205.4073,1216.5116,9058.521,9.111571,0.35425153,0
"Context:
The clinic portal asked patients to upload lab results, but the file transfer kept failing until the staff upgraded their storage settings and fixed the form. While waiting, he explained that a medical condition forced him to avoid certain foods, and he needed the appointment reminder to include that note. The receptionist added it to the profile and confirmed it would appear on the confirmation page. Once the upload finally worked, the record showed both the documents and the dietary restriction clearly.",94.761246,4.5513606,306,8.625,1,391.45886,1306.1232,393.5463,186.36684,25,23,23,0.99999999996,3.1079726,2.7655957,3.3365529,1161.1176,1275.5559,9786.472,9.188858,0.40406978,1
"Context:
At the fencing club, his stance was all knees and angles, ready to lunge. Across the street, a small bakery had big windows and a bright awning that made it stand out from the gray shops. That position suited the moment far better than relaxed shoulders. After practice, the establishment’s warm light felt like a reward.",133.12718,4.891305,1116,9.999998,1,301.1296,747.2902,195.0404,371.08304,15,15,15,0.9999999999333333,2.7080507,2.487729,2.481623,570.99854,712.03186,4516.9443,8.4158125,0.54484797,1
"Context:
The venue poster had a single name in bold letters above the date. He recognized the musician instantly and bought tickets without checking anything else. During the show, the crowd shouted the artist’s name between songs, and the singer grinned like it was fuel. Walking out, he kept humming and repeating that name under his breath.",97.04286,4.575153,479,9.7625,1,334.77667,1362.8485,350.17255,219.15912,14,14,13,0.9999999999285715,2.6390579,2.17071,4.0709186,913.2471,1272.9282,4686.8735,8.452734,0.7974697,1
"Context:
My roommate forwarded a Listeria recall announcement, and the message was stamped by a government agency. Later, we watched a minister explain why fertilizer costs had spiked and what the ministry might do. We still went out to a local festival in this area and picked up a brochure for classes and community services. In the crowd, I overheard a debate about where to travel next: Switzerland, Holland, the US, or Costa Rica.",69.21509,4.237219,852,8.337499,0,239.63777,1074.2208,264.85254,131.26305,35,29,28,0.9999999999714286,3.2877977,3.077184,4.4826856,881.5275,1055.2577,8387.322,9.0345955,0.20175554,0
"Context:
Ava Hernandez checked in, her full name matching the form exactly. Near the entrance, Japanese teriyaki chicken sat warming while a sedan’s driver hauled art pieces featuring bright mosaics. Inside, Elena Ruiz demonstrated MATLAB and asked Chen Wei to push the changes to GitHub. Over dinner, Jacob described how Nina once sneaked snacks into a lecture, and our table argued about whether Copenhagen felt calmer than Berlin.",361.05026,5.889017,296,10.456249,0,279.0096,927.8627,254.67609,172.94377,34,32,28,0.9999999999705883,3.4448137,3.133576,3.3255577,750.58606,910.4248,9486.327,9.157712,0.13692112,0
"Context:
The clothing store listed every jacket with a tag showing fabric composition, exact measurements, and color code. The storefront itself was a sleek establishment with mirrored walls and a scent diffuser pumping cedar. She trusted the specs more than the decor, but both pushed her toward the register. The receipt felt inevitable.",178.46678,5.1844025,208,10.0,0,401.20786,1611.9161,425.8165,276.47256,25,22,21,0.99999999996,3.0525208,2.7415814,4.0176587,1260.0343,1532.4445,10030.196,9.213455,0.5898074,1
"Context:
She brought a gift voucher to the store and used it toward a compact toolkit with a 25 cm handle and a ratcheting head that flips direction. The cashier explained the voucher balance like it was a small financial instrument rather than a simple present. At home, she fixed a loose door hinge and appreciated the tool’s precise function. The gift felt practical in a way that cash never did.",125.28315,4.8305764,210,8.825,0,386.28613,1154.3978,308.68097,276.84607,32,26,24,0.9999999999687501,3.1894543,3.1675777,2.9884527,990.9856,1152.572,12361.156,9.422395,0.16695084,0
"Context:
She arrived early to the exhibition space and adjusted the frames so her drawings sat straight under the lights. Down the corridor, a conference registration desk was already forming a line for the morning presentations. Between sessions, people gathered around a large drawing board display that summarized the talks with quick diagrams. Later, she joined a formal business meeting that had the stiff feel of a government hearing, complete with a chair who controlled the microphone. By the time the last exhibit closed, she had answered as many questions as she had drawn lines.",79.53915,4.3762493,464,8.849998,0,347.63702,1058.1721,322.7249,231.29643,19,18,18,0.9999999999473684,2.871476,2.5309794,3.0438993,1028.8567,1052.3091,6605.1035,8.79575,0.67718285,1
"Context:
He kept a folder of articles about diseases and the health issues that ran in his family, adding new PDFs whenever he found them. One night he read a study comparing cancer rates under different diets and exposures, then circled the sections that sounded familiar. The next morning he booked a checkup, uneasy but determined. The appointment confirmation felt like a small win.",76.8215,4.3414845,894,9.375,0,374.1329,1696.9141,387.21545,259.8908,28,27,26,0.9999999999642857,3.2826943,2.914302,4.5355916,1173.8333,1586.2648,10475.722,9.256911,0.34648958,0
"Context:
Dr. Elena Ruiz presented the results in MATLAB during the lab meeting. Omar Haddad updated the model card in Confluence while she spoke. The IT lead, Simon Clarke, reminded everyone to submit patches through ServiceNow. Each update tied a person’s proper name to a tool on the screen.",211.94534,5.3563285,910,10.612499,1,274.3769,937.3627,247.62231,167.61874,32,25,23,0.9999999999687501,3.1461325,3.0897446,3.4163322,737.23975,912.31647,8780.061,9.080353,0.3725319,0
"Context:
Dr. Sara Lund sent the report as a PDF and asked me to run it through Adobe Acrobat for annotation. In the same email, she referenced a developer named Chris Nguyen who owned the deployment checklist. Later, Chris Nguyen replied with a link to the internal wiki and a note about versioning. It was all proper names and software tools, stitched together by deadlines.",80.5436,4.3887987,1176,9.043747,0,377.8053,1302.3323,372.57043,187.11118,30,26,26,0.9677419354526535,3.1701486,2.9864254,3.4470985,1265.939,1293.5481,11334.159,9.335665,0.22987436,0
"Context:
He joined a startup accelerator, and one session focused on packaging data and internet service plan offerings for underserved areas. Business competitors were present, and the competition was hidden behind polite applause. The mentor described competition between entities and products by pointing to how quickly customers switch when plans look identical. Competitors asked about churn as if they were just curious, not threatened. That night, the cohort shared tropical drinks and cooked a communal pot of chili.",157.66566,5.060477,1269,8.9375,0,279.55258,920.46643,244.67244,195.87952,29,23,22,0.9666666666344444,2.9942,3.0291116,3.2926416,805.7864,904.78723,8107.025,9.000609,0.5835485,1
"Context:
I used my editor to rewrite an email, searching for any wording that sounded like a demand. Then I submitted a request for help to a group that supports people dealing with medical costs. I also asked for a quote from an insurance broker so I could compare coverage options. As responses arrived, I edited my notes into a clean summary I could forward. A professional consultation helped me avoid missing a deadline.",53.77517,3.9848118,772,7.324999,0,264.68365,1178.7595,255.29926,171.06897,28,25,24,0.9999999999642857,3.1836731,2.9487326,4.453466,690.68994,1047.7589,7411.142,8.910874,0.28896195,0
"Context:
Her internship application lived in a sleek online system that required an essay, two references, and a PDF of prior work. She described a project reviewing medical studies on how a compound influenced cancer outcomes across several organ types. The recruiter later asked for the citation list in a follow-up message. She sent it and watched the status update from “submitted” to “in review.”",121.93269,4.803469,1139,8.762499,1,307.76953,1252.2983,273.31668,207.8449,31,23,20,0.9687499999697267,3.0146356,3.1002827,4.0689487,722.4602,1099.4171,9540.855,9.163444,0.37420884,0
"Context:
They chose to walk from the hostel to the food court and then to the indoor cinema, skipping the tram. The route stitched together lodging and entertainment, and traveling between them by foot kept the night spontaneous. When they finally ate, they described the salty fries and the sticky caramel popcorn in embarrassing detail. The self-propelled wandering made everything taste better.",91.19825,4.513036,1006,9.5,1,320.9678,1286.4153,288.73334,264.33057,23,23,23,0.9999999999565218,3.1354942,2.786399,4.007926,730.548,1164.1332,7382.26,8.906971,0.39365238,0
"Context:
In my hotel room I laid out sketches on the bed, deciding which drawings I’d show that afternoon. The event schedule listed a conference keynote, smaller meetings, and an exhibition area that opened right after the first presentation. Near the sponsor booths, a team ran live demos beside a drawing board display where they mapped customer flows with markers. I ducked out for a formal hearing hosted by a regulatory panel, then hurried back before the exhibit crowd thinned. When I returned, someone had paused in front of my drawings as if they were part of the conference story.",113.96032,4.7358503,101,9.331249,0,241.27867,946.6785,229.1068,146.9848,25,24,23,0.9615384615014793,3.163424,2.8429747,3.9235895,756.3027,916.95917,6031.967,8.704994,0.33386686,0
"Context:
The drill instructor barked numbers as we counted supplies and checked the total against the log, treating every discrepancy like a crisis. Back at my desk, an application on my phone flashed alerts, and the room’s air felt thin under the humming vents. I swapped to a simple counter app just to keep my tasks straight while the afternoon unraveled. Before leaving, I submitted a formal request for a training program through the company portal, attaching files in the required format. On the weekend flight, the horizon opened into a panoramic strip of sea that made the drill seem far away.",131.38187,4.878108,585,9.737499,0,306.2734,1207.2156,328.23422,173.94476,27,27,25,0.9642857142512755,3.2958364,2.803948,3.9416275,966.19385,1150.1997,8269.382,9.020436,0.39474875,0
"Context:
He recalculated the remaining year after excluding Sundays and felt the urgency rise. A sweater advertised softness and heat retention, and it kept him comfortable through a long wait outdoors. He stuck to his diet because his condition had taught him not to gamble. At the match, a disagreement with a stranger turned loud, a bug flew into someone’s drink, their passes got crumpled, and afterward he joined friends planning lobbying visits related to women’s health and religious freedom.",179.80528,5.1918745,590,9.9375,0,319.1063,1321.051,317.7766,207.44365,26,22,22,0.9999999999615384,3.0448203,2.8530238,4.1398463,1029.7205,1266.9976,8296.764,9.023742,0.46448627,1
"Context:
She edited her request letter, looking for the section that needed to be more polite, and rewrote it carefully. Then she contacted a group that offers medical and financial help and asked how to apply. She also requested quotes on insurance-related services so she could budget for professional support. Everything got pasted into one file in her editor and cleaned up into a neat timeline. A professional advisor reviewed the final message before she sent it.",69.22479,4.237359,881,7.971875,0,352.5973,1618.2448,407.80215,167.12659,24,24,24,0.9999999999583333,3.1780539,2.6462579,4.5894985,1151.5717,1514.3203,8462.335,9.043499,0.5496831,1
"Context:
I bought a gift voucher at the bookstore because I didn’t know what novel he already owned. The cashier explained the balance could be checked online and redeemed in parts. I slipped the card into an envelope and wrote a note so it felt personal. When he opened it, he smiled like the choice had removed the pressure from both of us.",79.441925,4.375026,221,9.243749,1,404.04544,1372.1992,406.0923,231.81862,23,23,21,0.9999999999565218,3.1354942,2.678554,3.396151,1243.949,1347.181,9293.045,9.137129,0.56352746,1
"Context:
During the interview, she kept a straight-backed posture and answered without fidgeting. The meeting room was in a renovated warehouse with exposed brick and a giant painted logo on the wall. That stance made the situation feel less intimidating than it really was. The place’s industrial look somehow made the conversation easier.",66.62637,4.1991005,58,7.8875,1,223.34967,678.84357,198.36946,157.50905,16,15,15,0.9999999999375,2.6859455,2.394324,3.0393758,558.8294,654.84076,3573.5947,8.181607,0.7139856,1
"Context:
After the mechanic adjusted the bike’s brakes, she tested it with a short ride and then tightened one more screw. Back home, she hesitated in the doorway, unsure what stance to take when her roommate started another argument. The repair was simple; the situation was not. She chose a calm position and spoke quietly anyway.",127.052345,4.8445992,549,9.474999,0,181.59932,396.09875,84.440155,183.96991,17,15,15,0.9999999999411765,2.6701198,2.7236784,2.1811688,329.3842,382.75583,3087.1885,8.03534,0.4344119,1
"Context:
She announced a seasonal special on her WordPress site, carefully scheduling the post so it would hit inboxes at dawn. The goal was to boost sales before month-end, because the quarterly numbers looked tight after recent price increases. In the kitchen, she developed a new butternut squash filling and adjusted the recipe until it held up in transit. A fashion designer client dropped by to pick up a catering order, and they talked fabrics while she processed the invoice and planned the next batch.",82.091934,4.40784,1027,9.224999,0,505.33405,1496.9418,380.78445,412.82697,17,17,17,0.9999999999411765,2.8332133,2.5516443,2.962282,1158.0281,1429.159,8590.679,9.05855,0.7883962,1
"Context:
The seller advertised the chair as solid oak, gave the seat width, and offered it in three colors. He read the details while standing in line at the repair shop, waiting for his phone to be fixed. A small adjustment to the screen and the device was ready. Material specs and repair receipts ended up in the same pocket.",81.553635,4.401261,1153,8.887499,1,308.33807,920.5194,295.3519,152.79628,9,9,9,0.9999999998888889,2.1972246,1.8153249,2.9854226,861.4089,908.6973,2775.0427,7.9287815,0.8270972,1
"Context:
He tried to plan his workload by counting the days left in the year and then subtracting every Sunday, because nothing moved forward in his office on those mornings. The logistics manager reminded him that the company car could only take five passengers, so any end-of-year client visits needed two vehicles. With both limits written down, he booked smaller meetings and kept the calendar realistic. By Friday, the Sunday-free tally matched the number of trips they could actually fit.",84.151375,4.432617,596,8.799999,1,359.57516,934.82947,256.22986,237.96237,14,13,13,0.9333333332711111,2.5400367,2.4078953,2.5998166,831.2341,914.1104,5034.0522,8.524179,0.5538693,1
"Context:
He studied how retail business models changed when a company moved from in-store sales to subscription delivery. While writing the report, he kept remembering how his academic degree program drilled him on evidence and clarity. The professor asked for real examples, not buzzwords. In the final presentation, his retail analysis landed because it was structured like his graduate training.",116.14848,4.7548695,1080,9.299998,1,214.89687,1373.9407,297.20563,144.45932,17,16,16,0.9999999999411765,2.7516665,2.317244,6.393489,466.2372,1192.4,3653.2468,8.203646,0.5722097,1
"Context:
At the retail chain’s headquarters, the buyer asked for updated data and internet service plan offerings to bundle with devices. Business competitors were also bidding for shelf space, so the competition was visible in every email thread. A side-by-side test highlighted the competition between entities and products when one modem dropped signal first. Competitors tried to sway the buyer with promises of better rebates. The buyer hosted tropical drinks afterward while a caterer cooked skewers on-site.",134.09283,4.8985324,486,9.75625,0,361.88336,1415.6807,306.6732,256.76395,38,30,27,0.9743589743339909,3.295484,3.3409555,3.9119806,984.25543,1347.4819,13751.567,9.528981,0.24290864,0
"Context:
She wanted work connected to water, so she interviewed for a role at the marina office. The hiring manager asked whether she could also handle documentation with proper publication details for incident reports. He explained that every report needed an author name, title, date, and a clear issuing body like a publisher. She nodded, realizing the job was both practical and bureaucratic. The next day she practiced writing cleaner report headers.",88.72954,4.485593,963,8.987499,0,297.82452,1249.4681,328.346,167.03416,25,21,20,0.99999999996,2.997069,2.733646,4.1953163,967.109,1188.5037,7445.613,8.915515,0.6774722,1
"Context:
He read an essay on the Gospels that connected specific stories to political movements and public morality. Later, at dinner, he described the meal with the same intensity, calling the sauce sharp and unforgiving. The historical context from the text followed him into the restaurant’s chatter. Dessert arrived, and the argument shifted to something easier.",119.02143,4.7793036,857,9.281249,0,251.03339,846.87787,218.56885,159.38216,33,28,24,0.9999999999696971,3.2547514,3.158886,3.3735666,736.63806,834.0847,8284.102,9.022214,0.23744863,0
"Context:
The jacket description promised a water-resistant shell and a lining that felt soft against skin, so she wore it straight out of the package. The zipper glided smoothly, and the pockets actually held her phone without sagging. In the mirror, the fabric looked richer than it did online, with stitching that didn’t pull at the seams. She left the store thinking the details had finally matched the hype.",60.103397,4.0960665,49,8.203125,1,269.3308,1358.8768,298.3875,196.09108,25,18,16,0.99999999996,2.7543318,2.7795131,5.045382,861.9755,1257.9558,6733.27,8.814964,0.50755703,1
"Context:
The neighborhood meeting turned practical when someone asked about data and internet service plan offerings for the building. Business competitors had mailed different deals to every apartment, which made the competition feel intrusive. Residents argued over the competition between entities and products, pointing to speed tests and contract clauses. A couple of competitors even sent reps to the lobby, hoping to sign people on the spot. After the vote, they shared tropical drinks and cooked a tray of nachos in the common room.",91.05364,4.511449,1011,8.162498,0,389.47018,1225.3239,315.6777,309.16125,31,28,28,0.9999999999677419,3.2998295,3.1276295,3.14613,999.963,1192.3232,12073.576,9.398857,0.13245109,0
"Context:
She subtracted Sundays from the days left in the year and used the result to plan a volunteer schedule. A pair of gloves touted their insulation and grip, and she felt grateful for them on the cold platform. She skipped the hot dog stand due to her medical restriction and ate what she’d packed. On the ride, a disagreement simmered, a bug landed on the window, their entry passes got checked twice, and she later spoke at a meeting about advocacy for women’s health policies.",116.900696,4.761325,847,10.0625,0,325.49878,1332.5154,301.09833,223.28162,25,21,21,0.99999999996,2.997069,2.867316,4.0937643,883.8224,1238.3679,8137.4697,9.004357,0.56163555,1
"Context:
The concert ended, but our group wasn’t ready to call it a night, so we followed the crowd to a bar nearby. I ordered a bright mixed drink that tasted sweet, then bitter, and it made everything feel a little easier. In the corner, two friends talked through their relationship while the rest of us pretended not to listen. We later moved to an LGBTQ+ nightclub where the dance floor pulsed and strangers felt like allies. Outside at closing, someone brought up policy fights over mandatory warning labels on alcohol and how producers keep pushing back.",86.201195,4.456684,439,9.4375,0,307.0255,960.3065,274.61276,214.99265,31,29,28,0.9999999999677419,3.3445487,3.0511875,3.1277745,809.1382,924.35864,9517.791,9.161023,0.1291832,0
"Context:
The museum gift shop was a polished establishment with spotless floors and soft lighting. She picked up a mug and checked the ceramic type, the height, and the glaze color printed on the tag. Even the display card described the store itself as artisan-focused, like that was a feature. She left with a bag and a clear sense of the place.",92.956856,4.5321355,86,9.125,0,271.4721,971.1629,224.96704,200.40419,21,19,17,0.999999999952381,2.912495,2.7601364,3.5773945,702.226,917.37555,5700.9146,8.648558,0.55464303,1
"Context:
At the chess club, the room grew quiet as the final round began. Two competitors sat down with a handshake that didn’t hide their nerves. Every move drew a small crowd, and the clock ticks sounded louder than usual. When the game ended, the winner exhaled like he’d been holding his breath all evening.",53.818634,3.9856198,270,7.40625,1,357.05713,2015.6385,521.20264,179.29071,12,12,11,0.9999999999166667,2.484907,1.8347929,5.645143,1245.3407,1861.579,4284.6855,8.363036,0.76672167,1
"Context:
A lecturer traced how Gospel narratives circulated before they were written down, moving through households and small gatherings. She connected the stories to social pressures of the era, like poverty, power, and belonging. Students asked why different communities emphasized different details. By the end, the room felt like it had stepped into a long conversation across centuries.",91.53826,4.516757,811,9.174999,1,145.82935,367.07858,102.50424,113.177536,22,14,14,0.9999999999545455,2.5393674,2.8717334,2.517179,366.5121,367.07858,3208.2456,8.0737915,0.5810095,1
"Context:
The community theater’s website shows every showtime through January, including matinee hours and ticket prices. I chose the Saturday performance and noted the address so I could find the side entrance after dark. At checkout it offered a discount if I bought before the posted deadline. The confirmation email repeated the start time, seat number, and when doors open.",131.302,4.8775,643,9.9,1,397.25894,1376.8986,417.68057,244.53194,19,16,15,0.9999999999473684,2.7255504,2.4882903,3.4659975,1341.7325,1369.8654,7547.92,8.92916,0.75497335,1
"Context:
He booked a celebratory trip after graduation, choosing luxury accommodations he could barely justify. The week also included a prestigious tournament he’d always dreamed of attending, packed with skilled professionals at the top of their craft. Between events, strangers congratulated him on his academic degree as if it were part of the ticket. The whole experience felt exceptional in a way he didn’t expect from a diploma.",72.57949,4.2846823,411,8.625,0,417.7546,1383.9236,385.58725,267.8286,27,27,27,0.999999999962963,3.2958364,2.8902795,3.3127668,1167.2872,1335.6235,11279.374,9.33082,0.18250188,0
"Context:
The museum gift shop added new products and ran a promotion to push them, calling it a ‘limited launch’ in every announcement. Each item had a clear description with materials and care instructions printed on the tag. Visitors picked up souvenirs right after touring the exhibits. The staff restocked shelves twice before closing.",149.41814,5.0067487,787,9.825,0,382.9824,1225.3239,343.87094,220.46112,22,21,19,0.9999999999545455,3.0280292,2.7180817,3.1994267,1012.7602,1180.7244,8425.612,9.03915,0.47480243,1
"Context:
The delivery app showed Japanese teriyaki chicken as today’s special. I ate it in the passenger seat of a sedan while the radio hummed. On the dashboard, postcards of art pieces featuring abstract scenes were tucked under the visor. She wore gray leggings, called a plumbing service about a leak, and forwarded furniture image file names for a catalog.",172.94046,5.1529474,312,10.25,1,295.86588,794.187,219.33139,250.1344,21,20,19,0.9545454545020661,2.978509,2.7793179,2.6842806,693.8812,774.12585,6213.183,8.73459,0.4480678,1
"Context:
The town hall, a formal institution, pinned a notice about a Listeria-related food recall on the entrance board. Inside, people were also talking about fertilizer costs after a minister’s visit to the region. Across the street, the community center advertised a winter festival and evening classes in this location. A traveler at the café compared prices between Switzerland, the US, Holland, and Costa Rica while sipping coffee.",113.98967,4.736108,477,9.074999,0,235.62796,1039.8127,225.6017,192.16904,27,24,21,0.999999999962963,3.0904598,2.908166,4.412943,576.8888,924.4548,6361.955,8.758248,0.29958382,0
"Context:
The contractor bid included a section titled 'Qualifications' with attachments behind it. She added her trade license, a recent workshop certificate, and a portfolio link. The client skimmed the documents and asked one question about her level of experience with the specific tool. The contract was signed once the credentials matched the project scope.",99.55241,4.600684,451,9.412498,1,383.82394,2459.745,562.3722,180.1192,17,16,15,0.9999999999411765,2.7516665,2.1820362,6.408525,1171.9326,2202.1826,6525.007,8.78355,0.752439,1
"Context:
She’d spent years building qualifications through apprenticeships and exams, and she wanted those credentials recognized. The panel asked how her level of skill held up under pressure, not just in coursework. As the conversation wandered, they discussed retail business models and why some stores thrive by focusing on repeat customers. She answered with a concrete example that connected her training to real operations.",99.083786,4.595966,566,8.662497,1,200.54108,719.23773,220.35869,113.30526,11,10,9,0.9999999999090909,2.2718685,1.892952,3.5864856,639.96936,703.38403,2205.952,7.6993675,0.83779913,1
"Context:
At the aquarium, she stopped to chat with a staff member in waders. He explained he worked as a water-quality technician and checked the tanks every morning. Nearby, a rescue team prepared a small boat for an outreach trip. She realized how many roles existed simply to manage and protect water.",70.900955,4.261284,184,9.118749,1,365.68637,1249.4681,375.79315,174.24527,19,17,17,0.9999999999473684,2.7985132,2.4724555,3.4167752,1087.8151,1217.1376,6948.041,8.846359,0.7847511,1
"Context:
The pub was loud enough that everyone leaned closer, and it made even casual talk feel intimate. I watched a bartender shake a cocktail until the ice sounded like percussion. Between laughter and music, my friend admitted she was falling for someone, and the moment felt more real than the night’s entertainment. We later ended up at an LGBTQ+ club where the dance floor pulsed and nobody apologized for taking up space. Outside, we talked about alcohol harms, mandatory warning labels, and the way the industry resists rules that might change behavior.",98.69326,4.5920167,339,8.9375,0,332.02075,875.74524,253.34949,337.9331,27,26,25,0.999999999962963,3.2444923,2.9842653,2.637622,749.61957,848.2796,8964.561,9.101146,0.25926253,0
"Context:
He introduced himself as a Master’s student, and the room immediately assumed he was competent. Later, he toured a dam with a water-resources engineer who explained flow gates and safety protocols. The engineer’s job title sounded plain, but the responsibility was enormous. Walking back, he wondered how much of respect came from degrees versus the work itself.",133.65913,4.8952928,1119,9.90625,1,250.5374,1086.9744,300.1204,111.01474,11,10,10,0.9999999999090909,2.2718687,1.8914855,4.3385715,837.517,1037.0829,2755.9114,7.9218664,0.7114135,1
"Context:
I sat in the airport lounge counting expenses in my notebook, adding up every fee like it might change the outcome. My travel application updated a gate change, and the boarding countdown ticked lower beside a small counter icon. The air conditioning was aggressive, so I wrapped my hoodie tighter and opened my laptop to file a formal request through the university portal. When the submission finally went through, I exhaled and stared at the departure board until my eyes stopped buzzing. Once we were in the air, the panoramic sprawl of city lights made the airport feel like a closed tab.",77.18527,4.3462086,467,9.375,0,328.96817,1177.0353,298.5074,247.26074,29,27,26,0.9666666666344444,3.2716894,3.0193772,3.5779607,962.38336,1131.765,9540.077,9.163362,0.16743107,0
"Context:
I was troubleshooting a script, so I opened it in my editor and collapsed the long sections I didn’t need. The sidebar let me hop between functions without scrolling forever. When I fixed the bug, the editor highlighted the change and prompted me to save. It was the kind of small convenience that adds up.",77.40109,4.349001,843,9.487499,1,211.35983,1251.9078,271.46542,103.41346,26,22,18,0.9999999999615384,3.0448203,2.7011337,5.9231114,738.342,1142.4324,5495.3555,8.61184,0.4599708,1
"Context:
The coastal hostel listed itself as friendly and inexpensive, with a shared kitchen and a small lounge. A volunteer built them a simple site and added a payment link to make late arrivals easier. In the entry area, a rack held rain jackets in bright colors, each marked with sleeve length and fabric blend. I cooked eggs with peppers and described the smoky sweetness while we ate at the long table. Someone later brought up the Gospels in a discussion about local holidays and how traditions persisted even among nonreligious guests.",130.49963,4.8713703,286,9.0625,0,284.3197,863.15753,210.53717,240.26031,27,27,27,0.999999999962963,3.2958364,3.0396972,3.0358698,687.20917,824.5468,7676.632,8.946067,0.21822897,0
"Context:
At the pharmacy, I picked up allergy meds, a refill for asthma inhalers, and a cream for eczema. The pharmacist asked if I had any new symptoms or side effects, and I realized how long my list had become. I wasn’t sick in one obvious way, but I was juggling conditions that needed regular care. On the walk home, I promised myself I’d schedule the overdue annual checkup.",44.533875,3.79625,908,9.062498,1,241.47041,740.6273,195.14514,195.21487,30,23,22,0.9999999999666667,3.0315194,3.0823474,3.0671558,614.2521,706.1837,7244.1123,8.8880825,0.55502224,1
"Context:
He arrived at the local science hall carrying a new monitor he wanted to show off, still in the box with the spec sticker. The staff had set up a casual demo day, and a vendor pitched a fresh subscription plan to everyone who stopped at the booth. In the corner, a big screen played highlights from an Indy race, and the roar of the crowd kept pulling people over. During a break, someone shared a simple food recipe they’d just tried, and later he asked customer service to fix a registration glitch before heading out.",96.54398,4.5699987,523,8.837498,0,366.74698,1510.0155,321.937,254.02562,29,28,28,0.9999999999655173,3.3194923,3.0302866,4.1173224,792.165,1310.0984,10635.662,9.272062,0.1813692,0
"Context:
In the lab, they rechecked the microscope camera settings because the capture looked soft and the effective resolution was too low for analysis. Once the image sharpened, the team revisited a series of cancer studies comparing how the same factor affected different tumor types. The improved clarity saved them from repeating an entire batch. By evening, the results were ready to send.",71.74188,4.2730746,1245,8.675001,0,184.66643,641.82764,145.41458,136.89136,40,29,22,0.9999999999750001,3.0997043,3.4445226,3.4756055,506.70142,638.4487,7386.657,8.907566,0.4592416,1
"Context:
At the airshow, the pilot explained how a plane keeps lift while banking, and the crowd craned their necks to follow the flight. Later, he stood motionless in line, reading labels on sunglasses to compare frame material and lens width. The tag listed the size, the color tint, and a note about durability. Flying overhead and standing below turned into a lesson in motion and measurement.",103.59658,4.6405044,932,9.15625,1,312.45886,1169.2777,295.55078,190.18773,25,22,21,0.99999999996,3.031591,2.82964,3.7421813,936.89545,1127.5599,7811.4717,8.963477,0.5709997,1
"Context:
A narrow oak shelf, 120 cm long, arrived with hidden brackets and a soft-close hinge for a small drop-down panel. At the counter, the supervisor reminded two new hires to log inventory changes before closing. Someone tried the panel twice to confirm it latched cleanly and held a tablet without wobbling. By the time the staff meeting ended, the shelf was already labeled with its dimensions and function.",115.606285,4.7501903,352,8.75,1,464.2,1325.1444,363.46835,307.08194,16,14,14,0.9999999999375,2.5993023,2.4844794,2.854684,1051.516,1270.4187,7427.2,8.913039,0.7545922,1
"Context:
The notes from yesterday were scattered, so I pulled them into an editor and cleaned them up. Then I asked a local office how to apply for financial help after an unexpected hospital visit. I also requested a legal quote because the insurance paperwork was confusing and time-sensitive. While waiting, I edited a short message soliciting missing documents from my family members. A professional advisor helped me decide which calls to make first.",62.221146,4.130695,259,7.734375,0,174.15652,561.4946,124.57484,164.13557,21,20,19,0.999999999952381,2.978509,2.7997673,3.2240806,324.15823,514.02734,3657.287,8.20475,0.28729132,0
"Context:
A minor software update adjusted the audio levels, and the speaker system finally stopped crackling. Even with the fix, she was unable to tolerate the harsh echo in the room, so she covered one ear and winced. When someone tested the microphone again, her eyes watered from the volume. The repair helped the equipment, but her tolerance didn’t budge.",79.25962,4.372729,996,8.5625,0,219.40993,1220.2401,261.6488,118.752266,22,20,17,0.9999999999545455,2.9412317,2.6136482,5.5614624,570.90686,1085.041,4827.0186,8.482191,0.36424902,0
"Context:
The wedding coordinator read out Nora Williams and several other full names from the chart. Dinner included Japanese teriyaki chicken, and a friend’s sedan was packed with art pieces featuring soft watercolor scenes as gifts. During cleanup, Victor Stein logged an issue in ServiceNow while the DJ packed up. I overheard Clara recount a story about Ryan missing the first dance, and the couple left for Milan before dawn.",301.509,5.7088,309,9.875,0,296.33212,880.4149,235.73395,215.38425,26,25,23,0.9999999999615384,3.2047775,2.9671037,2.9710412,803.63745,873.5648,7704.6353,8.949707,0.30536395,0
"Context:
He booked a suite because the event was a once-in-a-lifetime experience. The lobby was full of sharply dressed professionals discussing strategy before the tournament began. At dinner, he found himself seated next to a coach whose reputation bordered on legend. The service was flawless, and the night felt like a reward for years of effort.",41.787224,3.7325907,1001,7.9843745,1,255.70247,587.66614,169.05344,171.74641,13,13,13,0.9999999999230769,2.5649493,2.3641548,2.2982416,551.0144,580.3358,3324.132,8.109264,0.8205566,1
"Context:
In the command trailer, the operator increased the magnification on the surveillance feed so small movements were visible at the edge of the frame. Outside, the training exercise simulated a hostile crossing, and a spotter kept counting vehicles as they passed the checkpoint line. The numbers were called out in a clipped cadence over the radio. Once the screen was zoomed in, the count became much easier to verify.",73.92669,4.303074,1054,9.462498,1,341.78656,1115.9878,321.96643,213.98863,21,21,21,0.999999999952381,3.044523,2.668245,3.26516,1086.9744,1110.185,7177.518,8.878848,0.53564256,1
"Context:
After the movie, we went somewhere that served snacks and had a small stage. A local band played covers, and everyone sang along badly on purpose. I caught her smiling at me when she thought I wasn’t looking. The whole night felt like entertainment wrapped around a quiet kind of closeness.",114.08624,4.7369547,29,9.068749,1,338.38333,1089.6182,348.21576,167.2371,18,18,18,0.9999999999444444,2.8903716,2.4049294,3.2200704,1003.60254,1072.415,6090.9,8.714715,0.705743,1
"Context:
The museum hosted a weekend event where families could try hands-on stations and sign up for classes. Near the entrance, a company showcased a new product line with detailed descriptions of materials, sizes, and recommended uses. In the lounge, a group watched an Indy race replay on mute while debating which driver had the cleanest passes. When the café line slowed, someone shared a favorite recipe and another person complained to support about an online order that arrived missing parts.",114.322426,4.7390227,723,9.4,0,369.71085,1516.5524,371.2214,179.84576,31,27,25,0.9999999999677419,3.1744,3.0180333,4.1019955,1114.531,1475.2448,11461.036,9.346796,0.27032095,0
"Context:
On his old phone, the text was tiny until he increased magnification, and the icons finally stopped blurring together. He opened the health portal and read through the list of negative symptoms tied to his disease, line after line. The more he zoomed, the more the details felt unavoidable. He shut the screen off and went for a walk to clear his head.",59.1394,4.0798974,254,9.25,0,260.37955,920.5194,227.63422,205.78111,19,16,15,0.9999999999473684,2.7255504,2.623887,3.5352983,781.1783,892.6512,4947.2114,8.506782,0.608218,1
"Context:
Their rideshare driver checked the vehicle’s maximum occupancy and asked one person to request a second car. William the coordinator sent the updated pickup list through a cloud drive, and he reorganized storage so the link would stop expiring. In the second car, a passenger complained about itching after sitting near a cat earlier that day. They met up at the destination and traded homemade snacks like peace offerings.",190.04857,5.2472796,31,10.231248,0,366.6098,1657.1625,446.45438,159.35178,27,26,25,0.999999999962963,3.2444925,2.7311761,4.520235,1467.2831,1642.035,9898.465,9.200236,0.41575116,1
"Context:
The theater’s marquee glowed over the sidewalk, and the ticket line curled along the wall. Inside, I headed to the concession stand, then followed the carpeted hallway to the screen number on my stub. People drifted between the arcade machines and the bar, moving in small loops as they waited. When the lights dimmed, the whole place settled into a hush.",71.843346,4.274488,303,9.018749,1,332.59985,1369.8735,375.12326,201.04514,18,16,14,0.9999999999444444,2.736339,2.3679368,4.118684,1107.6624,1317.4313,5986.7974,8.697479,0.69584405,1
"Context:
During the orientation, Daniel wore a badge that read “Lead Technician,” and everyone treated him like the authority. The new intern kept confusing Lars the coordinator with Lars the operator and apologized each time. At the safety briefing, Henrik stood up to explain his role as the shift captain. Names bounced around the workshop until people finally matched faces to titles.",162.25815,5.0891886,774,9.4375,1,290.15387,895.9722,270.70193,114.63019,19,18,17,0.9999999999473684,2.871476,2.521668,3.0879211,734.73193,863.7242,5512.9233,8.615031,0.6939838,1
"Context:
The recreational hall hosted a mini expo, and he came mostly to test climbing shoes that had a detailed spec tag on the tongue. A startup used the crowd to advertise a new service tier, promising faster support and early access to features. Off to the side, an Indy race was streaming, and the sudden cheers made everyone look up at once. After the session, he traded food recipes with strangers over coffee and later called customer service because his confirmation email never arrived.",152.07881,5.024399,1202,9.75,0,411.8568,1340.057,372.49646,272.36145,29,27,27,0.9999999999655173,3.2716894,2.9826248,3.2536964,1145.8606,1323.4543,11943.848,9.388055,0.17155458,0
"Context:
A friend booked us into a sushi class, then we stayed for the omakase seating to taste the same ingredients done professionally. I used the downtime to choose a device based on its specific attributes, down to the battery and input options. At work I had to deliver feedback and reassign duties, because supervising staff is more than just approving hours. When my computer started acting up and the blog editor froze, I watched a trailer that spoiled the plot and then read a long argument about financial disparity and a celebrity being criticized for how they position themselves around the transgender community.",116.16616,4.7550216,70,9.581249,0,263.43365,1290.5532,265.19357,154.3445,39,37,33,0.9999999999743591,3.5924692,3.2789016,4.8989687,785.65704,1147.6084,10273.913,9.23746,0.22116962,0
"Context:
She started the morning by reviewing the week’s sales and deciding how many units to produce before demand cooled. A spreadsheet of costs and expected revenue guided every choice, from labor hours to packaging materials. After lunch, she updated her WordPress checkout settings and added a banner announcing the new release. In the evening, she hosted a tasting of butternut squash appetizers for a fashion designer who was considering a collaboration, and they agreed on a design direction over second helpings.",93.389755,4.536782,823,8.9,0,361.5171,1201.1796,314.01312,237.58676,22,21,21,0.9999999999545455,3.0280292,2.7648728,3.322608,943.49084,1147.7344,7953.376,8.981478,0.55174935,1
"Context:
The pub was loud enough that you had to lean in, which made even casual talk feel intimate. I tried a layered mixed drink that looked like art until it was stirred into something smooth and warm. Between rounds, two friends flirted, then slipped into a serious conversation about what they meant to each other. We later crossed town to an LGBTQ+ club with rainbow signs and a DJ who kept the room moving. On the way out, a poster about alcohol harm led to talk about mandatory warning labels and the industry’s resistance to tighter regulation.",90.62733,4.506756,218,8.993749,0,273.03418,748.14734,219.10628,226.2503,25,24,23,0.99999999996,3.163424,2.895173,2.7401233,641.02155,723.59064,6825.8545,8.828619,0.27726933,0
"Context:
After the security alert, the team pushed a late-night patch and checked the logs for any lingering bugs. The finance page on the site was refreshed too, so customers could compare interest rates without the old banner code breaking. By morning, a clean software update was live and the marketing landing page loaded instantly. It felt like a careful repair job, not a risky rewrite.",82.70889,4.415327,155,8.387499,1,232.72324,958.7914,203.78613,172.56229,39,28,23,0.9999999999743591,3.181568,3.3428764,4.1198783,660.67847,860.36163,9076.206,9.113522,0.4271039,1
"Context:
In the simulator, pilots practiced a mock dogfight where every hit was recorded, and a judge tallied the results with the seriousness of a real conflict. After the session, the instructor pulled up a panoramic replay taken from the cockpit view during flight. The wide angle showed how quickly the formation broke when someone turned late. The class watched the sky fill the screen and stayed quiet for once.",91.392624,4.515165,560,8.68125,0,365.53607,1219.2877,338.7152,173.5557,16,16,16,0.9999999999375,2.7725887,2.3928494,3.3356156,936.6815,1162.7665,5848.577,8.674125,0.7105923,1
"Context:
He bought a used minibus for weekend trips and learned the hard way that “eight seats” included the driver. When his cousins showed up, someone ended up on a cooler. The police at the checkpoint asked for the registration, then pointed at the maximum passengers printed on it. After that, he started planning rides around what the vehicle was actually rated for.",109.47465,4.695693,636,9.3375,1,274.7959,825.20575,209.26305,273.22034,19,18,18,0.9999999999473684,2.871476,2.6444676,3.002977,642.1912,788.60284,5221.122,8.560659,0.60641074,1
"Context:
The environmental science program asked applicants to submit everything through a web-based system, including essays and recommendation letters. She wrote about studying air circulation in crowded buildings and attached data from a monitoring application. The portal flagged one missing file and refused to accept the submission. After fixing the upload, she got the confirmation message and exhaled.",116.03257,4.753871,969,9.45,0,202.42715,1299.7828,265.4723,96.71331,25,22,19,0.99999999996,3.0525208,2.6753724,6.4209905,576.3948,1131.7449,5060.6787,8.529453,0.25908625,0
"Context:
She planned dinner around what was left in the fridge and started by chopping onions. The pan hissed when she added oil, and the smell filled the apartment immediately. She tasted the sauce twice, adjusting salt and acidity until it felt balanced. When the timer rang, she plated carefully as if it were a small celebration.",72.32159,4.2811227,591,8.224996,1,358.38144,869.7465,276.9209,238.3492,17,17,16,0.9999999999411765,2.8332133,2.5574603,2.4268737,854.5245,866.7021,6092.4844,8.714975,0.503632,1
"Context:
When his phone warned that he was near his monthly limit, he reviewed upgrade choices online. The higher tier promised more data and faster priority on crowded networks. He checked whether international roaming came standard or as a paid add-on. After two minutes, he confirmed the change and saw the new billing date.",119.206024,4.7808533,331,9.618749,1,494.66846,1285.6041,434.48044,339.6096,13,13,13,0.928571428505102,2.5649493,2.1477077,2.5989208,1138.1375,1256.1108,6430.69,8.768992,0.8842426,1
"Context:
She opened her editor and searched for every instance of a date, correcting them to match the timeline. Then she wrote to an organization that provides medical and financial help and asked what documents they needed. To handle the legal side, she requested a quote from a firm that specializes in insurance disputes. As replies arrived, she edited her summary so it stayed concise and accurate. When the options got complicated, she asked a professional for advice.",56.12157,4.02752,971,7.699999,0,340.48016,1207.2156,360.06793,179.57114,18,18,18,0.9999999999444444,2.8903716,2.3815506,3.5456266,1057.4432,1177.2611,6128.643,8.720892,0.74659157,1
"Context:
My tablet struggled with a medical PDF, so I increased the magnification and switched to a higher-resolution copy to keep the text crisp. The article described a study testing whether a vitamin supplement changes cancer outcomes, and the authors were careful about placebo effects. In the same hour, my partner got a call confirming a specific respiratory disease, and relief turned into worry in seconds. He latched onto every negative line in the discharge summary and ignored the parts about manageable steps. Later, we made a list of his other health issues to bring to the specialist.",88.25066,4.480181,48,9.449999,0,292.47223,1249.4681,286.6522,206.32777,39,28,27,0.9999999999743591,3.110476,3.274024,4.272092,849.4475,1184.2604,11406.417,9.342019,0.502171,1
"Context:
He removed Sundays from the remaining days in the year to see how many clinic days were left for follow-ups. Because of a medical condition, he also tracked dietary restrictions and wrote a short note for each appointment day about what he could safely eat. The Sunday-free schedule reduced missed visits. The food notes reduced headaches during long waiting-room afternoons.",95.99657,4.5643125,113,8.65625,0,248.22606,839.08997,215.86778,195.99182,15,12,12,0.9999999999333333,2.3959084,2.3709934,3.3803458,650.7872,801.4294,3723.3909,8.222658,0.6588199,1
"Context:
At the hardware store, she compared two services: one offers same-day installation and extended warranty, and the other is cheaper but bare-bones. On her way home, she stopped for a hands-on pasta class and learned how to judge dough by feel. She realized the class had its own features too, like small group size and personal feedback. The choice of service features suddenly felt as real as the taste of fresh noodles.",62.783886,4.1396985,1067,8.8875,1,337.44244,1047.5321,316.7061,156.52908,24,22,20,0.9999999999583333,3.0625293,2.7861605,3.1043284,1014.0594,1040.5885,8098.6187,8.999572,0.45389697,1
"Context:
The venue hosted informal gatherings alongside official conferences, so the hallway alternated between casual chats and serious meetings. One attendee insisted, with a strong opinion, that the product spec sheet was misleading and demanded a corrected version. Staff directed him to the information desk using the posted location map. The crowd flowed around the confrontation.",116.74979,4.760033,398,9.849999,1,242.83792,910.4997,252.72372,145.27829,16,15,15,0.9999999999375,2.6859455,2.342028,3.7494133,820.18396,892.4365,3885.4067,8.265241,0.7043088,1
"Context:
Her support group met after work, and everyone traded stories about diseases that had reshaped daily routines. Someone joked darkly about the negative labels people attach to patients, and the room went silent for a moment. Then the conversation moved to practical things: sleep, diet, follow-ups. By the end, the mood felt lighter even if the problems hadn’t changed.",80.913345,4.3933787,965,9.7,0,213.85338,764.4037,236.13014,89.55946,11,11,11,0.9999999999090909,2.3978953,1.904174,3.574429,685.93933,748.7108,2352.3872,7.763611,0.85807455,1
"Context:
He bought a compact stove made of titanium, 7 cm tall when folded, with a burner head designed to distribute heat evenly. A discount voucher made it a bargain, so he grabbed fuel too. Later, he tested it in the backyard and watched the flame settle into a steady ring. The materials and the function were exactly what the label promised.",85.77855,4.451769,741,8.3125,0,230.2022,894.2685,245.96162,141.38928,20,20,20,0.99999999995,2.9957328,2.5116963,3.884709,734.3675,862.28827,4604.044,8.434908,0.61427855,1
"Context:
At the trade show, two companies tried to pull the same crowd with adjacent booths. One handed out free samples while the other offered live demos every hour. Sales reps kept glancing sideways to see who was drawing more visitors. The friendly smiles hid a serious fight for attention.",80.32821,4.386121,1272,8.6,1,285.2152,1207.2156,247.4022,205.47835,26,25,25,0.9999999999615384,3.2047775,2.9663544,4.232648,731.6776,1108.8313,7415.595,8.911475,0.4130487,1
"Context:
The night began at a crowded lounge where couples argued in whispers and strangers laughed like old friends. I ordered a cocktail that looked gentle but hit fast, and suddenly the room felt warmer. After the show, my friend slipped her hand into mine and admitted she wanted something real. We ended up at a queer club with rainbow signs, where everyone danced like being seen was the whole point. Outside, a conversation about alcohol harms turned into a debate about mandatory warning labels and the industry’s resistance to them.",96.79682,4.572614,220,8.6625,0,265.07062,1038.807,277.9555,124.17307,29,26,22,0.9999999999655173,3.223886,2.9023619,3.9189818,847.5333,993.1497,7687.048,8.947422,0.41371533,1
"Context:
A cracked screen protector made the touchscreen misread taps, so I brought the phone in for a quick repair. In the waiting area, I shifted into a straighter posture when the clerk called my name. Once it was fixed, I wandered into a nearby arcade and then over to a small burger place tucked beside it. Outside, a small plane traced a thin line of white across the sky. The fryer smell clung to my clothes, and I realized I could not tolerate being there long.",64.87686,4.172491,1239,8.418747,0,247.55453,1031.7777,224.77628,185.09494,26,22,19,0.9629629629272977,3.0246954,2.9388545,4.1678805,736.98694,980.43536,6436.418,8.769883,0.52449155,1
"Context:
The pottery studio on Søndergade posts a weekly timetable by the door, with each class listed by date and start time. I booked the Tuesday 18:30 session and paid the fee online before arriving. A small sign on the counter reminded everyone that the workshop had moved to Room 3 on the second floor. When the instructor locked up at 21:00, she pointed us to the next class on the calendar.",67.74972,4.2158203,107,7.3312497,1,322.03,1345.5546,315.85077,181.69746,25,23,20,0.99999999996,3.1079726,2.7755096,4.1783514,707.2055,1192.3508,8050.75,8.993645,0.38265002,0
"Context:
A community center hosted a workshop on data and internet service plan offerings for seniors. Business competitors sponsored the event, and the competition quietly shaped which questions got answered first. The instructor used two brochures to show the competition between entities and products without confusing anyone. Outside, competitors’ vans parked in a row like a parade. Inside, volunteers served tropical drinks without alcohol and cooked warm cookies for the attendees.",174.1426,5.1598744,1002,9.1875,0,304.84323,880.3507,203.05156,255.52602,23,20,20,0.9583333332934028,2.9319234,2.9265616,2.8878803,671.7933,836.5149,7011.394,8.855434,0.36937743,0
"Context:
During the lecture, the speaker traced how the Gospels were circulated and why certain passages sparked social conflict. Afterward, the group met at a café and argued about the same historical themes over coffee. Someone described the meal as bitter and perfect, as if the flavor proved a point. The text and the table talk fed each other all night.",71.27477,4.2665424,1166,8.54375,0,365.12918,1152.0042,294.30026,248.23366,25,21,19,0.99999999996,2.9416173,2.9163978,3.1550593,840.5238,1078.2362,9128.2295,9.119237,0.26504916,0
"Context:
In the store aisle, he held two headphones and compared sound profiles and battery life. One model had better noise cancellation, but the other fit his budget and felt lighter. Reviews on his phone framed the choice as a direct face-off between the brands. He walked to the register with the one that won on comfort.",88.87118,4.487188,678,8.837497,1,193.53046,992.8083,217.5442,124.795685,19,17,16,0.9999999999473684,2.7985132,2.5112479,5.1299853,519.7463,898.19586,3677.0786,8.210146,0.68516856,1
"Context:
The meeting began with a blunt look at expenses, because the business had grown faster than the cash in the bank. She proposed a small loan, calculated the repayment, and warned what higher rates could do to the plan. To keep momentum, she scheduled a WordPress campaign page and prepared the launch copy herself. Later, she tested a butternut squash recipe for the opening night buffet, while a fashion designer finalized staff uniforms that matched the brand’s clean lines.",103.79992,4.642465,1217,9.099998,0,406.85504,1516.5524,338.2826,307.53436,28,23,23,0.9999999999642857,2.9952948,3.0386097,3.7275004,1078.3413,1407.6389,11391.941,9.34075,0.31641978,0
"Context:
The radio ad promised simpler data and internet service plan offerings, and he nearly believed it. Business competitors ran similar spots, turning the competition into background noise on his commute. When he got home, he read reviews that framed it as competition between entities and products, with one brand barely edging out another. A competitor’s discount vanished after the first month, and he felt tricked just reading it. He poured tropical drinks for guests and cooked garlic bread while they talked it through.",155.32999,5.045552,1181,9.19375,0,316.01736,957.3402,213.81287,290.56995,30,26,25,0.9677419354526535,3.198917,3.1837027,3.0293915,689.30084,880.0785,9480.5205,9.1571,0.16132823,0
"Context:
She calculated the year’s remaining days minus Sundays and scheduled her last checkups accordingly. Her new moisturizer claimed to be fragrance-free with a smooth finish, and it didn’t irritate her skin. Because of her condition, she avoided the office snacks and drank water instead. That evening brought a disagreement in the queue, a bug crawling along the railing, a scramble to find their entry passes, and a conversation about advocacy work pushing policy changes tied to women’s health.",91.62887,4.5177464,582,9.60625,0,281.6553,1078.4396,224.23233,218.02567,24,22,20,0.9999999999583333,3.0625293,2.916901,3.828934,596.5443,967.94806,6759.727,8.818886,0.33903825,0
"Context:
I inspected the suitcase wheels, the handle mechanism, and the listed dimensions to be sure it fit airline rules. A bargain coupon lowered the cost, but I still paid with a gift voucher to keep my budget intact. Right after, I stopped for the Hib vaccine and saw a poster about investor-owned utilities responding to an outage. In the evening, couples counselling ran long, and on the walk home the weak economy headlines made me feel like something was missing from our plans.",137.12851,4.9209185,716,10.981247,0,232.54778,916.8613,218.77995,126.9969,30,27,26,0.9999999999666667,3.2451267,3.0220647,3.94268,614.88184,837.70123,6976.433,8.850436,0.25309646,0
"Context:
She used her editor to reorganize notes, searching for missing details like phone numbers and case IDs. Then she asked a community organization for financial help related to medical expenses. To handle the coverage issues, she requested an insurance quote and asked a firm for a legal estimate. She edited a short summary that anyone could understand without extra context. A professional advisor helped her keep the message focused.",82.35014,4.41098,374,9.13125,0,251.6716,1017.17365,260.17407,151.21207,27,24,22,0.999999999962963,3.1418042,2.8599946,4.0416703,837.67126,976.272,6795.1333,8.824109,0.3964344,0
"Context:
He booked a sushi lesson, then rushed home to fix a browser error that broke his recipe blog’s image uploads. After clearing cache and updating a plugin, he wrote a short post about the fix alongside the new roll technique he learned. The site is a mix of computer solutions, cooking notes, and whatever hobby he’s exploring, so the update fit perfectly. Later, he practiced slicing fish as the laptop finally stayed stable.",155.65741,5.0476575,192,9.924999,1,297.30576,1379.2782,323.3116,180.75365,29,27,25,0.935483870937565,3.2716892,2.911993,4.639258,1009.45496,1280.2566,8621.867,9.062173,0.2979497,0
"Context:
Maya told the story slowly, pausing to make sure every detail landed the way she remembered it. She had been reading about fertilizer costs all week, and the minister’s interview kept replaying in her mind as she spoke. When she finally said the name of the farmer she had met, her voice softened like it always does in a real anecdote. By the end, it felt less like a debate and more like someone letting you into their day.",49.30544,3.8980343,1031,8.28125,1,367.43484,1547.607,444.25873,186.23926,24,21,19,0.9999999999583333,2.982965,2.579367,4.211922,1259.0923,1483.8442,8818.437,9.084713,0.61683714,1
"Context:
The technician opened the laptop, tightened a loose connector, and installed the latest driver as part of the repair. Once it booted, she tested the new website build and watched the payment widget load on the first try. A small software adjustment fixed both the checkout code and the marketing tracker. The client only noticed that everything felt smoother.",97.16863,4.576448,666,9.4,1,197.66791,618.05444,164.04436,142.9324,25,19,16,0.99999999996,2.8443055,2.925531,3.1267314,575.0253,611.924,4941.6978,8.505667,0.5907526,1
"Context:
My uncle counted out fertilizer bags like they were gold bars. The minister of agriculture toured a field and posed for photos. Over dinner, my uncle kept returning to costs per hectare. Even the dessert conversation turned into spreadsheets and frustration.",132.39873,4.885818,506,10.625,1,256.08322,826.4084,178.1539,189.56087,15,14,13,0.8823529411245675,2.615631,2.5130408,3.2271085,508.95605,762.9179,3841.2485,8.253813,0.6353313,1
"Context:
The crowded café blasted music so loudly that his head started to pound. He asked for the volume to be lowered, but it stayed the same, and the noise became unbearable. After ten minutes, he left and found a quieter place down the street. He could not tolerate that level of sound.",35.62338,3.573002,168,7.346874,1,321.5693,1489.6233,381.6676,203.00818,12,12,12,0.9999999999166667,2.484907,1.9717842,4.632355,927.26276,1377.1512,3858.8315,8.258379,0.85656774,1
"Context:
The meetup listing included the date, door code, and a note that the talk would start exactly at 18:00. One attendee kept insisting we skip introductions and get straight to the main topic, pushing the group like he owned the room. I opened the registration page to see whether the platform supported waitlists and payment receipts for our records. Someone nearby was comparing two portable monitors, quoting refresh rates and panel types from their phones. When I got home, I posted a negative comment about the cheap HDMI cable I’d bought there because it failed within hours.",98.14591,4.5864553,581,9.45,0,327.6371,1376.9603,300.48978,220.50917,38,37,34,0.9999999999736843,3.6011052,3.3114014,4.2026997,888.0773,1347.5984,12450.209,9.429573,0.26094934,0
"Context:
He kept hearing Bremerton in conversations and couldn’t stop spotting the 'mer' inside it once he noticed. At a nearby bar, a musician with a memorable name played songs about coastal towns. The combination made the word feel musical rather than geographic. By midnight, he was humming and repeating the name under his breath.",141.19641,4.950152,867,9.018749,0,211.52681,524.1441,147.37144,205.68665,11,10,10,0.9999999999090909,2.2718685,2.1546068,2.4779086,456.77783,510.67087,2326.795,7.7526765,0.8576113,1
"Context:
On the ferry, he told a stranger he was from Bremerton and laughed when she pointed out the 'mer' tucked inside the city’s name. He then asked about her qualifications, because she wore a badge that suggested formal training. She explained the credentials she’d earned and how they reflected her level of skill. By the time they docked, they’d swapped stories about hometowns and career paths.",66.05523,4.190491,918,9.25,1,219.61241,1248.3326,284.75003,140.74176,19,17,16,0.9999999999473684,2.7985132,2.3462517,5.6842527,660.1704,1130.7002,4172.6357,8.336543,0.67380327,1
"Context:
At the cashier, she stacked two items and slid over a voucher promising 20% off, hoping it would apply to the bargain bin too. The clerk accepted it and handed back a printed coupon for a cooking workshop at a new bistro downtown. On the way out, she checked the date and realized the restaurant class covered dumplings and a tasting menu. She left feeling like the discount had paid for dinner plans.",71.76819,4.2734413,1058,9.599999,1,466.36594,2064.96,424.50012,296.26184,28,27,26,0.9999999999642857,3.2826943,2.981001,4.4277678,1016.3651,1785.7131,13058.246,9.477252,0.21195652,0
"Context:
An agency pitched a redesign that emphasized website functionalities, subscription services, and other software features for an e-commerce brand. The pitch happened during an exhibition where large drawing boards were propped up beside the presenter. Attendees moved between the display and the talk as if it were part conference, part studio. Notes about the online business goals filled the margins.",116.127335,4.7546873,529,9.674999,1,304.92157,1425.4885,309.16943,210.70636,29,25,22,0.9999999999655173,3.1760828,2.9771385,4.6749353,906.31415,1293.5057,8842.726,9.087463,0.380554,0
"Context:
We chose a queer bar because it had a drag show starting late. The host worked the crowd with sharp jokes and easy charm, and the whole room cheered like family. Between performances, strangers complimented each other’s outfits without hesitation. It was the kind of night that made you forget to watch the clock.",98.9847,4.5949655,174,8.5875,1,272.8892,1061.3898,269.46646,192.05045,19,18,17,0.9999999999473684,2.871476,2.536555,3.8894532,793.3279,1007.7774,5184.8945,8.553698,0.67059517,1
"Context:
We picked a late-night diner with neon lights and a row of booths facing the kitchen. The server guided us to a table near the window, away from the noisy group by the door. I walked to the counter to pay, weaving between chairs and the swinging entryway. Outside, the smell of fried onions clung to my jacket.",42.45724,3.7484975,739,8.174999,1,238.82286,619.83704,175.40431,198.83362,11,10,10,0.8461538460887574,2.2718685,2.1426208,2.5953836,574.0215,610.67395,2627.0515,7.873998,0.8793748,1
"Context:
She launched a new website for a small credit union and rewrote the marketing copy to sound less pushy. To match the new branding, she updated the card images with precise specs about material finish, size, and color variants. The financial-service pages loaded fast, and the product tiles looked consistent on every screen. Development work and product attributes had to agree down to the pixel.",97.712944,4.582034,1230,9.375,0,365.08383,1573.2935,426.03165,165.8609,25,24,24,0.99999999996,3.163424,2.6758168,4.309403,1220.6332,1492.6781,9127.096,9.119112,0.41264713,1
"Context:
A family road trip started with an argument over how many people the station wagon could safely carry. Henrik, the shift captain for their volunteer group, had a folder of maps on an online platform, but the sync failed until he cleared old cached files. At the picnic area, wasps hovered around the soda and one child’s allergy plan suddenly mattered a lot. They retreated to the car and ate homemade wraps while the swarm moved on.",163.88977,5.099194,333,9.73125,0,469.85556,1352.2157,392.4745,314.56763,19,19,19,0.9499999999525,2.9444387,2.6280012,2.877939,1346.8256,1351.1377,8927.256,9.096976,0.65353715,1
"Context:
He tried to fill the emptiness by buying something, and a gift voucher gave him an excuse to do it without thinking too hard. The cashier asked if he wanted the remaining balance printed, like it mattered more than the item itself. He nodded, pocketed the slip, and walked out still feeling incomplete. The voucher had value, but it didn’t fix what was missing.",53.998512,3.9889565,588,8.0625,0,326.37704,1095.5,263.80826,242.71414,25,24,23,0.99999999996,3.163424,2.9259765,3.3565476,807.4931,1028.3008,8159.426,9.007051,0.30950722,0
"Context:
She scanned a QR code to compare data and internet service plan offerings and got pulled into a flashy signup flow. Business competitors had nearly identical pages, and the competition blurred into small differences. Her roommate turned it into a game of competition between entities and products, reading each perk in a dramatic voice. A competitor’s pop-up chat offered a discount if she switched that minute. They celebrated the final choice with tropical drinks and cooked pancakes for dinner.",207.75964,5.336382,54,9.525,0,261.6061,696.52637,194.73206,195.26068,34,31,30,0.9999999999705883,3.4040396,3.257526,2.6625004,641.8083,684.9512,8894.607,9.093313,0.13247077,0
"Context:
The hotel key card would not open the door, and the front desk clerk said the lock needed a small repair. I waited in the lobby, leaning against a pillar and trying different postures to stay awake. After the fix, I headed to the restaurant downstairs and wandered between the tables to find my friend. An announcement overhead reminded passengers about a delayed departure, and I watched a plane climb into the clouds. The smoky scent from the kitchen was too much for me, so I ate quickly and left.",50.090195,3.9138253,1186,7.5125,0,316.15518,1059.3861,258.27603,246.69582,21,21,19,0.999999999952381,3.044523,2.7452953,3.3508425,786.37384,1004.7836,6639.259,8.800906,0.51977533,1
"Context:
The lounge was full of couples and half-finished conversations, and the whole room smelled like citrus and beer. I watched the bartender shake a cocktail until the ice rattled, then slide it across the counter with a grin. Between songs from the live band, my friend confessed she was falling for someone in our group, and the table went quiet in the best way. Later, we moved to a queer nightclub where the dance floor felt like a safe pocket of the city. On the ride home, someone complained about how hard it is to get mandatory warning labels on alcohol when the industry fights regulation so aggressively.",55.265236,4.012144,289,8.5,0,299.5877,1027.5156,274.767,201.1661,19,18,17,0.9999999999473684,2.871476,2.5650733,3.4297655,848.6044,991.7334,5692.1665,8.647022,0.61010444,1
"Context:
On the new phone, I pinched my fingers outward and the map snapped into a crisp close-up of the street names. The tiny icons stopped looking blurry once I switched the display to the higher resolution setting. When I zoomed into a photo, individual bricks on the wall became sharp instead of smudged. I kept adjusting the magnification until the sign was easy to read.",52.322575,3.957428,196,8.168749,1,368.41492,1343.7848,326.8938,221.859,23,20,18,0.9999999999565218,2.9546733,2.8042328,3.647477,1020.30414,1275.8082,8473.543,9.044822,0.45329326,1
"Context:
At the kiosk, she compared two mobile packages with different data caps and rollover rules. The clerk explained how the price jumped after the introductory months ended. She checked whether tethering was included for her laptop on train rides. Before paying, she asked about throttling once the monthly limit was reached.",92.42819,4.526432,56,9.074999,1,325.63464,1057.3165,258.96173,239.95158,21,20,20,0.9545454545020661,2.978509,2.7685235,3.2469416,940.23413,1033.9,6838.3276,8.830444,0.52452403,1
"Context:
He called the help line about a warranty issue and ended up chatting longer than expected because the agent was unusually kind. While waiting for the confirmation email, he scrolled through photos of last weekend’s meal and typed the recipe into his notes so he wouldn’t forget. A friend messaged asking for laptop recommendations, and he replied with a rambling story about the last time he built a PC. Before bed, he left a short review for the restaurant that had fixed a mistake without being asked.",71.3636,4.267788,680,7.96875,1,342.2994,1523.0892,356.45844,215.41113,28,26,26,0.9999999999642857,3.2331839,2.888624,4.449582,1115.1906,1462.7965,9584.384,9.1679945,0.22357178,0
"Context:
She was proud of the new product, but she still asked herself whether the market would pay enough for it to be worth making. After running the numbers, she approved a modest run and arranged payment terms with her supplier. A WordPress newsletter went out to announce the drop, complete with photos of the design process. At the release party, a fashion designer brought a mini lookbook, and the catering table featured roasted butternut squash dishes that kept people lingering long enough to buy.",68.78631,4.2310047,244,8.7125,0,377.8875,1091.5946,313.3645,243.9506,21,21,21,0.999999999952381,3.044523,2.724028,2.8886762,920.7847,1057.4326,7935.6377,8.979245,0.57547176,1
"Context:
In the support war room, Jorge Navarro monitored Grafana on the big display. Mei Tan pasted a query into Snowflake and read the totals out loud. The manager, Robert Ellis, asked for the change ticket in Jira before approving it. The room ran on proper names and program names spoken in quick bursts.",261.78885,5.5675383,109,10.7625,1,399.16376,1397.9735,412.49124,205.63286,13,13,13,0.9999999999230769,2.5649493,2.10158,3.5022557,1152.3071,1348.8402,5189.129,8.554514,0.8457311,1
"Context:
The camping group misread the van’s capacity and had to leave gear behind to keep the passenger count legal. Tobias the team lead uploaded their checklist to an online workspace, but the storage filled with photos and slowed every transfer. At dusk, mosquitoes appeared, and one person’s allergy reaction became serious enough to halt the hike. They ended the night inside the cabin, eating homemade chili while the screens kept insects out.",193.55672,5.2655706,1133,10.499999,0,443.82617,1358.8768,432.80475,250.1004,18,18,18,0.9473684210027701,2.8903716,2.4546866,3.0617323,1357.7698,1358.6554,7988.871,8.9859295,0.81243664,1
"Context:
She set up a new site for her community group and chose a simple theme with large text for older members. The editor let her drag images into place, but the gallery kept cropping faces until she adjusted the settings. A spam filter plugin caught a flood of fake sign-ups overnight, saving her from cleaning the user list by hand. After a quick test on her phone, she hit publish and shared the link.",68.178085,4.222123,650,8.0,1,339.50467,1153.5718,301.00885,221.95267,27,25,24,0.999999999962963,3.1931481,2.9604003,3.3978086,1010.4798,1123.5116,9166.626,9.123434,0.26066303,0
"Context:
The rug used a coarse natural fiber that felt rough but durable underfoot. The pattern was simple, and the color leaned warm, almost sandy. In the description, the seller listed the width and length down to the centimeter. Once it arrived, the proportions fit the room better than I expected.",77.054245,4.3445096,328,8.8375,1,247.32524,1056.4462,293.92426,107.109604,19,16,16,0.9499999999525,2.7255502,2.373983,4.271486,823.54785,1009.8665,4699.1797,8.455356,0.7937164,1
"Context:
On Monday I signed up for a weekend cooking class, double-checking the start time, price, and the address listed on the flyer. The organizer was blunt that late arrivals wouldn’t be admitted, and she repeated the rule until no one argued. Before I paid, I opened the class website to see whether the booking system supported refunds and automatic confirmation emails. I still compared two knife sets in my cart by their steel type and handle design. Later that night I left a harsh review for a different vendor because the pan they sold me warped after one use.",101.19378,4.6170373,745,9.087498,0,325.93494,1293.4424,281.74045,241.0833,35,33,33,0.9999999999714286,3.4761312,3.2119162,3.968407,761.09,1155.1909,11407.723,9.3421335,0.21303312,0
"Context:
He couldn’t tolerate the itchy sweater, so he kept tugging at the collar all day. In every conversation, his posture gave him away, shifting into an uncomfortable stance as he scratched his neck. The situation turned embarrassing when someone asked if he was nervous. He admitted it was the fabric, not the moment.",61.09815,4.1124816,621,8.587498,0,352.49738,1243.4321,301.75195,207.901,16,16,15,0.9999999999375,2.7725887,2.4639087,3.5274932,862.7689,1167.2994,5639.958,8.637809,0.57698774,1
"Context:
He wrote an item listing with precise specifications, noting the stainless-steel grade, the weight, and which uses it could handle. The same page carried a banner for a new service plan, urging customers to upgrade for faster shipping. A tester noticed the promo was louder than the product details and pushed back. The final layout kept the specs first and the marketing second.",130.01869,4.867678,730,9.375,0,319.3919,805.95807,227.09718,239.89066,18,17,17,0.9999999999444444,2.8133552,2.6393132,2.5234144,697.04285,784.17505,5749.054,8.656964,0.5237387,1
"Context:
I compared two wireless earbuds by lining up their specs: battery life, codec support, and whether they had multipoint pairing. One model promised longer playback, but the other had a sturdier charging case and better water resistance. After reading the frequency response charts, I picked the pair that handled bass without muddy vocals. The choice felt obvious once the feature differences were side by side.",73.622955,4.298957,572,8.7375,1,261.746,1112.3644,247.41118,156.34564,34,29,23,0.9714285714008164,3.2489045,3.1664476,4.2497854,747.3387,1006.0152,8899.364,9.093847,0.47518942,1
"Context:
She ran a small business and needed fresh commercial activity, so she brainstormed a limited run of tote bags. In her sketchbook she worked on the creation and design, adjusting the print layout until it felt balanced. A local printer offered a short production slot if she could deliver files by Friday. The first batch sold out at the weekend stall.",90.12627,4.5012116,618,8.599999,0,266.18112,772.76245,200.54382,195.13972,15,14,14,0.9999999999333333,2.615631,2.4682083,2.903145,732.5901,764.72797,3992.7168,8.292478,0.6084382,1
"Context:
The corner shop experimented with a new way to keep customers coming back. Instead of one-off sales, it offered a monthly box with a predictable fee and a small discount. The owner tracked churn and adjusted the assortment when cancellations spiked. Within two months, the store’s cash flow felt steadier than before.",64.61232,4.168405,381,9.475,1,406.86472,1148.508,276.8401,308.456,17,17,16,0.9444444443919753,2.8332133,2.6115243,2.8228257,924.04456,1103.6154,6916.7,8.841839,0.62125784,1
"Context:
The workshop offered a course on early Christian history, centered on the Gospels and their role in civic life. During the session, he kept shifting his stance, stuck in an awkward situation with an ex sitting two seats away. The lecturer’s timeline was fascinating, but the room felt tense to him. He left with notes on the texts and a headache from the situation.",89.04004,4.489086,1013,9.112498,1,259.40628,1087.7522,230.31319,186.68628,30,25,24,0.9999999999666667,3.1239388,3.0838664,4.1932383,674.32007,1015.64014,7782.188,8.959722,0.4830607,1
"Context:
A new shopping cart feature went live, adding services and website/software functionality aimed at e-commerce businesses. In the product page, a detailed comparison of specifications showed how the updated model differed from last year’s version. Customers toggled between the feature list and the spec table before deciding. The changes felt small, but the checkout ran smoother.",92.57153,4.5279818,513,8.662498,0,251.5951,1014.17126,245.48921,170.12589,31,26,23,0.9687499999697267,3.2103913,3.036695,4.030966,781.29407,974.79724,7799.4478,8.961936,0.3556404,0
"Context:
At the clinic, a researcher explained an ongoing trial testing whether a supplement changes recurrence rates in breast cancer patients. She pointed out that early results can look dramatic and then fade with longer follow-up. I asked about side effects and how they monitored participants. When I left, I felt the strange mix of hope and skepticism that comes from reading medical studies closely.",58.90339,4.0758986,532,8.4375,1,267.1048,1510.2087,286.74542,182.87418,26,19,17,0.9629629629272977,2.7685072,2.8835,5.6539936,628.5717,1302.9526,6944.7246,8.845881,0.55463827,1
"Context:
A long-form article on the Gospels explained how translation choices shaped public disputes over centuries. On the same site, a sidebar tried to sell a personal-finance course with glossy marketing promises. The mix of religious history and financial services felt jarring, yet the layout was smooth. He closed the tab, still thinking about both.",144.16188,4.970937,624,9.38125,0,351.29718,1027.5891,285.0453,258.03436,22,20,19,0.9565217390888469,2.965016,2.7927592,2.925128,946.5534,1012.16095,7728.538,8.952805,0.5387868,1
"Context:
The grant application asked for qualifications, so he attached certificates and a transcript. He noted his graduate degree and specified it was a master's, then listed the bachelor's that came before it and the PhD he hoped to pursue. The approval email arrived the same afternoon. He celebrated by attending a prestigious tournament and spending the night in a luxury hotel where skilled staff anticipated every request.",67.51517,4.2123523,382,8.649998,0,307.19244,1183.0713,281.7635,242.32477,20,20,19,0.9523809523356009,2.9957328,2.6353924,3.8512387,801.7738,1106.8118,6143.8486,8.72337,0.5410357,1
"Context:
A friend’s fundraiser page explained exactly where the money would go. It listed the surgery cost and the follow-up care that insurance wouldn’t cover. People shared the link and offered rides, meals, and small donations. Watching the total rise felt like seeing strangers become a team.",102.22992,4.6272244,1229,9.0,1,219.52434,852.2353,225.76501,152.51274,16,16,16,0.9999999999375,2.7725887,2.3846385,3.8821905,760.7193,833.93207,3512.3894,8.164336,0.73005295,1
"Context:
She edited a manuscript late into the night, fixing publication details so the author, title, date, and journal fields were consistent. In the morning, she reviewed notes on how retail business models can fail when inventory timing is wrong. The two tasks blurred into the same kind of precision work. When she finally sent the files, she felt like she’d cleaned both the citations and the logic.",114.11894,4.7372413,538,9.299999,0,159.7968,588.0597,118.155846,147.7015,25,18,17,0.99999999996,2.7306328,2.986566,3.680047,350.42065,537.25806,3994.92,8.293029,0.51441705,1
"Context:
The gym’s front desk handed me a schedule with class times, trainer names, and the monthly cost printed in bold. When I asked to pause my membership, the manager refused and demanded I follow the notice period in the contract. Their app had useful features like QR check-in, workout history, and a built-in shop for supplements. I compared two protein powders by grams per scoop, ingredient list, and flavor reviews. After trying one, I posted a negative review because it arrived clumped and smelled stale.",104.17582,4.64608,1275,9.7625,0,327.09332,881.77747,253.62376,212.9302,21,20,20,0.9545454545020661,2.978509,2.7527542,2.6957977,764.53015,858.328,6868.96,8.834913,0.46068147,1
"Context:
The sign for Bremerton Harbor was hard to miss, and he followed it to a store that mixed in-person sales with online fulfillment. He recognized a group name on a stack of posters and bought one for his wall. Outside, a boat captain argued with the wind while securing lines at the dock. The travel booklet he collected had publication details laid out neatly with author, title, year, and publisher.",105.78703,4.661428,567,9.28125,0,247.59558,1398.8439,301.91663,175.5773,20,20,18,0.99999999995,2.9957328,2.4909742,5.6497126,679.5282,1254.9807,4951.9116,8.5077305,0.58201844,1
"Context:
During the budget meeting, Elena broke down interest rates, consumer spending, and what inflation was doing to their costs, turning the room into a finance and economics seminar. She added a quick chart showing how small changes in demand would swing their profit. Right after, she rewrote the catalog copy so every item had clear specifications, materials, and suggested uses instead of vague adjectives. The numbers and the product details ended up in the same slide deck.",80.44293,4.387548,1110,9.262499,1,396.42203,1598.9799,413.75162,219.26894,35,30,29,0.9999999999714286,3.248189,3.1034105,4.0335293,1185.023,1478.0936,13874.7705,9.537899,0.22402765,0
"Context:
She joined a focus group to discuss data and internet service plan offerings and was surprised by how many options existed. Business competitors had sent talking points to the moderator, and the competition seeped into every question. The participants debated the competition between entities and products by sharing stories about outages and hidden fees. One competitor’s brand name kept coming up, like an uninvited guest. After the session, she ordered tropical drinks and cooked ramen with extra vegetables at home.",100.13298,4.606499,903,8.88125,0,287.21945,1231.3599,272.88794,199.5125,38,31,30,0.9743589743339909,3.345735,3.261402,4.287174,837.14197,1102.4392,10914.339,9.297924,0.34038535,0
"Context:
The website looked fine yesterday, but this morning a small hotfix rolled out to correct a security issue. I watched the deployment logs and refreshed until the new build number appeared in the footer. Afterward, the login flow stopped looping and the error rate dropped. I tagged the change and scheduled a follow-up check in case another patch was needed.",57.025364,4.043496,665,8.6875,1,226.20712,1081.9056,244.46341,130.76334,30,26,21,0.9999999999666667,3.198917,2.9546113,4.7828097,719.5725,995.19366,6786.214,8.822796,0.3096003,0
"Context:
She spent the morning making drawings, then arranged them on a stand for an exhibition opening. In the evening, she attended an event with short presentations and a Q&A that felt like a miniature conference. People complimented the sketches before taking seats for the talks. The room shifted from gallery to lecture hall without warning.",66.864494,4.202668,631,7.587499,0,248.02853,622.32684,183.29578,222.28488,13,12,11,0.928571428505102,2.4583113,2.265467,2.5090938,533.1628,604.494,3224.3708,8.078803,0.7773493,1
"Context:
He liked the idea of academic degrees as a signal, but he also cared about what people could actually do. During a conference weekend, the organizers booked luxury accommodations that felt wildly out of place for grad students. Between sessions, someone mentioned a tournament where only the most skilled professionals ever qualify. On the drive back, he passed a sign for Bremerton and laughed at spotting the little 'mer' tucked inside the name.",90.07758,4.5006714,1241,8.68125,1,333.48755,901.60205,286.9887,151.44604,19,18,18,0.9999999999473684,2.871476,2.579597,2.703555,836.013,888.48425,6336.2637,8.754202,0.6272634,1
"Context:
Her qualifications were solid, but she wanted the paper credentials to match her real ability. She applied to a graduate-level program because the degree had become a gatekeeper in her field. The acceptance letter came with a glossy insert about the campus bookstore’s retail business model and how it kept prices low for students. She smiled at the irony of learning both in class and through the university’s own sales tactics.",63.68735,4.153986,1256,8.090623,0,324.27496,785.8134,243.48175,198.66658,18,17,17,0.9999999999444444,2.8133552,2.6289494,2.4232936,785.2666,785.70404,5836.949,8.672134,0.5237694,1
"Context:
A fintech startup promised easy investing on its site, with bold marketing headlines and a clean dashboard. The same page listed each product option with tidy cards showing size, material finish on the physical token, and color variants. The mix of software development and product attributes made the offer feel strangely tangible. He almost clicked buy just to see what arrived.",171.07578,5.1421065,170,9.487499,0,273.90186,1381.8993,269.08167,180.79362,34,30,29,0.9999999999705883,3.3632665,3.1958122,5.0452347,834.8427,1252.1526,9312.663,9.139237,0.16522916,0
"Context:
He showed me last year’s fertilizer invoice and then today’s, and the difference was brutal. A minister on television talked about import costs and support schemes. In the café, people argued whether the ministry understood rural budgets. The talk felt less like politics and more like math.",167.02023,5.118115,937,9.54375,1,209.90823,687.8816,179.80394,162.34132,20,14,14,0.99999999995,2.5105295,2.6571982,3.2770586,588.24,667.95325,4198.1646,8.342641,0.76366216,1
"Context:
At lunch, the group chatted about a new trailer and complained that it gave away the best scenes. The talk shifted to financial disparity when someone mentioned how streaming subscriptions stack up against rent. A colleague referenced a celebrity who positions themselves as an ally to the transgender community and questioned whether their actions matched their speeches. The room went quiet for a moment before everyone returned to their sandwiches.",72.565674,4.284492,598,9.15,1,279.9232,752.9947,204.07649,211.26016,26,26,25,0.9999999999615384,3.2580965,3.0110042,2.6900046,652.81934,729.95776,7278.003,8.892749,0.21514688,0
"Context:
On Sundays, his grandmother read aloud from one of the Gospels and then talked about what it meant in her youth. She described how the stories shaped community expectations, even for people who rarely attended church. Later, he studied the same passages in a history class and noticed how scholars placed them in a wider Roman world. The text felt both familiar and contested, living in memory and argument at once.",63.56339,4.1520376,275,8.262499,1,387.67578,1759.7627,334.39407,313.059,32,24,22,0.969696969667585,2.9564943,3.1636953,4.5392637,860.0592,1495.7925,12405.625,9.425986,0.45120934,1
"Context:
A group of us met at a busy pub, the kind of spot where people lean close and talk over the noise. I tried a mixed drink that tasted sweet at first and sharp at the end, and it made the jokes land harder. After the show down the street, two friends started talking about their relationship like the crowd gave them cover. We finished the night at an LGBTQ+ venue with a drag set, and strangers kept complimenting each other’s outfits. Outside, a friend mentioned a news segment about mandatory warning labels for alcohol and how producers were resisting the idea.",81.8651,4.4050727,609,8.7625,0,313.72568,959.68726,265.7538,223.47952,37,33,32,0.9999999999729731,3.4610481,3.2608664,3.0590014,820.0733,913.8944,11607.851,9.359523,0.1439412,0
"Context:
We met at a neighborhood spot where the staff greeted regulars by name. One table celebrated a birthday with loud cheers, while another hosted a quiet breakup conversation. The place smelled like citrus and beer, and it made everyone linger. Even strangers looked like they belonged there for the night.",78.037544,4.35719,209,8.824998,1,328.01968,958.7381,297.45654,126.46513,17,17,17,0.9999999999411765,2.8332133,2.4251893,2.922807,798.3041,926.6513,5576.3345,8.626466,0.72325414,1
"Context:
She wrote a personal log of symptoms, trying to separate normal stress from signs of disease. The negative patterns were hard to ignore once they were on paper: bad sleep, poor appetite, recurring pain. Her doctor skimmed the notes and asked a few precise questions. A new treatment started the same week.",74.11474,4.3056145,661,7.5,0,285.30435,877.333,270.77017,150.99265,21,17,16,0.999999999952381,2.7555501,2.6367269,3.0750773,854.804,872.8272,5991.3916,8.698246,0.7030408,1
"Context:
The startup launched a simple web app, then expanded it with features based on user feedback. To reach new customers, they tested different headlines and tracked which ads converted best. They also added a budgeting dashboard that linked to bank accounts and categorized spending. The product started to feel like both software and a financial service.",62.723648,4.1387386,346,8.1875,1,252.96454,902.69147,145.53659,242.92792,32,21,16,0.9999999999687501,2.8265295,3.3318386,3.5684507,388.53125,753.71155,8094.865,8.999108,0.7528274,1
"Context:
After the security alert, the team pushed a late-night patch and checked the logs for any lingering bugs. The finance page on the site was refreshed too, so customers could compare interest rates without the old banner code breaking. By morning, a clean software update was live and the marketing landing page loaded instantly. It felt like a careful repair job, not a risky rewrite.",81.45772,4.400084,140,8.36875,1,232.72324,958.7914,203.78613,172.56229,39,28,23,0.9999999999743591,3.181568,3.3428764,4.1198783,660.67847,860.36163,9076.206,9.113522,0.4271039,1
"Context:
The brochure for the program leaned heavily on the idea of an exceptional experience, not just coursework. It promised lectures by skilled professionals and dinners in luxury accommodations that looked like resorts. During orientation, someone asked about a conference in Bremerton and laughed at the 'mer' embedded in the city’s name. She ignored the chatter and focused on what the academic degree would mean for her career.",87.91726,4.476396,493,9.362499,1,253.99385,718.2615,195.6401,216.62064,24,24,24,0.9999999999583333,3.1780539,2.8730567,2.8278694,590.8734,689.0924,6095.8525,8.715528,0.30727148,0
"Context:
He walked the aisle of the weekend market with a clipboard, watching which table drew the longest line. When a tourist asked for two jars, he offered a bundle price and slipped in a small sample to encourage a return visit. Across the lane, a rival stall put up a “last hour” sign, and he adjusted his own price tag by a few kroner. At home that night, he counted inventory and planned what to bring next Saturday.",102.10243,4.6259766,351,8.875,1,302.4126,881.10187,238.39018,189.6126,27,27,26,0.999999999962963,3.2958364,3.0092325,2.9135752,783.2678,873.1215,8165.14,9.007751,0.2473734,0
"Context:
Snow still clung to the banks of the Alaskan river even though it was late spring. The current moved fast, carrying bits of ice that clicked together softly. She crouched near the edge and filled a bottle, surprised by how clear the water looked. Far upstream, mountains cut a jagged line into the sky.",58.90881,4.0759907,481,8.512499,1,228.3571,545.199,153.43747,171.84036,20,16,15,0.9090909090495868,2.6661487,2.7811108,2.387484,515.7929,539.31775,4567.142,8.426862,0.49636588,1
"Context:
A friend sent him a screenshot of a weather alert and asked if it affected their trip. He scanned the text and saw Bremerton mentioned near the top. The name looked unusually crisp on the phone screen, like it wanted to be read twice. When he typed it into a map later, he was surprised how quickly his fingers remembered it.",52.706314,3.9647353,497,8.43125,1,331.259,895.9722,302.81293,195.60315,16,16,16,0.9999999999375,2.7725887,2.364698,2.7047484,838.93567,884.56494,5300.144,8.575678,0.53599614,1
"Context:
A glossy brochure described the resort’s pool, its arcade, and its rooftop bar, making the whole place sound effortless. He refused the shuttle and walked between those spots, counting the steps like a dare. That self-propelled travel turned the vacation into exercise. The establishment looked the same, but the journey changed the mood.",129.64223,4.8647785,1032,9.699999,1,299.24783,1067.0354,256.6178,243.72357,14,14,14,0.9999999999285715,2.6390579,2.3448758,3.5657244,765.27966,1006.68427,4189.4697,8.340569,0.60942566,1
"Context:
In the café, the agriculture minister spoke on TV about fertilizer costs rising across the region. Later that evening, Jonas told a small personal story about how his family farm had started rationing inputs earlier than usual. Jonas kept using names and little details the way people do in real anecdotes, not like a speech. The minister’s sound bite kept looping in my head as I walked home.",97.52159,4.580074,770,9.487498,1,192.87788,518.8247,123.77617,167.21835,17,14,13,0.9444444443919753,2.5885732,2.6304345,2.6899126,362.55347,487.57047,3278.924,8.095575,0.73807,1
"Context:
Grace Sullivan arrived late, and her full name was called across the room. A friend in leggings carried Japanese teriyaki chicken to the lounge as a sedan dropped off framed art pieces featuring neon splashes. Priya Kapoor tapped through Confluence and asked Hassan Ali to verify the Docker build. Afterward, Ben shared an anecdote about Clara’s disastrous cooking attempt, and we ended the night walking along the river in Paris.",204.55112,5.320818,308,11.224998,0,377.7641,1750.766,385.1918,188.33562,25,20,18,0.99999999996,2.9206872,2.8066735,4.634548,892.72876,1545.0396,9444.103,9.153252,0.577724,1
"Context:
The lounge had soft lighting that made every conversation feel private even when it wasn’t. I ordered a cocktail with a bright garnish and took a sip that tasted sweet, then sharp, then clean. A friend leaned in and confessed she’d been catching feelings, and the honesty cut through the noise. Later, we joined the crowd at an LGBTQ+ nightclub where everyone danced without hiding. Outside at closing time, someone mentioned mandatory warning labels for alcohol and how the industry keeps resisting stronger rules.",125.82491,4.8348913,199,9.65,0,352.9655,1231.3599,307.48233,288.09448,28,26,25,0.9999999999642857,3.2331839,2.9682047,3.4886124,910.27734,1156.5239,9883.034,9.198676,0.1566312,0
"Context:
I prefer writing in a lightweight editor because it starts instantly. The search panel slides out when I press the shortcut, and I can jump through matches without touching the mouse. When I’m done, the file saves cleanly with no weird formatting. That simplicity keeps me focused.",89.301704,4.4920206,708,8.206249,1,181.47638,591.4394,160.25076,120.24472,21,19,19,0.999999999952381,2.912495,2.686185,3.2590432,491.01898,571.3553,3811.004,8.245911,0.5295711,1
"Context:
The email came from a governmental institution with a seal in the header and a case number in the subject line. In the attachment, Dr. Kim Patel’s name appeared next to a software reference used to submit the required forms. Dr. Kim Patel forwarded it to the team and asked who still needed access to the portal. The whole thing felt formal, like it belonged in an audit folder.",62.18819,4.130165,1147,9.287498,1,225.12587,1089.6182,240.67554,133.19368,38,27,24,0.9999999999736843,3.133967,3.1950438,4.8400397,790.9746,981.62897,8554.783,9.054362,0.3669097,0
"Context:
At the conference check-in, I saw Olivia Chen on the attendee list beside other full names. A vendor handed me Japanese teriyaki chicken, and the valet waved a sedan into the loading lane near art pieces featuring clean lines. In a breakout room, Dana Kim opened Jira and assigned tasks while people watched. Over coffee, Leah told an anecdote about Alex spilling soup on her shoes, and we planned a walk from Berlin to Kreuzberg after the last talk.",170.42741,5.1383095,1036,9.7625,0,361.77652,1289.4972,310.3427,257.48578,27,24,23,0.999999999962963,3.1224246,2.948182,3.564348,867.73206,1181.7345,9767.966,9.186966,0.31473234,0
"Context:
He opened a map and typed Bremerton, then noticed a nearby store advertising a new retail format with curbside pickup. The storefront window had a band name printed in bold, promising live music during the launch. On the pier, a sailor helped a family board safely and adjusted a life vest strap. A booklet from the event included author, title, date, and publisher, and he tucked it into his backpack.",118.899185,4.778276,712,9.156248,0,250.51329,1776.1038,337.82602,126.20746,29,23,21,0.9999999999655173,3.0443902,2.8088012,7.0898585,701.7455,1493.9841,7264.8853,8.890945,0.61097085,1
"Context:
He bragged about a bargain on a used camera lens, then launched into a rant about how luxury hobbies feel inaccessible when paychecks barely stretch. In the same breath, he complained that the latest trailer revealed too much of the story and made the release feel pointless. The cashier scanned his discount voucher and smiled politely. On his way out, he muttered about a celebrity getting applause for speaking on trans issues while community organizers called it shallow.",103.33648,4.6379905,10,9.75,1,329.27493,1187.3818,343.7756,129.14217,33,28,27,0.9999999999696971,3.2864635,3.0267358,3.6060498,1104.9667,1174.9423,10866.073,9.293492,0.23430777,0
"Context:
She grimaced the moment the sermon started, unable to tolerate the loud speakers and the stale incense. On the shelf near the door, a worn booklet summarized the Gospel passages being read that week. Even with the historical notes in the margins, the sound still made her eyes water. She slipped outside, still thinking about the text’s place in society.",94.028244,4.5435953,147,8.171875,1,312.1046,889.83545,236.96478,246.36206,26,22,21,0.9999999999615384,2.948589,2.9852257,2.851081,805.19104,876.827,8114.7197,9.001558,0.4376967,1
"Context:
He read an essay about financial disparity and felt annoyed at how normal it sounded, then a trailer autoplayed and revealed the final scene of a film he wanted to watch blind. In the comments, someone attacked a celebrity’s role in the transgender community, and the thread spiraled fast. To decompress, he booked a cooking class at a small restaurant that focuses on seasonal dishes. The first bite finally pulled his attention away from the feed.",96.876236,4.5734344,533,9.7125,1,257.90945,1171.0598,269.55145,150.87117,27,26,25,0.9642857142512755,3.2444923,2.8648567,4.540585,800.19775,1086.7725,6963.555,8.848589,0.28779036,0
"Context:
The consulting firm asked him to summarize his credentials in a single paragraph. He wrote that he held academic degrees including a bachelor's and a master's, and he was considering a PhD later. The recruiter replied that graduate-level training mattered for the role and scheduled a case interview. After the interview, he went straight to a prestigious tournament, checked into luxury accommodations, and felt like the day had turned into an exceptional reward.",50.314087,3.9182851,1039,9.062499,0,272.8349,1014.46313,252.17772,161.92989,29,27,26,0.9666666666344444,3.2716892,2.9751031,3.718231,751.25714,966.7852,7912.212,8.976289,0.2672662,0
"Context:
At the clinic kiosk, the tiny interface forced me to crank up the magnification just to sign in. In the waiting room, a brochure summarized a study on smoking and lung cancer outcomes, with charts that made the statistics feel personal. My doctor reviewed my history and confirmed a specific endocrine disorder that explained the months of fatigue. She didn’t sugarcoat the negative indicators, but she also didn’t treat them like fate. On the way out, she asked whether I had any other health issues, and I finally mentioned the headaches.",59.27217,4.08214,986,9.1875,0,251.90883,1320.5573,308.06662,134.49811,34,29,26,0.94444444441821,3.3071036,2.9581168,5.2422023,935.4533,1230.0083,8564.9,9.055545,0.25683698,0
"Context:
He couldn’t tolerate even a pinch of chili, so the first sip of spicy stew made him cough. The café had chalkboard walls and low lamps that made the place feel like a basement hideout. When the chef swapped the bowl for a mild broth, he finally enjoyed the meal and described its buttery finish. The establishment stayed the same; his tolerance was the only problem.",86.96441,4.465499,363,9.1625,1,228.91162,733.298,200.76349,127.11016,19,17,16,0.9999999999473684,2.7985132,2.6003823,3.2034109,624.8792,711.6142,4349.321,8.378005,0.7169992,1
"Context:
A customer emailed about a laptop repair, listing hardware symptoms and asking for a replacement part. The support agent replied with a suggested fix and then, oddly, included a short restaurant recommendation and a simple weeknight recipe. The thread became half service ticket and half personal anecdote. When the new keyboard arrived, the customer thanked them for both the help and the dinner idea.",86.87397,4.4644585,818,8.75,0,345.59924,1523.0892,403.72855,275.73547,19,17,16,0.9999999999473684,2.7985132,2.4423664,4.4070964,1391.5176,1496.7749,6566.3857,8.789871,0.6937972,1
"Context:
At the stadium, the announcer read out the final tally while fans waved flags like the numbers were a verdict. I checked an app to confirm the stats, watching the goal counter and foul count scroll across the screen. The air smelled like smoke from food stalls, and I stepped back to breathe away from the crush. While waiting for the crowd to thin, I completed an online application for a scholarship, fighting the weak signal with stubborn refreshes. When I finally boarded my flight, the panoramic lights of the city receded as if someone had dimmed a screen.",77.00969,4.343931,163,9.349999,0,468.06802,1372.1992,462.85965,183.73419,21,20,20,0.999999999952381,2.978509,2.5528119,2.9316235,1312.4636,1360.2521,9829.429,9.193238,0.57171506,1
"Context:
The web portal kept timing out until the admin moved the media files to a new bucket and set up automatic backups for the database transfer. In the same thread, a colleague asked whether the lunch order could avoid gluten and dairy because of a strict dietary restriction. A quick update to the event page clarified the ingredients and linked to a form for allergy-safe options. After the migration finished, the sign-up confirmations stopped bouncing and the food notes were finally consistent.",94.757454,4.5513206,1155,9.4375,1,443.90665,1479.6844,456.6043,205.34613,24,22,21,0.9999999999583333,3.0625293,2.7031703,3.3333235,1308.4326,1441.2236,10653.76,9.273762,0.573839,1
"Context:
The airport gate was packed, and the announcements mixed with the sharp smell of jet fuel in the air. He opened the travel app to confirm the boarding pass and then filled out a short form required by the airline. A banner on the screen warned about common health issues spreading that season and recommended basic precautions. He tucked his phone away as the line began to move.",56.51143,4.034443,1000,9.15625,1,354.62506,1261.7404,291.85184,281.0138,20,18,18,0.99999999995,2.8309407,2.718806,3.557956,984.34973,1206.2622,7092.5015,8.866935,0.5266847,1
"Context:
The office laptop froze right before the meeting, so I opened the settings panel and checked for available updates. A new patch downloaded, then the system restarted and installed it with a progress bar inching forward. After the reboot, the glitchy audio driver behaved normally again. I wrote a short note about the fix so I could repeat the steps next time.",62.36524,4.133008,628,8.3875,1,300.706,1589.9761,329.99976,171.74258,28,24,20,0.9999999999642857,3.1154752,2.8825376,5.2874775,825.7338,1411.2054,8419.768,9.038456,0.4574425,1
"Context:
He built a WordPress blog to document his new food venture, updating the theme so recipe photos loaded fast on mobile. The plan was simple: sell meal kits at the market and track revenue carefully so he could afford better equipment. When a fashion designer offered to create labels with a signature look, he negotiated a fee he could actually pay. That evening, he tested a savory butternut squash dish and calculated the ingredient cost per serving before printing tomorrow’s price cards.",124.67511,4.8257113,985,9.5875,0,317.7777,1418.4994,319.73276,220.89684,37,31,30,0.9999999999729731,3.3719711,3.2209668,4.4638104,1131.3125,1321.0063,11757.775,9.372355,0.2587685,0
"Context:
The city posted a food recall alert after Listeria showed up in testing, and the notice came from a governmental agency. At the same time, the agriculture minister held a press event about fertilizer costs rising before spring. Downtown, flyers for a local festival and evening classes still covered the lamp posts. My friend mentioned he was flying from Holland to the US, then on to Costa Rica, and asked if Switzerland was worth adding.",105.17959,4.655669,342,9.5875,0,316.52487,1418.8274,348.54373,182.86569,24,24,21,0.9999999999583333,3.1780539,2.6892643,4.482515,1032.464,1336.5682,7596.5967,8.935587,0.401801,1
"Context:
He sat rigidly at the interview, hands folded and back straight, trying to look composed. When the first question landed, his shoulders loosened and he leaned forward, more engaged. The shift in posture changed the whole feel of the conversation. By the end, he settled into a relaxed, confident position.",36.506012,3.597477,447,7.5624995,1,245.57973,1332.5154,333.93958,65.94078,30,19,16,0.9999999999666667,2.4757595,2.67798,5.4259996,915.5756,1250.6145,7367.3916,8.904955,0.72481143,1
"Context:
The gym’s check-in tablet was glitching, and the manager said a software patch would take a minute. While it installed, I held a lunge position and stretched, trying to stay warm. Afterward, I walked across to the attached café for water, moving past tables and a small stage area. A banner on the wall showed a pilot in flight gear and another figure standing tall on a podium. The citrus cleaner they used on the floor was so harsh that it made my eyes sting.",103.71797,4.6416755,1189,9.65625,0,262.5473,753.6083,207.30045,166.12027,27,26,26,0.999999999962963,3.2444923,2.9923363,2.8703713,663.936,739.8524,7088.7773,8.866409,0.29806572,0
"Context:
The neighborhood in Bremerton had a tiny record shop that survived by selling limited drops and charging for listening sessions. The owner pointed to a new release and said the group name like it was a secret password. Outside, a river guide parked his van and came in to buy earplugs for boat motors. The liner notes on a zine behind the counter listed author, title, year, and publisher with careful punctuation.",124.13114,4.8213387,425,9.7,0,234.27611,772.76245,223.92375,107.86098,21,20,20,0.999999999952381,2.978509,2.634458,3.2985117,662.7076,750.75146,4919.7983,8.501226,0.5948468,1
"Context:
Negative customer feedback piled up after the blender overheated and stopped mid-use. The store manager invited angry buyers to a scheduled in-person session with a date, time window, and the service desk location. A small sign listed the cost of out-of-warranty repairs. People arrived early to make sure their spot was noted.",80.63488,4.389931,350,9.349999,1,227.20158,644.682,172.19339,143.07465,21,20,18,0.9545454545020661,2.978509,2.7652476,2.8374891,482.05066,612.15576,4771.2334,8.47057,0.42110157,1
"Context:
On the rehearsal schedule, the lead was listed as Hannah Brooks. The understudy line right below read Olivia Chen. A stagehand taped name tags that said Rachel Morgan and Ava Diaz. When the director called roll, each full name landed together in one breath.",250.47717,5.523368,825,9.21875,1,316.56015,1346.3239,369.72293,150.06384,20,18,17,0.99999999995,2.857103,2.4723275,4.2529798,1154.2416,1307.9073,6331.203,8.753404,0.77301735,1
"Context:
She opened the draft in an editor and searched for the key term, replacing it with a more accurate one throughout. Then she contacted an assistance program to ask for support with a sudden financial strain. Because an insurance policy was involved, she requested a quote and clarification on what was covered. She edited her timeline as new information arrived so it stayed consistent. A professional gave her advice on how to present the situation clearly.",70.439354,4.254752,265,8.4375,0,297.62128,2068.8896,416.95956,196.17226,24,21,21,0.9999999999583333,3.004767,2.5920415,6.951418,868.6669,1808.7952,7142.9106,8.874016,0.4903228,1
"Context:
He volunteered with a group that organized letter-writing drives and meetings with officials. They focused on proposed rules affecting women’s healthcare and framed their message around personal stories. Some donors wanted the effort tied to religious freedom, while others insisted on medical autonomy. He kept showing up because he believed policy changes were made by persistence, not a single speech.",120.52856,4.791887,135,8.918748,1,162.03294,956.0242,189.64238,108.01379,22,20,19,0.9999999999545455,2.9412317,2.6662726,5.900184,346.97348,829.06433,3564.7246,8.179123,0.23757538,0
"Context:
A riverside café described its patio as the best seat in the neighborhood, and the view backed that up. They wanted a new site, some targeted ads, and a payment option that made preorders painless. I bought a handmade bowl in a pale glaze, and the tag listed its diameter and material. The lunch was simple pasta, and I described the sauce as bright, almost lemony. A local historian at the next table mentioned the Gospels when explaining how old charities once fed travelers along the river.",124.87978,4.8273516,327,9.424999,0,260.88715,772.25885,212.11221,172.11488,27,23,21,0.9642857142512755,3.0904593,2.9884973,2.960126,684.8586,755.666,7043.953,8.860066,0.36323366,0
"Context:
Oscar waved from the steps outside Copenhagen City Hall and pointed toward Nyhavn as if it were impossible to miss. The flyer in his hand advertised events and weekend services offered in the same neighborhood, including a beginner language class and a guided walk. Oscar suggested meeting after the workshop and then heading to the harbor for dinner. I followed his directions through the streets, repeating the place names until they became familiar.",69.941605,4.2476606,722,8.5625,1,372.0755,1752.7795,366.15543,271.30133,25,23,23,0.9615384615014793,3.1079726,2.8509748,4.7108164,997.0599,1585.1215,9301.888,9.138081,0.5468524,1
"Context:
The campus recreation fair filled the gym with booths, and she wandered between them collecting brochures. One table pushed a newly launched service bundle, complete with a glossy pitch and a limited-time signup link. Another offered product sheets listing materials and measurements for outdoor gear, and she compared them while watching an IndyCar clip looping on a nearby TV. On her phone, she texted a friend a quick dinner recipe, then emailed support about a billing mistake from last month.",116.61487,4.758877,534,9.125,0,378.27225,1510.0155,328.16702,251.88194,34,33,32,0.9999999999705883,3.4855871,3.2006629,3.9918747,932.2803,1352.197,12861.257,9.462052,0.19570746,0
"Context:
We started at a small bar where friends crowded into booths and talked like they had nowhere else to be. I ordered a bright cocktail, and the first sip made the whole table relax into laughter. Later, we drifted to a lively place with music and flirting, and I ended up admitting feelings I’d been dodging. The night kept going at a queer club with a rainbow flag outside, where everyone danced like the room belonged to them. On the walk home, someone brought up mandatory warning labels on alcohol and how the industry keeps pushing back, and the conversation sobered us for a moment.",71.46406,4.2691946,1190,8.29375,0,310.45853,1050.0984,290.76178,158.09,30,27,24,0.9677419354526535,3.2625685,2.9800804,3.3824112,853.41077,996.127,9313.756,9.139355,0.2826493,0
"Context:
He opened a worn book and read a passage from the Gospel of Luke, then paused to think about the world behind the lines. The notes in the margins referenced emperors, local politics, and everyday labor. What sounded devotional in one setting became historical evidence in another. The same words carried different weight depending on who was listening.",77.729645,4.3532367,1188,8.956249,1,317.09613,1116.8275,291.97882,237.75592,32,22,19,0.9999999999687501,2.8761435,3.0860295,3.5220473,940.84283,1081.5984,10147.076,9.2250395,0.5079885,1
"Context:
I was promoted and suddenly had direct reports, which changed how I spoke in meetings. Instead of doing every task myself, I had to delegate and follow up without hovering. Performance reviews forced me to give clear feedback, even when it was uncomfortable. Supervising personnel taught me that kindness still needs structure.",106.666214,4.6697044,158,9.04375,1,328.13034,1213.2517,350.2672,134.6205,15,15,14,0.9999999999333333,2.7080507,2.1863046,3.6974685,937.13416,1158.0282,4921.955,8.501664,0.7120555,1
"Context:
When the team suggested cutting corners, I told them flatly that it wasn’t happening. I insisted we redo the analysis and I didn’t soften the message. In the meeting room, my voice stayed calm but my stance was absolute. By the end, everyone understood that I expected the change before we shipped.",66.09203,4.191048,358,8.106249,1,283.05954,714.9991,241.45,204.11006,15,15,14,0.9999999999333333,2.7080507,2.3060718,2.525967,641.85834,700.3709,4245.893,8.353943,0.5098504,1
"Context:
The agency brief demanded a campaign for new data and internet service plan offerings by Monday. Business competitors were expected to respond fast, so the competition became the schedule. The creative director framed it as competition between entities and products and insisted on simple proof points. Competitors’ mockups leaked online, forcing a quick redesign overnight. They survived on tropical drinks and whatever the intern could cook on a hot plate.",223.22723,5.4081903,1112,10.0,0,448.59982,1285.6041,316.62735,314.37244,28,24,23,0.9999999999642857,3.1154752,3.1060035,2.865815,1046.8976,1222.4534,12560.795,9.438416,0.3434544,0
"Context:
I edited a page of notes, searching for each date and correcting the order so it read like a real timeline. Then I contacted a support organization to request help with medical and financial pressure. I also asked for quotes from professionals who handle insurance issues, because I needed clarity on costs. My editor helped me keep drafts, receipts, and copied emails in one place. A professional consultation helped me decide which option was least risky.",73.8065,4.301447,548,8.174998,0,209.67972,914.3826,215.76115,149.65169,27,25,23,0.999999999962963,3.1931481,2.8745563,4.3608537,693.5438,878.40125,5661.3525,8.641595,0.19929686,0
"Context:
The van’s sticker said it could carry nine passengers, so the driver refused to take a tenth even when the rain started. While they waited, Aaron the coordinator called the office to log the delay, and the file transfer queue on the dispatch website kept spinning. Inside, Clara sneezed hard as a dog shook water onto the floor, setting off her allergy again. Someone handed her a homemade cookie from a tin, and she thanked them between sniffles.",149.32063,5.006096,864,9.7125,0,359.19748,1091.5885,286.8399,311.2178,16,16,16,0.941176470532872,2.7725887,2.4475026,3.038965,790.5752,1031.3859,5747.1597,8.656635,0.59128684,1
"Context:
He finished a graduate-level degree and expected fireworks, but the day felt oddly normal. Later, he realized the meaning came from how the academic degree changed his options, not from the ceremony. He updated his resume and watched recruiters reply faster than before. That shift made the years of work feel real.",108.7569,4.689115,433,9.599999,0,240.81476,823.6025,219.48323,156.19894,11,11,10,0.9999999999090909,2.3978953,2.0650432,3.4200664,657.5392,790.38983,2648.9624,7.882301,0.91174716,1
"Context:
She built a simple counter app for her phone to track how many times the lab pump cycled, then tested it on the plane ride to the conference. The cabin air felt dry, so she kept sipping water while reading a paper on how certain chemicals affect cancer risk in different tissues. When turbulence hit, she steadied the screen and highlighted the section on dosage. After landing, she checked the app and smiled at the neat sequence of counts.",67.87369,4.2176485,893,9.512499,1,294.98166,1309.7305,328.05637,139.14786,28,26,25,0.9999999999642857,3.2331839,2.8177009,4.44004,962.03394,1217.2231,8259.486,9.019238,0.40291306,1
"Context:
A school auditorium hosted a science fair, and the educational event drew families from across town. In the lobby, a brand set up a booth to promote a new subscription, offering trial codes and small freebies. Some parents came for the projects but left with marketing pamphlets. The organizers didn’t mind as long as the kids got their spotlight.",93.39617,4.5368505,848,9.549999,0,205.03961,874.3209,220.31647,117.95861,17,16,15,0.9999999999411765,2.7516665,2.3951247,4.2641563,617.7334,823.0034,3485.6733,8.156703,0.82102525,1
"Context:
I edited the application text and used search to confirm every attachment name matched what I referenced. After that, I asked a nonprofit about help with medical costs and short-term financial support. I also requested quotes from professionals who handle insurance disputes, because I wanted a realistic budget. My editor became a checklist where I tracked each call and each reply. Professional advice at the end helped me choose the safest option.",103.05889,4.6353006,96,9.499998,0,294.16208,1236.3788,306.96954,177.14943,39,34,32,0.9999999999743591,3.472415,3.228662,4.2030525,895.8983,1216.122,11472.321,9.347779,0.39889798,0
"Context:
During the workshop, everyone used the same editor to follow along. The instructor showed how to select multiple lines and edit them at once. A few people changed keybindings to match what they were used to. Even beginners looked comfortable after a few minutes.",48.338318,3.8782246,1195,7.7374973,1,169.55618,808.44165,214.4102,82.837036,16,14,13,0.9999999999375,2.5993023,2.2167058,4.767987,644.04846,775.563,2712.899,7.9061418,0.7282514,1
"Context:
An official announcement about a Listeria recall sat beside the community calendar, both posted by a government organization. The evening news followed with a minister’s comments on fertilizer costs and how subsidies might change. Still, the weekend festival happened on schedule, and the community center ran classes and services at this location. My cousin, calling from the US, joked that Holland felt tiny after Costa Rica and said Switzerland was next.",206.47241,5.330167,846,9.8125,0,283.79596,1209.6661,337.63797,159.40396,26,26,25,0.9999999999615384,3.2580965,2.6930442,4.26245,1099.2046,1185.8131,7378.695,8.906487,0.54785234,1
"Context:
I was cleaning up a document and used search to find every time I’d referenced the wrong date. Then I called a support group to request assistance for a medical bill that was piling up. I also requested quotes for insurance services and potential legal review, because I needed to know the cost of help. The editor made it easy to keep each draft and update it as new details appeared. A professional consultation helped me decide what to send first.",73.47023,4.2968802,545,8.674998,0,241.59541,1183.0713,277.56265,139.19514,29,26,25,0.9999999999655173,3.223886,2.8840017,4.8969107,853.643,1148.8567,7006.267,8.854703,0.31155038,0
"Context:
On the whiteboard, the dispatcher wrote that the van could carry nine passengers if nobody brought oversized luggage. The accountant then mapped the remaining schedule by taking the days left in the year and crossing out every Sunday to see how many workdays were actually available. A few routes were dropped once the Sunday-free total looked too tight. The final plan fit the capacity limit and the calendar math without anyone arguing about it.",127.360306,4.84702,156,9.4375,1,316.122,1249.4681,323.7886,178.5427,16,15,15,0.941176470532872,2.6859455,2.3450708,3.952487,891.79895,1177.9343,5057.952,8.528914,0.6795498,1
"Context:
A drone operator checked wind direction and air haze before launching, then tapped through the controller app to set the route. On the tablet, she pinched to zoom and inspected the image at higher magnification to confirm the rooftop markings. The sky looked clear from the ground, but the display showed faint distortion in the distance. She adjusted the settings and flew the pattern again.",78.96357,4.3689866,415,9.0,1,254.02107,1274.4211,249.47868,162.51524,32,21,18,0.9999999999687501,2.8207963,3.1339293,5.01699,700.92487,1157.4001,8128.6743,9.003276,0.65459514,1
"Context:
A gift voucher sat on his desk while he compared two items by weight, size, and what each one could do in daily use. He chose the one with the clearer functionality and the better build materials. At checkout, the voucher covered most of it and the clerk asked if he wanted the balance saved for later. He left with a product chosen by specs and paid for by stored value.",79.75844,4.3790026,834,9.375,0,276.38916,988.7275,269.61487,164.34578,21,20,17,0.999999999952381,2.978509,2.5929313,3.5773017,654.2332,921.8286,5804.1724,8.666505,0.63678885,1
"Context:
A language school flyer promised evening classes with dates, times, tuition cost, and the building address. One parent arrived early and demanded, very firmly, that their child be moved to the advanced group. The receptionist checked the posted schedule and explained when placement tests were held. The demand didn’t change the rules.",125.1866,4.8298054,361,9.7625,0,239.1047,1014.46313,260.2427,145.69376,25,23,22,0.99999999996,3.1079726,2.7504745,4.242757,823.77216,981.25323,5977.6177,8.695945,0.49945349,1
"Context:
Zoe Patterson’s name tag was stuck slightly crooked but readable. The hallway smelled like Japanese teriyaki chicken, and a sedan by the curb displayed art pieces featuring delicate ink work. At a table near the exit, Omar Haddad typed notes in Confluence beside a laptop running Tableau. In a quiet corner, Theo recounted how Jamie broke his phone during a dance, and someone mentioned catching a flight out of Toronto tonight.",195.20378,5.274044,344,10.175,0,443.29022,1107.2515,335.03278,391.922,30,28,26,0.9999999999666667,3.3087783,3.0960138,2.4978023,1030.6007,1086.7327,13298.707,9.495498,0.13414185,0
"Context:
A friend invited him to Bremerton for a gig, and they met at a store that blended retail with a rental service. The headliner’s musician name was on everyone’s lips as they queued for tickets. On the walk there, they passed a crew of sailors preparing a small vessel near the dock. The program booklet included author, title, date, and journal in a formal citation block.",108.96416,4.691019,423,9.75,0,334.81348,1404.9985,308.15582,231.85522,23,20,19,0.9999999999565218,2.9546733,2.7724023,4.196362,693.58234,1250.2402,7700.71,8.949198,0.5045063,1
"Context:
The bakery’s clicker counter sat by the door, and I tapped it each time a customer walked in. Between rushes, I checked a phone app that tracked inventory, trying to match its numbers with the physical count. A gust of cold air blew in whenever the door opened, scattering flour off the counter in a white puff. By closing time, my hands hurt from clicking and swiping.",88.44348,4.4823637,371,9.031249,1,337.0204,1067.2014,278.91815,237.93433,29,27,23,0.9999999999655173,3.271689,3.0625458,3.166578,975.576,1045.8341,9773.591,9.187542,0.2529252,0
"Context:
The streamer insisted on playing ranked even though a fever had set in and everything felt off. Between rounds he complained about the disease making his reactions sluggish and his mood sour. Still, he kept a strict tally of wins and losses to prove he was climbing. By the end of the night, the numbers looked fine, but he sounded worse.",61.57565,4.1202664,755,8.849999,1,372.97458,1163.0486,344.49335,209.85666,14,14,13,0.9999999999285715,2.6390579,2.2717805,3.118306,1128.4952,1156.138,5221.644,8.56076,0.71075195,1
"Context:
The bookstore held events in a back room and described the space as intimate and welcoming. To sell tickets, they hired someone to update the website, run email marketing, and connect a payment processor. On a shelf by the register, notebooks came in different sizes, covers made from linen or leather, in muted colors. I ate a slice of cake from their café corner and described the crumb as tender and airy. The night ended with a talk on the Gospels and how their translation choices shaped public debate in different periods.",73.74681,4.3006377,584,8.4375,0,432.0041,1773.7958,404.85226,316.10455,36,30,30,0.9999999999722223,3.3524694,3.1972058,4.10597,1335.9993,1637.3405,15552.147,9.652019,0.23644975,0
"Context:
A coupon app generated a voucher that cut the bill, and he treated it like a win. Back home, a blue screen sent him searching for solutions, so he wrote a troubleshooting post on his site to remember the fix. The blog already had pages on home cooking and other hobbies, so the computer repair fit right in. He saved the discount email in a folder labeled bargains and updates.",86.96549,4.4655113,807,9.162499,1,188.34738,551.2326,134.27196,173.81073,17,15,15,0.9999999999411765,2.6701198,2.6061397,2.9266803,449.9646,530.979,3201.9055,8.071814,0.75106287,1
"Context:
Nico told me a story about the day he moved into the apartment and realized the keys were in the wrong pocket. He kept repeating the landlord’s name as if saying it out loud would make the memory clearer. When we walked to the corner store, he pointed out the neighborhood name and the bridge name like he was giving a tour. The whole thing sounded like a page from someone’s diary.",45.663864,3.8213074,297,8.125001,0,306.9251,1067.0354,270.957,208.8529,20,19,18,0.99999999995,2.926418,2.633107,3.4765337,785.25586,1010.6795,6138.502,8.722499,0.60884506,1
"Context:
The recall notice mentioned Listeria and came signed by an official institution’s director. That same day, a minister visited farmers and discussed fertilizer costs in front of cameras. At night, our neighborhood hosted a festival, and I enrolled in a local class offered nearby as a distraction. My friend showed me a map with Switzerland, Holland, the US, and Costa Rica highlighted for his next year.",140.09308,4.942307,471,9.7125,0,258.41092,1054.0568,262.54932,175.48558,25,23,23,0.99999999996,3.1079726,2.8321736,4.0789948,934.189,1039.8632,6460.273,8.7735815,0.4564995,1
"Context:
He invited me out with his friends to a place known for live music. At first I felt like a stranger, but the jokes and shared stories pulled me in. Someone started dancing with no warning, and suddenly the room looked like a celebration. By the end, I understood why he loved spending his nights there.",37.37511,3.621005,429,8.15625,1,292.01526,1302.8715,361.115,113.89258,11,10,10,0.9999999999090909,2.2718685,1.8329628,4.461655,939.8651,1230.2701,3212.168,8.075012,0.81901604,1
"Context:
At the dinner party, she brought a butternut squash risotto with crispy sage on top. A guest arrived straight from a fitting and complained about pins in the hem, still thinking like a fashion designer even while holding a wine glass. They argued playfully about whether the dish needed more salt or just better presentation. By the time dessert came out, everyone was asking for the recipe and the name of the designer’s upcoming show.",87.93252,4.4765697,1061,9.393751,1,353.6438,1516.5524,341.84015,230.14888,21,21,21,0.999999999952381,3.044523,2.6679332,4.288361,829.0625,1379.0544,7426.5195,8.912948,0.5174326,1
"Context:
The startup’s site listed new checkout functionalities and other website/software features meant for e-commerce and online business. In the same newsletter, they invited clients to an exhibition-style demo with short presentations throughout the day. A map and room number were included so visitors could navigate the venue quickly. The product team expected most questions to be about the new services.",99.67732,4.6019382,670,8.343748,1,354.73996,2060.4797,434.11493,176.19235,33,28,23,0.9999999999696971,3.2547514,2.9753356,5.8084226,1193.4386,1827.4406,11706.419,9.367978,0.3201413,0
"Context:
He drove to Bremerton for a weekend trip and ended up in a shop that relied on drop shipping to keep inventory light. A display speaker looped tracks from a group whose name he kept repeating so he wouldn’t forget it. Outside, a diver loaded gear into a truck, heading back toward the docks. Inside the shop, a magazine rack had cards showing author, title, date, and journal for each featured essay.",106.73205,4.6703215,594,9.5,0,165.0268,521.1318,124.86443,142.70517,17,16,16,0.9999999999411765,2.7516665,2.5597928,3.1578617,326.18256,482.14194,2805.4556,7.9396777,0.56801647,1
"Context:
A brochure promised an ‘exceptional experience’ if you enrolled, complete with guest lectures by skilled professionals. The same brochure bragged about luxury accommodations for the program’s annual retreat, as if that proved the degree was elite. During a break, someone pulled up a map and pointed out Bremerton, noting the 'mer' hiding inside the city’s name. She rolled her eyes and went back to studying for her academic degree exams.",91.78555,4.519455,583,9.2625,1,348.08337,1813.0447,341.65253,277.15994,35,30,26,0.9999999999714286,3.357306,3.1781225,5.20865,866.45575,1516.1036,12182.918,9.407872,0.24166773,0
"Context:
The CEO opened the town hall by announcing refreshed data and internet service plan offerings for the coming quarter. Business competitors had pressured margins, and the competition showed in the cautious applause. Engineers demonstrated the competition between entities and products by streaming four videos at once without buffering. A few competitors were mentioned by name during Q&A, which tightened the room. Afterward, they set out tropical drinks while a team cooked simple pasta for everyone.",162.83427,5.092733,939,9.3375,0,247.98123,710.56757,162.91895,204.49637,27,20,19,0.9642857142512755,2.7949796,3.0916042,2.8654087,561.0704,679.0252,6695.493,8.80934,0.59301037,1
"Context:
I edited the cover letter in my text file, searching for repeated phrases so it didn’t sound robotic. Once it looked clean, I sent it to a nonprofit that offers financial assistance and asked about eligibility. While waiting, I requested a written quote from a lawyer to review the employment contract I’d been offered. I opened my editor again to organize the documents and rename attachments consistently. Before hitting submit on everything, I booked a quick call with a professional advisor to sanity-check the plan.",106.4723,4.667885,178,9.599999,0,284.27936,1050.3126,260.14536,176.997,34,30,30,0.9999999999705883,3.3478768,3.1560197,3.6946497,816.99585,1008.9663,9665.498,9.176421,0.11969781,0
"Context:
Mia Rodriguez signed the volunteer roster, full name pressed together at the margin. Outside, a sedan’s trunk held leggings, a plumber’s invoice, and teriyaki chicken for the night shift, plus furniture image files on a USB stick. In the office, Simon Clarke opened Splunk while Amina Farah reviewed the ticket in Jira. Someone nearby told a story about Sam getting stuck in the elevator, and the building’s lobby sign flashed Toronto as the next shuttle stop.",206.2694,5.329183,991,10.9625,0,314.78598,1355.8236,313.34027,180.37578,34,29,29,0.9714285714008164,3.3224933,3.1172318,4.3071284,900.6604,1272.9982,10702.724,9.278347,0.17960256,0
"Context:
We met after work and ended up at an arcade bar where the lights flashed in bursts. He kept trying to impress me at a racing game, then admitted he was nervous. Around us, people shouted at screens and laughed at themselves. It felt easy to be close there, like the noise covered the vulnerable parts.",87.84802,4.4756083,812,9.28125,1,283.27747,816.9704,226.5048,235.35031,19,17,16,0.9999999999473684,2.7709737,2.637635,2.8839934,745.19995,802.61633,5382.272,8.591052,0.6352487,1
"Context:
At the fencing club, his stance was all knees and angles, ready to lunge. Across the street, a small bakery had big windows and a bright awning that made it stand out from the gray shops. That position suited the moment far better than relaxed shoulders. After practice, the establishment’s warm light felt like a reward.",133.12718,4.891305,1105,9.999998,1,301.1296,747.2902,195.0404,371.08304,15,15,15,0.9999999999333333,2.7080507,2.487729,2.481623,570.99854,712.03186,4516.9443,8.4158125,0.54484797,1
"Context:
The league organizer settled every argument by counting scores out loud and writing the tally on the bracket sheet. After the finals, she opened an online portal and submitted a formal application for funding to host the next season. The web form demanded a budget, a venue contract, and proof of prior events. She clicked through each field carefully and sent it off before midnight.",95.08198,4.5547395,294,8.575,0,419.23892,1372.1992,377.43527,289.735,17,17,17,0.9999999999411765,2.8332133,2.4779541,3.2730722,1235.3835,1344.836,7127.0615,8.871795,0.69923174,1
"Context:
They hired a designer to rebuild the company website from scratch, starting with a cleaner layout and faster load times. The marketing team supplied new copy and asked for landing pages that matched each campaign. Once the site went live, analytics tags tracked sign-ups and purchases in real time. Later, the same firm proposed an online payment flow to bundle subscriptions with financing options.",83.301994,4.4224725,1070,9.375,1,319.38773,1385.5215,347.7542,161.74583,31,25,21,0.9999999999677419,3.148793,2.9856355,4.338055,1132.8313,1340.2599,9901.02,9.200494,0.3928182,0
"Context:
He tried to read a Gospel commentary that explained how the texts influenced law and public debate. Unfortunately, he was unable to tolerate the cramped train seat and kept shifting as the carriage rattled. The historical context stayed in his mind even when his patience ran out. He closed the book, still annoyed at his own discomfort.",91.42284,4.5154953,803,9.625,1,310.61194,1003.12274,267.82327,245.0936,24,20,19,0.9999999999583333,2.8892426,2.8407636,3.2295048,836.164,967.1864,7454.6865,8.916733,0.5869492,1
"Context:
The day started with me sketching hands over and over until the drawing finally looked natural. At noon I joined a conference where the first presentation set the tone and the rest of the schedule was packed with meetings. In the exhibition hall, someone had set up a drawing board display and invited participants to add quick sketches during the discussion. A formal hearing was held later in a quieter room, and the moderator kept everyone on topic and on time. I finished the evening walking through the exhibits, including the wall where my drawing was hung.",52.739437,3.9653635,711,7.393748,0,416.29333,1025.5994,312.44638,343.11243,25,20,20,0.99999999996,2.941617,2.918636,2.4636457,975.8298,1022.98456,10407.333,9.250362,0.22112091,0
"Context:
The app kept crashing, so he rolled back the last change and applied a smaller fix instead. To announce the change, the company posted a short update on their homepage alongside a new marketing offer for a savings account. After those adjustments and repairs, the checkout flow stopped stalling. Support tickets fell off a cliff by noon.",97.76039,4.5825195,1035,9.33125,1,321.1557,1383.9236,342.21463,197.57428,20,16,14,0.99999999995,2.649159,2.5275207,4.3091984,827.1162,1272.5621,6423.1143,8.767814,0.52404606,1
"Context:
The chef taught a dumpling class and insisted on proper station setup, assigning each person a role and checking progress. In the corner, the restaurant manager reviewed the staff roster and adjusted break times as orders spiked. When a server made a mistake, the manager corrected it quietly and moved them to a simpler section. The night blended food instruction with real personnel responsibility.",118.88461,4.7781534,88,9.78125,1,376.89087,876.08856,304.8826,290.83026,16,16,16,0.9999999999375,2.7725887,2.402799,2.324515,805.1551,861.90186,6030.254,8.70471,0.47469926,1
"Context:
A bug report said users couldn’t download invoices, so he traced the issue through the API logs. The files were sitting in the bucket, but the permissions for transfer had been changed during a deployment. He rolled back the configuration and restarted the service that manages uploads and caching. Minutes later, the website began serving the documents again without timing out.",87.25849,4.468875,994,9.662499,1,248.3418,1508.5564,316.48743,145.95743,25,22,20,0.99999999996,3.0525208,2.6793756,6.0745163,765.6737,1340.2399,6208.545,8.733843,0.31425512,0
"Context:
The driver warned that the bus had room for only thirty passengers and refused to let anyone stand in the aisle. A parent quietly mentioned a medical condition that required specific snacks and asked to keep a small cooler close by. The organizer rearranged seats so the cooler could stay accessible without blocking anyone. Once the headcount matched the capacity, the trip finally started.",76.382484,4.3357534,367,9.181249,1,291.4078,819.70435,222.24068,244.8572,20,16,16,0.99999999995,2.7184734,2.7232912,2.812911,809.2517,817.61383,5828.1562,8.670628,0.6081375,1
"Context:
My drawings were ready, so I packed them carefully and headed to the exhibition hall before the crowd arrived. The building was also hosting a conference, and the day’s first presentation echoed through the atrium while people lined up for meetings. In one section of the exhibition, a large drawing board display served as a shared canvas for notes and quick diagrams about the talks. I stepped into a formal hearing in a side room where officials discussed permits and listened to testimony. When I came back, the exhibits were buzzing, and my drawings had become part of the noise.",65.792336,4.1865034,461,8.762499,0,254.39032,1242.1387,330.4343,107.143745,26,22,22,0.9629629629272977,3.0448203,2.603154,4.8828063,981.4658,1192.6376,6614.1484,8.797117,0.559824,1
"Context:
In the strategy game, the squad leader counted ammunition and casualties after each clash, turning chaos into neat numbers. Between fights, someone pulled out a small counter app to keep track of remaining objectives. The battlefield chatter didn’t stop, but the tally board kept everyone focused. When the last goal was marked complete, the room erupted.",152.48224,5.027048,589,10.125,0,321.80484,1018.4151,259.40808,264.7747,20,18,18,0.99999999995,2.8309407,2.6875908,3.1646981,851.29553,984.9912,6436.0967,8.769833,0.58582413,1
"Context:
He carried two gift vouchers to the counter and asked the cashier to split the purchase between them. One voucher was a birthday present, and the other was a small promotional credit that worked like a tiny financial instrument. The register printed receipts showing remaining balances down to the last krone. He walked out with nothing physical except paper proof of value.",72.61389,4.2851562,754,8.9,0,391.1135,1095.5,307.57278,239.52606,19,15,13,0.9999999999473684,2.5796244,2.6594293,2.8009772,991.83813,1074.7676,7431.1562,8.913571,0.6107956,1
"Context:
I helped my dad with his laptop when he complained every page looked tiny, so I raised the magnification and adjusted the resolution to keep the text crisp. He had been reading a study on smoking and lung cancer and kept circling the same paragraph, as if repetition could change the numbers. At his appointment, the doctor named a specific vascular disease and explained the next steps in a calm voice. Dad joked about being “a walking list of negatives,” but his hands shook while he said it. After dinner, we talked through his other health issues and decided who would come to the next visit.",78.82416,4.3672194,1132,8.3125,0,319.8586,1231.3599,325.56503,155.51353,29,27,26,0.9999999999655173,3.2716892,2.9412796,3.8497007,1039.0602,1205.8857,9275.899,9.1352825,0.3095774,0
"Context:
The pride weekend meant every nearby venue was packed. We squeezed into an alcohol-serving spot where people danced shoulder to shoulder. A couple beside us kissed and nobody blinked, like it was the most ordinary thing in the world. The night felt like celebration without needing an explanation.",98.1367,4.5863614,290,10.0,1,351.2631,1201.1796,371.06827,169.35443,11,11,11,0.9999999999090909,2.3978953,1.9122653,3.4196007,1017.89124,1164.5219,3863.894,8.259689,0.8514755,1
"Context:
I brought a stack of ink sketches and spread them across the floor to choose which ones deserved a frame. The apartment looked like a miniature gallery, with drawings propped against chairs and bookshelves. On opening night, the exhibition lights made the black lines pop against the white mats. I signed the corner of each piece before it went on the wall.",58.546753,4.0698256,285,8.618749,1,318.49844,925.7429,284.87735,225.77126,15,14,13,0.9374999999414062,2.615631,2.345574,2.9065852,884.61346,917.517,4777.4766,8.471877,0.6594998,1
"Context:
At the architecture meeting, Dana Kim diagrammed the system in Lucidchart. Victor Stein pulled logs in Splunk and highlighted the spike. The product owner, Amina Farah, referenced Figma when discussing the next flow. The minutes captured names and software side by side.",254.74406,5.5402594,1214,10.9625,1,348.801,790.9091,236.93846,191.09422,11,10,10,0.9999999999090909,2.2718685,2.171644,2.2675083,725.43414,777.81415,3836.811,8.252658,0.8729346,1
"Context:
She was deep in designing a reusable bottle cap, testing molds and adjusting tolerances so production wouldn’t leak. Before heading out, she packed the latest sample in her bag to show anyone curious. That night she volunteered at a science museum’s hands-on lab, an educational establishment running a weekend makers event. Seeing kids build small rockets gave her one more idea for the cap’s shape.",129.30927,4.862207,380,9.0,1,217.85855,715.66223,198.67915,160.54858,26,23,22,0.9629629629272977,3.0780144,2.9053867,3.2849858,652.37537,704.0736,5664.3223,8.642119,0.26836553,0
"Context:
Her career advice session began with a blunt question about credentials. She explained her qualifications and how each one reflected a specific level of skill she could demonstrate. Then she mentioned her academic degree, because recruiters kept filtering by that line item. The counselor nodded and suggested she frame the degree as one part of a larger capability story.",95.999176,4.5643396,266,9.75,0,203.07582,691.9527,150.357,186.06801,17,15,14,0.9999999999411765,2.67012,2.5901458,3.4073615,383.22974,630.2081,3452.289,8.147082,0.6784133,1
"Context:
The online store sold wallets and listed the leather type, thickness, and color in a neat grid. A banner promoted web design and marketing help for small businesses, right next to a pitch for payment services. Product attributes and software services were bundled like one offer. He scrolled twice to make sure it wasn’t a prank.",175.91762,5.170016,59,9.88125,0,321.88916,1305.5876,308.88025,166.16777,33,31,31,0.970588235265571,3.4124906,3.1072297,4.0560164,1004.8302,1220.8748,10622.342,9.270809,0.22967361,0
"Context:
Isabella Foster appeared on the printed list, paired name after paired name. A sedan pulled up with art pieces featuring swirling paint, and someone passed around Japanese teriyaki chicken in paper boxes. In the office corner, Mei Tan ran a Snowflake query while Mark Jensen reviewed a Jira ticket. Later, Maya told me how Alex almost missed his own train, and we traced the route from Hamburg to Paris with our fingers.",298.6021,5.699112,1210,10.812499,0,427.3934,2051.2644,484.50925,208.696,33,26,24,0.9999999999696971,3.1707335,2.993552,4.799476,1514.0812,1951.9574,14103.982,9.554283,0.23224856,0
"Context:
A streaming app crashed during the hotel’s movie night, and the staff installed an update on the smart TV to fix it. People kept their positions on the couches while the screen cycled through a restart. I walked to the snack table, then back to my seat, careful not to spill anything in the dim light. The film opened with a long aerial shot, drifting over mountains as if flying. The room’s air freshener was too strong for me to tolerate, so I moved closer to an open door.",55.514164,4.0166383,610,8.912498,0,206.91666,802.10223,203.18127,128.39125,25,20,18,0.99999999996,2.8861654,2.8115985,3.8764505,629.19415,761.76556,5172.9165,8.551385,0.6280477,1
"Context:
The university’s application website embedded a lecture video that looked blurry on his laptop until he raised the screen resolution. He reopened the form for financial aid and checked every required field before hitting submit. A confirmation page appeared with a tracking number and a link to download the receipt. He took a screenshot in case the portal glitched again.",102.99813,4.634711,947,9.5625,1,405.40466,1318.804,393.98224,263.94705,25,24,24,0.99999999996,3.163424,2.7914934,3.253056,1253.0625,1303.612,10135.116,9.22386,0.33710176,0
"Context:
The stadium line barely moved, and people kept waving their entry passes at the gate staff to prove their section number. A kid behind them pointed at a buzzing insect near the light and shouted, which made her worry about the bee allergy she had developed last summer. She stepped aside until it flew off, then rejoined her friends once the crowd settled. Inside, the noise drowned out everything except the announcer and the rustle of tickets.",91.18156,4.5128527,1257,9.074999,1,322.336,1433.0985,315.05154,233.64369,16,16,16,0.9999999999375,2.7725887,2.4301026,4.445977,722.907,1291.0602,5157.376,8.548377,0.5461065,1
"Context:
The new bistro had dark wood tables, a long bar, and a sign that claimed family-owned since 1978. He arrived flustered and hovered by the doorway, unsure what position to take without interrupting anyone. Once a host waved him over, his posture relaxed and the awkward situation eased. The establishment’s calm routine carried him along.",109.97788,4.700279,1048,9.4875,1,292.69003,826.4084,231.86467,203.95317,25,22,21,0.99999999996,3.0525208,2.9079187,2.8234935,688.7304,796.5209,7317.2505,8.898127,0.41527534,1
"Context:
She toasted the bread, rubbed it with garlic, and drizzled olive oil over the top. The tomatoes were bright and cold, bursting when she bit down. Between bites, she described how the salt made the flavors sharper. The simple snack turned into a small event at the table.",48.41563,3.8798227,785,8.049999,1,297.5444,783.8726,227.77957,208.79927,20,19,19,0.99999999995,2.926418,2.7375062,2.6344724,778.3459,782.7673,5950.888,8.691463,0.5093162,1
"Context:
At a tiny ramen bar, the owner offered a short lesson on broth ratios before serving bowls at the counter. While eating, she heard a manager in the back assigning shifts and reminding staff about break coverage. The manager stepped out to handle a complaint and then returned to coach a new hire on prep standards. The dinner felt like both a meal and a live demo of managing personnel.",136.95181,4.919629,390,9.44375,1,392.68484,1287.188,350.96042,283.5115,17,15,15,0.9999999999411765,2.6701198,2.4738777,3.277916,1137.6245,1257.2753,6675.6426,8.806371,0.6474776,1
