prompt,ppl_base,next_token_loss_base,original_index,ppl_spike_90,label,mean_cluster_risk,max_cluster_risk,std_cluster_risk,median_cluster_risk,n_clusters_in_prompt,n_unique_clusters,n_unique_features,polysemantic_ratio,cluster_entropy,weighted_entropy,dominance_ratio,risk_p95,risk_p99,risk_sum,risk_sum_log,label_proba,label_pred
"Context:
The research note reports the results and closes with a firm conclusion in plain language. At the bottom, readers are invited to subscribe by email so future updates arrive automatically. Several people subscribed after skimming the conclusion because they did not want to miss the next iteration. The conclusion framed the story, and the subscription kept the audience close.",41.143208,3.717059,721,8.1375,0,353.43622,1065.124,197.32976,322.83344,44,39,32,0.9777777777560495,3.602872,3.64798,3.0136244,771.02704,961.1292,15551.193,9.651957,0.9556215,1
"Context:
I felt behind on the newest release, especially the subscription features people kept praising. The icon sat below the header, but the real upgrade link came after two screens, so I missed it repeatedly. The success message followed the download like something that lingers after the main event. A support rep backed me and described the setting as being next to the account details.",145.30988,4.9788685,1239,11.493749,0,399.28232,961.9508,184.18584,364.2538,61,46,38,0.9838709677260666,3.7159514,4.0098815,2.4092,722.74316,844.31,24356.22,10.100584,0.1455579,0
"Context:
He edited the paragraph by reading it from the final word backward, hunting for anything that felt sloppy. The start of the section had to hook the reader quickly, so he tightened it until it snapped. At the end, he added a short sign-off that sounded like him, not like a template. When he hit send, he still remembered the exact rhythm of the first sentence.",39.818916,3.6843421,1067,8.456249,1,352.6388,817.04193,164.12306,337.35425,54,45,37,0.9818181818003306,3.7482452,3.8886635,2.3169372,711.86084,804.74207,19042.494,9.854481,0.5997802,1
"Context:
He spent most of the flight reading, with a few breaks to stretch. Any amount of rest helped his back. By the time we landed, the hours had passed quietly. The activity filled nearly the whole trip.",52.54095,3.961593,901,8.71875,1,467.8788,1342.5135,279.78247,405.52737,35,31,24,0.8974358974128863,3.3819644,3.3959079,2.8693616,1020.83734,1276.5393,16375.759,9.703618,0.71576303,1
"Context:
A real estate platform pushed an offer across my timeline, complete with a glossy website and share buttons everywhere. The listing credited a construction firm and mentioned service trucks and mechanical ventilation systems humming behind the walls. It was late July in Miami, Florida, and the heat made the streets shimmer as I walked to meet my sister. We ate grilled fish with citrus and herbs, and she insisted the restaurant was stunning enough to deserve a full photo dump.",62.771496,4.139501,1107,8.375,0,453.78458,2201.1794,384.73865,364.65656,69,56,47,0.9999999999855071,3.9089851,3.9896488,4.850714,904.3653,2163.6096,31311.137,10.351761,0.7111045,1
"Context:
From the very start, he saved a small amount each week. Even a minimal deposit made the habit feel real. The balance grew slowly but steadily. He smiled when the first milestone appeared.",48.59763,3.8835747,1218,7.21875,1,344.13147,1056.8333,201.2385,277.76544,54,42,30,0.9818181818003306,3.6615388,3.8394573,3.071016,737.57874,965.1365,18583.1,9.830062,0.88342017,1
"Context:
On Monday morning, I set reminders for the whole week. Some are pinned to specific days, and others are tied to durations like hours and minutes. The alerts repeat on a schedule, and it makes time feel mechanical. By the end of the month, I barely need to think to follow them.",35.37081,3.565887,682,7.8999996,0,436.1405,1576.633,319.48813,340.528,64,57,50,0.9999999999843749,3.9990814,3.9497824,3.614966,1180.8297,1555.5065,27912.992,10.236883,0.4326406,0
"Context:
I stood on the mezzanine above the main floor and watched shoppers drift below the glass railing. The brochure said to follow the steps in order, so I took the escalator down after checking the map’s numbered route. At street level, a small bookstore in the same block hosted an evening reading, and I made a note to return later. Before leaving, I compared two phones by scanning their technical specifications on the display cards. Back home, I cooked a quick bowl of noodles using a recipe I’d scribbled earlier, tasting and adjusting until it felt right.",30.124277,3.4053314,712,7.231247,0,412.88913,1243.8983,233.50009,345.33563,101,89,73,0.9901960784216647,4.445232,4.475642,3.012669,907.63794,1223.046,41701.8,10.638324,0.2542315,0
"Context:
I set a reminder to pay rent monthly so I’d never have to think about it twice. Every month, the notification popped up at the same time and saved me from a late fee. When I traveled, I scheduled it ahead so the payment wouldn’t depend on my memory. The rhythm of it became so normal that I only noticed when the reminder didn’t appear.",14.33466,2.6626804,701,5.8843746,1,376.13916,1356.8394,232.96162,307.26398,74,54,45,0.9999999999864865,3.8672972,4.1480556,3.6072805,806.1646,1204.1375,27834.297,10.23406,0.11601135,0
"Context:
At the station kiosk, the attendant explained which platform comes first in the numbering and which stairs lead to the next one. The passageway under the tracks smells like concrete and warm metal. I walked below the rails, counting the platforms in order until I reached the right exit. When I surfaced, the street signs matched the directions perfectly.",53.99274,3.9888496,196,9.849999,0,717.06024,3742.8328,586.3996,485.98468,181,170,151,0.9945054945000302,5.108465,4.919,5.219691,1891.7456,2434.7734,129787.91,11.773664,0.565172,1
"Context:
My aunt insisted we all meet at the same bakery, the one she used to visit with her dad. While she picked out iced cupcakes shaped like chicks, she told stories about family holidays from years ago. I listened while holding a small box tied with a ribbon. When we got home, she placed the treats in the middle of the table like a centerpiece.",24.516085,3.1993294,1161,7.499999,1,368.86172,871.9635,163.69986,316.62207,48,40,35,0.9999999999791668,3.629251,3.7780962,2.3639305,692.96826,808.7399,17705.363,9.781679,0.24942115,0
"Context:
Arenaside Stadium completed a set of accessibility improvements that made the concourse easier for disabled visitors to navigate. The treasurer noted that government incentives reduced the burden on the club’s budget. Nearby, the supplier handed out a sheet detailing product features like anti-slip tread patterns and the rated strength of the new railings. The club’s website team polished SEO, requested backlinks, and ran ads to increase traffic for memberships. The next day, customers left enthusiastic reviews praising the upgrades and the attentive staff.",89.19042,4.4907737,1006,11.099999,0,497.22876,3273.1409,494.77463,343.6065,80,67,50,0.9999999999875,4.119803,4.0709023,6.582766,1081.0605,2987.4192,39778.3,10.591102,0.18574649,0
"Context:
The headphones box boasted a specific driver size, an impedance rating, and a wireless codec I’d never heard of. I looked up the frequency range and tried to figure out whether it would change how the bass felt. The manual listed charging time down to the minute, like it was a promise. Even before listening, the technical details made it seem unusually serious.",42.19954,3.7424092,643,8.90625,1,442.1965,1576.633,317.01007,341.79962,75,61,52,0.9868421052501731,3.9998925,4.107494,3.5654578,1144.6206,1551.8177,33164.74,10.409272,0.77824354,1
"Context:
A birthday invite ended with a question about the catering service and a bracketed link to the menu, like [[https://menu.example.com](https://menu.example.com)]. The host also wrote the birth year on the card because they wanted the theme to match a specific decade. Guests clicked the link and picked their dishes. The bracketed address was tidy, but the date was what everyone remembered.",33.055225,3.4981797,560,8.0625,1,470.8787,2201.1794,403.47583,328.01242,89,79,64,0.999999999988764,4.326994,4.2193623,4.6746206,1427.6012,2152.5596,41908.203,10.643261,0.8446474,1
"Context:
He tried to stay humble after his raise, but he could feel his habits shifting. It was easy to preach discipline when rent wasn’t a weekly crisis, and he started catching himself doing it. His cousin, who was struggling, listened politely and then said the problem wasn’t motivation, it was math. That one sentence forced him to see the gap more clearly.",43.821495,3.7801244,51,7.7062497,1,761.43475,3657.6853,627.4495,522.42773,186,163,144,0.9346733668294741,5.0263376,4.938655,4.8036757,1974.1511,2621.6526,141626.86,11.860958,0.18353915,0
"Context:
The tech store by the park updates its sale signs every morning and clears them every night. I watched the staff change prices by the hour as the weekend crowd rolled in. Over a couple of days, the deals shifted in small increments. By the end of the week, the display looked completely different.",36.06285,3.5852633,624,7.85625,1,363.29865,833.3953,178.1734,347.48245,30,27,23,0.9999999999666667,3.2625685,3.2851286,2.2939675,713.41547,805.4736,10898.959,9.2965145,0.11284346,0
"Context:
She printed the reunion year on every flyer so nobody could confuse which class was being celebrated. The same flyer included a note about the approval process for the venue booking and where it currently stands. Friends cared about the year for nostalgia, and they cared about the status to plan travel. Both details shaped whether people said yes.",124.590836,4.825035,1040,10.012498,0,375.19525,1576.633,253.49806,323.29224,64,54,43,0.9846153846002367,3.9340992,3.9840481,4.202167,867.6229,1331.9415,24012.496,10.086371,0.86984456,1
"Context:
After we streamlined checkout, abandoned carts dropped immediately. We paired that with better email follow-ups, and revenue climbed without hiring more staff. The board meeting turned from defensive to optimistic. Growth came from small fixes stacked together.",107.26179,4.6752725,430,10.818749,1,453.32422,1520.6958,319.48584,337.87076,75,67,60,0.9999999999866667,4.162641,4.1117506,3.354543,1166.4952,1452.9386,33999.316,10.434125,0.2610152,0
"Context:
I clicked into a scientific report, read the conclusion, and followed the backlink to the prior version to compare results. The next message I saw was a status update on a formal process, warning that the agreement still needed final confirmation. In an online community, a volunteer shared resources for tracking changes without getting overwhelmed. I used a feed subscription so new updates would show up automatically in my reader. Someone mentioned 1979 as the year the original idea surfaced, and that number kept echoing in the thread.",47.64461,3.8637695,522,7.578125,0,347.90848,950.0902,145.90414,325.89792,73,57,45,0.9864864864731555,3.9414654,4.208902,2.7308626,586.4958,764.833,25397.318,10.142438,0.349854,0
"Context:
The whole evening felt warm and elegant, like the city had put on its best clothes. Golden lights made the square look charming in every photo I took. People kept saying the venue was beautiful and the night was perfectly timed for the holiday. I posted one picture and the compliments rolled in immediately.",44.415962,3.793599,155,7.587499,1,787.7363,3742.8328,620.60596,558.6838,154,149,141,0.9935483870903643,4.982941,4.7660294,4.751378,1968.4186,2521.2715,121311.4,11.706124,0.9384758,1
"Context:
He explained the situation in every way that mattered, from timing to behavior. The habit started with almost nothing, just a few minutes each night. When he slipped, he restarted and repeated the same simple steps. Most weeks he did more, but any amount kept the streak alive. Eventually the commitment felt total, like there was no alternative.",57.646523,4.05433,210,8.9375,0,704.3218,3742.8328,600.0617,456.943,178,172,159,0.9888888888833951,5.1321154,4.8764086,5.3140945,1895.4773,2444.3845,125369.28,11.739027,0.6600508,1
"Context:
A volunteer shared donate.php?page=2 for the mission trip fundraiser. The same message warned that copying the link often adds an extra slash at the end, which breaks in some apps. A few donors reported the problem and asked for a corrected URL. After the fix, the php page collected contributions all week.",86.41714,4.459186,415,9.924999,0,360.8596,1347.0193,246.90562,298.90634,63,58,54,0.9545454545309917,4.024806,3.9656916,3.7328076,944.4825,1312.9314,22734.154,10.031668,0.9706233,1
"Context:
The city announced upgrades at Aurora Park Stadium after an audit highlighted gaps for disabled supporters. New ramps were added at every main entrance, and the steep curb by Gate C was replaced with a gentle slope. Accessible seating was expanded so wheelchair users could sit with friends instead of being clustered in one corner. Clear tactile signs now guide visitors from the bus stop to the nearest lift.",35.416195,3.5671692,425,6.7125006,1,642.2534,3345.4753,571.1052,460.0017,107,77,69,0.9385964912198368,4.07151,4.3715663,5.208965,1506.6323,2861.1953,68721.12,11.137826,0.71623564,1
"Context:
An online resource directory lists trusted tools and where to start. It also provides email subscriptions for people who want monthly digests. Some readers wanted the list, others wanted the subscription, and a few used both. The directory stayed useful because it was easy to revisit and easy to follow.",39.37825,3.6732137,1116,8.168749,0,456.49957,2201.1794,401.67697,364.65656,51,45,41,0.9999999999803922,3.7584722,3.6788518,4.8218656,1041.683,2173.5547,23281.479,10.055456,0.7627406,1
"Context:
We write as the authors in first-person plural, explaining our service process from intake to final delivery. We also greet new clients with a warm welcome, speaking with enthusiasm and offering assistance as they get started. We answer questions, we schedule the next call, and we keep the tone upbeat. At checkout, we remind them we’re available if anything breaks.",36.535084,3.598273,977,7.5625,0,429.19897,1652.2793,297.12418,331.98322,64,54,47,0.9999999999843749,3.917748,3.9597316,3.8496816,929.9641,1517.8259,27468.734,10.22084,0.36284775,0
"Context:
A sign at the station listed platforms 3 through 5, and I chose one at random to avoid thinking. In Times Square, I wrote the opening of my blog post on my phone and deleted it twice. A crowd gathered around a protest calling to replace a corporate contract with a community-run alternative, and the chants bounced between buildings. Nearby vendors complained about fees and how the economics squeeze small sellers. I ended the post with a closing line that sounded like the city’s own pulse.",43.67601,3.776799,1187,7.7124996,0,357.2554,1247.5615,193.47356,331.74896,76,67,56,0.9743589743464826,4.1596823,4.208715,3.492072,698.0512,1104.5154,27151.41,10.209221,0.13041346,0
"Context:
I planned the savings goal over five years so it wouldn’t feel impossible. In the first year, the progress was small, but it proved the system worked. By the third year, I could see the number changing in a way that felt real. When the fifth year arrived, I realized patience had done most of the work.",23.481743,3.1562233,76,6.0749993,1,811.55505,3742.8328,687.763,552.3927,185,166,156,0.9893048128289342,5.033332,4.913638,4.611927,2043.1675,3257.7595,150137.69,11.919314,0.012027313,0
"Context:
The headphones’ technical page lists impedance, sensitivity, and codec support in tiny text. I kept them in a drawer below my desk, tangled with spare charging cables. Pulling that drawer open always reveals a mess, but the specs still tempt me to treat them like precision gear. After reorganizing, I slid the drawer shut and promised myself it would stay tidy.",74.77904,4.3145375,916,9.912498,0,441.6814,2201.1794,360.33652,341.8162,89,75,60,0.9888888888779012,4.258809,4.2615905,4.9836364,1039.4407,2152.5596,39309.645,10.57925,0.8629772,1
"Context:
The catalog page lists the headphones with clear specifications: 40-hour battery life, 250 grams, and a fold-flat hinge. A QR code on the box opens the same details that were already displayed on the in-store tablet. When someone asked whether the model was new, the clerk simply pointed to the information previously provided on the product card. The specs did the convincing without extra sales talk.",31.49929,3.449965,270,6.3031235,1,702.58984,3657.6853,632.1752,471.61053,137,121,114,0.9716312056668679,4.7036643,4.6122775,5.2060037,2040.6984,3038.8013,96254.805,11.474765,0.14506277,0
"Context:
Riverside Stadium is getting a full accessibility overhaul aimed at fans with disabilities. The plan includes widening turnstiles, adding handrails on the north concourse, and converting two restrooms into step-free facilities. Volunteers will be stationed at the closest drop-off point to assist anyone who asks. The project timeline is posted on the club’s noticeboard by the ticket office.",28.79759,3.3602917,788,8.600002,1,558.06964,3164.639,532.6129,353.823,84,59,39,0.9882352941060207,3.9148402,4.0965295,5.6706886,1377.6981,2669.3276,46877.848,10.7553215,0.92548907,1
"Context:
The website added a one-click checkout and a cleaner cart summary, which made the purchase feel straightforward. Product photos loaded faster, and the descriptions were easier to read on a phone. The changes were subtle, but they made the whole experience feel more trustworthy. I left a review because the improvements were obvious within minutes.",35.291126,3.5636315,971,8.0875,1,341.6011,1079.5239,194.11748,295.92917,55,45,35,0.9649122806848262,3.736253,3.8749847,3.1601887,674.7075,1067.271,18788.06,9.84103,0.9745388,1
"Context:
The post asked whether the new service offers a student discount and included a bracketed link like [[https://plan.example.com](https://plan.example.com)]. It lived inside an online community where people swap recommendations all the time. Replies focused on real experiences rather than ads. The bracketed URL made it easy to check the offer without searching.",42.93134,3.759602,78,9.424999,1,874.6955,3742.8328,704.3802,632.2597,166,157,152,0.9880952380893566,5.0305223,4.8247485,4.279012,2110.1475,3348.219,145199.45,11.885871,0.016769066,0
"Context:
A fundraising email for a mission trip shared a URL with a file extension and a number embedded in the path. The copied address had separators and a trailing dot that broke it when clicked. Once cleaned, it led to a .php page that explained what the donation was for and confirmed the next steps. Someone had pasted the link with a weird “/>.” prefix, so I removed the extra symbols before reposting. In the chat, I asked whether the service was reliable for international payments and included the link in brackets.",43.76627,3.7788634,1115,7.9562445,0,393.17032,2201.1794,360.31253,334.35153,61,50,45,0.9999999999836067,3.8210044,3.8557568,5.59854,737.7748,2168.0295,23983.389,10.085158,0.9810338,1
"Context:
He wrote his birth year in his bio and mentioned the anniversary he plans to celebrate each decade. Right below that, he added a link back to a previous post where he told the full story. Friends who missed the earlier post could jump back without asking. The year anchored the timeline and the backlink filled in the details.",58.410202,4.0674906,796,7.759374,0,295.48358,790.78674,155.55594,255.25038,51,44,41,0.9622641509252403,3.7312899,3.8080928,2.676246,626.02893,724.62506,15069.662,9.620505,0.065134734,0
"Context:
She read the article twice, then a third time, because the first pass was all emotion. After letting it sit, she returned and noticed how different the claims looked when she traced each one back to its source. She asked herself what she might be missing and wrote down questions instead of conclusions. When she finally spoke about it, her tone was slower and more careful.",27.392984,3.310287,935,7.2125,1,424.73227,2201.1794,361.32056,313.2853,85,68,56,0.9770114942416435,4.084057,4.1982985,5.1825104,974.26526,2154.7695,36102.242,10.494138,0.9174183,1
"Context:
The product label specifies the tent’s packed weight, fabric rating, and pole length down to the centimeter. I stored it under the bed because it’s the only place long enough to fit the bag. Pulling it out means reaching into that low space and dragging it toward the light. After reading the specs twice, I realized I’d underestimated how compact it really was.",28.869368,3.362781,514,7.7687497,0,351.08096,1661.1953,232.94682,317.85574,75,64,55,0.9493670885955776,4.1071887,4.1512337,4.731659,689.01447,1221.7935,26331.072,10.178543,0.070627436,0
"Context:
She rewrote the landing page, tightened the metadata, and reached out to partners for backlinks to boost SEO. Instead of spreading money everywhere, she picked one advertising service with clear targeting. In her write-up, she referred back to the earlier section where the audience was defined as local homeowners. That small reference kept the whole traffic plan anchored to the same goal.",55.25905,4.012032,298,9.625,1,472.65115,1347.0193,310.20325,367.3936,83,73,68,0.9999999999879517,4.2329044,4.2235084,2.8499224,1120.137,1330.4513,39230.047,10.577224,0.12091828,0
"Context:
We drove through Raleigh, North Carolina and then cut west toward Asheville to avoid traffic. On my phone, I opened a listing page that kept nudging me to book a tour through their website. The ad kept repeating the city name like it was a brand, right next to the state abbreviation. I finally closed the tab and watched the highway signs instead.",33.635365,3.515578,43,7.356246,1,798.8065,3771.847,641.6523,564.97485,235,227,216,0.9791666666625869,5.410166,5.1860514,4.721853,1989.8958,3019.7524,187719.53,12.14271,0.90320796,1
"Context:
A fantasy serial started with a lone rider crossing salt flats under a violet sky. We publish weekly installments, and we’ll add your email so you don’t miss the next one. We appreciate the subscription, because it keeps the project alive. We’re excited to see which character you end up rooting for.",33.65647,3.5162053,1212,8.525,0,305.50702,953.22217,175.8638,257.33176,75,54,40,0.9868421052501731,3.8310914,4.1726213,3.1201317,649.97235,912.627,22913.027,10.039505,0.8244753,1
"Context:
A welcome email sent the new students to a small hotel by the canal, promising fresh pastries and iced coffee in the lobby. At check-in, the receptionist read from a list of rooms and details: Copenhagen, 14:30, Room 512, two beds. The recent graduates dropped their bags and grabbed something cool to drink after the trip. They compared the printed list against the keys before heading upstairs.",40.48287,3.7008789,63,7.578125,1,851.5349,3742.8328,719.197,601.91907,163,154,149,0.9819277108374583,5.010786,4.7783055,4.3953953,2122.2986,3362.502,138800.19,11.840797,0.005223829,0
"Context:
The lecture notes began with a paragraph that name-dropped physics, biology, and computer science in one breath. It framed the problem as something that crosses disciplinary boundaries rather than staying in a single lab. The opening promised examples from multiple domains, from cells to circuits to climate. By the time I finished the first few sentences, I knew the rest would jump between fields on purpose.",33.162663,3.5014246,620,7.4749923,1,428.2641,2201.1794,348.39783,340.00818,90,76,68,0.9999999999888889,4.2667227,4.2728577,5.139771,884.81964,2152.007,38543.77,10.559576,0.81227255,1
"Context:
The birth announcement included a hospital name, a city, and a time, followed by weight and length written in digits. A legal letter nearby showed a case number, a deadline date, and a payment amount in bold. The report began with We and a number that introduced the first step without any preface. He compared gene expression profiles from brain tissue to profiles from a cell line control and noted a few genes that diverged. Before bed, he logged a headline title, a reporter name, and an archive number into his reference list.",58.597168,4.0706863,814,9.418749,0,389.47916,1329.7031,250.99251,332.5114,74,66,54,0.9866666666535111,4.1471252,4.1266894,3.4140546,859.0502,1192.8691,28821.457,10.26891,0.29642048,0
"Context:
Outside Buckingham Palace, the line stretched farther than I expected, and someone guessed it was between two and three blocks long. I opened my notebook and tried to begin with a sentence that sounded like a real moment, not a brochure. Tourists nearby argued about replacing the current tour operator with a different company, insisting the royal site deserved better oversight. The ticket desk explained the fee tiers and why the premium option existed at all. I ended my entry with a short closing line before the crowd nudged me forward.",59.626694,4.0881033,984,8.762499,0,346.9921,879.787,161.8867,295.13712,95,78,57,0.969387755092149,4.2444677,4.453929,2.5354667,672.8003,788.4476,32964.25,10.40321,0.22176601,0
"Context:
The coach yelled that our league schedule was brutal, and he rattled off teams we still had to face. On the sideline, I adjusted my gloves and noticed how the bright stripe on them drew my eyes back to my hands. I flexed my fingers and tried to shake off the tension. The whistle blew and the match started before my nerves settled. I played anyway.",38.20116,3.642866,1133,8.962502,0,394.52112,1576.633,231.51332,350.40033,53,43,32,0.9999999999811321,3.6726978,3.8298833,3.996321,694.29144,1161.0667,20909.62,9.948012,0.29340318,0
"Context:
The producer sent a schedule with dates and times for rehearsals and the final show. On the day of the first run-through, the theater also hosted an entertainment mixer for sponsors. Everyone relied on the posted times to move between events. The clear calendar kept the week from turning messy.",53.567627,3.9809449,1009,8.84375,0,588.68097,3771.847,566.284,379.94806,93,84,80,0.9999999999892473,4.3779097,4.2128778,6.407285,1591.8071,2790.9092,54747.33,10.910502,0.83358073,1
"Context:
At the conference booth, Marlowe Systems printed the brand/company name in huge letters on the backdrop. The organizer required that the whole setup be consistent, from the first hour to the last. If any part looked off, they would replace it entirely. By closing time, the display matched the complete plan down to the smallest detail.",48.000786,3.8712175,1070,8.575,1,330.84988,1173.6564,161.0342,292.39246,87,55,42,0.9999999999885058,3.7428446,4.3698235,3.5473983,584.11365,973.1467,28783.94,10.267608,0.3900837,0
"Context:
The museum shop inside Northgate Stadium started selling a commemorative scarf with specifications printed on the tag, including fabric blend and washing temperature. At the same time, the stadium upgrade plan focused on accessibility improvements for disabled visitors, adding tactile wayfinding strips near the shop entrance. A designer walked through the corridor measuring turn radius for wheelchairs. The scarf display was rearranged so the aisle stayed wide and step-free.",63.951225,4.1581206,602,8.412499,0,554.67725,2766.7986,575.85126,332.95184,76,64,51,0.9999999999868421,4.0469127,3.9607165,4.988124,1813.559,2631.1714,42155.47,10.649143,0.4879869,1
"Context:
The email asked for my address line by line, so I typed the street first and the apartment number after it. I wrote the building code in the next field, then added the floor level so the courier wouldn’t get lost. The form insisted on a specific position for the postcode, so I moved it to the end. When I hit submit, the page finally stopped highlighting the boxes in red.",19.583714,2.9746983,887,6.574999,1,396.0288,1576.633,256.1376,337.4541,96,62,50,0.9896907216392815,3.8812847,4.4031916,3.9811068,903.804,1544.7756,38018.766,10.545861,0.5968955,1
"Context:
I noticed the brand label on the coffee cart and scanned the QR code. The page talked about growing an online presence through content and backlinks. When I tried to access the members area, my account needed a reset after an automated flag. The schedule for the tasting included exact times for each sample. After I got home, I cooked a dessert recipe that used dark chocolate and sea salt.",58.9775,4.077156,523,9.0625,0,396.08594,1130.9192,219.37755,353.97168,62,51,43,0.999999999983871,3.8811786,3.982477,2.8552368,802.7546,974.99414,24557.328,10.108807,0.024071563,0
"Context:
A film studio listed its brand/company name on the poster and added dates and times for the premiere screenings. Tickets went live at noon, and the showing schedule filled fast. Fans shared the info across group chats. By release week, the name and timing were everywhere.",69.21361,4.2371974,209,9.262498,0,721.95593,3742.8328,592.0518,512.3478,177,165,156,0.9999999999943503,5.065071,4.8921714,5.184295,1896.7212,2447.5881,127786.2,11.7581215,0.93870085,1
"Context:
The newsletter started with a date-like number and then a quick greeting. He noticed how the opening set the tone before any details arrived. A pronoun slipped in right away, making it feel personal despite the plain style. The beginning was simple but effective.",78.95574,4.3688874,123,8.462498,1,776.6474,3657.6853,615.3579,566.03613,152,145,136,0.8216216216171804,4.9509177,4.769949,4.709583,1962.3658,2931.4185,118050.41,11.678876,0.9183756,1
"Context:
He updated the wiki first, then ran the database script, and only afterward marked the implementation ticket as “ready for review.” During lunch, the conversation drifted to wealth and the strange way people treat it like a personality trait. She downloaded the complete edition of the game, and he promised with absolute certainty that it would include the missing content. After they played, they compared how frequently crashes happened and how long each freeze lasted. The task status sat there, quietly accurate, while their confidence fell apart.",85.76717,4.4516363,231,10.424993,0,785.8834,3742.8328,638.0791,567.7854,228,215,196,0.9999999999956141,5.339633,5.151396,4.7625804,2004.0844,3049.143,179181.42,12.09616,0.8254895,1
"Context:
I created a new file and typed the beginning of the text while the ideas were still fresh. The first paragraph highlighted links across different scientific fields, reflecting how the team actually collaborated. I inserted the beginning of a text excerpt as a short pull-quote to keep the reader grounded. After that, I started the review portion with the beginning of a product experience summary, and I adjusted the beginning of the document so it matched the template.",45.73543,3.8228734,81,8.456249,0,832.22,3742.8328,685.07214,582.39087,183,169,161,0.9945652173858992,5.0901365,4.9176702,4.4974084,2046.2793,3267.2817,152296.25,11.93359,0.16539381,0
"Context:
The chapter opened with a blunt line and a lone number set off by punctuation. She reread the start because it sounded like someone speaking directly. The first few words carried a clear voice, even before the scene formed. It hooked her without tricks.",113.52762,4.732046,1160,9.799999,1,375.71796,1277.4478,203.19934,332.58337,54,48,39,0.9999999999814816,3.834951,3.8636544,3.4000175,700.4335,1039.3354,20288.77,9.917872,0.8933748,1
"Context:
The sunset turned the clouds a warm orange, and the whole street looked softer for a moment. She picked a scarf in a rich green because it made her feel steady. In the shop window, a strip of purple fabric caught her eye and made her stop walking. By the time she got home, she had the colors of the evening stuck in her head.",24.394245,3.1943474,1196,7.1187496,1,366.15237,1056.8333,198.29376,293.34644,45,34,31,0.9999999999777779,3.3904734,3.6814017,2.886321,754.36865,944.0462,16476.857,9.709773,0.8664564,1
"Context:
He drafted a content calendar and published one useful article a week. Each post linked to a clear service page with a strong call to action. He also ran a small campaign to drive targeted traffic. Within weeks the online footprint felt real.",63.680733,4.153882,1103,8.787498,1,435.5148,1527.7446,288.3183,363.19354,50,37,28,0.9615384615199705,3.4806159,3.7288265,3.5079052,1080.0485,1397.5151,21775.74,9.988598,0.5185781,1
"Context:
She packed up the old notes and began the semester with a new notebook. The first page stayed clean until she wrote the date in careful ink. When the lecture started, she felt unusually focused. A fresh start made her listen harder.",49.510635,3.9021876,428,9.237499,1,513.4031,1520.6958,349.17645,382.52768,55,51,42,0.9649122806848262,3.8969986,3.805132,2.961992,1283.0692,1471.2513,28237.168,10.24843,0.6602303,1
"Context:
To increase website traffic, the marketing team hunted for backlinks from niche blogs and refreshed old pages with cleaner SEO headings. They also paid for a small ad campaign that promoted a seasonal service package. The report reused the same analytics dashboard the team had displayed the week before, so the baseline numbers were already familiar. With the prior data on screen, the lift in clicks didn’t feel like guesswork.",60.101944,4.096042,533,10.237495,1,435.26065,1520.6958,297.7652,373.76862,74,71,63,0.9866666666535111,4.247865,4.1146345,3.4937592,1152.7335,1453.8542,32209.29,10.380041,0.4084494,0
"Context:
The birth announcement included the hospital name, the city, and the time the baby arrived. It also listed weight and length with tidy numerals beside them. A cousin added the room number for visitors to find them easily. The note was short but packed with coordinates and counts.",47.62135,3.8632812,254,8.356245,1,702.4832,3657.6853,669.0032,454.32715,86,79,75,0.9347826086854915,4.3293395,4.1164045,5.2067943,2102.368,3252.9985,60413.555,11.0089855,0.11144179,0
"Context:
He wrote a short implementation summary on the wiki and linked the updated database query, then changed the ticket status to “review.” In the same breath, he listened to someone blame poverty on laziness while praising wealth as discipline, and it felt hollow. They upgraded to the full version of the platform, and he declared with total certainty that it would end the recurring bug. When it didn’t, he logged the frequency of failures and the duration of each recovery. The data was clear, even if the opinions weren’t.",67.77719,4.2162256,58,9.049998,0,767.44904,3657.6853,642.77405,512.45483,180,160,147,0.9424083769584167,5.0254087,4.8937063,4.76603,1979.761,2794.073,138140.83,11.836036,0.28786865,0
"Context:
A vendor audit uncovered gaps, so legal drafted new language while the engineers planned mitigation steps. The rental place had a big living room and high-quality furniture, which made the stay feel like good value. In the evening, the news showed officials trading accusations with the opposition about a policy rollout. I reread the coverage and asked myself what evidence I’d need to believe any of it. Then I refined the design by simplifying buttons and adding a subtle progress cue that made tasks feel easier.",95.49118,4.559034,836,10.25,0,369.96533,1576.633,237.72446,313.60858,97,72,62,0.9797979797880828,4.1351714,4.418379,4.26157,735.5191,1544.4402,35886.637,10.488148,0.11538819,0
"Context:
A line began with '/. [https://donate.example.org/mission](https://donate.example.org/mission)' and the prefix made it look like a system marker. The same post mentioned a numbered campaign page so donors could verify they were on the right link. Several readers removed the '/.' and the URL immediately worked. After that, the mission trip page started getting steady donations.",68.937515,4.2332006,23,10.043748,0,780.1788,3657.6853,654.4512,504.56827,167,150,138,0.9940476190417021,4.947738,4.8174787,4.6882653,2006.1113,2746.8135,130289.86,11.777525,0.88514394,1
"Context:
The laptop listing claims a 3.2 GHz processor, 32 GB RAM, and a 1 TB SSD, all spelled out in the product details. The seller offered a 30-day return window and said I could test it for a few hours. I ran benchmarks for 20 minutes and checked the ports. By the end of the day, I felt confident enough to buy it.",14.554089,2.677872,558,6.265625,1,415.19052,3442.369,391.62445,323.91284,116,78,61,0.9666666666586111,4.1302457,4.479193,8.291059,1071.7657,1340.8673,48162.1,10.782349,0.8194319,1
"Context:
Our seats are in row C, which is the fourth row from the front, so I wrote it down right after I bought the tickets. The show starts at 8 p.m., and we’re supposed to be inside ten minutes earlier. I followed the numbered aisles in order until I reached the right section. After the first act, I checked the time and realized it flew by.",18.261684,2.9048052,933,5.940626,1,400.93552,2201.1794,341.3361,327.76038,91,72,59,0.9999999999890109,4.1462007,4.27049,5.4901085,822.41864,2151.4546,36485.133,10.504687,0.11150695,0
"Context:
The nonprofit’s board approved a matching program to support community projects. When the youth center raised money for new computers, the organization doubled the amount as promised. The extra funding came with a simple requirement: publish a short impact report within sixty days. By the next meeting, the director shared attendance numbers and a few photos from the reopened computer room.",34.482998,3.5404663,497,8.599998,1,584.3207,3771.847,523.67255,379.6413,152,146,132,0.9934640522810886,4.9657154,4.7259274,6.4550977,1558.1892,2448.3506,88816.74,11.394341,0.8644247,1
"Context:
Apex Transit posted a promo video with glossy shots of its new delivery vehicles. The caption name-dropped partner organizations and promised a smoother automated process at the warehouse. I replayed the part where the machinery guided the van into position like it was choreographed. It felt half commercial, half instruction manual.",101.233116,4.617426,572,11.449999,0,430.72208,2201.1794,356.55603,341.41998,89,81,71,0.999999999988764,4.3522673,4.258182,5.1104403,1085.3997,2152.5596,38334.266,10.554126,0.45134044,1
"Context:
The smartwatch listing spells out the sensor types, water resistance, and battery estimate as if it’s a formal spec sheet. I followed a cooking guide that told me exactly when to flip the pancakes and when to reduce the heat. The timer on my wrist kept buzzing at each step, turning the recipe into a rhythm. By the last batch, I trusted both the instructions and the device.",38.735268,3.6567504,358,7.90625,0,410.22986,2135.1414,310.39706,330.1279,101,90,78,0.9901960784216647,4.453777,4.4028525,5.204744,962.1566,1438.8995,41433.215,10.631863,0.012435989,0
"Context:
He compiled citations for a report and needed the exact publication titles and author names. Each entry included a volume number, an issue number, and a year in parentheses. A few items were news articles with headline numbers used by the archive. The list looked like a careful roll call.",79.53589,4.3762083,1043,9.9375,1,428.1577,1576.633,281.14905,363.92578,43,33,27,0.955555555534321,3.4266374,3.5811744,3.6823652,900.8775,1317.9188,18410.781,9.820746,0.9350678,1
"Context:
She wore her team’s jersey and argued about transfers with strangers outside the stadium. The league logo hung over the entrance, and the announcer kept naming teams that had won titles years ago. During halftime, everyone around her checked scores from other matches. When the final whistle blew, she either celebrated or went quiet depending on the result.",37.173428,3.6155941,49,7.8437467,1,857.9756,3657.6853,681.3295,568.87585,148,139,126,0.9308176100570389,4.909375,4.7188597,4.2631574,2102.0466,2951.0393,126980.39,11.751796,0.54472154,1
"Context:
The job offer put me in a business district full of banks and payroll offices. On the first day, the manager asked me to demonstrate the reporting tool for the team, so I shared my screen and walked through the steps. People leaned in, watching the display like it was a magic trick. When it was done, the room relaxed and started asking practical questions.",25.619251,3.243344,192,8.0,0,710.98083,3742.8328,583.95233,453.60632,184,168,157,0.9892473118226385,5.0732565,4.9351454,5.2643228,1889.596,2425.1626,130820.48,11.781589,0.9532767,1
"Context:
The new energy drink showed strong positive results in a crowded tournament, and athletes kept choosing it over competing brands. Sales followed that performance, turning into steady business growth as the marketing strategy leaned on simple testimonials. Stores reordered faster than expected, and the distribution map expanded. By the finals weekend, the outcome looked like a clear win.",93.63215,4.539374,1227,9.737495,0,355.61404,1056.8333,195.0025,306.3598,51,47,33,0.9999999999803922,3.8230963,3.8029218,2.971855,777.75214,963.1853,18136.316,9.805727,0.90690106,1
"Context:
The graduation reception offered fresh fruit cups and cold drinks, and the mood loosened quickly. A crisp, clean scent drifted from the entrance, like the building had been freshly aired out. When asked about a disputed grade, the professor explained the real criteria without hiding behind vague talk. They reset the meeting agenda and began again from scratch so everyone could be heard. Afterward, families walked to the lake and watched water ripple in the wind.",83.521225,4.425101,869,8.787494,0,422.98056,2201.1794,287.7748,344.09195,81,71,52,0.987804878036734,4.210382,4.2276545,5.2039723,843.38,1408.5624,34261.426,10.441805,0.52464503,1
"Context:
The task board showed a handful of items stuck in implementation, and he hated seeing them linger. He opened the wiki, corrected a stale paragraph, and referenced the new database field that had been added last week. After lunch, he ran a script to verify the update and wrote “verified” in the ticket. The status line finally looked clean.",58.793415,4.07403,371,9.037499,1,692.1268,3657.6853,622.2248,447.0327,109,108,101,0.9819819819731352,4.6786294,4.3820605,5.284705,1945.391,3128.8838,75441.82,11.231131,0.7981599,1
"Context:
In the regional council, one party pushed to replace the old traffic cameras with a new system sourced from a foreign contractor. Another group called it a risky alternative and accused them of hiding the plan inside a committee vote. Reporters framed the fight as a local controversy tied to the authority that would run it. The debate sounded like pure politics, but it kept circling back to the replacement itself.",52.660908,3.9638734,1144,8.581249,1,377.4523,1403.457,221.99821,305.73016,72,42,35,0.9230769230650887,3.4057047,4.13951,3.718237,764.6198,1256.6111,27176.566,10.210147,0.9529689,1
"Context:
She planned a small party for her 30th birthday and kept the year printed on the invitation so nobody forgot. To fund a charity mission trip, her friends shared a link with a file extension and a page number, like donate.html?page=7. The numeric bit made it feel like a specific campaign page rather than a generic homepage. When the anniversary came around again, the group reused the same link but updated the page number.",46.017365,3.8290188,462,8.625,1,456.46774,2201.1794,381.88425,347.31805,124,107,91,0.9841269841191735,4.621785,4.570736,4.8222013,1409.1212,2053.9695,56602.0,10.943817,0.85874695,1
"Context:
A new sign announced fresh pastries, and the morning crowd included several recent graduates visiting campus. The scent of piney soap lingered in the restroom, clean and sharp. When someone brought up an old accusation, he answered plainly with what he knew and what he didn’t. The team reset the project plan and rebuilt it with fewer moving parts. Later, they sat by the sea wall and watched the tide slide in.",51.72369,3.945916,422,8.512501,0,474.21426,1520.6958,313.2695,351.3706,80,73,67,0.987654320975461,4.2476444,4.199568,3.2067692,1146.2986,1448.3604,37937.14,10.543713,0.22014594,0
"Context:
On her phone she kept a tidy list of properties: Aalborg, 10:00, Unit 3B, and then another line for a different address. She reread it while carrying a bag of fresh fruit juice to the new students waiting outside the lecture hall. A recent graduate asked if the address was correct, so she showed them the list. They thanked her and went back to their refreshing drinks.",39.55788,3.677765,481,7.74375,1,414.28308,1520.6958,322.5525,314.0557,73,63,54,0.9999999999863013,4.081566,4.0496325,3.6706684,1174.574,1454.7698,30242.666,10.317042,0.7683826,1
"Context:
I rented the cabin for a month and thought I’d get bored, but the days filled themselves. The first week was learning where everything was and how the stove behaved. By the third week, I had a favorite chair and a preferred route down to the water. When the month ended, packing up felt like leaving a small life behind.",22.189207,3.099606,424,6.7124996,1,446.06403,1520.6958,301.71497,364.25287,109,93,73,0.9646017699029681,4.4601,4.4950547,3.4091423,1108.0889,1428.6512,48620.98,10.791831,0.11726235,0
"Context:
The recipe called for garlic, lemon, and olive oil, then specified a slow roast as the cooking method. He followed it exactly and tasted the sauce at each step. To keep the flavor balanced, he adjusted the seasoning until it felt complete. In the end, the dish used the whole list of ingredients, not just a few.",24.745193,3.2086313,1088,7.0218744,1,385.01923,1213.7853,223.08757,303.56778,59,48,35,0.9672131147382425,3.8102074,3.9368458,3.1525316,707.65546,1194.7395,22716.135,10.030875,0.55925375,1
"Context:
From the beginning of onboarding, she emphasized doing things the same way every time. The steps were meant to be complete so no one would improvise. When someone tried to skip ahead, she reset the sequence and repeated the initiation. After a month, the team handled the full workflow smoothly.",51.586582,3.9432616,331,9.4375,0,670.5573,3657.6853,627.16876,436.2413,105,94,83,0.9722222222132201,4.49378,4.337315,5.4546947,1981.832,3155.2336,70408.516,11.162084,0.22812513,0
"Context:
The photo frame hung below the window, slightly off-center. The small hook sat after the larger one on the rail, so the coat ended up in the wrong place. I rearranged everything so the sequence made sense again. Once the positions were fixed, the whole wall looked calmer.",59.628567,4.088135,350,9.78125,1,398.41794,1347.0193,257.2188,317.72482,77,61,57,0.9746835442914596,3.950859,4.1737404,3.3809202,966.8432,1305.2341,30678.182,10.33134,0.0681995,0
"Context:
We’re excited to help, welcoming visitors into the gallery and offering assistance with directions to the exhibits. The story we hand out begins like a fictional narrative, opening on an explorer who found the first sketch in an attic trunk. Guests read while we answer questions, and we keep the line moving with a smile. By closing time, we’re still energized.",45.209984,3.811318,101,7.8125,0,708.92615,3742.8328,572.41284,504.65894,182,169,162,0.9999999999945055,5.078253,4.9333,5.2795806,1873.9706,2431.5698,129024.56,11.767766,0.8247808,1
"Context:
The summary post ends with a line that says appendix.php for replication, even though the link itself was correct. The author had already stated the main result and the conclusion in the body. Readers followed the link to double-check the numbers. The odd 'for' phrasing just made the post look like it came straight from a form field.",72.50034,4.2835913,1224,10.187497,1,415.76364,1056.8333,225.97874,365.65558,50,41,35,0.9999999999800001,3.6347642,3.7752075,2.5419085,859.47534,1031.8898,20788.182,9.942188,0.6010375,1
"Context:
She rebuilt the company’s online presence by launching a new website and tightening the internal links. Over a month, she also pursued backlink strategies by pitching guest posts to industry blogs. The plan covered every aspect of online marketing, from search ads to newsletter signups. After the rollout, the presence felt complete rather than piecemeal.",43.80289,3.7796998,1089,8.096872,1,410.86206,1083.4834,202.08983,374.70343,46,37,30,0.8518518518360769,3.463012,3.722854,2.637098,874.2217,1021.90375,18899.654,9.8469515,0.9477972,1
"Context:
Operations warned that a rushed migration could break critical services, and legal backed them up with a reminder about contractual penalties. The café across the street was bright and comfortable, with portions that felt worth the cost. A radio host dissected party strategy and quoted a minister’s remarks, and the callers sounded furious. I listened, took notes, and tried to process the claims without jumping to conclusions. After lunch, I added a clearer navigation pattern to the product so users could find what they needed faster.",94.0369,4.5436873,1172,11.287498,0,418.62976,2201.1794,271.83606,363.17508,96,74,59,0.9896907216392815,4.1933413,4.4092546,5.2580576,816.78253,1223.6398,40188.457,10.60136,0.048422225,0
"Context:
He set out a refreshing fruit salad for the orientation leaders, and it disappeared faster than he expected. The hallway smelled newly washed, like the building had been scrubbed clean overnight. When asked about a missing registration, she told the truth and pulled up the confirmation email. They abandoned the old seating plan and began again from scratch, calmer this time. Outside, puddles still covered the courtyard, and water reflected the gray sky.",73.84365,4.30195,908,10.3625,0,372.63458,1503.9692,239.81216,315.23218,76,61,50,0.9999999999868421,4.0433526,4.1700454,4.036043,738.7549,1417.3899,28320.229,10.251367,0.075169675,0
"Context:
During the recall follow-up, the engineer compared the new blender’s motor rating to the earlier model shipped last spring. The document described prior incidents and then laid out the updated specifications, including a thermal cutoff and reinforced coupling. Customers didn’t want opinions; they wanted concrete properties in writing. The timeline of what happened before made the spec changes feel necessary.",113.23512,4.7294664,610,11.15625,1,457.47256,2201.1794,378.16885,350.4168,87,80,67,0.9999999999885058,4.3483524,4.2278357,4.8116093,1191.0974,2153.6646,39800.113,10.59165,0.90434515,1
"Context:
She promised her report would be truthful and original, not stitched together from old notes. As she walked along the pier, the water slapped against the pilings in a steady rhythm. The scene made her choose simpler words that felt honest. She went home and wrote the new piece in one clean draft.",52.518543,3.9611664,998,9.374999,0,366.35934,1166.3654,198.67683,324.62268,54,42,34,0.9818181818003306,3.6518493,3.8608627,3.1836646,709.41205,1013.66174,19783.404,9.89265,0.73869663,1
"Context:
A stranger’s letter appeared on the porch, and the first line sounded like it came from another world. We handle deliveries for the neighborhood, so we checked the label, logged it, and set it aside for pickup. We’re glad you called before tossing it, because it might be important. We can stay on the phone while you open it if that helps.",23.92945,3.1751099,720,6.8249974,0,337.9737,1316.3225,206.73763,277.34653,98,72,58,0.9898989898889908,4.132024,4.43485,3.8947484,746.52313,961.4643,33121.42,10.407966,0.54914033,1
"Context:
The café under the library hosts a trivia night every Thursday. Each round lasts ten minutes, and the whole event runs for two hours. I’ve been going for months, and the repetition makes it easy to remember faces. When the clock hits late evening, the staff starts stacking chairs.",26.628616,3.2819865,1193,7.5625,1,391.05536,1056.8333,183.0137,342.38132,49,42,31,0.9999999999795919,3.6724212,3.7957041,2.7025154,691.97516,998.99524,19161.713,9.860722,0.14377823,0
"Context:
The clipping service filed titles and issue numbers, then added a note about the publication date for each item. She decided the cleanest approach was to start from scratch and draft a new pitch instead of patching the old one. The fresh beginning made her writing sharper. She attached the media list and hit submit.",96.09196,4.5653057,1097,9.85,1,298.41193,631.87646,126.1723,262.95172,32,28,24,0.9999999999687501,3.2491274,3.3811774,2.117464,546.66296,612.10596,9549.182,9.164315,0.46266735,1
"Context:
The online thread tracked the march in real time, calling out a turn after 20 minutes and another after 90. A banner offered subscribers an extended cut, and someone replied with a quick hex swatch: #8BC34A plus RGB values for a thumbnail. Watching it, she felt her hands shake and tried to steady herself by counting the beats in her wrist. At the same moment, a sports app pinged her with league news and a list of teams in the top four. Colors dominated every window she had open.",70.06564,4.2494326,570,9.987495,0,427.2339,2201.1794,365.7704,327.61707,114,97,85,0.9827586206811831,4.488399,4.4850335,5.152165,1084.7733,2110.0088,48704.664,10.7935505,0.049502328,0
"Context:
At all times during the workshop, the instructor kept the room focused. From the beginning, even a minimal warm-up set the tone. The advice was general enough to repeat whenever someone restarted the task. Most sessions ran long, but any amount of practice was welcomed. By the end, the rule felt absolute and the results showed it.",54.60682,4.000159,1190,8.25,0,373.33548,1109.7052,230.13461,317.85574,63,53,44,0.999999999984127,3.914782,3.9819796,2.9724078,964.28156,1101.7867,23520.135,10.065655,0.3851591,0
"Context:
The route plan says the bakery is the next stop after the bookstore, and the florist comes right after that, so I stuck to the printed order. The florist is in a specific location on the corner of a narrow street, easy to miss if you rush. I slowed down, matched the sign, and stepped inside. By the time I left, the route felt effortless.",35.141716,3.5593889,44,8.718746,0,781.72577,3771.847,637.18854,523.1566,244,227,220,0.9959183673428739,5.3806405,5.217687,4.825026,1975.5844,2976.9148,190741.1,12.158677,0.88311267,1
"Context:
He wanted to handle the entire situation, from beginning to the last detail. The first move was minimal, just enough to begin. After a mistake, he restarted and repeated the general approach. Most attempts went smoothly, but any rough patch was treated as part of the process. When it worked, the success felt total and final.",46.249496,3.8340507,650,8.474999,0,444.33575,1576.633,331.64844,310.67932,71,56,46,0.9999999999859155,3.880771,4.0359497,3.548292,1146.5925,1553.1592,31547.838,10.359292,0.8620812,1
"Context:
On Friday evening, the train station feels like it’s running on a different clock. I had a 30-minute delay, then another hour before the next departure. The announcements repeat every few minutes, and the repetition makes the wait feel longer. By night, I could recite the platform changes from memory.",26.356728,3.2717235,128,8.387499,0,714.4553,3742.8328,589.0681,512.3478,173,163,148,0.9885714285657796,5.0651455,4.866621,5.238722,1883.1467,2460.4026,123600.77,11.72482,0.5863353,1
"Context:
She backed the decision publicly, even though she had disagreed in private. In the hallway, she walked behind the speaker as a sign of support and responsibility. Later she admitted the backing was more about protecting the team than the plan. The tension never fully left.",51.126553,3.934304,29,8.949999,0,880.9181,3657.6853,672.8603,641.31177,140,132,121,0.9790209790141328,4.8586884,4.678261,4.152129,2053.4414,2924.6738,123328.53,11.722615,0.50719446,1
"Context:
When the meeting ended, I sat down to start the document everyone had been waiting for. The first sentences stated the purpose, the scope, and who approved the work. I kept the opening tight so readers would understand the context immediately. After that, I added a table of contents and moved on.",23.353142,3.1507316,31,6.7875,1,918.255,3657.6853,669.31494,692.9717,131,127,120,0.9562043795550643,4.8288727,4.6346045,3.9833,2089.8953,2983.9607,120291.41,11.69768,0.8716016,1
"Context:
She expected excuses, but he told the story exactly as it happened. His details matched what everyone had seen, down to the small pause before the door closed. The honesty stung, yet it also relieved the tension in the room. It felt better than a polished lie.",45.238556,3.8119497,275,9.199998,1,626.31537,3657.6853,599.48224,401.5837,151,125,108,0.9934210526250433,4.714135,4.677856,5.8400054,1914.6422,2852.2124,94573.625,11.457145,0.87033564,1
"Context:
The support agent sent a .php link and added it was for resetting the account without calling anyone. The page asked for my email and then showed a confirmation code screen. It wasn’t pretty, but it was direct. Within a minute, I was back into the service.",52.06364,3.9524667,365,8.587498,1,405.08737,1347.0193,284.00668,299.4564,74,65,63,0.9999999999864865,4.1167283,4.1048446,3.325256,1033.3784,1306.8835,29976.465,10.308201,0.91372496,1
"Context:
He checked a property portal entry that showed the city, postal code, listing number, and the open-house time. A financial statement behind it displayed quarterly dates and totals with percentages that made him frown. The document he was drafting opened with I and a number that signaled the first claim. On the desktop, gene expression profiles from brain samples were paired with profiles from a standard cell line. He added a publication record with a title, an editor name, and an issue number to his bibliography.",86.42329,4.459257,774,9.274998,0,425.17178,1552.7638,283.72092,332.54007,65,56,46,0.9848484848335628,3.974389,3.989642,3.6520855,980.5249,1369.9696,27636.166,10.226916,0.70605946,1
"Context:
Our tutoring service produced strong positive outcomes during exam season, and students compared it against competitors with surprising margins. We introduced the program with a few paragraphs that feel like the beginning of a fictional story, following a tired student into a quiet library. Study sessions stretch past midnight, and the whiteboard fills up. When results arrive, the difference shows in the rankings.",112.15053,4.719842,746,10.29375,1,333.78696,896.8729,173.26433,290.4929,59,54,46,0.9833333333169445,3.9600554,3.956842,2.6869624,654.9114,856.18243,19693.43,9.888091,0.39648017,0
"Context:
I flew into San Diego, California for an onboarding session at a company campus near the freeway. The morning was all payroll forms and budget discussions, and the afternoon ended with me presenting a short demo on a shared screen. Before dinner, I bought chocolate eggs at a grocery store and called my sister to see how the kids were doing. Later, I read a post that started like a card-game introduction, included a color-picker screenshot, and ended up on fish feeding and smartwatches.",53.077667,3.9717562,86,8.843748,0,854.1544,3742.8328,681.9854,584.5203,178,167,157,0.9888888888833951,5.0902348,4.9068,4.3819156,2061.5425,3291.0867,152039.48,11.931902,0.8681156,1
"Context:
The property portal entry showed the neighborhood, the floor, the listing number, and the viewing time on Sunday. A technical license in the same folder listed a product number, an effective date, and a seat limit for users. The draft began with I and a number that came so early it felt like a label. In another window, gene expression profiles from brain samples were aligned beside cell line profiles from a drug screen. He bookmarked a headline by title, reporter name, and archive number before closing the laptop.",90.73023,4.5078907,778,9.96875,0,431.64746,1789.9916,287.42764,358.1344,76,65,54,0.9870129870001686,4.109431,4.148334,4.146883,988.87976,1248.3097,32805.207,10.398373,0.50027287,1
"Context:
His profile lists his birth year, and he mentions it whenever he celebrates an anniversary of joining the club. In the same bio, he included a URL that ends with a slash, like [https://profile.example.com/about/](https://profile.example.com/about/). That tiny / at the end was part of the link he wanted people to use. The date mattered to him, and the punctuation mattered to the website.",24.116438,3.1828938,1019,8.162499,1,483.33636,3771.847,493.23102,347.00494,144,117,103,0.9863013698562583,4.652725,4.6339664,7.803773,1483.3485,2488.705,69600.44,11.15054,0.32906824,0
"Context:
The phone felt expensive, but the experience matched: smooth haptics, a screen that didn’t strain my eyes, and buttons that clicked the same way every time. The store display highlighted the large battery and the overall build quality. After a week, I realized the tiny design touches were what made it pleasant to use. Value, quality, and user-facing details carried the whole review.",37.28798,3.618671,736,9.250002,0,402.34448,1514.3875,289.31805,308.26453,76,54,41,0.9999999999868421,3.840291,4.1308546,3.7639077,1102.0269,1377.9391,30578.18,10.328074,0.8418849,1
"Context:
The researcher traced water-related patterns on the map and then switched to a dataset on cell lines. On her screen, gene expression profiles showed a spike that matched the sample taken near the estuary. She labeled the figure and saved the file before the system timed out. The tide chart sat beside the profile plot like they belonged on the same desk.",73.3347,4.295034,735,9.912499,1,328.90356,778.36066,133.43071,296.0513,59,54,45,0.9999999999830509,3.9511867,4.001052,2.3665318,537.84875,730.8599,19405.31,9.873354,0.04548834,0
"Context:
The mayor stood beside party officials and promised reforms that would be felt in every neighborhood. A protester shouted questions about funding, and the response was a practiced line about responsibility. Later, the council session turned into a fight over who would get credit for the bill. By midnight, my feed was full of clips edited to make the other side look cruel.",45.650513,3.821015,676,8.349999,1,401.3092,1576.633,281.30743,310.28397,71,57,50,0.9861111110974151,3.9355361,4.0775204,3.9287236,918.55286,1553.1592,28492.953,10.257447,0.46442172,1
"Context:
The shelf sagged because the brackets behind it weren’t anchored properly. I slid a support board under the load to stop it from bending further. When the screws finally bit into the stud, the whole structure felt backed by something solid. I took responsibility for the fix because it was my setup that failed.",38.855297,3.6598444,967,7.4374995,1,361.57645,1056.8333,200.59204,320.45697,70,60,43,0.9589041095759053,3.9958947,4.120697,2.9228485,868.3718,1021.3527,25310.352,10.1390085,0.8406737,1
"Context:
In Minneapolis, Minnesota, I visited an office where the finance team sat behind a wall of glass and spoke in quiet, careful sentences. They led me to a training room and asked me to demonstrate how I would present results to a group. After the session, I bought Easter candy at a small convenience store and called my mom to ask if she needed anything for the family brunch. Back at the hotel, I read a strange starter paragraph about a card game that swerved into color choices, fish flakes, and smartwatch debates.",45.324783,3.813854,759,9.387499,0,345.16913,1513.0459,205.53886,297.90567,87,57,43,0.9886363636251291,3.8516872,4.3250585,4.3834915,699.77313,988.5891,30029.713,10.309976,0.705667,1
"Context:
I glanced down through the glass floor below my feet and regretted it immediately. The museum route was numbered, and I followed the sequence from room one to room ten without skipping. In the café attached to the building, a pianist played softly while tourists warmed their hands on cups. At a display near the exit, I compared technical specifications on portable chargers, checking capacity and output. That night I cooked pasta using a recipe that relied on slow garlic and a splash of lemon.",56.66807,4.037211,429,9.224995,0,470.3093,1520.6958,336.87695,348.3667,79,73,67,0.9753086419632677,4.2641597,4.155071,3.2333953,1243.0537,1475.0115,37154.434,10.522865,0.51853013,1
"Context:
I joined a small online group where everyone shares links to tools and tutorials they’ve tested. The conversations move fast, but the best posts get pinned so newcomers can catch up. Whenever someone asks for recommendations, people respond with specific resources instead of vague advice. It’s the first place I check when I need guidance.",20.890553,3.039297,174,6.35,1,818.72125,3742.8328,665.74603,558.6838,214,202,193,0.9953488372046728,5.274104,5.0839467,4.5715594,2077.744,3117.8157,175206.34,12.073726,0.1696485,0
"Context:
The announcement started with '/. [https://status.example.com/](https://status.example.com/)' and the leading '/.' was clearly not meant to be part of the address. The URL also ended with a slash, and people could not agree on whether to keep it when copying. A moderator reposted the link without the prefix and with the slash intact. After that, nobody argued about the punctuation.",27.234247,3.3044753,168,7.1937494,0,778.28064,3742.8328,664.03595,519.0324,228,207,193,0.9956331877685781,5.279213,5.121576,4.8091044,2038.4998,3049.143,177447.98,12.086438,0.9641123,1
"Context:
In the parking garage below the supermarket, every level is labeled, and the signs tell you exactly where you are. I parked on the lowest floor, then followed arrows that listed the order of exits to the street. The sequence mattered because one door leads to the wrong block. When I finally emerged, the map in my head matched the street grid.",27.35323,3.3088346,678,6.4437494,0,455.3304,1576.633,300.88025,373.19873,69,58,49,0.9999999999855071,3.9903533,4.056615,3.4626129,1117.6182,1553.8298,31417.799,10.355162,0.29429847,0
"Context:
I leaned over the stairwell and called down to my roommate below, asking if the package had arrived. The instructions for the shelf were picky about sequence, so I sorted the screws and followed the steps without skipping ahead. At the corner of our block, a laundromat stayed open late, and I stopped there to wash muddy clothes. On the way back, I compared two power banks by reading their technical specifications on the boxes. Dinner was a simple soup from a recipe my grandmother taught me, heavy on garlic and pepper.",35.835735,3.5789456,554,9.018749,0,390.57077,1347.0193,239.09183,314.05972,109,91,78,0.9909090909000826,4.4480166,4.5314813,3.4488475,842.0367,1267.7379,42572.215,10.65898,0.06918409,0
"Context:
The newest study didn’t just drop results; it also included a backlink to the earlier piece that shaped the conclusion. In parallel, the update on the agreement process said the paperwork was still under review and progress was slow. I asked around in an online community and got directed to resources that made the background readable. I added the source to my feed subscriptions so the next release would show up instantly. Someone mentioned their birth year, 1992, and used it to explain why the older references felt familiar.",63.68884,4.1540093,930,9.787497,0,439.76993,2201.1794,366.0918,357.2877,101,75,65,0.9901960784216647,4.202396,4.3853416,5.0052977,951.7326,2145.9297,44416.76,10.701395,0.7350656,1
"Context:
The invitation includes the wedding year in bold, because the date is the whole point of the event. A short paragraph also links back to earlier updates about planning so guests can catch up. Family members kept referencing the year when booking travel. The backlink saved everyone from repeating the same information.",69.2382,4.2375526,710,8.625,0,403.9516,1223.046,246.1728,328.0218,62,55,46,0.9687499999848632,3.9621778,3.9662364,3.0277045,900.1431,1173.7661,25045.0,10.128469,0.22381473,0
"Context:
The review started with a quick snapshot of the service and why I tried it. In the first few sentences, I explained the signup process and whether it matched the promises on the homepage. The beginning included my initial impression before any deeper pros and cons. That opening set the mood for everything that followed.",34.089935,3.5290022,296,7.625,1,445.84286,1405.2306,252.90465,374.53458,75,65,55,0.88235294116609,4.1071887,4.1705904,3.1518517,877.2858,1155.4293,33438.215,10.417484,0.26559228,0
"Context:
The itinerary lists the museum as stop one, the bakery as stop two, and the lighthouse as stop three, and I kept that sequence in my pocket. Under the lighthouse platform, there’s a sheltered nook where you can watch waves without getting sprayed. I sat there for a while, listening to the wind scrape the railings. When I finally climbed back up, the view made the careful ordering feel worth it.",34.42799,3.5388699,561,8.96875,0,411.29456,2201.1794,381.5636,308.52304,79,69,64,0.9753086419632677,4.1807203,4.0873466,5.351832,1170.9465,2158.0847,32492.27,10.388788,0.39290375,0
"Context:
The community center posted dates and times for a weekend workshop and added a recipe card for the shared lunch. The card listed ingredients and a simple cooking method for soup. Volunteers cooked in shifts so the food would be hot at noon. The timing and the meal plan kept everyone calm.",46.407455,3.8374603,70,7.568749,0,963.5918,3742.8328,701.4453,758.016,145,142,138,0.9931506849247045,4.944443,4.7404623,3.8842516,2214.6392,3448.2004,139720.81,11.847408,0.32649842,0
"Context:
The singer’s new tour sold out in minutes, and scalpers couldn’t keep up. Reviews praised the performance as if it were a different era of their career. Even casual listeners knew the chorus from short clips online. It was popularity backed by real delivery on stage.",55.25941,4.0120387,989,11.012499,1,348.01303,1172.736,205.46951,280.80264,74,63,46,0.9367088607476366,4.0838532,4.1608863,3.3698046,775.3835,1064.787,25752.965,10.156343,0.38053983,0
"Context:
Before listing any specifics, I opened my review with a short story about the first day using the product. I described the packaging, setup time, and the moment I realized it might be worth the money. The initial paragraph made my verdict feel earned rather than random. After that, I got into the finer points.",35.830616,3.5788028,551,6.890625,1,428.65054,1431.9968,303.56543,342.65573,70,64,57,0.9999999999857142,4.1098657,4.049434,3.3407092,1266.8817,1380.7539,30005.54,10.309171,0.51105464,1
"Context:
A familiar brand sponsored the livestream and the company name sat in the corner. The presenter explained how they use online marketing to increase traffic and earn backlinks. My account page showed a short description of a system fix that had just rolled out. The stream page showed the date and a countdown to the start time. I cooked a quick noodle recipe during the waiting screen.",79.08533,4.3705273,113,9.5625,0,881.88684,3742.8328,670.59076,616.22253,185,181,175,0.9893048128289342,5.190381,4.97159,4.244119,2114.1978,3257.7595,163149.06,12.002426,0.10166812,0
"Context:
The brochure listed the stadium address, the start time, and the seat numbers for the tournament final. A settlement letter in the same folder carried a case number, a payment amount, and a deadline date in bold. The report began with We and then dropped a number into the first paragraph like a marker. In the lab, he inspected gene expression profiles from brain samples alongside profiles from a cell line control. He finished by recording a headline title, an author name, and an edition number in his notes.",49.894104,3.9099028,390,8.375,0,653.8833,3657.6853,614.432,428.77917,136,126,117,0.9999999999926471,4.7903347,4.5848875,5.5937896,2046.3047,2951.0237,88928.125,11.395595,0.6215433,1
"Context:
In the meeting room, I sat to the right of the presenter and directly in front of the screen, while the manager took a seat behind me. The slide deck’s first page acted like the beginning of the document, with a title and a single sentence that set the agenda. As the presenter spoke, she kept pointing to where items were positioned relative to each other on the diagram. The spatial cues made the plan easier to follow.",19.085821,2.9489458,198,6.59375,1,710.31213,3742.8328,595.0719,470.76752,180,167,158,0.989010989005555,5.0870223,4.8986454,5.269279,1892.9895,2437.977,127856.19,11.758669,0.87842,1
"Context:
They treated the plan as covering every circumstance, from best case to worst case. At the same time, they accepted any amount of feedback during testing, even harsh notes. Most suggestions led to small changes, but together they shaped the entire product. By launch, it felt finished.",50.49211,3.921817,549,8.799998,0,388.42935,1347.0193,248.39378,302.8147,82,73,60,0.9761904761788548,4.2545652,4.2358804,3.4678614,931.3216,1302.4851,31851.207,10.368862,0.3631012,0
"Context:
My cousin called from Raleigh, North Carolina and said the whole city was getting ready for the weekend festival. I drove in early to beat traffic and parked near the courthouse. The sidewalks were already crowded with people carrying folding chairs. When the first band started, the sound echoed between the brick buildings.",23.498753,3.1569474,294,5.6718745,1,427.91504,1347.0193,266.03247,336.24936,77,69,65,0.987179487166831,4.174976,4.1783133,3.1478662,966.8432,1305.2341,32949.457,10.4027605,0.29508814,0
"Context:
She used a short reference to the earlier paragraph to remind readers where the argument began. He then clarified what was mentioned about responsibilities, repeating the line that had already become known across the team. The discussion was handled as formal communication, with each statement written down before the call ended. They also revisited prior events that had led to a policy change, which made the reasoning feel less theoretical. To wrap up, she attached the information previously displayed on the shared screen so the numbers were in everyone’s inbox.",67.96952,4.2190595,344,8.662499,0,431.06293,1347.0193,252.55768,361.24542,98,85,77,0.9607843137160708,4.385054,4.433905,3.1248782,961.3689,1293.6882,42244.168,10.651245,0.049064,0
"Context:
Our team met at a co-working space above a busy bank branch, where the elevator opened into a room full of whiteboards. A manager from another department stopped by to discuss budgets and hiring plans. We negotiated desk space, project deadlines, and who would handle the client invoices. By the end, my notebook was full of numbers and follow-up tasks.",27.40737,3.310812,1039,7.5,1,382.14954,1343.1863,238.3619,314.3634,55,47,36,0.9821428571253189,3.7961774,3.8564832,3.5148187,793.88745,1295.1783,21018.225,9.953193,0.83726215,1
"Context:
The quoted excerpt started with a direct line of dialogue that sounded like trouble. The first few sentences gave me a voice, a mood, and a sudden turn. It didn’t waste space explaining the world outside the snippet. The opening did its job and left the cut-off feeling sharp.",67.88544,4.2178216,1242,10.431249,1,370.71136,916.34235,154.50296,343.51413,55,46,36,0.9999999999818182,3.7457666,3.9266787,2.4718482,638.50336,849.925,20389.125,9.922806,0.36127284,0
"Context:
The candidate’s political success was built on genuine popularity, and her platform promised societal impact in schools and health care. Every town hall filled up, and local newspapers tracked the shift in public mood. After the vote, new programs launched and people noticed the changes in daily routines. The victory speech leaned hard on what the policy would do next.",69.7819,4.2453747,1120,8.974999,0,351.7226,1576.633,267.67557,241.14609,40,36,33,0.9999999999750001,3.537169,3.4739885,4.482604,684.8555,1334.1893,14068.903,9.551793,0.9106229,1
"Context:
The brand name came up during a call, and I wrote it into my notes. Their site promised better online reach through content and backlinks. I logged into my account to read the course description on crisis communication tools. The course calendar showed the date and time for the next live Q&A. After work I cooked a salmon recipe with lemon and dill.",57.715477,4.0555253,107,9.0,0,754.69244,3742.8328,577.00244,583.26306,170,154,148,0.9883720930175095,4.9697323,4.886997,4.9594145,1885.2965,2470.0134,128297.72,11.762116,0.11101131,0
"Context:
The afternoon meeting started with a decision: no more half-fixes, they would begin again from scratch. To mark the reset, someone set out fresh bread and a bowl of crisp salad that actually tasted new. The simple meal made the room feel lighter, like a fresh start you can chew. They left with a plan that felt newly made.",59.604317,4.087728,1140,7.962499,0,348.9644,1190.572,194.71098,289.85385,63,53,39,0.9843749999846191,3.9230876,4.0151176,3.4117286,790.1535,989.91486,21984.756,9.99815,0.8934667,1
"Context:
We’re happy you stopped in today, and we can get you set up in a few minutes. We’ll take a look at the issue, explain what we find, and suggest the fastest fix. If you’d rather not wait, we’ll book a time that suits your schedule and send a reminder. Before you leave, we’ll make sure everything works the way you expect.",9.830607,2.2855008,987,4.8593745,0,379.3151,1416.2394,245.63795,306.33377,106,51,36,0.9906542055982182,3.3312535,4.494619,3.733676,853.6223,1367.3612,40207.4,10.601831,0.9867402,1
"Context:
He said the only reliable path to more visitors was a mix of SEO cleanup and stronger backlinks. In the same breath, he mentioned an advertising service that could test keywords quickly. The team wrote down exactly what he said, then compared it against the dashboard later. The statement about what was mentioned became the plan for the next sprint.",94.66668,4.550362,922,8.862499,1,419.42172,2201.1794,367.6216,323.95648,95,70,52,0.9999999999894736,4.1031528,4.300396,5.248129,1047.5907,2149.2446,39845.062,10.592779,0.7570586,1
"Context:
At dawn on Saturday, the streets are empty, but by midday they fill up fast. I spent three hours cooking, tracking the simmer in minutes so I didn’t burn anything. The whole routine repeats each weekend when I have time. By night, the leftovers are labeled with the date for next week.",50.625793,3.9244611,809,9.4,0,402.7779,1142.2593,226.78587,330.2626,57,43,32,0.9827586206727111,3.6506977,3.9031541,2.8359532,800.55536,1094.4207,22958.34,10.04148,0.4723843,1
"Context:
He held up three fingers to make his point, but his voice cracked and the room went quiet. Heat rushed into his face, and he could almost see the embarrassment as a deep crimson in his thoughts. His hands wouldn’t stop fidgeting, tapping out small counts on the table edge. When someone nodded kindly, the tightness in his chest loosened.",33.29127,3.5052953,494,8.343749,1,444.83844,1520.6958,306.41928,349.2799,69,62,52,0.985714285700204,4.085885,4.038468,3.4185352,1108.0889,1458.4324,30693.852,10.33185,0.7495427,1
"Context:
A printed list covered properties with locations and times, including an address in Aarhus and a 09:15 viewing slot. She carried it into the meeting and added two more entries with unit numbers in the margins. The schedule made the day feel like a puzzle of places and digits. By evening, the list was creased but complete.",90.89682,4.509725,630,10.143746,0,425.66705,1413.0588,304.56207,327.30356,41,34,29,0.9999999999756098,3.4641254,3.5088158,3.3196342,1174.8494,1357.1846,17452.35,9.767287,0.82304263,1
"Context:
A scientific summary popped up with a link to earlier content, so I read both to understand the final conclusion. The comment section drifted into updates on a formal process, with people tracking whether the agreement had moved past review. In a small online community, someone shared a resource page that answered most of the practical questions. I subscribed to the feed so I’d catch the next publication as soon as it landed. In the middle of it all, a user mentioned their 2001 birthday and tied the year to a personal memory of the event.",49.922173,3.9104652,332,9.0625,0,614.5939,3657.6853,601.22504,426.40668,121,111,100,0.9999999999917355,4.668248,4.457784,5.951386,1836.0679,3049.835,74365.86,11.216765,0.31868076,0
"Context:
The real estate platform kept pushing a sponsored listing, complete with share buttons for every social site. It described the home as elegant and ideal for holiday hosting. I clicked through the photos and noticed the staging was basically a photo shoot. The marketing made the house feel like an event.",57.288586,4.0481014,939,9.012499,0,461.3826,2201.1794,358.24078,373.02966,74,58,47,0.9736842105135041,3.9643798,4.0893817,4.7708325,954.2779,2160.8472,34142.312,10.438322,0.14169507,0
"Context:
A travel review compared three hotels and gave each one a ranking number. She mentioned the neighborhood, the nearby metro stop, and the late-night check-in time. The summary added how many nights she stayed in each place. The details read like a small ledger of locations and durations.",54.94648,4.0063596,1157,8.875,1,373.6354,1172.7709,235.37561,291.79346,42,38,28,0.9999999999761906,3.6056416,3.5713627,3.1388109,855.77826,1080.4707,15692.6875,9.661014,0.59158343,1
"Context:
I had total certainty the answer was correct, so I signed the form without rereading it. The confidence wasn’t bravado; it was the calm feeling that nothing could surprise me. A friend slid a notebook over and asked me to pick a paint color for his room. I chose a simple pair of colors and told him to trust the contrast. He nodded like the decision had already been made.",34.35308,3.5366917,467,8.337496,1,375.91153,1347.0193,257.67184,291.99396,129,104,87,0.962686567156995,4.5192347,4.674452,3.5833414,976.2164,1314.3007,48492.586,10.7891865,0.591849,1
"Context:
Right at the start, the text offers a clipped introduction, the kind that could be the first paragraph of any article. It immediately drops a tiny excerpt from a famous speech, and the quoted passage begins with a line that feels like a hook. After that, the author returns to their own opening section and builds from the snippet. The piece reads like it was assembled from beginnings stacked on top of each other.",31.94441,3.4639971,285,6.46875,0,662.389,3657.6853,615.9927,440.62122,128,110,102,0.9846153846078107,4.600731,4.5262995,5.52196,1954.5012,3003.723,84785.79,11.347895,0.4357771,0
"Context:
The sprint board showed the wiki migration task as blocked, and the database sync item sat in review. I updated the status comment so the next person wouldn’t repeat the same steps. Across the room, someone was glued to a match recap, rattling off teams and leagues as if it were a second language. The office got louder every time a goal replay appeared on the screen. I kept typing until the ticket moved to done.",61.017006,4.1111526,626,10.224999,1,398.28928,1245.2246,257.35562,306.74158,47,42,37,0.9791666666462674,3.7026694,3.6759377,3.126433,985.45325,1158.9965,18719.596,9.837379,0.6668718,1
"Context:
He spent Saturday cleaning up broken links and rewriting page titles to match what people actually searched for. On Monday, he pitched a guest post to an industry blog to earn a backlink from a credible site. He also paused the broad ads and shifted the budget to a narrow set of keywords that matched the landing page. By the end of the month, visits from search had climbed steadily.",34.575726,3.5431519,1057,8.456249,1,380.94818,1536.2136,220.28618,320.99063,65,55,47,0.9848484848335628,3.931734,4.0386257,4.032605,735.20013,1111.0071,24761.63,10.117091,0.12651654,0
"Context:
I sat between two friends, with one person in front of me and another behind my chair. The seating chart showed everyone’s location relative to the stage and to each other. When the lights dimmed, the person behind me whispered the punchline early. Even so, the layout made the night easy to navigate.",24.39567,3.1944058,958,7.03125,0,321.22574,1326.3381,238.6734,281.85562,36,31,29,0.9729729729466765,3.376443,3.385533,4.128991,679.70544,1232.0115,11564.127,9.355749,0.706635,1
"Context:
On our itinerary, the café is the third stop, right after the museum and before the harbor. We only have two hours there, so I wrote the order of places in my notes to keep us moving. If we miss that slot, the next opening isn’t until the evening. The guide keeps repeating the sequence so no one wanders off.",26.123722,3.2628438,787,6.3937497,1,322.71918,1112.2542,152.9275,302.15552,90,63,44,0.9677419354734651,3.9588556,4.4043674,3.4465077,615.8555,736.7863,29044.727,10.276627,0.18587652,0
"Context:
Riverside Stadium changed its gate layout after an audit showed disabled supporters couldn’t access the south entrance without stairs. The committee chair said the venue was known as the city’s “old bowl,” and that reputation shouldn’t excuse poor access. They added tactile paving and an assisted-listening system, then retested the routes on a matchday. By the end, even the skeptical board members admitted the name carried responsibility as well as tradition.",79.17376,4.371645,367,10.387501,1,531.5319,2604.0457,448.86792,374.44897,120,98,83,0.9999999999916667,4.446005,4.5135946,4.8991337,1465.1675,2164.613,63783.83,11.063271,0.061093837,0
"Context:
The report began with We and a brief statement of purpose. Right after that came a number that signaled a count or a step. She appreciated the straightforward start because it made the rest easier to navigate. The first lines felt like a clean handshake.",97.77689,4.5826883,581,9.962498,1,366.492,895.57404,200.98604,317.872,32,30,26,0.969696969667585,3.3790927,3.3291676,2.4436386,756.17505,878.02374,11727.744,9.369798,0.16706103,0
"Context:
He reviewed the plan from the beginning, starting with the website creation checklist. Even the minimal amounts of downtime during the launch were tracked and explained. Backlink strategies were added later, but the intent was to make the online presence entire. By the end of the week, the rollout was complete.",59.052357,4.0784245,54,9.61875,1,947.4041,3742.8328,702.4031,692.9717,145,140,135,0.9863945578164192,4.9253216,4.735466,3.950619,2214.6392,3448.2004,137373.6,11.830466,0.3179306,0
"Context:
He wrote a general guideline for handling customer issues and then tied it to initiation steps. Each time a new ticket arrived, the same routine started again, keeping the response consistent. The aim was a complete service experience, not a patchwork. Repetition turned the process into something dependable.",77.37914,4.348717,722,8.4375,0,322.81158,1048.7462,182.13834,277.28223,43,38,30,0.9999999999767443,3.600003,3.632842,3.2487874,702.4982,929.2209,13880.898,9.538341,0.68262064,1
"Context:
We circulated the findings with a short conclusion, then immediately added a note about where the approval process stands. The committee wanted the results preserved even if the agreement is not finalized yet. One reviewer only read the conclusion, while another tracked the workflow stage line by line. Both sections stayed in the final draft.",77.11835,4.345341,333,9.137497,0,711.00885,3657.6853,645.9486,485.64557,96,87,77,0.979591836724698,4.414492,4.253275,5.1443596,2046.3047,3205.3884,68256.85,11.131048,0.10371312,0
"Context:
The sports ticket showed the venue address, the start time, and the row and seat numbers in bold print. A financial statement behind it included dates, totals, and a percentage that she circled. The report began with I and a number that marked the first result without any warm-up. She compared gene expression profiles from brain samples to profiles from a cell line control to confirm a cluster. Before leaving, she saved a news story by headline title, byline name, and archive identifier.",77.97889,4.356438,56,9.3125,0,872.73334,3657.6853,661.81476,599.5149,151,144,135,0.9437499999941016,4.9438343,4.7668705,4.1910686,2089.8953,2936.3237,131782.73,11.788918,0.5712052,1
"Context:
I clicked the file and the opening lines appeared immediately under the bold header. A tiny footnote is placed after the headline and below the introductory sentence, almost like an afterthought. The first page is clearly the beginning of the document, with nothing but a brief setup and a single table. When I scrolled, the rest of the report finally started to unfold.",35.427147,3.5674784,109,7.3999996,1,722.319,3742.8328,588.8371,495.82892,171,161,150,0.9999999999941521,5.045962,4.8617997,5.18169,1884.5798,2466.8098,123516.55,11.724138,0.5069336,1
"Context:
Her notes started with a pronoun and a single number that signaled the first step of the plan. She cross-checked a legal letter that included a court date, a statute section, and a payment amount. The travel page in front of her listed cities, hotel room counts, and the time of check-in for each stop. On the screen, gene expression profiles from brain tissue formed clusters beside smoother profiles from a cultured cell line. She finished by logging a publication title with an author name and an issue number in her citation list.",63.4823,4.150761,1145,9.124998,0,398.04544,1285.8801,293.20993,294.03406,48,42,36,0.9999999999791668,3.6979146,3.6582558,3.230486,1203.58,1275.726,19106.182,9.85782,0.4913175,1
"Context:
The repair shop offered a service plan, but the fees added up fast once you included labor. He compared two providers and noticed one hid the extra charges in the fine print. The cheaper option came with slower turnaround, which made the bargain feel less real. By the time he left, he cared more about predictable costs than flashy promises.",61.650475,4.121481,621,9.206249,1,383.27734,2145.9297,286.66348,296.77176,102,86,70,0.9714285714193197,4.3642645,4.427751,5.598895,759.68097,1539.0905,39094.29,10.573757,0.1600229,0
"Context:
The previous week’s mistake still shaped how they approached the new task. He remembered the earlier delay and built in extra time so it wouldn’t happen again. What came before wasn’t dramatic, but it was enough to change habits. By Friday, the team moved faster because they learned from the prior setback.",36.170044,3.5882313,1180,6.8374996,1,396.32364,1318.8428,217.43286,365.34872,53,43,36,0.9814814814633059,3.6564138,3.8402252,3.3276918,753.31824,1098.2246,21005.152,9.952571,0.58888036,1
"Context:
Most evenings, he practiced for some amount of time after dinner. Any amount counted, even ten minutes on busy days. The streak lasted through winter and into spring. He felt proud that he kept going.",51.939453,3.9500787,730,9.137501,1,369.35315,1488.8229,263.99292,267.81958,64,49,34,0.9846153846002367,3.7824728,3.9558697,4.030893,857.5893,1255.1152,23638.602,10.070679,0.94900894,1
"Context:
Our partnership contract moved from “negotiation” to “finalization,” and that change alone calmed the whole team down. The vendor requested one more amendment, so the document went back to the committee. In the weekly update, the project lead said the process is on track despite the extra round. We’re waiting on a formal vote before anything becomes binding.",37.673065,3.6289454,1199,7.0562496,1,354.71948,1056.8333,205.67383,291.7308,64,52,39,0.9696969696822773,3.8435078,4.0134606,2.979349,753.623,1020.10974,22702.047,10.030254,0.9283973,1
"Context:
The article began with, We watched the final whistle, and then it moved straight into the story without a long preface. Later, a sidebar added the title, the reporter’s name, and the piece number assigned by the newsroom system. He reread the opening line and kept it simple. The finished page looked clean and easy to scan.",41.410675,3.7235386,485,7.9937496,0,456.25635,1520.6958,315.95755,330.13168,75,65,58,0.9868421052501731,4.1071887,4.117559,3.332985,1166.4952,1452.9386,34219.227,10.440572,0.18117139,0
"Context:
At all times during the trip, the tracker recorded our location. It kept notes about conditions and how we responded. The report later described every stage of the route. Reading it felt like reliving the entire day.",46.66592,3.8430142,919,7.109375,1,476.5027,2201.1794,457.13202,346.5454,42,40,38,0.9767441860237968,3.6716557,3.4293265,4.6194477,1523.0569,2178.527,20013.113,9.904193,0.75102204,1
"Context:
The learning platform required every student to activate an account before the first lesson. Each subject had a short description, and the dashboard showed what to study next. When the system rolled out a new automation script, it assigned modules to everyone overnight. By morning, the subjects and descriptions were organized under each account.",57.818245,4.0573044,589,9.162498,0,367.74164,846.5815,155.18004,337.6568,32,31,28,0.9999999999687501,3.422414,3.3848085,2.3021092,659.4502,796.32117,11767.732,9.373201,0.09897073,0
"Context:
The night before the trip, I set alarms in minutes so I wouldn’t oversleep, then added backup times just in case. In the morning, the last seconds before departure felt loud, like the house was counting with me. The afternoon flight delay forced me to reschedule next week, and I pushed one goal into next month without fighting it. I checked the calendar and saw plans stretching into next year, and it made the whole week feel small. When the weekend finally arrived, I slept through an extra hour and let time do what it wanted.",30.262049,3.4098945,588,7.478124,0,383.98663,1319.4877,251.43005,292.16556,110,93,71,0.999999999990909,4.442003,4.519553,3.4362848,909.96094,1284.6326,42238.53,10.651112,0.5242576,1
"Context:
It started with a detective noticing that every clock in town lagged by the same seven minutes. We provide background checks, and we can start the paperwork as soon as you confirm the names. We appreciate you being careful with details before taking action. We’re hopeful our findings will give you a clear next step.",63.588852,4.152438,668,8.975,0,326.77386,732.155,154.02167,275.25616,76,58,50,0.9743589743464826,3.9147568,4.227695,2.2405555,611.9907,723.7967,24834.814,10.120042,0.20942636,0
"Context:
The subway platform stretched below the overpass, and trains groaned as they pulled in. I kept my tasks in order, buying the ticket first and then checking the timetable before heading down the stairs. At the station, a kiosk sold newspapers and offered directions to local events happening in the area. While waiting, I read the technical specifications on a pair of earbuds, trying to decide if the noise cancelling was real. Later I cooked a spicy stew from a recipe that made my eyes water in the best way.",31.898113,3.4625468,1072,6.9249983,0,338.0215,878.23254,156.90569,321.68033,62,54,46,0.9841269841113631,3.9313786,4.028402,2.598156,641.2481,789.7622,20957.334,9.950292,0.14977792,0
"Context:
He circled back to the earlier explanation and used the same wording so no one would miss the connection. The mention of the first deadline made the revised timeline feel grounded. Even the joke from the opening line reappeared, softened, as a nod to what came before. The thread held because each return was subtle and timed.",100.11794,4.606349,949,9.375,1,413.2142,1056.8333,204.11058,363.5917,43,39,33,0.9999999999767443,3.6322424,3.6485984,2.5575914,764.54663,990.676,17768.21,9.785222,0.880832,1
"Context:
We’re happy to assist and we greet each guest at the door, offering to carry bags and answer questions. In the same week, the company’s marketing strategy paid off, driving business success and noticeable growth. We refill coffee, we reset passwords, and we keep the lobby calm when the line gets long. Before closing, we thank everyone for stopping by and invite them back.",33.181816,3.502002,464,6.03125,1,382.59903,1502.8628,281.5768,276.4851,92,78,66,0.9892473118173198,4.2241144,4.3069096,3.928036,954.219,1361.0452,35199.11,10.468804,0.60878754,1
"Context:
During the hike, they followed the sound of rushing water through the trees. A small waterfall appeared, bright as glass in the sun. They filled their bottles and sat on wet stones. The stream kept talking even when they were silent.",31.528399,3.4508886,813,7.190625,1,448.62,1249.708,287.4297,339.7596,37,35,27,0.9999999999729731,3.535983,3.4320974,2.7856715,1073.9185,1211.0265,16598.94,9.7171545,0.7561651,1
"Context:
For years, my grandmother has insisted that we eat together on the first day of the year. We meet at her apartment above the bakery and stay for several hours. The tradition spans decades, and she talks about it like it’s measured in lifetimes. By night, the table is still crowded with plates.",20.964489,3.04283,1124,6.3499994,1,319.66156,1576.633,195.54364,292.96323,63,54,42,0.999999999984127,3.928481,4.0168815,4.932195,502.7017,1077.3835,20138.678,9.910447,0.19012028,0
"Context:
A press summary listed titles and issue numbers for the week’s releases, including one item flagged for review. Right beside it sat a sheet of dates and numeric references from the licensing agreement. She compared the agreement date to the release number and caught the inconsistency. The legal team thanked her for noticing before publication.",85.48557,4.4483476,767,10.1,0,395.76904,1338.4359,268.75916,289.2416,33,31,24,0.9999999999696971,3.4124906,3.3165317,3.381861,911.30066,1307.5032,13060.379,9.477415,0.401385,0
"Context:
Opening the file, a short memo appears first and sets the tone for the whole project. In the first two sentences, the author admits the team is behind on current trends and still has not enabled the new subscription features everyone else already uses. A line break later, a dated changelog sits below the title, after the author list. Before you reach the second paragraph, you already know what the file is about.",51.70407,3.9455366,803,9.174999,1,393.1798,1142.2593,216.93669,333.14178,80,64,55,0.987654320975461,4.056164,4.243401,2.905183,767.1107,1074.7727,31454.385,10.356325,0.17465496,0
"Context:
A new scientific post summarized results and linked back to a prior entry so the conclusion wouldn’t feel abrupt. During the afternoon meeting, we discussed the agreement process and why the status remained “in review.” I asked an online community for resources and got a set of links that clarified the practical steps. Instead of cluttering my inbox, I used a feed subscription to follow future announcements. Later, an anniversary year—2000—showed up on a graphic someone shared, tying the whole thread together.",74.6385,4.3126564,1119,8.95,0,422.51306,2201.1794,320.7216,354.12787,98,82,67,0.9999999999897958,4.3391485,4.391381,5.209731,861.9757,2147.5872,41406.28,10.631212,0.07559892,0
"Context:
For the stew, brown the beef, add onions, then pour in stock and let it simmer. It needs 90 minutes on low heat, and I usually start it in the late afternoon. While it cooks, I chop parsley and taste for salt. By night, the sauce thickens enough to coat a spoon.",17.855917,2.882335,732,5.1499996,1,445.73776,2176.0544,333.3372,341.83484,75,55,43,0.9868421052501731,3.7554967,4.1038933,4.881916,970.9273,1712.9457,33430.332,10.417249,0.8689505,1
"Context:
The post wondered if the product works on older devices and ended with [[https://app.example.org/compat](https://app.example.org/compat)]. In a reply, someone shared a help link that ended with a slash and picked up a comma right after it in the sentence. A few readers clicked the broken version before the typo was fixed. The brackets were neat, but the punctuation around the other URL was messy.",53.848938,3.9861827,1066,9.0,0,343.3296,1703.1189,274.09152,257.26788,66,54,42,0.9999999999848485,3.8917642,3.9747217,4.9605947,738.99347,1624.6063,22659.754,10.02839,0.859778,1
"Context:
At the bistro, the chef described the dish as a rich culinary experience built around roasted tomatoes and basil. The waiter added that the dessert was beautiful and perfect for the holiday crowd. I ate slowly, noticing how the words made the meal feel bigger than it was. Walking out, I kept thinking about flavor and praise in the same breath.",37.759773,3.6312444,513,8.5625,0,429.511,1661.1953,316.2213,322.01813,51,40,34,0.9999999999803922,3.5681968,3.725859,3.867643,1175.1814,1506.0957,21905.06,9.994518,0.23367083,0
"Context:
On the first day of the year, my family insists on an early lunch. We stay for several hours, but we talk about the tradition as something that has lasted for decades. The gathering repeats every year without negotiation. By night, the day feels both ordinary and strangely ceremonial.",36.256756,3.5906258,1247,7.118749,0,312.86163,586.6358,116.18366,299.57928,43,40,32,0.9999999999767443,3.6644816,3.6923227,1.8750647,494.32806,574.6617,13453.051,9.507035,0.8133563,1
"Context:
Before adding charts, I fixed the beginning of the document so the first page didn’t feel like a rough draft. I followed it with an opening that acknowledges how the study crosses diverse scientific fields. In the supporting materials, I included the beginning of a text excerpt as a short quote, keeping it self-contained. Then I wrote the beginning of a product review section based on our trial, and I tightened the beginning of the text for clarity.",44.321857,3.791478,802,8.1875,0,407.38864,1142.2593,218.44362,322.06552,63,53,46,0.999999999984127,3.8624673,4.0144215,2.8038566,765.8273,1089.2952,25665.484,10.152942,0.11912692,0
"Context:
During the Aarhus University conference, the Wi-Fi kept dropping every few minutes and presenters had to switch to offline slides. The vendor’s support line talked about risk mitigation and promised a patch by morning. Lawyers for the venue double-checked the contract language about liability for interrupted service. The whole day became an event tied to a specific name and a pile of operational headaches.",96.952866,4.574225,170,11.224997,1,806.79297,3742.8328,656.3289,558.64185,220,200,186,0.9954751131176676,5.2514715,5.114256,4.639149,2053.4414,3088.3845,177494.45,12.0867,0.36824125,0
"Context:
Aurora Park Stadium introduced new wheelchair spaces and companion seats as part of its accessibility project for disabled fans. The club combined its own funds with a financial support program that rewarded community-focused renovations. Contractors provided a clear breakdown of product specifications for the modular ramps and the upgraded gate hardware. To attract more visitors, the communications team boosted website traffic using backlinks, search optimization, and a short burst of advertising. Afterward, positive reviews described a welcoming atmosphere and a far smoother entry process.",86.977425,4.4656487,1000,10.0625,0,596.3869,3110.388,554.2103,417.54855,75,53,42,0.9999999999866667,3.8089995,4.0037,5.2153864,1806.5568,2682.1672,44729.016,10.7084,0.058473594,0
"Context:
We hit a technical snag during deployment, and the risk review turned into a long call with legal and operations. The hotel we booked for the offsite was spacious and surprisingly good value, which softened everyone’s mood when we arrived. On the lobby TV, a minister was arguing with an opposition leader about a new policy, and the captions made it hard to ignore. I slowed down and read the incident timeline carefully, making sure I understood the sequence before I spoke. Later, we tweaked the product’s onboarding flow with clearer prompts and a more helpful confirmation screen, and the room finally felt optimistic again.",41.20349,3.718523,649,8.862499,0,438.02737,1576.633,284.56033,363.5553,100,85,71,0.9900990098911872,4.3867607,4.4379287,3.5993936,906.05365,1573.3821,43802.74,10.687474,0.09175231,0
"Context:
He started from the beginning and checked even the minimal amounts of missing data. A tiny gap could turn a partial picture into a misleading one. After filling the holes, the dataset became entire. Only then did he trust the conclusions.",76.41484,4.336177,342,9.075,0,406.55035,1347.0193,259.25687,322.4523,90,77,68,0.9890109890001207,4.2687607,4.3265934,3.3132896,961.73956,1298.0867,36589.53,10.5075445,0.21226533,0
"Context:
She couldn’t merge the change until the implementation notes were added to the wiki and the database table names were consistent. In the hallway, she overheard someone claim poor people just need a better mindset, and she clenched her jaw. They installed the full version of the software, and her manager spoke with absolute assurance about the rollout. When the system lagged, she counted how often it slowed and how long the delays lasted each time. Only then did the task status feel meaningful.",66.62822,4.199128,538,9.162499,0,409.31287,1429.132,273.7848,337.4553,93,76,60,0.9789473684107479,4.231755,4.347598,3.4915392,1063.2903,1315.9794,38066.098,10.547106,0.7914504,1
"Context:
The meeting was held at CERN, and even the hallway posters felt like announcements for discoveries. We walked along the Seine and listened to a street violinist near Notre-Dame. At Wembley, the roar started before the players even reached the tunnel. That night I fell asleep replaying the sounds of the stadium in my head.",58.482807,4.0687327,220,11.049999,1,789.2905,3742.8328,628.2191,566.03613,144,141,136,0.9795918367280301,4.9372983,4.691511,4.7420216,1956.3857,2553.3079,113657.836,11.640957,0.8255168,1
"Context:
New graduates arrived early, and a tray of fresh pastries and cold drinks waited by the door. The air smelled clean, like someone had just washed the floors and opened every window. When a rumor about job placements started, one alum corrected it with the real numbers and the official email. They decided to reset their networking plan and begin again with a smaller, clearer goal. Later they walked to the lake and watched water ripple under the wind.",56.70521,4.037866,599,7.0625,0,416.89822,1347.0193,268.4549,328.5747,66,60,51,0.985074626850969,4.042623,4.014794,3.2310505,979.7313,1311.282,27515.283,10.222533,0.568257,1
"Context:
Rather than giving out my email, I used a feed subscription to follow the blog. The reader groups it with my other sources, so I can skim quickly in the morning. When a post is irrelevant, I mark it read and move on. The whole routine is simple and surprisingly satisfying.",35.84505,3.5792055,677,6.78125,1,458.59204,1576.633,324.704,329.71182,49,42,41,0.9999999999795919,3.642717,3.6925313,3.437986,1122.4719,1560.5366,22471.01,10.020026,0.47977057,1
"Context:
The laptop listing spelled out the details: a 14-inch display, 32 GB of memory, and a 1 TB SSD. I compared the processor model and the ports because I needed two USB-C connections for my setup. The battery rating mattered too, since I’d be using it away from outlets all day. After reading the specs twice, I finally understood why the price was higher than the others.",19.523365,2.971612,545,6.3812494,1,382.69043,1766.8228,290.14822,289.33002,117,86,75,0.999999999991453,4.219874,4.544993,4.6168456,999.86914,1541.1672,44774.78,10.709423,0.2955559,0
"Context:
He referred back to the opening scene, pulling a detail forward so the new section felt connected. When someone asked about the wording, she repeated what had been said, keeping the terms consistent with what everyone already knew. The conversation stayed formal, and each statement sounded like it belonged in a record rather than a hallway chat. They recalled a prior episode that made them cautious about promises. Before leaving, he opened the document containing the information previously provided and pointed to the exact line.",54.877537,4.005104,405,8.456249,0,391.84366,1347.0193,227.74168,342.5959,115,100,83,0.9913793103362811,4.5423546,4.603204,3.4376447,855.3791,1251.597,45062.02,10.715817,0.22543031,0
"Context:
The webpage for the event listed the start time in minutes and hours, and a little badge encouraged visitors to subscribe for longer access. She used a color selection tool to grab #FFFFFF and then changed it to a softer RGB white so it wouldn’t glare on mobile. As she worked, her hands cramped and she caught herself squeezing her fingers when she got frustrated. A notification popped up about a league matchup and the two teams’ form lines. By the end, all she remembered clearly were colors and clocks.",51.85565,3.948464,208,8.049999,0,698.04913,3742.8328,579.5535,455.5039,174,169,162,0.9886363636307465,5.116211,4.8714294,5.361847,1882.4302,2272.1497,121460.55,11.707353,0.48019367,1
"Context:
The report states the key findings and then closes with a concrete conclusion. In the comments, someone pasted '/. [https://archive.example.net/results](https://archive.example.net/results)' exactly at the start of their line, as if it were a prompt marker. Another reader copied the address without the '/.' and wondered why it looked different. I left the backlink in place so the earlier context stays one click away.",51.577496,3.9430854,265,9.025,1,656.1491,3657.6853,579.366,445.00116,147,129,121,0.9799999999934668,4.7942305,4.692667,5.5744734,1760.0231,2878.562,96453.92,11.476831,0.17191695,0
"Context:
Engineering mapped the outage to a misconfigured certificate, but nobody pushed a fix until they stopped and assessed the legal risk. The team wrote a mitigation plan, reviewed it twice, and only then changed production. That careful deliberation kept the response calm and structured. Technical issues were the spark, thoughtful processing was what prevented chaos.",176.01906,5.1705923,907,10.874993,0,411.03287,1287.3947,222.57901,332.87274,59,50,40,0.9672131147382425,3.866069,3.948015,3.1320968,825.7094,1055.2006,24250.94,10.0962515,0.4886514,1
"Context:
We’re excited to help you today, and we welcome you to the desk with a quick smile and an offer of assistance. Outside the office, the local candidate is riding a wave of political popularity and promising a visible societal impact if elected. We walk you through the forms, we troubleshoot the login, and we stay on the call until the issue is gone. When you hang up, we send a follow-up message with the steps in plain language.",30.719326,3.424892,661,8.324999,1,340.05112,1347.0193,223.782,278.49518,91,70,53,0.9891304347718572,4.1519513,4.348768,3.9612255,746.337,1297.5369,30944.652,10.339988,0.89991647,1
"Context:
The chef aimed for totality of flavor, balancing salt, acid, and heat across the dish. She adjusted seasonings in small amounts, tasting after each change. A heavy hand would have ruined the whole plate. When she served it, the result felt complete and deliberate.",45.760277,3.8234165,306,7.265625,0,431.41257,1347.0193,269.14642,348.7432,84,75,64,0.9655172413682124,4.2635975,4.2653875,3.1223457,982.0746,1301.3855,36238.656,10.49791,0.60455537,1
"Context:
The birth announcement included the hospital name, the city, the time, and two measurements written in clean numerals. A legal letter on the counter showed a case number, a court date, and a payment amount with a deadline highlighted. The draft began with I and a number that framed the first point in the opening lines. On the screen, gene expression profiles from brain tissue sat next to cell line profiles used for comparison. She filed a news entry with a headline title, a byline name, and an edition number for her archive.",68.46817,4.226369,1159,9.50625,0,433.14398,1568.7738,286.69888,330.41507,58,46,38,0.9830508474409653,3.7034202,3.8857372,3.6218297,962.91,1480.103,25122.352,10.131553,0.8635464,1
"Context:
I met my sister at a small candy shop to buy Easter treats for the kids. On the walk back, she told me our cousin got promoted and moved into a finance role downtown. At home, Dad asked if we should invite the whole family for brunch. I realized I’d spent the morning running errands for both holidays and career news.",38.360058,3.6470168,10,7.5874963,0,504.4529,3657.6853,477.65274,368.22144,75,65,56,0.46874999999707034,4.118696,4.0409575,7.250796,1153.3306,2276.6113,37833.97,10.540989,0.71371716,1
"Context:
She served a refreshing drink and fresh pastries to the new students during the late afternoon session. The room carried a clean scent from recently changed linens. When the conversation drifted into exaggeration, she corrected it with the truth and moved on. They abandoned the complicated plan and restarted with a simple list of next steps. As they left, they passed a canal where water reflected the sunset.",75.19423,4.3200746,147,10.112495,0,718.7214,3742.8328,596.1244,464.83002,174,166,154,0.9942857142800328,5.08735,4.871396,5.207627,1900.4529,2457.199,125057.52,11.736537,0.85636854,1
"Context:
I marinated the chicken with yogurt, lemon, and cumin. After an hour it went onto a hot grill and charred at the edges. I let it rest before slicing so it stayed juicy. We ate it with warm flatbread.",21.322645,3.0597696,289,5.074999,1,418.45633,1347.0193,272.68277,302.6436,73,60,52,0.9480519480396357,3.9641626,4.1117625,3.21902,971.5298,1307.4333,30547.312,10.3270645,0.8755925,1
"Context:
A thriller opened with an elevator that refused to stop at any labeled floor. We run building maintenance, so we checked the control panel and scheduled a safety inspection. We’re glad you reported it immediately, because that kind of behavior can’t be ignored. We’re hopeful the fix is simple and you’ll feel safe riding it again.",36.68055,3.6022465,1005,8.874997,0,386.32385,1348.6053,238.84344,293.12924,105,70,51,0.9999999999904762,4.052339,4.491191,3.4908671,810.2938,1265.8566,40564.004,10.610661,0.5569357,1
"Context:
On Friday morning, I watched the kettle boil and noticed how slow a single minute can be. The afternoon was packed, so I shifted a meeting to next week and set a reminder for the weekend. That evening, I planned the rest of the month, then glanced at a note about a goal for the year. The idea of keeping it up for decades felt absurd, but it also made today’s hours seem small. When the countdown hit zero seconds, I hit send and let the schedule move on without me.",25.611923,3.243058,680,6.4312487,0,433.07083,1576.633,334.77374,339.26376,59,52,44,0.9833333333169445,3.9041936,3.827809,3.6405892,1091.2699,1557.1832,25551.18,10.148478,0.85896134,1
"Context:
The florist trimmed the stems and slid them into fresh water. A faint sweetness rose from the petals, not heavy but lively. She wiped the vase until it shone and stepped back. The arrangement looked like it had just started its day.",56.26419,4.0300584,793,7.1656237,1,333.14886,707.645,130.97467,287.33234,26,19,16,0.9999999999615384,2.8446136,3.1867423,2.1241105,604.26117,689.921,8661.87,9.066801,0.8688282,1
"Context:
The Discord server has a channel dedicated to shared resources, and it is where people drop links to tutorials. Someone wrote '>.' before a web address, so the line started with '>. [https://docs.example.com/start](https://docs.example.com/start)' and looked like a weird quote prefix. A new member thought the symbols were part of the URL and kept getting errors. The community fixed it quickly and moved on to the next resource.",25.81821,3.25108,1031,6.809375,1,325.19318,1479.66,225.60847,226.66385,79,59,52,0.9753086419632677,3.948522,4.1826873,4.550096,738.29584,1032.1383,25690.26,10.153906,0.14880994,0
"Context:
He checked the logs to see how frequently the errors occurred, because it felt constant. The issue wasn’t a single spike, it was a repeating problem that showed up again and again. He measured how long each outage lasted and how far the impact spread across the system. By the end, he had a clear picture of the duration and extent.",21.407585,3.0637453,490,6.8125,1,495.41455,1520.6958,327.76923,390.60272,89,67,57,0.999999999988764,4.094328,4.2935743,3.0695422,1190.7313,1440.1196,44091.895,10.694054,0.08009985,0
"Context:
After the vow, there was a pause, and then the response followed, steady and rehearsed. The incense drifted behind the procession, marking where they had been seconds earlier. He finished the repair, and the smell of oil lingered after the work was done. The sequence made the ending feel longer than the last spoken word.",78.1723,4.3589153,756,10.66875,1,400.33142,1241.9734,206.67827,357.97424,34,32,27,0.9714285714008164,3.4448137,3.4156952,3.1023629,746.1021,1083.0546,13611.269,9.518726,0.5934231,1
"Context:
She started the morning with crisp apples and a cold bottle of sparkling water. The apartment smelled clean after she changed the sheets and opened the balcony door. A friend asked how the interview went, and she answered without polishing the awkward parts. Instead of clinging to the old routine, she rewrote her week from scratch on a blank page. At dusk she walked to the harbor and watched the tide pull at the boats.",27.297195,3.306784,290,6.28125,0,417.64206,1229.3695,257.30255,335.12012,93,85,71,0.9299999999906999,4.413348,4.366086,2.943596,1007.74146,1110.9167,38840.71,10.56725,0.27687532,0
"Context:
They stayed at the cabin for three days, but the storm made it feel longer. Rain returned every few hours, sometimes light, sometimes loud enough to drown conversation. She kept noting how wide the flooding reached and how long the power stayed out each time. The frequency alone was exhausting.",46.565926,3.8408692,233,9.299999,1,867.4174,3742.8328,670.24994,661.96216,186,181,170,0.9841269841217771,5.185668,4.965145,4.3149157,2110.1475,3252.9985,161339.64,11.991273,0.08274756,0
"Context:
I hadn’t kept up with the trend, so my subscription account looked outdated compared to everyone else’s. The update notice appeared after I’d already scrolled past it, and the install link was tucked below the summary. The final confirmation trailed the action like a closing line that follows a formal sequence. When I asked for help, support took responsibility and told me to check beside the profile menu.",59.180275,4.0805883,297,8.649998,0,411.23206,1067.6613,213.20262,358.15424,89,82,74,0.8989898989808183,4.364026,4.3645563,2.5962498,834.9743,995.4382,36599.652,10.507821,0.09346965,0
"Context:
The new gallery was stunning, with soft lighting that made every corner feel inviting. Even the website matched the vibe, clean and polished like a boutique hotel page. Outside, the street decorations made the neighborhood feel festive without being loud. I left thinking the entire visit had been carefully designed to look good in photos.",39.400677,3.673783,323,7.774999,1,664.208,3657.6853,641.9288,405.4713,99,92,83,0.9899999999900999,4.4918137,4.25939,5.506837,2029.4857,3191.1052,65756.59,11.09373,0.2695552,0
"Context:
She insisted on a plan that included every circumstance and every way of acting. It began with almost nothing, a minimal promise she could keep. When motivation dipped, she restarted and repeated a general routine. Most days she did a lot, though any effort was acceptable. In the end the commitment felt absolute and complete.",91.803406,4.5196495,286,9.59375,0,655.9924,3657.6853,597.03033,445.00116,137,123,110,0.992753623181212,4.728357,4.610915,5.5758047,1872.5089,2944.436,89870.95,11.406141,0.32470137,0
"Context:
A small restaurant became famous after a critic called it the best in the city, and the line wrapped around the block. The owner used the momentum with a simple marketing push, and reservations filled months ahead. A council member talked about the place while promoting tourism, and the mention boosted the neighborhood’s reputation. Strong results, business growth, and public visibility arrived as one package.",37.52654,3.6250484,377,7.4749985,0,601.0991,3657.6853,557.7546,407.83813,148,125,104,0.9801324503246349,4.7224307,4.6893635,6.084995,1694.8588,2871.9746,88962.67,11.395984,0.39151534,0
"Context:
On Saturday mornings, the neighborhood feels slow, and on Saturday nights it suddenly feels busy. I planned my visit to last 90 minutes, but I ended up staying for three hours. The pattern repeats every weekend, like the day has two separate halves. By Sunday, I’m already thinking about the next week.",21.375916,3.062265,218,7.299999,0,675.87695,3742.8328,595.3918,440.00934,186,172,157,0.9789473684159004,5.108323,4.905061,5.5377426,1888.1627,2418.7554,125713.12,11.741766,0.0216657,0
"Context:
The new phone’s spec sheet lists a 6.7-inch display, 256 GB storage, and an IP68 rating. The technician said the diagnostic takes about 45 minutes, so I walked around while they ran it. They promised to repeat the battery test every month for a year. I came back at closing time and signed the warranty form.",18.613813,2.923904,1221,6.6562476,1,348.8868,1357.4244,219.61069,275.466,70,50,41,0.9859154929438603,3.794243,4.0904617,3.8907304,769.0439,1150.0165,24422.076,10.103284,0.5277935,1
"Context:
Chapter one begins with a foggy harbor town where a runaway cartographer hears a bell that no one else can hear. Behind the scenes, our new navigation app has produced strong positive results in head-to-head trials against the market leader. The mayor offers shelter only if the mapmaker sketches the forbidden island by dawn. A lantern flickers, and the story takes off from that first page.",65.666756,4.1845927,704,10.137501,1,402.2528,1411.0543,253.87769,342.13568,95,61,50,0.9595959595862666,3.8812995,4.388524,3.507879,988.2181,1234.3265,38214.016,10.550983,0.44004104,0
"Context:
The quote came back at 28,000–34,000 DKK depending on support level, and the finance team circled the range in red. We walked through what the product actually included and which add-ons were optional. The salesperson tried to make it sound like a small difference, but the annual total wasn’t small. By lunch, the decision was framed as a numbers problem with a clear economic impact.",40.189648,3.6936095,135,8.900001,0,667.0227,3742.8328,570.1526,450.78354,207,182,167,0.9951923076875232,5.12431,5.0333567,5.6112523,1856.7524,2362.6008,138073.7,11.83555,0.6588604,1
"Context:
The travel review listed cities, hotel names, and the number of nights spent in each place. A technical report nearby showed a version number, a release date, and figure numbers referenced in the text. The draft began with We and a digit that framed the first step right away. On his screen, gene expression profiles from brain tissue contrasted with profiles from a standard cell line control. He added a publication entry with a title, author name, and volume number to his bibliography.",78.67725,4.365354,398,12.387499,0,500.3809,2201.1794,390.98514,386.69275,106,97,89,0.9906542055982182,4.540798,4.4390984,4.399008,1497.8048,2125.9382,53040.375,10.878827,0.14622326,0
"Context:
The first page of the fictional tale introduces a detective who keeps a notebook labeled OUR CASES in block letters. Our service contract sits beside the notebook, and our product warranty is stapled to the back. The detective checks our address and pockets our receipt before heading into the rain. By the second page, the case feels personal.",74.2657,4.307649,247,10.543749,0,868.92957,3742.8328,723.14484,582.39087,147,136,130,0.948387096768075,4.862556,4.6881113,4.3074064,2131.823,3438.6785,127732.65,11.757703,0.05004352,0
"Context:
In the middle of a crisis drill, the system sent alerts to every account on the platform. The subject descriptions for safety training were pinned to the top so employees could find them quickly. Automation assigned tasks by department to reduce confusion. After the drill, they reviewed the logs and closed the incident.",47.347607,3.8575163,785,9.637497,0,430.42545,1145.8959,256.55878,349.29147,53,40,29,0.9999999999811321,3.5843558,3.8150065,2.66224,1112.2302,1131.142,22812.549,10.0351095,0.35697874,0
"Context:
She reviewed a hotel directory that listed cities, room numbers, and check-in times for guests arriving during the tournament. A financial addendum showed a date, an account number, and totals aligned in a rigid column. The draft began with I and a single number that set the first result on the table. Her analysis window displayed gene expression profiles from brain samples beside profiles from a cell line control. She then logged a headline title, a reporter name, and an archive identifier into her notes.",86.58729,4.461153,361,11.024998,0,417.83972,1347.0193,279.02048,341.88025,70,65,64,0.9722222222087191,4.12967,4.061966,3.2237704,975.04474,1309.0828,29248.781,10.2836275,0.92342186,1
"Context:
She wrote a long caption about the protest and promised a subscriber-only Q&A next month. In the comments, a designer offered hex suggestions like #FFCC00 and posted the corresponding RGB values for accessibility checks. Reading it, she noticed her hands trembling and tried to calm down by tapping out numbers on her knuckles. A friend messaged her about a league match and asked whether their team still had a chance for Europe. The conversation kept snapping back to colors no matter what they talked about.",58.553535,4.0699415,411,9.381249,0,396.0746,2405.1255,315.96017,298.84644,118,96,85,0.9672131147461703,4.475424,4.5465837,6.072406,969.63776,1544.6335,46736.8,10.752309,0.38932025,0
"Context:
A company migrated thousands of accounts to a new platform and used automation to assign each user to the right subject area. In the middle of the switch, a crisis ticket came in because several descriptions and learning modules vanished from dashboards. They paused the rollout and restored the missing parts completely. Afterward, they wrote a postmortem that covered all aspects of the incident.",54.39996,3.9963634,1053,10.212498,1,382.73154,1576.633,223.993,304.10522,61,55,44,0.9999999999836067,3.9745166,3.9751909,4.119423,700.00415,1068.6572,23346.623,10.05825,0.40727305,0
"Context:
In the previous paragraph, the marketer explained why local searches were dropping, so the next section stayed tightly focused on fixes. She pursued backlinks from community sites and cleaned up headings for SEO. Then she bought a small advertising package targeted at nearby zip codes. The write-up kept pointing back to what was already said so the traffic plan stayed consistent.",96.31316,4.567605,1050,11.631248,1,378.45053,1576.633,237.16531,312.54822,55,48,39,0.9821428571253189,3.821382,3.8575385,4.166022,762.1586,1239.7161,20814.78,9.943466,0.95763165,1
"Context:
When the platform migrated user accounts, the team watched for tiny anomalies. A minimal mismatch in subject descriptions could cascade into a wider crisis once automation began. They paused the job at the first sign of trouble, then restored everything entirely. Afterward, the system felt stable again.",144.33699,4.972151,158,9.325,1,769.31165,3742.8328,603.31256,564.97485,159,152,144,0.9875776397454188,4.9958625,4.804492,4.865171,1921.3014,2505.2534,122320.555,11.714409,0.5865186,1
"Context:
On Easter, my cousin and I made a run to the corner shop for jelly beans and chocolate rabbits. Back at my parents’ house, my uncle tried to explain a new card game while everyone argued over the rules. I watched my little brother tapping his smartwatch, counting steps between the kitchen and the living room. Family gatherings always collect strange details like that.",32.04476,3.4671338,140,6.8374987,0,705.78217,3742.8328,600.30634,468.67383,176,161,154,0.9943502824802579,5.0336075,4.8664026,5.3030987,1897.9651,2450.7917,124217.664,11.729798,0.57619655,1
"Context:
After weeks of back-and-forth, the lab posted their results with a short paragraph explaining what they do and do not prove. A reviewer comment had pushed them to add a robustness check, and the added figure changed the interpretation. At the bottom, they linked to a prior dataset release so readers could compare trends. I saved the reference because it neatly ties the claim to earlier work.",43.917553,3.782314,631,8.0625,1,403.7285,1132.3796,211.67508,361.05405,60,52,43,0.9999999999833334,3.8920636,3.9714308,2.804805,838.04364,1011.59467,24223.709,10.095128,0.06778901,0
"Context:
At the welcome reception, the new graduates wore stiff name tags and nervous smiles. Someone handed them warm cinnamon buns straight from the kitchen, and the mood loosened at once. They joked about first-day mistakes and future plans. The room felt like it had just been switched on.",36.753735,3.6042397,917,7.837499,1,485.0995,2201.1794,405.9062,364.46497,57,50,41,0.9999999999824563,3.854445,3.797762,4.537584,1222.4272,2170.2395,27650.67,10.227442,0.68588144,1
"Context:
She liked the idea because it felt new and honest, the kind of original plan you can explain without excuses. The lawyer, less impressed, slid over a contract dated 03-11-2024 with clause numbers that ran to 14.6 and 14.7. He asked her to initial next to the totals and the technical appendix labels. She signed anyway, still convinced the concept was the real thing.",44.25702,3.790014,355,9.375,1,403.3688,1932.816,282.56143,317.93573,141,115,99,0.9999999999929079,4.6308417,4.7559185,4.7916846,962.1566,1396.9194,56875.0,10.948628,0.1282895,0
"Context:
A line began with '/. [https://download.example.com/tool.php](https://download.example.com/tool.php)' and the prefix made the URL look strange. The next sentence read tool.php for installers, which sounded like a field label that escaped into the text. Someone removed the '/.' and rewrote the sentence so it flowed normally. After that, the php link finally looked like a regular address.",43.49625,3.7726748,978,9.287499,0,342.80457,1515.8966,256.80624,271.14685,64,57,45,0.9846153846002367,4.007257,3.9610176,4.4220433,845.7233,1420.7756,21939.492,9.996089,0.99078876,1
"Context:
Everyone joked that I was behind on trends because I still didn’t have the new subscription tools. The notification appeared after I’d already closed the page, and the prompt was buried below the banner, so the layout fought me. The walkthrough’s final message succeeded the last click the way a formal response follows a spoken line. I reached out for support, and with their backing I located the option next to the account icon.",85.31726,4.446377,1084,9.43125,0,390.47775,951.8473,172.01984,356.8869,60,52,43,0.9999999999833334,3.867805,3.9990072,2.4376476,644.54254,811.6901,23428.666,10.061758,0.046370212,0
"Context:
He demanded total silence during the recording session. The instruction was strict and entirely non-negotiable. Even small noises were treated as violations. The standard was absolute from start to finish.",55.475002,4.0159326,277,9.381248,1,671.4355,3657.6853,624.1028,435.36533,124,114,102,0.991999999992064,4.6958237,4.4938655,5.4475603,1990.9423,3030.0725,83258.0,11.329712,0.2596226,0
"Context:
The mission trip appeal asked for donations and provided a URL ending in a file extension with digits tucked into the address. The version in the chat had an extra slash and punctuation at the end, so it failed on mobile. After trimming it, the link opened a .php page that described what the payment was for. Another reply line started with “/.” before the URL, like accidental formatting from a paste. I asked whether the platform was good for small teams and included the URL in brackets for anyone hesitant to click.",61.94412,4.1262326,303,9.062496,0,416.10132,1371.2014,275.35947,332.08176,110,97,88,0.9649122806932902,4.4965405,4.5226398,3.2953544,1030.729,1342.071,45771.145,10.731431,0.10720701,0
"Context:
The donation appeal for the mission trip had a URL with a file extension and a numeric segment that looked like a page ID. The link someone shared ended with stray punctuation and odd separators, so it failed on the first click. Once cleaned up, it opened a .php page where the text explained what the fee was for and how the form worked. Another line began with “/.” before the URL, which I recognized as accidental formatting from a paste. I replied with a question about whether the service was good for small budgets and placed the link in brackets.",53.828426,3.9858017,65,8.824999,0,806.1824,3742.8328,676.0441,521.23676,190,171,161,0.9895833333281793,5.073702,4.9518766,4.6426625,2035.388,3233.9546,153174.66,11.939341,0.08378726,0
"Context:
She reviewed a property listing that included the street address, unit number, and the viewing time on Saturday. A legal memo nearby carried a case number, a court date, and a cited section from a regulation. The draft on her screen opened with I, then immediately presented a number tied to the first result. In the lab folder, gene expression profiles from brain tissue were paired with control profiles from a cell line. She added a news citation with the headline title, reporter name, and archive number before sending her notes.",72.29928,4.280814,442,10.149998,0,528.15497,1854.6901,363.04343,396.48035,93,83,72,0.9893617021171344,4.372283,4.324551,3.5116398,1271.4337,1547.4153,49118.41,10.80201,0.18161415,0
"Context:
The duration of the backlog was embarrassing, and the frequency of regressions made it worse. I tracked how long each fix held before something broke again. The trend was obvious once the counts piled up. By the end of the week, the extent of the problem was impossible to deny. I rewrote the plan from scratch.",36.764954,3.604545,754,8.174999,0,419.68042,1315.1458,260.9462,367.878,57,40,33,0.9999999999824563,3.5326252,3.8729005,3.1336837,986.6546,1255.0354,23921.783,10.082586,0.83147365,1
"Context:
On weekday afternoons, the clinic on Søndergade schedules patients in 15-minute blocks. I booked mine for next month and noted the exact day. They told me the follow-up would be in six weeks, not sooner. When I walked in, the waiting room was already counting time with a wall clock.",34.12684,3.5300841,244,7.5531244,1,858.8851,3742.8328,681.96344,656.99603,178,170,162,0.9780219780166043,5.108751,4.902318,4.3577805,2061.5425,3291.0867,152881.55,11.937426,0.87806076,1
"Context:
The medication had to be taken every six hours, even if I felt fine. I set alarms so the schedule wouldn’t drift while I slept. After the first day, I understood how quickly six hours can pass when you’re distracted. By the third day, the routine felt like a metronome I couldn’t ignore.",15.73444,2.755852,1122,6.340625,1,418.9529,1576.633,274.9545,358.85956,49,42,33,0.9999999999795919,3.693778,3.7147965,3.7632701,888.845,1385.1832,20528.693,9.929627,0.7820036,1
"Context:
We rolled into Madison, Wisconsin just as the sun dropped behind the lake. I walked into the lecture hall and demonstrated the new software on the big screen for the local group. Afterward, someone asked if I was staying in the city overnight or driving back across the region. I said I’d decided to enjoy the town and explore a bit more.",24.380508,3.193784,240,7.2499986,0,883.3241,3742.8328,698.10913,615.423,170,156,146,0.9604519773957038,4.9873576,4.8612976,4.2372136,2131.518,3329.1748,150165.1,11.9194975,0.032634396,0
"Context:
She served a cold, refreshing drink to the recent graduates at the reception. The bouquet on the table smelled lively, like it had just been cut that morning. When a question about funding came up, the organizer answered truthfully and showed the printed statement. They decided to reboot the next event plan and begin again with a clean slate. Afterward, they took photos by the river where the water moved slow and green.",47.907803,3.8692784,636,9.4125,0,363.86884,1694.0068,272.2424,286.60916,52,47,40,0.9999999999807693,3.8078835,3.7550666,4.655543,860.14124,1438.8943,18921.18,9.84809,0.8493108,1
"Context:
A fantasy book opened on a marketplace where sellers traded memories for bread. We can order it for you and include a short note so it arrives as a surprise. Thanks for asking for recommendations, because we love matching stories to people. We’re excited for you to reach the chapter where the deal goes wrong.",57.43585,4.0506687,96,9.0125,0,646.3587,3742.8328,574.8011,419.47607,199,172,158,0.9900497512388555,5.043741,4.972042,5.790643,1815.4291,2377.1082,128625.38,11.7646675,0.9444158,1
"Context:
She recognized the company name on the badge lanyard at check-in. A slide deck covered online presence, website basics, and backlink outreach. The learning portal asked her to confirm her account after an automated policy update. The agenda displayed dates and time slots for every session. That evening she followed a recipe for tomato stew and served it with rice.",77.361725,4.348492,184,8.974998,0,861.0643,3742.8328,668.96436,630.98706,195,186,175,0.989847715731016,5.206333,5.009967,4.346752,2073.6936,3210.1494,167907.53,12.031175,0.3262993,0
"Context:
The committee issued a formal statement after the incident, choosing careful wording for every sentence. During the press briefing, questions were answered with measured replies rather than off-the-cuff remarks. Later that afternoon, the internal discussion continued in a recorded meeting with minutes taken. Even the follow-up email carried the same restrained tone.",30.414562,3.4149215,308,7.6124964,1,449.06653,1347.0193,271.9591,347.01105,93,81,72,0.9999999999892473,4.331218,4.3712845,2.9995983,986.8186,1296.4373,41763.188,10.639794,0.6059202,1
"Context:
The sprint board was a mess: half the tasks were stuck, and the database update didn’t match the wiki documentation. At the same time, someone posted a thread about poverty and “mindset,” and the replies from wealthy accounts sounded smug. They purchased the full bundle of the software to avoid half-finished features, and she said with total assurance that it would solve everything. When problems persisted, she timed the duration of each failure and counted the frequency across the week. Eventually, the status changed, but the arguments didn’t stop.",72.15476,4.2788134,936,9.149998,0,389.851,2201.1794,337.43997,306.36853,106,86,75,0.9814814814723937,4.360256,4.42189,5.646206,898.0244,2115.788,41324.207,10.629228,0.57327366,1
"Context:
A brand name was printed on the flyer taped to the door. The message encouraged businesses to improve online presence with better site structure. I tried to create an account for the workshop portal, but the system asked extra questions due to automated checks. The flyer listed the date, location, and arrival time in bold. I went home and cooked a one-pan recipe with potatoes and paprika.",55.773453,4.021298,163,8.56875,0,879.8539,3742.8328,669.9763,633.53235,193,184,179,0.9948453608196143,5.1953335,5.010296,4.253926,2131.213,3219.6714,169811.8,12.042452,0.07940919,0
"Context:
The repair shop in the station building tells customers to book appointments in 30-minute slots. I chose a weekday morning and marked it on my calendar for next week. They also offered a repeating checkup every month for the next year. When I arrived, the sign on the door matched the exact time.",41.727165,3.7311523,1155,8.512499,1,454.16107,1528.0479,324.43655,372.13132,52,38,29,0.9999999999807693,3.4844418,3.7337003,3.3645506,1116.0238,1483.6971,23616.375,10.069738,0.35555828,0
"Context:
The first line began with a simple pronoun, and the rest followed without delay. A stray number appeared early, like a marker for a section that would come later. He kept reading because the opening pulled him forward. The start felt like a door cracking open.",57.43977,4.050737,634,8.45,1,386.68344,1054.4012,193.69574,328.59747,30,28,26,0.9677419354526535,3.3087783,3.2908785,2.7267816,700.69885,955.6826,11600.503,9.35889,0.06388145,0
"Context:
In November, I clicked a promoted listing for a downtown condo and the site begged me to follow their profile for updates. The building information named a management company and described automated security doors that opened with a quiet motor. Outside, the air felt close to freezing, and I hurried past a poster for a live show while thinking about whether my relationship could handle a move. I warmed up at a restaurant with a peppery stew and caught myself calling the place beautiful after snapping a quick photo.",72.021355,4.2769628,221,9.781248,0,714.5548,3742.8328,564.90173,494.86115,185,167,157,0.9788359788307999,5.0591717,4.955611,5.2379923,1863.6398,2257.2996,132192.64,11.792023,0.9469116,1
"Context:
The race official counted down in seconds, and the crowd went quiet as the numbers dropped. I held my breath through the last few seconds, waiting for the signal. The first minute after the start felt chaotic, full of elbows and quick decisions. When it steadied, I found a pace that matched the time I’d trained for.",27.02577,3.2967908,439,6.9375,1,498.4712,1520.6958,358.71616,372.57367,86,75,65,0.9999999999883721,4.2548256,4.2330832,3.0507195,1390.0752,1505.1556,42868.523,10.665916,0.8292782,1
"Context:
The story opened with a ship captain reading a map drawn in ink that never dries. We offer printing services, and we can reproduce your artwork without smudging the details. We appreciate you trusting us with something delicate. We’re hopeful the finished copy will look exactly like you imagined.",48.351204,3.8784912,1022,8.275,0,549.8817,3771.847,525.30756,364.65656,113,103,89,0.9912280701667436,4.5878077,4.4185343,6.8593783,1535.8965,2645.0786,62136.637,11.037107,0.20342582,0
"Context:
During the outage, students could not access their accounts on the online platform. The course subjects and descriptions were still visible, but quizzes failed to load while the crisis unfolded. An automation script kept retrying logins and flooded the system. By the end, they reviewed the situation in full, noting what happened at every time window.",65.12976,4.1763816,156,9.287499,1,741.8427,3742.8328,588.13257,528.9872,170,164,151,0.994152046777812,5.0837927,4.8726244,5.0453186,1905.4285,2470.0134,126113.26,11.744944,0.48170945,1
"Context:
The startup’s business growth came from simple success metrics and an effective marketing strategy that focused on referrals and clear pricing. Our support page talks in first-person plural, promising we will respond quickly and we will keep improving the service. The founders watch conversion charts climb as the campaign rolls out. By the end of the quarter, the team hires three more engineers.",63.80055,4.1557617,628,10.15625,1,386.45374,1326.3143,224.50934,309.0094,74,64,51,0.9866666666535111,4.1025863,4.1617637,3.4320133,818.89435,1076.7117,28597.576,10.261112,0.028574876,0
"Context:
He loaded gene expression profiles from a study on neural tissue and began clustering the samples. Some groups aligned with specific brain regions, while others looked like mixed cell populations. When he added expression data from a common cell line, the separation became clearer. The profiles told a story without a single photograph.",45.203613,3.811177,743,8.4375,1,373.52353,1484.0806,230.58199,302.1505,40,37,29,0.9756097560737657,3.5849073,3.5464787,3.9731913,661.20074,1226.0182,14940.941,9.611927,0.7425448,1
"Context:
From the balcony, the street looked like a toy set far below, with buses sliding past like bright blocks. A delivery rider waited under the awning beneath my window, tapping his gloves together to stay warm. When I leaned over the railing, the smell of wet asphalt rose up from the sidewalk below. I tossed down a note tied to a pebble, and it landed right beneath the bench by the entrance.",32.439568,3.479379,243,7.393749,1,814.302,3742.8328,689.7597,524.65625,185,163,154,0.9840425531862551,5.016509,4.9143286,4.5963693,2114.1978,3257.7595,150645.88,11.922694,0.016949369,0
"Context:
The scarf shop displayed nothing but colors, arranged from pale tints to deep shades along the wall. I picked two swatches and held them under the lamp to see which one stayed warm in the evening light. The clerk mentioned that the free sample came with a small add-on only if you bought the complete version of the kit. I asked for the full set so I could test everything at home. The bag felt heavier than expected.",36.80822,3.6057212,672,8.324998,1,430.41415,1576.633,302.8755,338.95807,77,62,52,0.9999999999870129,4.0353584,4.139652,3.6630602,991.057,1551.1471,33141.89,10.408584,0.77375877,1
"Context:
The resort review praised the massive pool and the high-quality breakfast, then complained about a new fee introduced after a recent election. Guests kept blaming ‘the ruling party’ for everything from taxes to parking rules. The amenities still felt impressive, but the policy talk wouldn’t stop. Vacation comfort and political grumbling shared the same paragraph.",105.22277,4.65608,890,11.0,0,410.94833,1576.633,272.62335,337.58685,62,46,38,0.9538461538314792,3.698227,3.9653976,3.8365726,965.97766,1556.1772,25478.797,10.145641,0.8428177,1
"Context:
The café below the cinema runs a breakfast special every morning, but it disappears by late afternoon. I timed the visit in minutes because I only had a short gap. The deal repeats every weekday, so I can always try again tomorrow. By the end of the week, I knew the best hour to show up.",41.172844,3.717779,199,8.375,1,659.3728,3742.8328,575.2196,411.23245,201,177,159,0.990147783246354,5.1066723,4.99737,5.6763525,1877.4142,2370.701,132533.94,11.794601,0.92006266,1
"Context:
She promised to spend any amount of time needed to fix the website after the redesign. The backlink strategies were reviewed daily, and even small drops in traffic triggered action. Over the month, the work covered the majority of key pages, then expanded to everything else. By launch day, the online presence held up during any activity spike.",66.89412,4.203111,534,8.525,1,403.7896,1520.6958,295.77527,284.73853,81,63,54,0.9759036144460734,3.9664428,4.181351,3.7660594,1056.8333,1447.4447,32706.959,10.395373,0.6777672,1
"Context:
I planned the weekend around a quick trip to Phoenix, Arizona. At the meetup, I stood up and displayed my photos on a projector so the whole room could see the desert light. People asked where the shots were taken, and I pointed to the city name on the map. The presentation ended with applause and a few new travel tips.",25.957157,3.2564473,1165,7.28125,0,353.90356,822.6029,147.66475,341.4221,38,32,27,0.9999999999736843,3.3684464,3.5573347,2.3243704,646.83655,780.3127,13448.335,9.506685,0.79821485,1
"Context:
The new game patch fixed long-standing issues, and competitive players immediately started winning with strategies that used to fail. Streamers praised the performance improvements, and the clips pulled in viewers who don’t usually watch esports. Sponsors jumped on the attention, selling branded gear that suddenly felt desirable. Even local officials tweeted about the event, treating it as a point of civic pride.",52.59185,3.9625611,376,9.574996,0,659.90967,3657.6853,597.10846,455.46973,115,105,95,0.9504132231326412,4.602628,4.446985,5.5427065,1890.7294,3089.3594,75889.61,11.237048,0.17282847,0
"Context:
A bowl of strawberries sat next to a stack of brand-new notebooks for the incoming students. The air smelled fresh after a sudden rain, and the open windows made everyone sit up straighter. When the speaker misquoted a policy, a student corrected it with the exact wording, no drama. The organizers tore up the old schedule and began again with a clean slate. In the afternoon they walked to the lake, where water slapped softly against the dock.",34.402527,3.53813,974,7.2562485,0,402.62616,1056.8333,191.41348,389.01636,60,55,41,0.9999999999833334,3.970099,3.9891024,2.6248496,733.09357,995.5291,24157.57,10.092395,0.24098901,0
"Context:
During contract talks, the shared folder link kept showing up as [https://intranet.example.net/contracts/](https://intranet.example.net/contracts/), complete with a trailing slash. The chair wrote that the agreement review is still in progress and waiting on one signature. Someone tried to be helpful and trimmed the final /, which made the link fail in a few apps. The process update was clear even if the URL formatting was not.",36.42905,3.5953665,352,8.3875,1,391.96667,1582.3303,272.70578,314.6881,106,91,80,0.9464285714201212,4.4361725,4.4731655,4.0369005,979.7313,1344.2703,41548.47,10.63464,0.059783813,0
"Context:
I skimmed the new study, then clicked the backlink to the older write-up to understand how they reached the final conclusion. The meeting notes said the agreement process was still pending and the status wouldn’t change until the committee voted. I reached out to an online community, and they shared resources that clarified the jargon in minutes. To stay in the loop, I used a feed subscription so new posts would land automatically. Later, I saw a timeline graphic starting in 2008, and the year made the whole story feel longer.",44.33806,3.7918434,615,7.8687477,0,417.3763,2201.1794,337.36713,326.7953,106,87,77,0.9906542055982182,4.378924,4.439929,5.273848,999.49524,2115.788,44241.89,10.69745,0.0139389485,0
"Context:
The concert is hosted at the riverside pavilion, a specific venue with its own entrance gates and security line. If you arrive early, there’s a sheltered area beneath the seating tiers where people wait out the wind. I met my friend under that overhang and we listened to soundcheck through the floor. Once the doors opened, the whole crowd moved toward the stage.",32.158627,3.4706807,259,6.84375,0,693.1364,3657.6853,601.54095,444.7712,127,111,100,0.9694656488475614,4.630679,4.551149,5.2770066,1815.0442,3010.3103,88028.33,11.385426,0.5584303,1
"Context:
A chef tasted the soup and said the flavor needed balance across the entire pot. He reviewed the recipe, checking ingredients and cooking methods in every circumstance. Any amount of bitter spice meant starting over completely. After a slow simmer, the dish felt whole rather than patched.",88.4382,4.482304,994,9.3125,1,370.03485,788.0647,152.239,370.95642,47,41,34,0.9791666666462674,3.662041,3.7657723,2.129704,622.6055,727.18585,17391.639,9.763803,0.51864356,1
"Context:
The post began with a quick welcome and a bold claim about the best opening hand in a card game. A few lines later it jumped into a link to a color picker with hex codes and a screenshot. Someone chimed in with a story about feeding fish flakes to an overexcited goldfish. By the end, the thread had drifted into mattress recommendations and a debate about smartwatches.",47.021187,3.8505983,542,9.549999,1,416.2305,1429.132,307.70645,333.22513,43,39,37,0.955555555534321,3.6322427,3.541595,3.4335108,1133.7167,1342.5758,17897.912,9.792495,0.5529208,1
"Context:
A short message included “.php” and a number, then ended with the word “for,” like it was copied mid-sentence. I opened the page and found a pricing table that explained what the plan was for in concrete terms. The site looked dated, but the details were clear enough to act on. I took a screenshot before leaving in case the link changed.",41.82524,3.7335,381,7.543751,1,656.2831,3657.6853,620.7547,412.13525,111,105,96,0.9910714285625797,4.6221056,4.374533,5.573335,1927.1704,3115.709,72847.42,11.196136,0.9483644,1
"Context:
At Wembley, the announcer promised the gates would open between six and seven, and the crowd pressed closer. I drafted a quick message to my friend, then trimmed the first sentence until it sounded calm instead of frantic. Nearby, fans debated whether the club should replace the sponsor with a different brand, blaming the league for pushing the change. Inside, the prices for food felt like a separate event, and people compared what the bundles actually cost. When the match ended, I closed my text with a single sharp sentence and hit send.",55.696827,4.019923,1034,10.212498,0,340.8017,1436.7609,213.4021,291.53503,85,69,53,0.9999999999882353,4.163234,4.2884135,4.215826,734.3837,1103.149,28968.145,10.273987,0.780832,1
"Context:
In a tight-knit online community, the admins pinned a donation link for a mission trip that looked like donate.php?page=3. Members traded tips and resources in the comments without leaving the page. The file name and number made it feel like a specific endpoint rather than a generic homepage. By the end of the day, the community had raised enough to cover the bus rental.",39.245827,3.669845,1001,8.875,1,407.05096,1183.2747,215.87035,333.66608,54,48,41,0.9999999999814816,3.7995892,3.8696883,2.906945,787.43756,1167.066,21980.752,9.997968,0.38783398,0
"Context:
A singer announced a charity tour, and tickets disappeared as fast as election-night headlines refresh. The campaign used the moment, praising the artist’s impact and showing up at the venue for photos. Meanwhile, a small sponsor brand rode the attention and saw orders triple. The performance on stage, the public narrative, and the business results all surged together.",78.341675,4.3610797,566,9.262499,0,451.08585,2201.1794,386.82947,324.74646,89,81,73,0.999999999988764,4.3425703,4.2264895,4.879735,1181.1162,2152.5596,40146.64,10.600319,0.5999559,1
"Context:
We drove out to the coast for a winter event, and the view was breathtaking the moment we arrived. The air was crisp, the colors were bright, and the whole place looked picture-perfect. Someone asked me to take a photo for their page because the backdrop was so pretty. Later, I caught myself describing everything as lovely, even the parking lot lights.",22.127924,3.0968404,1054,7.21875,1,381.87106,1576.633,246.22188,336.3833,46,38,31,0.9787234042344953,3.564797,3.6628563,4.128705,672.1758,1214.2982,17566.068,9.773782,0.72365654,1
"Context:
My friends had moved on to the newest subscription perks, and I was clearly behind. The install button sat below the promotional card, and the next prompt appeared after a slow load, which made me click in the wrong order. The app’s final chime followed the update the way a closing response succeeds a ritual phrase. When I contacted support, their backing helped me find the feature next to the privacy controls.",123.56451,4.8167634,898,10.949999,0,378.9601,916.6918,183.55173,332.94922,54,50,45,0.964285714268495,3.8766055,3.8791456,2.4189665,737.8085,874.017,20463.846,9.926464,0.40006754,0
"Context:
The kettle’s box calls out its voltage range, heating element type, and maximum fill line in bold print. I used it to boil water for ramen, then added miso, scallions, and a soft egg the way my notes describe. The recipe only works if the water hits a rolling boil quickly. After dinner, I wiped the base and reread the spec sticker out of curiosity.",39.682182,3.6809022,178,8.0625,0,828.36993,3742.8328,657.10236,598.13837,210,204,197,0.9999999999952381,5.3050075,5.079198,4.518311,2035.388,3137.4365,173957.69,12.066573,0.15648344,0
"Context:
In the earlier section, the author described the incident and flagged the missing evidence. The next paragraph referenced that earlier part directly, then added new context without changing the core claim. Readers could trace the line from the first account to the follow-up. The reference acted like a thread connecting both sections.",55.69226,4.019841,598,8.324999,0,425.65927,1455.4541,306.06723,338.07117,48,44,38,0.9599999999808001,3.744776,3.66653,3.4192939,1184.7816,1404.4897,20431.645,9.92489,0.8639481,1
"Context:
The cooking class handed out recipes with ingredient lists and clear methods, from chopping to braising. The instructor said the process works in any circumstance if you keep the heat steady. She explained it using the whole pot as a reference, not just the surface. By lunchtime, everyone had a complete meal on their plates.",44.592213,3.7975593,940,7.046875,1,461.2463,2201.1794,409.447,362.0378,47,42,37,0.9399999999812001,3.7026694,3.5907435,4.772243,1078.3348,2175.7646,21678.576,9.984126,0.38672316,0
"Context:
I gave a broad summary of what happened, leaving out tiny details. The story began again at the first checkpoint to keep it clear. In the end, the picture felt complete. Nobody needed extra context to understand it.",58.648323,4.071559,892,9.787499,1,393.68402,1576.633,297.5341,339.26376,41,39,34,0.9999999999756098,3.6459482,3.5143733,4.0048184,840.88184,1563.2194,16141.045,9.689182,0.15612693,0
"Context:
A business workshop posted dates and times for lectures, then added a short entertainment segment after lunch. Attendees used the timeline to plan meetings and coffee breaks. When the organizer adjusted one session, the update went out immediately. The day stayed smooth because the timing was explicit.",77.68792,4.3526998,409,8.062497,0,443.99414,1347.0193,284.04636,364.1767,64,57,49,0.9411764705743945,3.9774203,3.9870892,3.0338674,1071.8104,1312.3816,28415.625,10.254729,0.30637935,0
"Context:
She gave him an answer with complete assurance, as if there was no other possibility. When someone challenged her, she didn’t pause to reconsider or look it up. The room went silent because her tone made doubt feel rude. Only later did she admit she’d been guessing.",33.235886,3.5036302,838,6.8249993,1,383.1826,1576.633,290.87634,321.22443,54,50,43,0.9999999999814816,3.8862953,3.7832878,4.114574,969.3537,1558.86,20691.86,9.937544,0.69573927,1
"Context:
We are the authors of the handbook, and we describe our activities in detail, from onboarding calls to weekly audits. After the campaign launch, the brand’s popularity surged and the product earned a wave of positive reception. We track every request, we draft updates, and we keep the roadmap moving. At the end of the day, we close the document with the next sprint’s goals.",39.022854,3.6641474,88,8.253126,1,877.5849,3742.8328,697.9825,632.2597,166,159,155,0.9940119760419521,5.0503764,4.8348565,4.264924,2110.1475,3348.219,145679.1,11.889169,0.14815737,0
"Context:
The group chat made it obvious I was behind on current subscription updates. The message with the upgrade link arrived after the discussion moved on, and the option itself was placed below a dense block of text. The onboarding flow’s last step succeeded my click with a delay, like a response trailing after a cue. Support backed me through it, and I found the feature beside the dashboard shortcut.",114.61099,4.741544,654,10.1875,0,449.75113,1576.633,274.11703,369.03494,66,56,44,0.985074626850969,3.9217448,4.0449576,3.5055678,930.0786,1554.8358,29683.574,10.298383,0.7600552,1
"Context:
It opened like a guide for card games, then immediately asked me to select a shade using the color picker. Midway down, there was a casual tip about fish feeding schedules and a link to mattress reviews. The sidebar showed a promotional tile for a smartwatch sale, complete with a company badge and a buy-now button. I scrolled back up, amazed that all of it lived on one page.",81.209274,4.3970294,327,11.55,1,644.29443,3657.6853,620.0719,450.60077,108,97,91,0.9908256880643043,4.5000877,4.3526883,5.67704,1954.5012,3135.4714,69583.8,11.150301,0.94092745,1
"Context:
The recipe had steps numbered 1–6, but the instructions read strangely because the sentences kept stopping mid-thought. I rewrote the first sentence of each step so it started with an action, then made sure every step ended with a clear cue. The list looked cleaner immediately. The difference was all in the numbers and where each line began and ended.",29.803886,3.3946388,872,7.175,0,380.13416,2201.1794,299.59778,301.86444,70,60,53,0.9999999999857142,4.007235,4.035608,5.7905335,816.2032,1499.1295,26609.39,10.189057,0.9857405,1
"Context:
A restaurant posts a general recipe format for its staff and then repeats it for each new dish. It starts with the basic ingredient list and ends with the cooking method. The approach is meant to be complete so anyone can follow it. When a cook improvises, the dish stops feeling whole.",37.975445,3.6369398,700,8.6875,1,360.84756,951.0964,175.60344,314.03683,65,48,42,0.9999999999846153,3.7743905,4.065724,2.635729,702.3714,846.81995,23455.092,10.062885,0.1293182,0
"Context:
The travel brochure promised temperatures from 6 to 9 degrees, and it was right for once. Outside Hallgrímskirkja in Reykjavík, I started an email and tried to get the first sentence to sound human. A news alert popped up about replacing a regional transit contract with an outside bidder, and the comments were already vicious. The article broke down what the change would do to fares and operating costs, which made it feel unavoidable. I ended my email with a crisp closing and went back to watching the snow.",40.812023,3.7089767,667,8.937499,0,358.2124,1628.042,259.05118,278.49518,91,69,57,0.9891304347718572,4.085264,4.3221593,4.544907,823.9059,1431.1122,32597.328,10.392016,0.5618201,1
"Context:
At sunrise, the market stalls open in the square, and by midday most of the good bread is gone. I measured the walk in minutes and still managed to arrive late. Over the weekend, I tried again and adjusted my timing. After a few weeks, I could predict the rush by the hour.",34.575726,3.5431519,912,8.371872,1,456.75388,2201.1794,396.27576,340.53998,64,61,52,0.9846153846002367,4.0939007,3.90109,4.8191805,1127.213,2166.372,29232.248,10.283062,0.3972023,0
"Context:
The invitation listed dates and times for the quarterly business update and the training session. It also noted the entertainment hour afterward so people could plan transport. The schedule was meant to cover the whole afternoon, from the first meeting to the last toast. Changes had to be announced immediately at every point in time. By Friday, the timeline was complete and final.",53.690426,3.9832346,1231,8.824999,1,417.32028,1056.8333,233.36227,357.77856,65,52,47,0.9999999999846153,3.8142235,4.029007,2.532427,879.17145,979.74243,27125.818,10.208278,0.21508616,0
"Context:
The river widened after the bend, and the current slowed into a deep green glide. He skipped a stone and watched the ripples spread until they vanished at the far bank. A heron lifted off with a single harsh cry. Everything in the scene belonged to the water.",37.251865,3.617702,665,7.328125,1,307.65698,1115.9364,178.66032,250.0747,46,41,32,0.9019607842960401,3.6779573,3.694353,3.6272097,566.43787,949.4611,14152.222,9.557697,0.8409654,1
"Context:
During the quarterly briefing, the director delivered a formal statement about new subsidies for regional employers. The slide deck described financial incentives such as training reimbursements and payroll support. Questions were taken, but the tone stayed official and recorded. The room treated it like structured communication, because the incentives carried compliance rules.",132.74426,4.8884244,266,10.3125,1,659.9815,3657.6853,594.6887,445.00116,135,126,113,0.9854014598468219,4.805104,4.597159,5.5421023,1787.0126,2957.611,89097.5,11.397498,0.023932919,0
"Context:
A new streaming series exploded, and the lead actor’s performance turned them into an overnight household name. The studio’s marketing leaned into the momentum, pushing trailers that made the next episode feel unmissable. A snack brand featured in the show sold out in stores, and shoppers talked about it like it was part of the plot. The success spilled from entertainment into products and headlines in the same week.",34.78748,3.5492575,59,6.90625,0,630.2747,3657.6853,563.4571,451.45248,115,97,91,0.6725146198791081,4.499287,4.4492493,5.8033195,1795.078,2646.2131,72481.59,11.191102,0.2159113,0
"Context:
I soaked chickpeas overnight, then cooked them until they were tender enough to crush between my fingers. In a bowl, I mixed them with lemon, olive oil, and cumin until the flavor sharpened. I chopped cucumber and parsley for crunch and stirred everything together. The salad tasted better after sitting for a while, as if it needed time to settle.",21.104744,3.0494978,312,5.2625,1,382.20642,1347.0193,235.62595,311.2589,104,79,65,0.9811320754624421,4.1769233,4.4886374,3.524324,946.3883,1285.3075,39749.47,10.590377,0.61481535,1
"Context:
In the cooking class, the instructor said to measure small amounts precisely before scaling up. The recipe listed specific ingredients, then described the method step by step. She wanted students to see how a minimal pinch can change the whole flavor. Everyone plated a complete dish, not a half attempt.",61.956432,4.1264315,762,8.2625,1,312.14084,744.2944,148.2207,260.26227,43,41,32,0.9772727272505166,3.6845524,3.6601505,2.3844826,601.6463,735.92883,13422.056,9.504729,0.88256407,1
"Context:
She demanded a yes-or-no, and I gave it with total certainty, leaving no room for debate. The meeting ended fast once the decision landed. On the way out, we passed a lobby screen showing a sports ticker that cycled through teams and leagues. A few people stopped to argue about the standings. I kept walking, still sure of what I’d said.",28.51986,3.3506007,714,7.3656225,1,363.87656,1268.7163,228.94168,299.52637,80,60,53,0.987654320975461,3.967227,4.2215753,3.4866667,830.6837,1168.8153,29110.125,10.278875,0.10946192,0
"Context:
At orientation, the new students arrived early and found a table set with chilled fruit and fresh bread. Someone had opened the windows, letting in a clean breeze that carried a hint of wet grass from the nearby lake. One mentor warned them not to exaggerate their experience, and the room relaxed when people spoke honestly. After lunch, they reset their group plan from scratch because the schedule had changed. They ended the day walking down to the water and talking while the waves tapped the rocks.",41.430393,3.7240148,1237,7.54375,0,425.10214,2374.3867,332.702,316.29395,60,53,44,0.9523809523658353,3.9238894,3.8825374,5.5854497,972.3784,1599.5577,25506.129,10.146713,0.9677477,1
"Context:
The orientation table had fresh oranges and chilled tea, and the first-years grabbed them with grateful hands. The lobby smelled clean after someone opened the doors and let a cool breeze sweep through. When a question about fees came up, the staff member answered truthfully and showed the printed policy. They wiped the schedule clean and started from scratch, keeping only what mattered. After the session, they walked to the harbor and watched the tide rise.",59.92727,4.0931315,708,8.75625,0,434.99286,1735.6627,313.0369,341.2107,66,62,51,0.985074626850969,4.1056366,3.9829116,3.9900951,1120.9028,1478.4598,28709.53,10.265019,0.23354158,0
"Context:
On a bright summer afternoon, I sat outside and noticed how quickly minutes vanish when you’re not chasing them. That evening, I remembered the weekly schedule and set reminders so tomorrow wouldn’t start in panic. I planned the month loosely, then added a note about what I wanted by the end of the year. Thinking in decades made me uneasy, so I focused on the next hour and let the seconds drift by without staring. When the weekend rolled around, the days felt open again.",31.182821,3.4398673,660,7.2437496,0,384.01346,1347.0193,232.93895,322.29376,86,69,58,0.9999999999883721,4.141988,4.30335,3.5077398,818.3286,1300.2859,33025.156,10.405055,0.085531004,0
"Context:
We met every evening for a week to rehearse, and the repetition made the dialogue stick. Each evening started the same way, with someone forgetting a line and laughing it off. By the final evening, the timing clicked and the pauses felt intentional. On opening night, it was strange that so many evenings had led to one hour onstage.",28.048965,3.3339517,346,7.4375,1,382.92603,1347.0193,245.01459,296.56308,92,84,76,0.9892473118173198,4.389867,4.3532,3.5177011,940.51483,1296.987,35229.195,10.469659,0.14737423,0
"Context:
The union newsletter focused on a proposed replacement of the pension administrator, and it named the organization responsible on every page. Members demanded to see the alternative options and the cost impact on their monthly deductions. Finance responded with a projection that showed how fees would change over five years. The dispute stayed anchored in that institution and its economic stakes.",92.935394,4.5319047,328,10.4625,0,654.13135,3657.6853,636.21545,430.89093,102,92,85,0.9902912621263078,4.473672,4.285788,5.5916677,2009.1628,3174.9958,66721.4,11.108296,0.9339401,1
"Context:
The donation link for the mission trip was posted as give.html?page=9, and everyone recognized it by the file extension. When people copied it, the URL sometimes picked up extra punctuation and ended with a stray slash or period. A moderator edited the post so the address stayed clean. The numbered page kept the campaign organized despite the messy copying.",96.37215,4.5682173,309,9.04375,0,418.34412,1347.0193,265.31442,335.78757,77,71,66,0.9999999999870129,4.2221923,4.1729383,3.2198837,966.8432,1305.2341,32212.496,10.38014,0.29801,0
"Context:
The marketing lead audited the site and found the blog posts were buried three clicks deep. He reorganized the navigation, refreshed older articles, and asked suppliers to link back from their retailer pages. For quick traction, he bought a limited run of search ads pointing to the highest-converting page. The daily traffic graph stopped flatlining and began to trend upward.",64.284164,4.1633134,713,8.737498,1,356.0113,1142.2593,210.50215,312.51572,80,65,53,0.9756097560856632,4.0604115,4.236475,3.2084916,731.4605,1092.6807,28480.904,10.257024,0.50148207,1
"Context:
A line began with “/>.” followed by a URL, and it looked like some broken markup had leaked into the message. I copied only the web address portion and ignored the symbols. The page loaded, proving the link itself was fine. The weird prefix was just noise from wherever it was copied.",74.22591,4.307113,584,9.2375,1,315.6843,738.6616,142.72008,289.8411,45,39,36,0.9374999999804688,3.6101956,3.7143657,2.3398745,654.4045,731.437,14205.794,9.561476,0.6288627,1
"Context:
The client wanted a formal start, so I rebuilt the beginning of the document with the correct structure. I also wrote a new opening that situates the work across several scientific fields instead of pretending it’s one-lane. To show the style we were aiming for, I added the beginning of a text excerpt that reads smoothly on its own. Finally, I drafted the beginning of the review section for the service we used, and I made sure the beginning of the text didn’t drift off-topic.",27.559725,3.3163555,363,7.987499,0,425.65503,1347.0193,233.80017,373.83105,108,88,79,0.9557522123809226,4.390049,4.553861,3.1645796,945.7819,1285.1421,45970.742,10.735783,0.53445333,1
"Context:
A vendor message said, in plain terms, does this product support offline mode, followed by [[https://product.example.org/features](https://product.example.org/features)]. Meanwhile, the committee update noted that the approval process is still pending final review. The sales question got ignored, but the bracketed link stayed in the thread. The contrast made the whole message feel like two unrelated posts glued together.",60.739956,4.1066017,83,10.912497,1,824.50305,3742.8328,677.94293,609.26526,191,179,164,0.9695431472032003,5.1569567,4.9611864,4.5395017,2033.832,3229.1934,157480.08,11.967061,0.2598072,0
"Context:
They planned the event with totality in mind, tracking the whole day in a single timeline. The organizer also focused on any amount of delay, treating small slips as worth fixing. By addressing the little problems early, the schedule stayed intact. The final run felt complete from start to finish.",103.27205,4.637367,129,9.062498,0,711.4195,3742.8328,572.0442,514.0402,184,165,158,0.9892473118226385,5.0349646,4.944148,5.261077,1867.0834,2425.1626,130901.19,11.782206,0.5368043,1
"Context:
The spare key was kept below the flowerpot and after the welcome note, so visitors usually missed it. When I arrived, I checked the spot under the pot and then looked behind the door for the lockbox. That behind-and-below arrangement made the entry feel like a scavenger hunt. Once inside, everything made sense.",41.797657,3.7328403,889,7.1937494,0,464.81326,1587.2716,325.83493,378.4549,51,43,34,0.9807692307503699,3.6666656,3.7381725,3.4148588,1220.8418,1581.9524,23705.477,10.0735035,0.23421006,0
"Context:
We’re glad you reached out, and we’ll do our best to make this easy. Thanks for your patience while we look into the issue and gather the right details. We’re hopeful the next update will solve the last few annoyances you mentioned. If anything changes before then, we’ll keep you posted.",11.169741,2.4132085,380,5.118749,1,558.3805,3657.6853,552.0738,371.38184,154,109,98,0.9871794871731592,4.4282384,4.7005405,6.5505247,1633.8901,2832.45,85990.59,11.362005,0.95083576,1
"Context:
The café had generous seating, warm lighting, and pastries that looked like they belonged in a magazine. My sandwich came fast and tasted fresh, and the portions felt worth the cost. Even the restroom was spotless, which made the whole place feel cared for. I stayed longer than planned because it was simply comfortable.",28.205605,3.3395207,986,6.8812485,1,375.23083,1155.8657,204.24947,299.08084,76,56,37,0.9999999999868421,3.882365,4.1983643,3.0804121,764.6217,969.8172,28517.543,10.258309,0.82150686,1
"Context:
The recipe calls for 2 minutes of whisking, then 10 to 12 minutes of resting. I filled the kettle to the 1.5 mark and watched it drop to just under 1.0 after two mugs. The coach wanted intervals of 400 meters, repeating 8 times with a short break. When I looked at the clock, the whole session had lasted 43 minutes.",20.335321,3.0123594,506,6.837497,1,555.2473,3771.847,508.79443,372.81592,156,136,124,0.9936305732420788,4.84429,4.744788,6.793093,1526.2966,2428.1733,86618.58,11.369281,0.18698837,0
"Context:
The flyer ended with a short link that looked like a URL, complete with a file extension and a page number. It was collecting donations for a small team heading out on a mission trip next month. I typed the address carefully because one wrong character would send me nowhere. After I paid, the confirmation page showed the same link again at the bottom.",34.525436,3.5416963,260,6.668749,1,686.3046,3657.6853,620.6769,436.2413,121,111,102,0.9758064516050338,4.6682487,4.48176,5.329536,1836.0679,3049.835,83042.86,11.327125,0.79584646,1
"Context:
We’ve got a few options in stock, and we can bundle them with a warranty if you want extra coverage. If you share your budget, we’ll point you toward the best fit rather than the most expensive choice. We can process the order online or at the counter, whichever is easier. Once it’s confirmed, we’ll send a receipt and tracking details.",15.354145,2.7313855,578,5.640623,1,375.19232,1412.7247,216.5717,315.89005,101,64,44,0.9711538461445081,3.820736,4.4781566,3.7653348,838.1292,1141.838,37894.426,10.542585,0.6211289,1
"Context:
On the train, she replayed the argument in her head and tried to separate what was said from what she imagined. She considered how the other person might have experienced the same moment differently. Instead of firing off a response, she waited until she could think clearly about what she wanted to communicate. When she finally called, she listened longer than she spoke.",16.148462,2.7818248,591,6.3999996,1,338.35342,1256.4767,179.32886,313.85782,79,60,45,0.9874999999876563,3.9381065,4.2479696,3.7135031,650.8999,813.3787,26729.92,10.193576,0.081625015,0
"Context:
I joined the monthly town-hall meeting and shared my screen to show the updated dashboard. A banner above the stage listed the date as March and the venue name in bright letters. During questions, someone asked if the demonstration would work outside the auditorium. I clicked through the views again, making sure everyone could see the numbers clearly.",43.02291,3.7617328,963,8.2625,1,386.44965,1056.8333,176.87935,356.46124,37,31,27,0.9736842105006926,3.3578296,3.5181098,2.7347243,713.63904,938.66376,14298.637,9.567989,0.24226405,0
"Context:
I bought the full edition of the tool because the starter pack kept removing features I actually needed. The install finished and the app opened without the nag screen. At my desk, I sketched a quick concept for a banner and wrote down the RGB values I wanted to test. I avoided naming any shades and just worked from numbers. The mockup looked cleaner immediately.",62.76252,4.139358,1250,8.23125,1,409.23572,1433.2463,285.94632,321.54633,40,36,34,0.9999999999750001,3.55025,3.490933,3.5022511,964.14435,1297.6466,16369.429,9.703232,0.28244433,0
"Context:
On Monday she deleted the cluttered draft and opened a fresh file. The blank page felt intimidating for a minute, then strangely freeing. She outlined the first paragraph and kept going. Starting over made the work lighter.",66.374466,4.1953125,138,8.799999,1,759.09863,3742.8328,603.1507,567.7854,156,148,140,0.9999999999935898,4.9665227,4.776099,4.9306273,1897.9651,2514.8643,118419.39,11.681996,0.56219035,1
"Context:
He nodded toward the earlier chapter, bringing a small quote forward to anchor the new section. She repeated what he had said during the briefing so the phrasing matched the official record. The room shifted into formal discussion, and statements were delivered slowly, without improvisation. Someone referenced a prior incident that explained the stricter review process, and the tension was easy to feel. They finished by sharing the information previously provided in the minutes so nobody walked out with a different understanding.",88.03723,4.47776,292,8.824999,0,414.57852,1347.0193,254.30379,348.57642,105,96,85,0.9813084112057822,4.5301523,4.4928517,3.249129,961.97125,1283.0637,43530.746,10.681246,0.16824594,0
"Context:
At dawn on Monday, I take the stairs down to the storage room beneath the office kitchen. I set a timer for 20 minutes and sort supplies until it rings. It’s a small routine that repeats every week without fail. By the time the morning meeting starts, the lower shelves are already neat.",22.683212,3.1216252,1112,7.09375,1,449.77423,2201.1794,373.54822,361.8908,60,51,42,0.9523809523658353,3.8545747,3.859114,4.8939652,845.79175,2168.582,26986.453,10.203127,0.59166455,1
"Context:
The dog barked from the yard below, begging for attention while I tried to focus. I followed the repair guide in sequence, swapping parts only when the step told me to. A shop around the corner offered same-day service, so I carried the device there and waited by the counter. While waiting, I read technical specifications on a new model displayed under bright lights. Dinner was a quick curry from a recipe that smelled like toasted spices the moment the pan heated.",42.345886,3.7458713,141,8.0625,0,749.70526,3742.8328,594.1685,561.9032,169,168,159,0.9941176470529759,5.1216955,4.86056,4.992406,1906.6724,2473.217,126700.19,11.749587,0.37639788,0
"Context:
The review begins with a quick story about ordering the service and waiting three weeks for delivery. In the opening lines, the writer lays out what the product promised and what the subscription add-on actually delivered. Midway through the first paragraph, a short excerpt is quoted, starting with the vendor’s own first sentence from the support email. That quoted beginning makes the complaint feel harder to dismiss.",40.259796,3.6953533,593,7.6875,0,396.7998,1347.0193,262.2406,329.72318,71,64,53,0.9726027397127041,4.126003,4.083665,3.394708,1004.71356,1308.533,28172.785,10.246147,0.6441949,1
"Context:
The address bar showed a clean path, but the copied version had an extra slash and a stray punctuation mark at the end. I kept getting redirected to nowhere until I inspected the characters. After trimming the final dot, the link behaved normally. It was the smallest fix with the biggest payoff.",54.966053,4.006716,453,9.5,1,488.00192,2201.1794,422.64905,341.8162,93,89,81,0.9999999999892473,4.472975,4.25652,4.510596,1529.657,2150.3496,45384.18,10.72294,0.13841243,0
