prompt,ppl_base,next_token_loss_base,original_index,ppl_spike_90,label,mean_cluster_risk,max_cluster_risk,std_cluster_risk,median_cluster_risk,n_clusters_in_prompt,n_unique_clusters,n_unique_features,polysemantic_ratio,cluster_entropy,weighted_entropy,dominance_ratio,risk_p95,risk_p99,risk_sum,risk_sum_log,label_proba,label_pred
"Context:
A code flashed on the jumbotron, and the announcer said it would unlock a discount for the next event. The crowd repeated it out loud until the letters stuck. Outside, volunteers handed out cards with the same code printed in bold. By midnight, almost everyone had tried it at least once.",44.79853,3.8021753,926,9.343749,0,1080.5428,3367.4949,705.9162,838.89166,31,29,26,0.9687499999697267,3.3276699,3.2466295,3.1164844,2308.558,3083.8398,33496.83,10.419236,0.4858774,0
"Context:
At the community center, a speaker showed a process for teaching beginners by grouping lessons into types and running a simple function to check progress. He pivoted to financial matters, saying wealth disparity decides who gets to learn early and who gets left behind. During the break, sports news drew a crowd, and a volunteer talked about faith as the reason she keeps coming back. Participation wasn’t required, yet you used your free evening to help set up chairs and review the handouts.",96.581604,4.5703883,630,10.168747,0,1350.6581,10610.383,1317.0553,1072.394,79,72,63,0.9874999999876563,4.233365,4.0835814,7.855713,2660.2646,6450.651,106701.99,11.577805,0.37824675,0
"Context:
If it is cold, you drink the tea straight away, but if it is hot, you wait and sip slowly. The barista watched two groups at the counter and adjusted the pace depending on that moment. When the steam finally faded, you used the lid as a coaster. The whole scene turned on simple conditions and timing.",48.39633,3.879424,682,8.568749,1,1150.8545,6831.9375,1125.8933,884.1759,82,57,45,0.9999999999878049,3.7248058,4.073765,5.936404,2907.9521,6174.9443,94370.07,11.454989,0.6380432,1
"Context:
On the drive, my sister and I argued about whether to stop now or push on to the next town. The GPS offered two alternatives, one faster and one that avoided tolls. We listed the types of food we could grab quickly, from gas-station snacks to a proper sit-down meal. If traffic thickened near the bridge, we’d detour through the countryside; otherwise we’d stay on the highway.",20.019814,2.9967225,514,6.4,0,1314.8018,5369.374,926.2102,1076.5729,64,43,36,0.9846153846002367,3.4518278,3.9475987,4.08379,2879.2932,4382.0015,84147.31,11.340336,0.54188514,1
"Context:
At the conference, I wore a sticker that said “Eli” in thick marker and a smaller badge that showed a three-letter org, NGO. Someone asked if Eli was short for Elias, and I had to spell it twice. The venue sign read Riverfront Center, and the host kept pairing my name with the location in announcements. By the end, my first name felt like part of the building.",43.15168,3.7647214,365,8.474998,0,1168.9933,7536.9976,980.4583,877.0997,99,88,79,0.9519230769139237,4.4358015,4.3615193,6.447426,3000.8457,4812.2754,115730.336,11.659027,0.38325182,0
"Context:
My doctor asked what had changed, so I described shifting to simpler meals and cooking at home most nights. I’ve been leaning toward whole foods and a more minimalist routine, even packing lunches in reusable containers. The lab results showed LDL cholesterol down 10% compared with last year. Hearing a clear percentage made the progress feel concrete.",40.866825,3.7103186,655,9.0625,1,1298.2756,4353.3613,901.993,1147.0444,46,40,32,0.9787234042344953,3.6364455,3.6156626,3.3531873,3113.8438,4131.7314,59720.68,10.997451,0.47837043,0
"Context:
I’m trying to keep life pared down, so I sold the extra kitchen gear and stopped buying snacks I don’t actually enjoy. For weekend trips, I now choose the simplest transport option and avoid itineraries with too many transfers. A sturdy backpack and a refillable bottle handle most of what I need, whether I’m cycling to the station or walking from the platform. Travel feels calmer when the stuff and the route are both uncomplicated.",32.99901,3.4964776,656,7.840625,0,1173.5607,6469.349,1129.3738,819.3491,62,50,46,0.9687499999848632,3.8195806,3.8075836,5.512582,3377.6938,5697.1606,72760.76,11.194945,0.3769131,0
"Context:
At the office, she pitched a new venture and used a chart to explain why it mattered, then sent everyone a website link afterward. A coworker replied with an opinion that the data looked too polished, like high-definition marketing rather than reality. That night she updated the software behind the site to the latest version and woke up to an error page instead of her homepage. She logged into her account, edited the location settings, and rewrote the product descriptions with bracketed names and specifications so customers could still understand what they were buying.",40.369213,3.6980674,529,7.3656244,0,1566.0146,8964.124,1393.571,1237.9209,131,116,108,0.9776119402912119,4.683313,4.6002016,5.7241635,3804.8218,8484.133,205147.92,12.231491,0.45305634,0
"Context:
On the city map, the park looked like a green smudge, but in person it was a pocket of pine trees wedged between apartment blocks. A wooden sign marked the trailhead, and each fork had a carved arrow to the pond or the playground. I sat on a rock that had been polished by years of people waiting for someone. When I stood up, the place felt oddly familiar, as if I’d been there before.",18.439978,2.914521,321,7.2125,1,1518.5016,4810.5513,964.6982,1293.8973,193,182,175,0.9747474747425519,5.1755457,5.0798306,3.1679595,3428.2502,4758.2646,293070.8,12.588173,0.4601405,0
"Context:
The flight attendant announced “LAX” and Noah checked his boarding pass again just to be sure. At the gate, a man named Pavel introduced himself and asked if Noah was headed to Oslo too. A family nearby called out “Olivia” as if the name were a tether in the crowd. The screen flashed “ETA 20 min,” and people groaned with practiced patience. When the line moved, Noah repeated “Pavel” under his breath so he wouldn’t lose it.",37.553074,3.6257553,70,8.187499,0,1684.7759,5875.3516,1041.7777,1474.6873,254,244,238,0.9883268482451817,5.4806957,5.361279,3.4873192,3739.7585,4792.564,427933.06,12.966724,0.39838985,0
"Context:
Our itinerary listed: Tuesday, 10:00 check-in, 11:30 keynote, 14:00 breakout rooms, and hall assignments for each group. The event itself was the North Sea Convention, and every badge had the name printed large. I circled the times, underlined the room numbers, and shoved the schedule into my pocket. When the convention opened, the crowd moved exactly according to those time slots.",31.767511,3.458444,890,8.5875,1,1186.364,5784.8,1055.1284,853.848,50,38,33,0.9803921568435218,3.5133953,3.6154037,4.876075,3491.9158,4703.6396,59318.203,10.990688,0.6010246,1
"Context:
The tournament was pitched as pure entertainment, complete with music breaks and highlight reels. Behind the scenes, the organizers pointed to an operational program funded through an EU grant for education and community health promotion. They said the framework required a certain number of youth tickets and outreach sessions. When the lights dimmed, the policy talk vanished and the spectacle took over.",69.76885,4.2451878,371,10.43125,1,1203.3173,7843.871,1283.523,733.99304,68,60,52,0.9999999999852941,4.0410247,3.8697922,6.5185394,2854.8381,6784.717,81825.57,11.312357,0.34170803,0
"Context:
I compared two brands of olive oil and chose the one that named the farm, the harvest date, and the storage guidance. Later, I read a briefing about funding reforestation and vocational training for young women in the same region. The connection made me pay attention to how everyday purchases and broader development work can intersect. Even the simple act of following a label led me into bigger environmental reading.",63.875034,4.1569285,767,10.875,0,1257.4818,3850.1719,914.3507,866.7378,62,40,33,0.9538461538314792,3.176196,3.8953967,3.0618112,3207.9011,3503.293,77963.875,11.264013,0.5024257,1
"Context:
The app flashed a limited-time code on the landing page, and the countdown timer did most of the convincing. A friend texted a promo code for an MMA merch store, saying it would knock the price down if I checked out fast. Later I saw a software bundle code in a newsletter and realized the same tactics work everywhere. I used none of them until I actually needed what was being sold.",43.576324,3.774514,456,8.224994,1,947.2018,2845.5322,605.59595,754.70233,71,59,53,0.9861111110974151,3.9672172,4.086452,3.0041459,2236.3184,2749.9998,67251.33,11.116207,0.5797879,1
"Context:
Ava texted “IDK” when Ethan asked which entrance to use, then immediately regretted being vague. Outside, the banner read “VIP” and Dr. Chen laughed at how serious it made the lobby feel. Olivia introduced herself to Maria, then turned to shake hands with Tomas and nearly forgot his name mid-gesture. Across the street, a sign pointed toward Paris Avenue, which sounded like a destination even if it was just two blocks long. By the time they got inside, everyone was repeating names like they were passwords.",73.2917,4.2944474,247,10.812494,0,1573.2152,8655.867,1469.8403,1160.3923,131,118,110,0.9424460431586875,4.729637,4.549925,5.5020237,4645.5996,7303.3096,206091.19,12.236079,0.42180398,0
"Context:
Maya stood under the street sign for Paris Road, waiting for Noah to show up. He arrived breathless and apologized with a quick “BRB” joke about his disappearing act. Inside the building, a receptionist greeted Dr. Chen and then asked for Sara’s first name for the visitor log. Mr. Johnson leaned over and pointed at a folder labeled “HR,” as if it explained everything. Later, the group planned a detour to Oslo, and Maya realized she liked how names could be both people and places.",51.004303,3.93191,611,9.125,0,1368.3351,8989.772,1319.36,933.04004,151,141,129,0.9934210526250433,4.9162917,4.699394,6.5698614,4166.047,6879.492,206618.6,12.238635,0.3230708,0
"Context:
The log line begins with <bos> and then prints: 2025-12-16 23:10:05, build 5.0.3, followed by a terse status code. A separate entry repeats the date in plain language—Tuesday, 16 December 2025—and adds v5.0.3 again. After that, the text moves on to ordinary sentences, as if the header was just the start of a larger document. It is unmistakably a beginning marked by a date and a software version number.",25.47881,3.237847,705,7.640624,1,1201.9272,5048.405,1073.0789,695.79047,73,49,44,0.9999999999863013,3.64252,3.9735374,4.2002583,3441.7683,4892.709,87740.69,11.382153,0.43322265,0
"Context:
My roommate wanted to buy new décor, but we agreed to first see what we could do with what we already owned. We reorganized the shelves, recycled a pile of old packaging, and set a small bin aside for compost. For dinner we tried a salad with grains and seasonal greens instead of a meat-heavy meal. The place looked calmer, and we didn’t end the night with extra trash.",26.474365,3.276177,979,6.9406238,1,1252.8302,5657.544,1078.6925,989.20844,55,34,28,0.9322033898147085,3.4052477,3.719526,4.5158114,3489.28,4687.3296,68905.664,11.140508,0.5576549,1
"Context:
At the electronics counter I had to choose between a refurbished model and a new one, both sitting in separate display groups. The salesperson laid out the alternatives without pushing either side. He also said you are not required to buy the extended warranty. I walked out with the refurbished unit and no extra plan.",34.864567,3.551471,298,7.075,1,1291.164,8936.079,1309.0728,804.27,53,51,46,0.9814814814633059,3.9179788,3.660246,6.92095,3004.975,6527.2383,68431.69,11.133606,0.43144894,0
"Context:
On the drive to the venue, the highway sign warned about ice, and our arrival time slid later with every slow kilometer. When we got there, an announcement said the event was canceled due to a sudden power issue, and the crowd drained out into the cold. In the lobby, a bulletin board listed a product recall with a safety warning, which felt oddly fitting given the chaotic night. A staff member mentioned the organizer had rebranded recently and that their old ticketing app would be discontinued after a final update. We left the location frustrated, watching the consequences ripple through missed connections and delayed schedules.",38.724075,3.6564615,101,7.2281237,0,1520.7614,5989.632,1020.1369,1272.7988,188,179,169,0.9947089947037318,5.159919,5.043619,3.9385746,3380.0835,5287.5776,285903.12,12.563412,0.46975917,0
"Context:
I kept an eye on the simmering sauce and, during that wait, the computer decided to download an update. A pop-up claimed it was the latest version, but right after installation it threw an error and pointed me to an online article. I turned the heat down and let the pot bubble while the system rolled back. By the time dinner was plated, the patch notes had been replaced by a troubleshooting page.",30.425661,3.4152863,960,7.6312523,1,1254.8666,6622.9185,1085.0524,896.80054,66,56,48,0.985074626850969,3.9337726,3.9078062,5.2777867,2888.023,5481.2812,82821.195,11.324451,0.49115625,0
"Context:
He always had more energy at night, even after a long day. At night the city sounded softer, like the cars were whispering. He washed the dishes at night because it made the kitchen feel calm and final. A friend called at night to share good news, and the joy landed differently in the darkness. He went to bed late, grateful for the quiet of night.",28.03092,3.3333082,605,6.524995,1,1424.0175,6555.7144,1111.7725,1131.0446,68,62,54,0.9999999999852941,4.089493,3.9713016,4.6036754,3042.8035,5477.966,96833.19,11.480756,0.40311483,0
"Context:
On Monday he promised himself he’d stop working late, but the week ignored his promise. Wednesday afternoon brought a surprise deadline that swallowed his plans. Thursday night he stared at the calendar and counted how far Friday still was. When Friday morning finally arrived, he celebrated with a walk in the cold air. By the weekend, he forgot the deadline existed until Sunday evening reminded him.",27.596235,3.3176794,213,6.5,0,1394.8304,6795.144,1025.8705,1152.2644,155,142,135,0.9935897435833745,4.9136515,4.826086,4.8716626,3237.5105,4979.098,216198.72,12.2839575,0.46662438,0
"Context:
At the barbershop, the conversation drifted from salaries to how some neighborhoods seem to live in a different world. A TV in the corner showed sports news, and everyone paused to watch a replay. One man mentioned his church and said belief keeps him steady when money feels unfair. When it was my turn in the chair, I kept replaying his words in my head.",38.013386,3.6379383,237,7.390625,1,1604.3539,5282.235,993.1734,1383.3171,263,247,241,0.9999999999961977,5.4381914,5.3960156,3.2924376,3424.4065,4764.2476,421945.06,12.952633,0.55088264,1
"Context:
She edited a short video on her laptop while laundry tumbled, and she timed cuts to the beat she could hear through the headphones. The export bar crawled, so she waited by making tea and watching the clock. If it wasn’t finished by the time her friend arrived, she would send the raw file and apologize later. In the background, a sports clip loaded in low resolution and sharpened gradually, and it snapped into clarity right as the dryer beeped.",51.45521,3.9407117,593,9.025,0,1439.8213,7933.6816,1191.144,1082.8695,78,71,67,0.9873417721394007,4.2255893,4.0983057,5.510185,3343.7703,5649.8228,112306.06,11.628992,0.34085944,0
"Context:
The mechanic showed me how a thin inspection camera can be inserted into a tight engine cavity to find a missing clip. He marked the access point with a comma and a slash on his worksheet so the apprentice wouldn’t confuse the holes. When the clip finally appeared on the screen, we pulled it out with a hook tool. The car started without the rattling noise afterward.",42.586246,3.7515314,281,8.025002,1,1268.2579,6676.529,926.03546,967.276,138,118,108,0.9583333333266784,4.6647377,4.713478,5.2643304,2945.8098,4401.992,175019.6,12.072659,0.5305307,1
"Context:
A local gallery hosted an art show that spilled into the courtyard with pop-up stalls. Across town, the sports tournament was running all day, and friends kept bouncing between matches and the exhibit. Someone called it a festival weekend and nobody argued. By evening, the show lights and the tournament cheers blended into the same city noise.",43.95009,3.7830546,377,8.4,0,1031.4541,4377.6973,717.3538,772.7145,46,44,41,0.938775510184923,3.7683682,3.645114,4.244199,1836.5994,3732.378,47446.89,10.767387,0.5032522,1
"Context:
The address led me past a row of identical doors until I noticed the painted blue frame with the number half rubbed off. Inside, the hallway smelled like coffee and wet coats, and the landlord pointed out the storage room by the stairwell. I kept repeating the building name in my head so I wouldn’t forget it on the walk back. By evening, I could picture the exact place without trying.",36.330524,3.5926583,286,7.968749,1,1253.37,5771.2183,983.50055,987.4041,118,110,100,0.9076923076853255,4.6649513,4.5317764,4.6045604,3441.1292,4962.405,147897.66,11.904283,0.45006493,0
"Context:
The readme file described the parameters for the command, the return value you should expect, and a warning about null inputs. That night I used a simple recipe that depends on timing, so I set a timer and followed the steps exactly. When the sauce thickened, I felt oddly grateful for clear instructions in any form. Even cleanup went faster because I wasn’t guessing.",74.941345,4.3167057,388,9.962502,0,1511.5728,6260.3413,1080.0525,1170.5447,172,157,147,0.9885057471207558,4.929452,4.926132,4.1416078,3839.419,4786.455,259990.52,12.468404,0.4223091,0
"Context:
He told his friend he would stay as long as the weather held, and they both kept looking at the sky for proof. When the first gust turned sharp, he tightened his jacket and checked the forecast again. If the temperature dropped another degree, he said, they would call it. The choice kept shifting with the time and the air.",25.96644,3.256805,883,6.4375,1,1256.988,5590.7754,1114.8081,679.0413,61,51,40,0.9531249999851074,3.8750343,3.7974987,4.447755,3179.9062,5274.8115,76676.27,11.24736,0.300972,0
"Context:
The monthly statement said my investment account gained 5%, but a note warned that one holding had dropped 12% in a single week. I tried to calm down by looking at the portfolio breakdown, where bonds were only 18% of the total. Then an online store tempted me with ""Save 30%"" on headphones, which felt tone-deaf next to the market dip. At dinner my cousin mentioned a study claiming a 25% reduction in headaches after better sleep habits. Before bed I read a local report saying unemployment fell 1% and wondered why tiny shifts can feel so dramatic.",31.296028,3.4434912,717,7.749999,0,1140.781,3945.4592,913.4774,799.30023,71,63,56,0.9594594594464937,4.0869527,3.987758,3.4585595,3120.21,3740.4126,80995.45,11.30216,0.5548487,1
"Context:
She recognized the actor instantly, even under a plain cap and a tired expression. He ordered coffee like a regular person and waited in line without checking his phone. When someone asked for a photo, he smiled politely and said yes, then thanked them for being kind about it. As he left, he held the door for the next customer and didn’t look back.",21.466846,3.0665097,793,7.2937503,1,1197.6226,6635.725,1003.94525,930.3528,111,105,97,0.9652173912959546,4.634595,4.463704,5.540748,2730.662,6279.232,132936.11,11.797631,0.4611184,0
"Context:
She bookmarked an online article about a bug that appeared after the newest release, then forgot about it until the error popped up on her own laptop. The help page suggested updating again, which felt like being told to walk into the same wall twice. She checked the version number, sighed, and copied the log into a forum post. By morning, the article had been updated with a different workaround.",28.853836,3.362243,96,7.306249,1,1524.9296,8005.238,1054.753,1326.2367,166,164,159,0.9822485207042471,5.0921326,4.916148,5.249579,3312.9966,4940.617,253138.31,12.441695,0.5243796,1
"Context:
I was shopping for a new jacket and tried to keep the purchase practical, choosing one durable piece instead of three trendy ones. While waiting at the register, I read a flyer about a program that invests in environmental infrastructure and funds education initiatives aimed at girls. On the walk back I passed a construction site where signs advertised energy-efficient design features and a certification goal for the finished building. At home the jacket’s tag listed the fabric composition, the country of manufacture, and the washing instructions in detail. Later I planned a weekend visit and picked the train because it was the easiest route with minimal transfers.",33.174213,3.5017729,244,7.143749,0,1381.4744,5352.3394,904.86774,1187.8684,143,130,117,0.9533333333269779,4.8234644,4.77818,3.8743675,3184.79,4501.5376,197550.83,12.193756,0.5320103,1
"Context:
I met my friend at the climbing gym, then we headed to a new spot across town by the canal locks. She pointed out the boutique selling matching apparel for the event, with a brushed-fleece hoodie and a cap stitched in neon thread. We tried them on while arguing about which place had the better view of the water. In the end we left wearing the same color and laughing at how touristy we looked.",43.118855,3.7639604,746,8.412499,1,1320.3351,5543.6396,1023.8182,844.08215,63,53,46,0.9843749999846191,3.8844721,3.896944,4.198662,2778.912,4889.046,83181.11,11.328788,0.34251752,0
"Context:
My friend posted about losing 8% of his portfolio in a single day and wrote that it felt like being punched in the stomach. In the comments someone replied that the market had recovered 3% by the next morning. The story wasn’t technical, but the percentages made the swings easy to picture. I sent him a message reminding him that short-term drops don’t always define the year.",19.82065,2.9867244,76,6.606248,1,1749.1382,8974.978,1163.2894,1472.208,255,241,229,0.996093749996109,5.4460735,5.351266,5.1310854,3912.0615,5606.9756,446030.25,13.008144,0.28800556,0
"Context:
To make the instructions readable, I swapped the rambling paragraph for a clean list with commas and short prepositions like in and from. Each step started with a verb, then a few items separated by and or or, so nobody had to parse a long sentence. I kept the phrase of the kit together on one line and added from left to right at the top to show the sequence. The final sheet looked simple enough to follow while working.",49.191048,3.8957117,933,8.5,0,1383.4606,5479.1987,1240.7542,981.4656,39,30,25,0.9999999999743591,3.2946846,3.356964,3.9605021,4749.653,5295.6367,53954.96,10.895924,0.6503277,1
"Context:
I compared two items side by side, reading descriptions that listed sizes, materials, and serial numbers. The sales page also named where each piece was stocked, down to the warehouse location and the pickup point. After checkout, I walked to the store and recognized the place from the listing. The product felt less abstract once it had an address.",53.0229,3.9707239,209,8.5,0,1435.4902,7912.154,1081.459,1188.4255,134,126,122,0.9925925925852401,4.8008246,4.6749377,5.511813,3245.8977,5096.9844,192355.69,12.167107,0.4457331,0
"Context:
My friend and I cleaned up after dinner and joked about how satisfying it is to own fewer things and waste less. She then showed me her monthly transfer into a sustainable fund that supports community development and education programs for women and girls. The next day we visited an open house where the builder explained energy-saving upgrades and displayed certificates for the materials used. In the entryway I checked a sealant tube’s label to confirm what it contained and how it should be applied safely. We got to the open house by taking a bus line that made the trip easy with no parking headaches.",30.807112,3.4277456,259,6.587499,0,1514.0569,4810.5513,980.2739,1275.323,179,161,146,0.9572192513317797,5.025621,5.000601,3.1772592,3456.3838,4761.0566,271016.2,12.509937,0.45564973,0
"Context:
I told the mechanic I could wait 2 hours, and the service desk typed my order at 6:01. The receipt described the part as “Chain 116 links” and “Fits 11-speed,” with a smaller line about 2 mm tolerance. My evening was laid out with a 19:30 meet-up, a 21:00 stop at the station, and a final address saved under my friend’s name. In the waiting room, a match replay from 2022 showed the underdogs rising from 8th to 2nd, and the commentator kept calling back to 2019. When my bike rolled out, I had 1 minute to catch my ride.",28.487492,3.3494651,158,7.324999,0,1555.1627,5282.235,1050.6163,1340.0065,240,218,205,0.983606557373018,5.3311086,5.2681293,3.3965802,3589.0244,4768.835,373239.06,12.829977,0.42794037,0
"Context:
Sara booked the tickets and stared at the confirmation page where her name appeared in all caps. The airline agent asked for “Sara” and she replied without thinking. At baggage drop, another agent asked again, and she repeated it with a patient smile. She realized she’d spoken her own name more times than she’d spoken any other word that morning. When she finally sat down, she felt like she’d earned the quiet.",24.208422,3.1867006,495,5.96875,1,1123.7599,5369.6987,883.7099,793.5121,68,51,46,0.95774647885975,3.829463,3.9746313,4.7783318,2731.4258,4057.6914,76415.67,11.243957,0.6333788,1
"Context:
I cooked a quick dinner from basic ingredients and tried not to buy anything new that I didn’t truly need. After eating I joined a webinar about impact investing that channels capital into environmental projects and school programs for girls. The presenter interviewed an architect who described new materials that reduce energy use and come with formal certifications. During the Q&A someone asked about a specific product, and the answer referenced its composition, where it was made, and the exact usage steps on the label. When the call ended, I booked a train ticket for next week because it was the easiest travel option on that route.",32.7446,3.488738,526,7.468749,0,1280.7135,5662.6875,1104.0919,984.6714,84,67,55,0.9767441860351541,4.114242,4.1353974,4.42151,3709.736,5248.0513,107579.93,11.585999,0.56705254,1
"Context:
He tracked his habits by week, not by day, because it felt more forgiving. Each week he aimed for three workouts and one long call with his sister. When a week went badly, he told himself the next week could restart everything. By the end of the week, he reviewed his notes and circled what he wanted to keep. Then he closed the notebook and let the weekend begin.",25.794693,3.2501688,331,8.0,1,1642.7539,6341.327,1089.9023,1379.9126,178,170,166,0.9834254143592076,5.1087503,4.985363,3.8601813,4058.5974,4796.0513,292410.2,12.5859165,0.42872104,0
"Context:
On Monday we drive to the arena, and the traffic always thickens near the stadium exits. The match starts in round one, but the shift happens in round two when the pace suddenly doubles. By Wednesday the same venue hosts another event, and I still catch myself saying I’m heading to the same seats. After round three, the coach points toward the tunnel and tells the team to reset.",57.549213,4.0526404,952,8.5,1,1155.3939,5755.229,947.39294,864.48145,52,46,39,0.9629629629451304,3.743171,3.7030551,4.9811835,2746.9246,4574.1772,60080.484,11.003457,0.6704244,1
"Context:
The clinic issued a product recall and a safety warning after several patients reported rashes. In the lab notes, the doctor wrote medical terms like dermatitis, inflammation, and histamine response. A nurse explained the biological process behind the reaction, from immune signaling to swelling in the tissue. Everyone checked batch numbers twice before allowing any more samples to be used.",47.148182,3.8532956,314,9.1875,1,953.6503,4735.118,761.67914,671.2005,71,51,46,0.9726027397127041,3.59423,4.036283,4.965256,2580.649,3677.9873,67709.17,11.122992,0.70733416,1
"Context:
On Wednesday, the coach shouted, “Mia, switch sides,” while the assistant scribbled MVP next to her name. Arjun and Kai ran drills until the lights came on. After practice, the roster list included first names, last names, and a three-letter note beside each player. The midweek routine made the gym sound like a loud attendance check.",78.51988,4.363352,294,11.362499,1,1248.1865,12508.768,1571.9122,777.1631,72,60,58,0.9863013698495027,3.8918333,3.879176,10.021553,2853.0127,7164.2866,89869.43,11.406124,0.3773447,0
"Context:
If the meeting starts on time, we debate in a single room, but if it runs late, we split into side discussions in the hallway. The late version creates two groups with different priorities, and the event feels like it changes shape. I compared the outcomes afterward and saw how much the timing mattered. That simple condition decided who got heard.",52.42682,3.9594183,381,8.737499,0,1154.4999,3322.998,764.733,770.1797,59,48,41,0.9672131147382425,3.6896152,3.8806136,2.878301,2865.5156,3070.0347,68115.49,11.128975,0.3964653,0
"Context:
The teacher offered two project tracks, a presentation track or a report track, and we had to select one group to join. I hesitated between the options because I like speaking but also enjoy writing. She added that you do not need to include an appendix unless you want to. With that freedom, I picked the report track and kept it lean.",31.186186,3.4399753,920,8.356248,1,894.347,3686.5637,701.16766,730.3251,48,33,32,0.9795918367147023,3.3531559,3.6307855,4.122073,2532.4373,3299.5588,42928.656,10.667318,0.5797154,1
"Context:
After a month of cooking mostly vegetables, beans, and simple rice bowls, my grocery list felt calmer and cheaper. I’ve been trying to cut waste too, so I reuse jars and avoid impulse snacks with layers of packaging. At my checkup, the nurse noted that my body fat percentage had dropped by 3 points since spring. The number wasn’t the goal, but it was a neat side effect of eating cleaner and living with less.",29.097275,3.3706446,803,7.581249,1,1156.5254,3490.145,861.94763,843.5731,52,43,39,0.9999999999807693,3.691183,3.7085485,3.0177848,3083.6904,3319.6736,60139.32,11.004436,0.45623943,0
"Context:
The headline said mortgage rates ticked up to 5.1%, and the market reacted within minutes. A finance blogger broke down how that percentage shift could change monthly payments for new buyers. In the comments, someone shared a personal story about refinancing and cutting their interest by 0.8%. Between the news and the anecdote, the week felt like a parade of percentages.",31.9465,3.4640627,954,8.025,0,1169.6782,5345.773,1066.0405,833.92346,50,42,41,0.9615384615199705,3.658821,3.6116948,4.5702934,3472.0496,4979.758,58483.914,10.976524,0.5780388,1
"Context:
The train derailment left steel twisted beside the tracks and gravel sprayed across the field. People gathered at a distance, staring as rescue teams moved in. A loudspeaker repeated warnings about staying back from unstable cars. The scene felt unreal, like it belonged to another country or another era. Even hours later, the ground seemed to vibrate with what had happened.",33.082134,3.4989934,621,8.106248,1,1115.4097,5629.049,844.6057,883.7182,138,118,105,0.985714285707245,4.666488,4.7063117,5.04662,2596.8171,4622.5874,153926.53,11.944237,0.50079525,1
"Context:
The museum’s new show doubled as an exhibition and a performance, so the crowd kept moving between rooms. A colleague pulled me into a formal workshop meeting where lunch was served and an invited lecture capped the session. Later, a sports tournament in the park fed straight into the summer festival, and the ceremony ended with fireworks. I slipped away to a reception and a quick bridal shower, then hurried to my course discussion group in a classroom downtown. That night, I finally sat down at the “Town Convention Banquet,” where the printed date matched my calendar.",75.57686,4.32515,718,10.10625,0,1101.2931,6325.133,924.3782,784.8436,59,49,39,0.9999999999830509,3.7526808,3.8312669,5.743369,2528.2117,4294.42,64976.29,11.081793,0.6470859,1
"Context:
The radio host compared luxury spending to everyday wages, and the numbers made my stomach tighten. A segment about the weekend match followed, and callers argued about the referee like it mattered more than anything else. In the next breath, someone shared a quiet story about faith that helped them keep going. I sat there thinking about what I chase and what I’m willing to give up.",59.77928,4.090659,59,9.874999,1,1398.0985,5282.235,955.0006,1150.605,112,106,102,0.9655172413709869,4.639561,4.5135903,3.7781565,3247.208,4598.8887,156587.03,11.961373,0.5056308,1
"Context:
When the deadline reached midnight, the portal would close, and she treated that hour like a wall. She kept saving her draft every few minutes, afraid of losing it right at the end. If the upload failed, she planned to email the file immediately, timestamp and all. At 11:58 she hit submit and didn’t breathe until it confirmed.",30.467215,3.4166512,625,7.4625006,1,1232.3425,5115.0444,959.0877,957.64685,56,51,48,0.999999999982143,3.8828883,3.7796035,4.1506677,2985.7876,4546.513,69011.18,11.142038,0.51602507,1
"Context:
The delivery driver noticed wasps around the porch light as he carried boxes to the front step. The homeowner, a woman with a dog leash slung over her shoulder, apologized for the clutter and promised to clear the area. Her cousin, who had been staying there since losing his job, offered to take the packages inside. She chopped onions for dinner and wiped a tear from the corner of her eye, blaming the fumes while her throat tightened. In the living room, a famous actor’s movie played, and the familiar face filled the quiet between them.",30.311243,3.4115188,558,7.34375,0,1162.5652,5965.0513,818.0898,964.3916,160,133,115,0.9937888198696039,4.824886,4.873789,5.1309395,2604.3054,3955.9758,186010.44,12.133563,0.5558983,1
"Context:
We planned the route around two festivals, one in the old quarter and one up in the hills. Each stop came with dates, distances, and a clear geographic cue like river-left or south ridge. By the final evening we ended up at a stadium show, where sports and entertainment blended into one long roar. On the return train I reread the itinerary and could picture every place we had stood.",57.58679,4.053293,783,7.762498,1,1383.0598,6639.0127,1196.2762,948.6744,44,41,38,0.9999999999772728,3.6896696,3.5042334,4.8002353,3704.2593,5660.101,60854.633,11.016259,0.6273516,1
"Context:
Wednesday morning, I planned to study, but by Wednesday afternoon I was running errands. Thursday night, I tried to reset, and Friday at dawn I finally started again. Saturday evening, I took a break, then Sunday morning I reviewed what I missed. The week’s days and daily time slices kept swapping places.",34.932934,3.55343,380,7.4937487,0,987.47784,3041.7756,630.5074,717.1939,53,49,44,0.9999999999811321,3.8557935,3.7992887,3.080348,2440.1838,2813.5408,52336.324,10.865465,0.5003256,1
"Context:
The outdoor concert was supposed to start at dusk, but the wind picked up and the organizers called it off for safety. People huddled under awnings, staring at the darkening clouds as staff rolled cables back into cases. The announcement said tickets would be refunded, yet everyone still looked disappointed. A fallen tree blocked the main entrance, which turned the parking area into a slow-moving mess. By the time we left, the whole evening felt like a plan erased by bad luck.",23.71845,3.1662533,54,7.1343746,1,1588.6771,8249.0205,1320.2214,1291.0087,133,124,116,0.9779411764633976,4.7965393,4.6206474,5.192384,4129.4414,6143.534,211294.06,12.261011,0.49851158,0
"Context:
The taxi dropped me at a waterfront address, and the place smelled like salt and diesel from nearby boats. I checked the CMS, updated the calendar for the month of August, and leaned on the skill of staying in the present moment when the page formatter glitched. Inside, a panel discussed an EU funding project, its framework, and the operational program that tied health promotion to education and community work. Afterward I skimmed a product flyer listing materials, measurements, and a limited-time offer.",100.02108,4.605381,23,9.9375,0,1476.5394,5282.235,963.395,1281.1659,157,149,142,0.9874213836415886,4.9767766,4.8665423,3.5774424,3356.435,4760.3296,231816.69,12.353706,0.60731256,1
"Context:
I started a video call and waited for everyone to join, but the minutes stretched on. While the app showed the spinning icon, I used the downtime to answer emails and refill my water bottle. When the call finally connected, it was already during the window we had reserved for decisions. By the end, we agreed to shorten future meetings so the waiting does not eat the schedule.",31.458971,3.4486842,30,7.25,0,1466.1415,5282.235,970.5408,1273.3582,166,157,147,0.9707602339124518,5.028475,4.9185934,3.602814,3360.566,4752.2583,243379.48,12.402381,0.53773016,1
"Context:
The coach offered a choice between two training blocks, endurance or speed, and everyone picked based on their goals. Within each block, there were types of sessions with small variations, like hills, intervals, or steady runs. Some athletes tried combining sessions and ended up overcooked. I stuck to one type at a time and felt better for it.",33.89214,3.523183,876,8.743749,0,1238.8245,5102.7793,810.79315,1127.4685,45,41,37,0.978260869543951,3.6718085,3.6337066,4.1190495,2272.7566,3984.9358,55747.1,10.928598,0.40506932,0
"Context:
A concert listing promised an easy night out, but the address was the real detail everyone kept asking for. The organizer finally posted the exact location of the venue, including the floor and the door code after 20:00. When the afterparty moved, the new spot was named as a specific bar across town, not just “downtown.” I saved both locations, because plans always change faster than people admit.",55.509907,4.0165615,429,8.850001,1,993.41034,4247.3643,841.16284,691.8751,46,40,39,0.999999999978261,3.6250706,3.5738769,4.2755384,2570.1658,4205.2173,45696.875,10.729807,0.45387763,0
"Context:
On the help forum, someone posted a question about a car that had flooded during a storm, and several replies came in within minutes. One person answered that the damp smell usually means water reached the wiring, while another warned about rust forming behind panels. A third user asked whether the keyless system could be compromised after a leak into the control box, and the thread turned into quick back-and-forth. The original poster marked the most practical answer and closed the topic.",25.920317,3.255027,10,7.068748,1,1498.505,5817.8164,1266.5471,862.44617,65,60,53,0.6842105263085873,4.0596995,3.8791072,3.8824136,4409.5596,5204.605,97402.83,11.486621,0.34137866,0
"Context:
I met Ava outside the station on Friday, and Ben kept repeating that the ETA was under ten minutes. We walked past Oslo Plaza and waved at Maya when she stepped out of the taxi. By dusk, Eli texted a three-letter update, BRB, and disappeared into the crowd. The plan had been simple, but the day-of-week pace made everything feel urgent.",87.69125,4.473822,816,10.9124975,1,1356.6178,6003.928,1257.7026,1057.4791,50,43,43,0.9803921568435218,3.7074769,3.5907395,4.4256597,4058.914,5840.2607,67830.89,11.124787,0.57692224,1
"Context:
The broadcast opened with highlights from past combat sports rivalries and then cut to the weigh-in drama from the day before. When the bell rang, the pace was tense, more chess than chaos, with feints and small steps setting up the big shots. A sudden exchange clipped one fighter and forced a scramble for control on the mat. The referee pulled them apart at the end, and the crowd argued about who deserved it.",42.702084,3.7542477,809,8.8499975,1,1342.5391,5724.6294,1329.1315,824.6103,55,47,40,0.9821428571253189,3.7804859,3.6227157,4.264032,4210.8843,5467.7793,73839.65,11.209664,0.56840533,1
"Context:
The parade was disrupted by a power outage and then canceled, leaving vendors packing up fast. Doctors in the crowd still used medical terms while helping a fainted spectator and explaining what was happening. They described basic biological processes like dehydration and blood pressure dropping in heat. After a few sips of water, the person recovered and the crowd dispersed.",61.407345,4.1175294,482,8.2625,1,1050.871,3953.6257,754.95966,794.20825,60,56,48,0.9999999999833334,4.0019255,3.8967083,3.7622366,2300.0244,3865.4695,63052.26,11.051735,0.42676547,0
"Context:
The first lines of the newsletter opened with a quick fitness routine about strength and controlled movement. Ten minutes later it jumped to a design update for a maternity tracker, mentioning pregnancy milestones and new icons. A legal paragraph followed about workplace policy, then a data section bragged about the latest technology stack. It closed with a silly promise of good fortune for anyone who finished the workout before the event was canceled.",109.43237,4.695307,445,12.087496,1,1627.7755,8720.533,1157.3368,1364.2192,135,133,129,0.9926470588162306,4.8847375,4.695541,5.357332,3780.1272,4748.248,219749.69,12.300249,0.52804977,1
"Context:
At the corner where the old brick library meets the riverwalk, a small bronze plaque points toward a hidden courtyard. Locals call it Lantern Square, though it barely fits a dozen benches and a fountain. I dropped a pin, took a photo of the archway, and finally understood why people get sentimental about a spot on a map. Even after I left, the name of that place stayed sharper than the rest of the day.",32.17082,3.4710598,199,8.362499,1,1599.2374,5543.6396,1004.59644,1348.9407,282,269,258,0.98257839720912,5.560746,5.463542,3.4664268,3427.8489,4783.0615,450984.94,13.019192,0.44561073,0
"Context:
The brochure read like sales information, full of descriptions and specifications for each kit. On the next page, it outlined a framework and operational program for distributing the kits through schools and community centers. EU funding was mentioned in the margins, alongside notes on health promotion outcomes. The mix of pricing and policy made the plan feel both practical and official.",87.13891,4.4675035,500,9.375,0,1501.053,4776.6133,969.62915,1256.8601,140,136,130,0.9999999999928573,4.898297,4.7501,3.1821752,3142.294,4680.5347,210147.42,12.255569,0.7207828,1
"Context:
A ferry took us to an island where the event schedule was posted in three languages at the terminal. I updated the CMS during the month of September and kept practicing the skill of returning to the present moment when tasks multiplied. At the meeting hall, the EU funding representative asked detailed questions about the framework and operational program supporting a health promotion and education project. Later, I read a product card for a portable stove, down to the fuel type and weight.",92.3201,4.525262,773,11.224999,0,1073.3793,4020.8796,721.1939,882.7947,52,47,43,0.9999999999807693,3.7912865,3.7594502,3.746001,2424.0056,3323.1628,55815.723,10.929829,0.57061994,1
"Context:
The crash report began with “E45 near Randers, 16:42,” then a short line, then “Exit 42 / shoulder,” as if it had been copied straight from a dispatch screen. In the next excerpt, the operator added commas, slashes, and a quick “and” between two street names to show the route for ambulances. A second notification arrived with “17:05” and a different location, separated by a blank space, and it felt like the situation was spreading. By the time I reached the radio, they were calling it a multi-car pileup.",31.070723,3.436266,107,7.124999,1,1451.7212,7983.533,1065.5498,1196.8999,200,179,174,0.9950248756169402,5.0832553,5.08175,5.4993563,3355.3086,5285.692,290344.25,12.578826,0.37244254,0
"Context:
I sent a package to Maya at Lakeview House and added the three-letter shipping note, COD, on the label. The clerk asked for Maya’s last name, but I only had her first name from our chat. On the receipt, the place name appeared larger than the person’s name. The abbreviation ended up being the clearest part of the whole transaction.",39.99306,3.688706,218,9.375,0,1374.6047,5282.235,923.78674,1162.1041,127,123,122,0.9621212121139234,4.8005247,4.650667,3.8427305,3161.315,4585.093,174574.8,12.070114,0.55418223,1
"Context:
At checkout, the coupon code applied 20% off and the receipt highlighted exactly how much cash I saved. Later I compared that discount to my monthly budget and realized it trimmed the category by a noticeable margin. A friend told me he uses the same trick and usually shaves 10% to 15% off his bills when promos stack. It turned into a little lesson in how small percentages add up.",31.51571,3.4504862,420,7.3312497,0,1026.4534,7138.9897,918.32947,707.37024,77,60,50,0.9624999999879688,3.9523673,4.0901294,6.9550066,2566.0967,4025.107,79036.91,11.277683,0.5001544,1
"Context:
Daniel tried to keep track of who was who as the introductions rolled on. Maya sat beside him, whispering quick “FYI” updates whenever the speaker jumped ahead. The program listed Oslo as the next stop on the tour, right under a photo of the venue. Dr. Chen’s name appeared in bold at the top, while a smaller line credited Maria Ortega for organizing the session. When the moderator thanked Sofia by her first name, Daniel finally felt like the room had turned human.",50.511333,3.9221978,174,8.856249,0,1598.3134,8515.501,1123.7701,1333.5564,283,271,262,0.9964788732359279,5.578067,5.437828,5.3278046,3703.9258,5386.0366,452322.7,13.022153,0.29168856,0
"Context:
He kept saying “weekend” like it was a destination rather than two days. On Thursday night, the word “weekend” felt close enough to touch. He told his friend they could meet “this weekend,” and the phrase softened his voice. By Saturday, “weekend” meant laundry, errands, and a movie that started too late. On Sunday, “weekend” shrank to a few remaining hours he tried to hold onto.",24.238216,3.1879306,720,7.2249994,1,1109.0165,7699.37,1042.5443,834.201,77,57,51,0.987179487166831,3.8900518,4.060323,6.9425225,2485.7544,5285.8726,85394.266,11.355046,0.611941,1
"Context:
I listened to a lecture while cooking, the professor’s voice overlapping with the sizzle of oil. The recipe asked for a five-minute simmer, so I waited by the pot and watched the clock, stirring whenever it felt right. If the call from my teammate came during that window, I planned to answer and keep stirring anyway. Later, I watched a replay of a match that kept buffering, and the delayed image made the evening feel stretched and layered.",30.022661,3.4019525,519,7.25,0,1092.971,3563.588,690.1019,886.55597,67,53,46,0.9999999999850746,3.815169,4.037024,3.2604597,2661.5305,3355.8303,73229.055,11.201362,0.71592623,1
"Context:
The kangaroo took a running start and cleared the low barrier that had been repaired with temporary ties. It landed beyond the enclosure, ears twitching, then bounded toward the shade trees. A corner post leaned at an angle where the ground had softened, leaving a weak seam. Visitors gasped, and a handler sprinted after it with a calm voice and an outstretched hand. The animal moved like it was simply changing rooms.",51.66691,3.9448175,453,8.5625,1,1064.3268,5394.5054,805.2897,767.3262,134,91,72,0.9852941176398141,4.134405,4.674114,5.068467,2575.7942,3919.4658,142619.78,11.867945,0.47086796,0
"Context:
The article said the product launch lifted sales by 14%, but the next sentence warned that returns also rose by 5%. Then a sidebar mentioned that a separate region saw only a 2% gain because shipping delays hit demand. I liked how the piece used percentages to compare places without drowning in raw numbers. By the end, I had a clear sense of what grew and what lagged.",38.339867,3.6464903,929,8.90625,1,1173.804,3429.0212,812.93933,937.6981,51,42,37,0.9622641509252403,3.6769257,3.7247381,2.9212894,3044.0542,3369.3647,59864.004,10.999847,0.42058137,0
"Context:
He stretched his hamstring while the smartwatch counted down a rest interval, and the trainer reminded him to hydrate. The ache eased over a few seconds, and he timed his breathing to it. At the same time, the match on the TV showed a replay in slow motion, making the pause feel longer. When the timer ended, he stood up carefully and resumed.",43.597794,3.7750065,39,8.124999,1,1920.4095,7033.28,1188.7761,1746.2549,150,141,135,0.9999999999933334,4.8927555,4.8316317,3.662385,4533.836,5051.11,288061.44,12.570932,0.75065655,1
"Context:
Tuesday afternoon dragged, the kind that makes time feel thick. In the afternoon, she stared at her inbox and wondered how it could refill so quickly. The afternoon meeting ran long and left everyone hungry and irritable. She stepped outside for five minutes, just to reset the afternoon in her mind. When evening finally arrived, it felt like a door opening.",31.168243,3.4393997,551,6.79375,1,1244.117,3592.9915,706.11835,1150.2871,97,91,89,0.9797979797880828,4.469275,4.4239345,2.8879855,2466.1858,3576.1316,120679.34,11.7009,0.6317029,1
"Context:
The nonprofit sent a short report about its program that funds tutoring and safe housing for teenage girls. Instead of one-off donations, they asked for multi-year support tied to community projects that keep families employed. I decided to set up an automatic monthly contribution and treat it as part of my long-term investing plan. Their dashboard highlighted that the local poverty rate fell by 2% in the districts where the program expanded.",46.154213,3.8319883,819,8.756248,1,1913.6432,9309.608,2169.789,1113.6531,46,37,31,0.999999999978261,3.5346603,3.3846533,4.8648615,7053.002,9218.498,88027.586,11.385417,0.7429748,1
"Context:
Two friends told me opposite stories about the same party, one insisting it was welcoming and the other calling it hostile. I tried to decide which account to believe, but both had pieces that sounded true, so my judgment sat in the middle. On the ride home you used the speaker to play a loud playlist. The music didn’t resolve the contradiction, but it kept me from overthinking.",25.22027,3.227648,351,7.546876,1,1750.8268,5823.2627,1112.5634,1652.1428,142,131,118,0.993006993000049,4.8074036,4.765906,3.3260076,4015.2927,4796.6367,248617.4,12.423675,0.56797725,1
"Context:
I was splitting costs for a trip and needed to show everyone’s portion of the final bill. One friend covered 50% because he booked the hotel, while the rest of us divided the remaining half. Putting the shares in percentages kept the message clear and avoided awkward back-and-forth. No one argued once the totals matched the stated proportions.",28.44879,3.3481057,66,7.2,1,1739.2196,6034.899,1041.9357,1475.344,222,215,211,0.9736842105220452,5.3476954,5.2392163,3.4698887,3814.6208,4803.4243,386106.75,12.863872,0.39429948,0
"Context:
On the hike, my friend tried to decide whether the fog meant we should turn back. The trail split into two directions, and the left path disappeared into the gray while the right stayed visible along the ridge. We checked the map and saw the left route led to a lower valley. We took the ridge and reached the lookout just as the fog thinned.",21.317272,3.0595176,277,6.946874,1,1496.7373,6407.8887,993.8135,1345.7909,131,114,109,0.9924242424167241,4.573495,4.6855755,4.281238,3147.7744,5204.4775,196072.6,12.186245,0.48715192,0
"Context:
He launched a small side project and called it a new venture even though it was just a landing page and a hope. The website displayed high-definition images of the item, a chart of performance, and a comment section full of opinions about whether it mattered. A notification urged him to install the latest software update, and when he did, an error blocked the upload tool. He copied the bracketed product name and specifications into a support form, then signed into his account and edited the location field after realizing the shipment number pointed to the wrong city.",51.34127,3.938495,67,8.849999,0,1747.3827,9061.561,1213.1836,1467.7832,259,240,227,0.9736842105226554,5.4284368,5.3520937,5.18579,4091.3538,5604.455,452572.12,13.022705,0.38293773,0
"Context:
Sunday evening, we drove to the arena and walked to the entrance as the sun went down. The fighting competition had one bout that swung in round two, and the crowd’s reaction made it feel bigger than the fighters themselves. At the kiosk, a promotional code lowered the price on a jacket with reinforced stitching and a small logo patch. When the event ended, the sports drama lingered, and the showy presentation kept replaying in my head.",54.5587,3.999277,906,9.74375,0,1194.3066,7260.5645,1014.2793,889.4393,63,53,49,0.9692307692158579,3.901083,3.9007914,6.0793133,2485.1523,5104.117,75241.32,11.228469,0.63574284,1
"Context:
The code review focused on one function, and I read out the parameter list slowly so nobody missed the optional flag. The teammate who sits across from me, the one with the loud keyboard, suggested a clearer return type and added a comment explaining why it matters. In the background, my roommate was feeding the rabbit and complaining about chores. By the end, the documentation was cleaner than the apartment.",49.777943,3.907572,914,8.425,1,1253.2037,3872.0972,936.72156,859.78784,40,38,33,0.9999999999750001,3.6195648,3.4380527,3.0897589,3276.6838,3711.11,50128.15,10.822358,0.4996744,0
"Context:
At dinner, my friend complained about economic disparity and then quoted a teaching from a book she keeps in her bag. I tried to change the subject by talking about a science documentary, but that only made the debate sharper. Someone mentioned a movie where money buys forgiveness, and nobody laughed. The conversation ended when dessert arrived and we all suddenly became polite.",45.69557,3.8220015,944,7.6187496,0,1306.8627,3429.117,762.8693,1024.5737,57,40,36,0.9827586206727111,3.5234456,3.8848557,2.6239307,2838.0337,3409.7007,74491.17,11.21845,0.53576934,1
"Context:
The guide starts with a lively mashup: a cooking tip, a note about splashbacks, and a recommendation for sports eyewear. Without warning it moves to roofing options, then to SUVs suited for long drives, and finally to karaoke equipment for the afterparty. At the end of the page, it lists the event location at Riverside Pavilion and the after-hours venue on King Street. Because the addresses sit right next to the opening blurbs, the start of the booklet doubles as a location sheet.",70.744995,4.259082,296,10.912499,0,1321.2251,9629.797,1431.6656,791.5029,91,81,75,0.9680851063726799,4.33552,4.145833,7.288536,3585.9912,8289.236,120231.484,11.697183,0.22797523,0
"Context:
While planning a weekend in Malmö, I compared the ferry, the train, and a rideshare app that promised door-to-door pickup. The booking page made it easy to toggle between economy seats, bike add-ons, and flexible cancellation. A friend texted that his last crossing was 70% on time despite rough weather, which matched the service stats he’d seen. I went with the train because the transfer was simple and the schedule looked less risky.",29.788158,3.394111,618,6.8187494,1,1160.0299,4915.6216,815.98114,920.26385,123,115,108,0.9761904761827286,4.7064943,4.6048827,4.237496,2855.524,4018.158,142683.67,11.868392,0.36039677,0
"Context:
The basement smelled like damp plaster, and the building manager worried the water had seeped into the access panel. I measured the puddle at roughly 3 centimeters deep and noted that the leak had spread about 1.5 meters along the wall. He asked whether the network closet could be compromised, and I told him to disconnect power until it was dry. By the afternoon, a dehumidifier and a security check were both running.",33.94477,3.5247347,598,7.784374,1,1071.7914,4125.4746,698.9483,826.5283,94,79,72,0.9894736842001107,4.287015,4.360631,3.8491397,2423.9382,2993.369,100748.39,11.520391,0.33868077,0
"Context:
The store clerk handed me a stainless-steel kettle with a 1.7-liter capacity and a note to keep it away from the edge of the counter. At home, the cat jumped onto the table and stared at the shiny lid like it was prey. I measured the cord length, read the safety instructions, and set it beside the sink where the dog can’t reach it. When the kettle finally clicked off, the whole kitchen felt like it belonged to real adults.",17.750792,2.87643,904,6.2562494,1,1086.9807,4695.9854,801.1421,828.7895,65,48,42,0.9999999999846153,3.6890802,3.9557793,4.32021,2395.688,3930.4714,70653.75,11.165561,0.52403116,1
"Context:
The memorial service was quiet, with folding chairs and a short program at the front. Later that day, the community held a simple ceremony to honor volunteers, and the mood shifted without turning loud. Someone brought flowers from an earlier exhibition opening and placed them near the lectern. The service and the ceremony sat in my memory as two different kinds of gathering, both equally real.",38.392193,3.647854,848,8.149998,0,1259.388,5203.7217,892.67773,1046.8687,100,53,48,0.952380952371882,3.040835,4.3983097,4.131945,2719.3728,5034.637,125938.79,11.743559,0.73562586,1
"Context:
I opened the email that started with a short question: “Can you confirm the order size?” and I replied with a clear answer before anything else. Then I added the exact numbers—12 boxes, each 40 by 30 centimeters, total weight 18.6 kilograms—so there was no room for guesswork. A second person chimed in with another question about whether the measurements included packaging, and I answered that too. By the end of the thread, every question had a matching, specific reply.",17.212397,2.84563,423,5.96875,0,1051.421,6297.36,923.59576,737.8533,83,72,65,0.9764705882238062,4.151603,4.147339,5.9893794,2467.35,4606.312,87267.945,11.37675,0.36925736,0
"Context:
She crushed crackers for the base, mixed them with melted butter, and pressed the crumbs into a pan until it felt compact. The filling came together slowly, cream cheese first, then sugar, then eggs one at a time. She baked it until the center still trembled slightly and refused to wait until it was fully cool. The slice wasn’t neat, but it tasted like she’d done it right.",23.903137,3.1740098,757,7.187498,1,1238.163,8052.092,1284.0726,927.0174,58,42,33,0.9830508474409653,3.5839124,3.7131338,6.5032578,3348.4824,6578.83,71813.45,11.181841,0.542003,1
"Context:
The impact fund invited us to a site visit, so I booked a train ticket and chose a lodging option close to the community center. The program director described investments in local jobs and a scholarship track aimed at girls finishing secondary school. After the workshop, we compared travel methods for the return trip, weighing time, comfort, and how easy the transfers would be. The trip made the social goals feel real rather than just line items on a report.",56.414555,4.0327272,312,8.3625,0,1410.1315,14698.693,1897.3092,1042.7468,58,53,49,0.9666666666505556,3.9319127,3.6553135,10.423634,2961.4119,8484.661,81787.625,11.311893,0.49595022,0
"Context:
My neighbor asked how much paint to buy, and I answered by calculating the wall area from the measurements. The note on the door said “Back entrance, 17:20,” with the location and time separated by a comma. I measured the room as 3.8 m by 4.2 m, then wrote the numbers down before I forgot them. The shopping site used plus signs for bundles and an or for color choices, while commas separated the specifications. I made a list of rollers, tape, and drop cloths before we drove to the store.",33.61747,3.515046,184,7.65312,0,1245.4092,5282.235,940.85614,901.9207,162,144,137,0.9938650306687493,4.9250064,4.8532,4.2413654,3185.9883,4801.564,201756.28,12.214821,0.46677023,0
"Context:
The founders insisted on a clear licensing deal before any partnership could move forward. Their lawyer rewrote the clauses to tighten liability, clarify permitted uses, and align everything with local regulations. On the financial side, they argued over royalty rates and modeled how different terms would affect cash flow. In the strategy session, they mapped competitors and chose a rollout plan that protected their position. When the contract finally circulated for signatures, everyone read it twice, knowing one vague sentence could become expensive later.",50.294395,3.9178936,332,8.775,1,1615.3121,7166.662,1057.6663,1364.5713,190,179,169,0.994764397900551,5.1585035,5.057498,4.4367037,3569.3008,4780.3467,306909.3,12.634311,0.45217136,0
"Context:
My phone screenshot showed 5:04 when the call ended, and I had exactly 2 tasks left before leaving. The package on my desk said “Set of 2 filters, 1.5 L capacity,” which I had to install before the weekend. I wrote the trip plan as 1) office, 2) station, 3) hotel, with a check-in time on Friday and a meeting room listed next to a person’s name. The news feed kept looping between 2020 and 2024 as it tracked a politician’s rise from 5th to 1st in the party. I finished in 1 hour and walked out without looking back.",25.27051,3.229638,88,6.75,0,1404.6285,7586.3594,1005.00165,1160.4299,227,199,189,0.9912663755415229,5.2016773,5.2118173,5.4009714,3257.1887,4787.2344,318850.7,12.672482,0.45823318,0
"Context:
I opened the repository and found a tidy docstring explaining the parameters, the return value, and two edge cases in plain language. The new intern, who is always quick to ask questions, had added comments that made the whole module easier to follow. On the call, the manager who runs the volunteer group praised her for being thorough. Then a bee wandered through the window, and we all watched it circle the desk lamp before it escaped.",47.27415,3.8559637,63,8.3125,1,1520.8329,5724.708,1099.1595,1269.25,133,120,113,0.9851851851778876,4.7391105,4.662097,3.7641923,3357.9373,5170.987,202270.78,12.217367,0.52454853,1
"Context:
A breaking-news alert announced that a major stock jumped 7% after a surprise merger rumor. Minutes later, an investor on a livestream said he’d been waiting for “anything above five percent” before selling. The story moved fast, but every update came packaged as another percentage change. By lunch, the swing had become the only thing anyone talked about.",40.59003,3.7035224,830,7.8125,0,1063.4923,4637.546,866.2565,661.9881,35,33,28,0.9999999999714286,3.4761312,3.2938027,4.3606763,2288.9456,3839.935,37222.23,10.524689,0.8023183,1
"Context:
At the charity gala, a famous singer waved at the crowd and then slipped into the back hallway to avoid the cameras. The volunteers, who were the ones in matching black shirts, guided guests to their seats and corrected anyone who tried to cut the line. I ended up at a table with a journalist who kept pointing out which guests belonged to which sponsor group. By dessert, the singer was gone, but everyone was still talking about her.",22.891417,3.130762,576,6.21875,0,1164.4408,5332.0503,904.8887,830.8457,90,77,68,0.9473684210426593,4.282126,4.2617164,4.5790653,2742.3843,4102.831,104799.67,11.559815,0.41608474,0
"Context:
On the train a man muttered about billionaires, the salary gap, and how the league favors rich teams, then he folded his hands and whispered a short prayer. He stared out the window and slipped into personal reflection like he was writing a diary in his head. At my stop I had to pick between two exits, stairs or elevator, and the choice felt oddly connected to his mood. I took the stairs and kept thinking about that conversation.",33.503822,3.5116596,215,9.875,1,1426.42,6148.603,988.9571,1269.25,149,145,139,0.9867549668808825,4.9632187,4.8015504,4.3105135,3287.8345,5012.78,212536.6,12.266874,0.5287585,1
"Context:
At the shelter, I met two dogs that couldn’t have been more different in temperament. The volunteer explained my options and asked whether I wanted a quiet companion or a high-energy runner. She described the breeds and types of training each dog had received, and one had a mix that made him both calm and curious. If my apartment allowed larger pets, I could choose either; if not, I’d have to take the smaller one home.",16.496153,2.8031273,604,6.03125,0,1346.1846,7219.479,1271.7749,927.3053,84,65,57,0.9999999999880952,4.0076323,4.09629,5.3629193,3665.9617,6186.3467,113079.5,11.635856,0.31303564,0
"Context:
The doctor guided a catheter carefully, watching the monitor for any sign of resistance. The patient gripped the sheet, breathing through discomfort as the device advanced. Once it was in place, the room quieted and the focus shifted to readings and steady hands. The nurse secured the line and adjusted the tubing so it would not tug. Everything about the procedure depended on precision and calm.",26.373642,3.272365,548,7.4718685,1,1176.2654,6416.2397,866.9928,930.55505,152,106,91,0.9806451612839959,4.3277903,4.8121853,5.454755,2581.9348,4426.55,178792.34,12.093986,0.56663984,1
"Context:
The conference venue sat beside a river, and the name of the place was stamped on every badge. During the month of March I kept the CMS updated, trying to hold the present moment steady while juggling approvals. Our presentation covered an operational program and a framework for an EU funding project that linked education with community health promotion. In the expo hall, I studied a printed sheet of product features and realized the advertised battery life was measured under ideal conditions.",108.23158,4.6842732,290,9.55625,0,1272.9681,7516.0522,1103.8235,842.57996,80,77,64,0.9411764705771626,4.3234997,4.1086745,5.904352,3186.1985,5034.557,101837.45,11.531143,0.29824093,0
"Context:
In the module header, a comment described why a cache was necessary for performance. The documentation listed each argument, marked which ones were required, and noted the default timeout. She traced the return value through the code and found a line explaining error cases in plain language. After that, the rest of the file read like it wanted to be maintained.",55.925514,4.0240207,787,9.187497,1,1165.7141,4222.106,750.32324,948.4462,99,96,94,0.999999999989899,4.553111,4.413059,3.621905,2732.7622,3180.778,115405.695,11.656218,0.6006853,1
"Context:
He sent a message to an old classmate he hadn’t spoken to in years, and the reconnection felt awkward at first. Within a few replies, they were talking about launching something together and how it might change their routines. The beginning was not dramatic, just a quiet agreement to try. By the end of the week they had a shared document titled “New Project.”",23.097181,3.1397107,887,7.324999,1,1275.9816,5041.469,992.89124,784.4082,44,35,31,0.9777777777560495,3.4061093,3.5380337,3.9510515,3130.641,4434.5767,56143.19,10.9356785,0.5992217,1
"Context:
I opened the chat window and typed a short prompt asking for a clearer summary of the budget meeting. The reply started immediately, like someone stepping into a conversation mid-breath, and it pivoted between finance and technology without hesitation. I followed up with a question about the training program, and the next response slid into education and hiring as if it had always been the topic. The whole exchange felt like quick volleys: ask, answer, refine, repeat.",37.758957,3.6312227,964,8.475,1,1465.9738,8997.971,1544.0825,1050.5834,70,57,50,0.9859154929438603,3.9760904,3.8707643,6.1378794,4266.049,7968.001,102618.164,11.53878,0.36671612,0
"Context:
The status page showed a timestamp like 3:07 p.m., and the update had been posted just a few minutes earlier. I refreshed at 4:01 and saw the same single-digit minute ticking over. The log line below it read 9:8:2 before it reformatted, which made me double-check the settings. When I finally exported the report, every entry carried a neat 7:05 style stamp.",36.402664,3.594642,942,7.96875,1,862.4536,3495.4458,632.6536,710.09625,55,35,31,0.9821428571253189,3.403989,3.7961178,4.052909,2289.8923,3041.577,47434.95,10.767136,0.5575847,1
"Context:
Saturday morning came with a small thrill, even though there were chores waiting. He made pancakes on Saturday and let the kitchen get messy. In the afternoon, he biked by the waterfront and watched families set up picnics. Saturday night ended with a movie he’d been saving for the weekend. By Sunday, he felt the familiar pressure of the week returning.",27.32795,3.30791,741,5.8125,1,1137.61,4830.1562,905.35236,799.45294,59,52,47,0.9999999999830509,3.9041936,3.818483,4.2458806,2692.1929,4222.957,67118.99,11.114237,0.48392442,0
"Context:
When I got home from the late shift, a line of ants was marching along the baseboard and straight into the pantry. The building caretaker promised to call an exterminator, but first he asked me to check whether the cat’s food bowl was the source. I opened my laptop and updated our internal ticket tool, adding a note that the function takes apartment_number and pest_type as parameters and returns a visit_window. The neighbor who works nights left a message saying he’d seen wasps near the stairwell too.",35.585373,3.5719347,978,8.418749,1,1161.2103,5311.9473,808.61334,952.7635,83,51,43,0.9999999999879517,3.4578285,4.2304583,4.574492,2375.9053,4088.4553,96380.45,11.476069,0.5383014,1
"Context:
I watched the sparring session while practicing the skill of staying in the present moment instead of staring at my phone. The announcer kept calling it the main event, and the definite article made it sound inevitable. Between bouts, I checked the month of June on the schedule and realized I had misread the date. When the fighters returned, my attention finally stayed where it belonged.",42.521904,3.7500193,694,8.25,1,1149.2313,3945.014,751.9521,936.4702,54,50,44,0.964285714268495,3.8766055,3.8087237,3.4327416,2641.195,3682.9119,62058.492,11.035849,0.58671844,1
"Context:
She labeled the folders “HR,” “IT,” and “PR” so the cabinet looked tidy and obvious. In the email thread, someone wrote “TL;DR,” and the rest of the group jumped straight to the last line. He muttered “DIY” under his breath while staring at the half-built shelf. The doctor’s report mentioned “MRI,” and the room went quiet for a second. By the end of the day, he felt like he’d spoken in code more than in words.",26.90502,3.2923129,990,7.8125,1,1226.5801,4719.1187,929.6111,899.4429,70,51,46,0.9589041095759053,3.8140473,4.0102663,3.847379,3120.976,4340.482,85860.61,11.360492,0.6653108,1
"Context:
The coach timetable kept shifting, and the driver warned that road conditions would likely worsen after sunset. At the stadium, the match was called off because a sudden equipment failure made it unsafe to continue. People milled around reading a recall notice on their phones, since a product sold at the gate had been flagged with a safety warning. Rumors spread that the supplier had reorganized, changed names, and was discontinuing the old ordering system while supply chain problems dragged on. The location felt cursed, and the consequences followed us onto delayed buses and late-night travel plans.",71.522964,4.2700186,309,11.274998,0,1085.887,4499.8325,727.8895,840.97186,95,83,73,0.9793814432888723,4.3586655,4.3643227,4.1439238,2401.7383,3067.9207,103159.266,11.544039,0.3209322,0
"Context:
I planned dinner by listing ingredients and tools in one line: onions, garlic, a pan, and a wooden spoon. The note also said “from the pantry” for rice and “in the fridge” for chicken, so I didn’t search the wrong place. While everything simmered, I tasted, adjusted, and kept the cutting area clean. The meal came together quickly because the prep list was precise.",32.812183,3.4908,86,8.09375,1,1461.6124,5565.0547,961.60767,1269.25,181,174,166,0.9945054945000302,5.134334,5.0101852,3.8074765,3187.1865,4904.888,264551.84,12.485796,0.48259783,0
"Context:
The recipe said to rest the dough for 2 hours, and the kitchen clock ticked past 6:05 while I cleaned up. A delivery box on the counter read “Pack of 12,” and the side label mentioned a 3 cm thickness for the trays. Later, my planner showed a birthday on Saturday at 17:40 and a Sunday trip with stops numbered 1 to 4, each tied to a person and a place. In the background, a documentary jumped between 2008 and 2022 as it tracked an athlete’s climb from 10th to 1st. When I finally sat down, I still had 1 message unanswered.",25.748413,3.248373,728,8.368751,0,1008.7807,4203.142,736.85834,748.5128,112,85,74,0.9911504424691049,4.22479,4.5047135,4.1665573,2483.54,3769.2136,112983.44,11.635005,0.35105494,0
"Context:
I walked through an exhibition of old maps, then watched a short show that explained how the archive was built. After that, I joined a forum meeting with a catered meal, and the moderator introduced a lecture like it was the highlight of a symposium. When I stepped outside, banners announced a festival and a weekend tournament, and the organizers were already planning the closing ceremony. I made it to a wedding reception across town and then headed to an evening course where the discussion topic was announced at the door. Later, the host at a convention banquet read out the event name and date before serving coffee.",37.473316,3.623629,516,6.965625,0,1235.3334,8610.285,1259.5618,913.6034,67,55,47,0.9710144927395504,3.9407806,3.901718,6.970009,2996.4155,6707.4004,82767.336,11.323801,0.40063953,0
"Context:
The two paintings looked alike from afar, but up close one felt sincere and the other felt staged. I kept flipping between those qualities, unsure whether to admire it or doubt it, and the line between them blurred. At the café you ate the pastry I saved for later. The sweetness didn’t settle the question, but it softened my mood.",41.028446,3.7142656,310,7.081249,1,1013.3218,3793.4602,728.8966,696.787,68,60,53,0.9855072463625288,4.0487194,4.0082684,3.7435887,2238.1628,3713.3125,68905.88,11.1405115,0.37966734,0
"Context:
In the market I tested a cutting board made of bamboo, 40 by 30 centimeters, and the seller reminded me to oil it after washing. My fingers were still sore from chopping herbs the night before, but I grabbed a bundle of basil and a bag of cherry tomatoes anyway. Back at home I sliced the stems off the spinach and watched the green leaves pile up beside the knife. The board didn’t slip once, and the instructions printed on the tag were actually useful.",23.097841,3.1397393,536,6.418749,1,1155.6011,4660.747,854.08575,875.20776,185,136,122,0.9736842105211911,4.5966125,4.9925213,4.03318,2720.9707,4256.4097,213786.19,12.272737,0.65736556,1
"Context:
You sat with me while I read a publication from a medical study, and you asked about the process as if you were planning to reproduce it. I explained the type system and how the main function produced the key graph. You then launched into a rant about wealth disparity, followed by a sudden sports news tangent that made me laugh. No one required you to help, but you used the rest of the evening to summarize the methods in your own words.",47.442295,3.8595142,136,7.78125,0,1618.3876,5282.235,989.4823,1396.4677,261,258,252,0.9886363636326189,5.548585,5.39455,3.2638874,3682.2178,4764.6465,422399.16,12.953709,0.4343416,0
"Context:
After the match, the talk in the locker room jumped from sports news to wealth disparity and the way money changes who gets a chance. One teammate said his faith keeps him from resenting the rich, then he offered a quiet personal reflection about gratitude. You drank water in long gulps and stared at the floor. When you finally spoke, it was only to say you felt lucky to play at all.",34.561203,3.5427318,921,8.299999,0,1143.2405,5756.666,944.2977,797.60614,71,59,49,0.9999999999859155,4.013637,4.003446,5.0353937,3229.8496,4387.606,81170.08,11.304315,0.483002,0
"Context:
The transcript opens with <bos> and a single line that says, ""Please respond to the prompt"". The cursor blinks under that header as if nothing has been written yet. Right away, the user asks for advice on volunteering at a weekend cleanup and whether a local business can donate supplies. A second message shifts to finance, then to technology for tracking sign-ups, then to an education flyer for schools. It reads like the beginning of a prompt-based interaction, complete with the start marker.",80.32407,4.3860693,465,8.43125,0,1458.2759,4776.6133,908.18427,1256.916,168,146,138,0.9940828402308043,4.853457,4.949567,3.2755213,2980.9075,4671.4517,244990.34,12.408978,0.7176457,1
"Context:
A new venture usually begins with a single connection, and ours started over a quiet coffee. That night we set up accounts on a project website, edited our profiles, and swapped phone numbers so the logistics were clear. By the end of the week, the beginning had turned into regular meetings and real momentum. It still feels new, but the network around it is already growing.",39.010162,3.6638222,845,8.074999,0,1603.7476,6216.59,1561.1431,924.59204,37,29,26,0.9999999999729731,3.2737112,3.2377946,3.8762891,5103.3813,5975.8145,59338.66,10.991034,0.6851361,1
"Context:
The speaker system claimed a certain wattage and frequency range, and the manual suggested where to place it in a room. In the code, the function header documented each parameter, and the return section described what happened when the device wasn’t found. They took the system to a rooftop gathering where a DJ set turned the location into a temporary landmark. After midnight, they followed a recipe for spicy noodles, chopping herbs with sleepy precision. The talk drifted to a famous book about morality and money, and the debate touched faith and science without turning into a fight.",74.93055,4.3165617,261,10.393748,0,1539.3313,6063.841,1067.7135,1336.3933,155,145,140,0.8757062146843181,4.953987,4.836158,3.9392698,3738.1316,5289.607,238596.36,12.382533,0.60008043,1
"Context:
A slow leak dripped onto a control cabinet, and the panel lights flickered as if the building were tired. On the network dashboard, someone had tried to force an entry, and the timestamp lined up with the first reports of water. Down the street, an ambulance stopped for a crash where two cars had tangled at the curb. A kangaroo at the nearby enclosure took advantage of a leaning post and bounded out before anyone could react. Inside the kitchen, plates clattered while a mechanic inserted a long extension into a tight recess to reach a hidden fastener.",48.27845,3.8769853,486,8.8375,0,1199.0787,7078.656,1060.7898,784.1464,103,90,76,0.9716981131983802,4.4495993,4.3583612,5.903412,3013.8542,6075.542,123505.11,11.724046,0.3070165,0
"Context:
I grabbed 2 tickets for the exhibition at the small gallery downtown. The curator said the show would run 1 hour longer because a late shipment finally arrived. We wandered through the rooms in silence, stopping at each framed print until the lights dimmed. Outside, the poster still announced the exhibition in bold letters and nothing else mattered.",46.089607,3.8305876,168,7.3437486,1,1570.968,5282.235,978.9184,1358.5283,266,263,258,0.9925373134291323,5.5626497,5.408396,3.3624074,3414.0793,4763.6494,417877.5,12.942946,0.43330866,0
"Context:
My manager opened the meeting by saying costs were up 8% and asked what share of the budget we could cut without breaking operations. Someone answered that software licensing was 19% of the total, which sparked a debate about alternatives. During the break I saw an email offering 25% off with the subject line ""Save big today."" After work I looked up a study reporting a 14% decrease in injuries after a new safety protocol. Later, the evening news mentioned inflation at 3% and I compared it to my own rent increase.",28.054724,3.334157,828,7.328125,0,1273.0325,5117.457,1082.7161,789.82806,44,42,37,0.9777777777560495,3.7211761,3.4864337,4.019895,3094.487,4818.4365,56013.43,10.933365,0.5525767,1
"Context:
On Tuesday at dawn, Dr. Kim called Sofia into the room and wrote MRI on the form. By noon, the lab tech asked whether Sofia’s surname matched the file name. Later that evening, the system stamped the report with a three-letter code. The date line made every step feel tied to a specific part of the day.",87.397285,4.470464,447,9.10625,1,1626.55,9305.759,1349.8469,1283.6575,141,128,120,0.9929577464718806,4.7724047,4.696079,5.7211637,4031.5535,7835.065,229343.56,12.34298,0.47338727,0
"Context:
At the clinic reception, I compared two appointment slots, one early morning and one late afternoon. The scheduler offered options depending on which doctor was available, and I had to choose quickly. She categorized the visits by type and duration, and one slot could be combined with a quick lab draw in the same hour. If my meeting ran late, the afternoon would be safer; if I wanted the day free, I’d take the morning slot.",23.798239,3.1696117,139,6.434375,0,1611.915,6940.813,1040.177,1376.5082,263,254,247,0.9999999999961977,5.5112224,5.3875766,4.3059425,3595.5134,4789.51,423933.66,12.9573345,0.5011935,1
"Context:
A friend bragged that he saved 15% on his hotel by booking a last-minute deal through an app. He forwarded the receipt with the discount highlighted next to the nightly rate. When I looked at the itinerary, he’d also chosen the train over flying because the trip felt easier and less stressful. The whole plan was built around convenience and a good percentage cut.",23.212933,3.1447096,739,7.1156244,1,1659.9242,8330.789,1432.3207,1066.1119,55,50,46,0.9821428571253189,3.8561015,3.7158926,5.018777,3997.812,6562.9517,91295.83,11.421871,0.4203408,0
"Context:
I waited in the hallway while the meeting continued inside, watching the thin strip of light under the door. The coffee in my hand cooled as voices rose and fell on the other side. Every few minutes someone walked past, and I pretended to check my phone again. When they finally waved me in, I felt like I had been paused and released.",23.535204,3.1584973,664,7.62499,1,1113.3026,5771.2183,987.97504,726.0182,43,43,43,0.9347826086753309,3.7612,3.4740257,5.183872,2600.4548,4549.829,47872.01,10.776307,0.5690062,1
"Context:
Our teammate walked us through a process for mapping support tickets into a class hierarchy so the routing function wouldn’t misfire. The conversation drifted into money, with someone pointing out wealth disparity in who can afford downtime. Sports news played in the background, and a coworker mentioned faith as a way to keep perspective. There was no requirement to join the after-hours cleanup, but you stayed and used the time to fix the last edge case.",84.50176,4.4367723,853,10.875,0,1778.8998,8547.16,1673.0188,1409.1138,60,54,49,0.9999999999833334,3.955715,3.7695465,4.804746,4700.8247,8419.645,106733.984,11.578104,0.5773089,1
"Context:
During the quiz, he asked why the result changed, and I answered by pointing to the 0.5 cm adjustment. The worksheet header read Lab 2, 11:30, Room 204, with commas separating each chunk. I typed an equation with an equal sign and a plus sign, then corrected a slash that had swapped the units. The instructions offered an and an or in the same sentence, which made the options feel oddly negotiable. On the way out, I noted pens, paper, and tape in my bag.",46.7872,3.8456097,440,8.0625,0,1461.7218,5966.8184,1076.5227,1176.3605,155,144,137,0.9687499999939454,4.938291,4.807447,4.082048,3528.2021,4765.8433,226566.88,12.3308,0.5378019,1
"Context:
A paper sign on the door said “BRB,” taped there by someone in a hurry. Maya and Daniel waited anyway, listening as the receptionist tried to pronounce Ortega and Johnson correctly. The visitor badge printer spit out “Ava” in bold letters, while a separate label read “Paris Office” for the shipment on the counter. A coworker muttered “ASAP” into the phone, pacing in tight circles. When Dr. Chen finally arrived, he apologized with a grin and the tension lifted.",78.481285,4.36286,1000,10.856245,0,1313.4865,7252.213,1407.4723,838.2075,69,58,46,0.9999999999855071,3.969259,3.8612666,5.521345,4165.811,6920.1265,90630.56,11.414557,0.3042665,0
"Context:
Sofia introduced her brother with pride, then watched him disappear into a crowd of strangers. People called “Sofia!” from across the courtyard, and she waved without even looking. At the counter, the clerk asked for her first name and she answered as if it were the simplest thing in the world. A minute later, she heard someone else say “Sofia” and turned, only to realize it wasn’t her. She left thinking about how one name can belong to many lives at once.",17.942936,2.8871965,531,5.78125,1,1292.5907,5676.787,911.9363,1099.4031,139,123,114,0.9520547945140271,4.7380795,4.7269154,4.39179,2908.3289,4553.5776,179670.11,12.098884,0.48379225,0
"Context:
The product page described the bottle as 7 oz and promised a smooth spray. I tossed it into my cart because the team tournament was at an outdoor field and the wind always bites. In the locker room, someone read the label aloud and nodded at the size. After the match, that little bottle was passed around like it had its own fan club.",58.14205,4.062889,55,9.537498,1,1525.3042,5282.235,1067.8772,1329.1777,109,105,101,0.9646017699029681,4.6277566,4.4746428,3.4630702,3550.2646,4858.509,166258.16,12.021303,0.5120131,1
"Context:
He wrote “next week” at the top of a list on Monday, like a threat he could control. Tuesday morning, he started strong, but by the afternoon he was already bargaining with himself. On Wednesday night he went for a run, letting the darkness cool his frustration. By Friday, the word “weekend” made him smile every time it appeared in a message. Saturday arrived loud and bright, and he finally stopped counting hours.",29.52543,3.385252,120,7.375,0,1643.3545,5282.235,1030.4991,1414.9592,246,238,234,0.9800796812709958,5.452486,5.325016,3.2143002,3619.486,4795.2793,404265.22,12.909829,0.4170038,0
"Context:
We met outside the theater for the premiere event, and the line wrapped around the block. Inside, the film leaned hard into themes of wealth and faith, and someone behind me whispered the title of a book that inspired it. After the credits, we walked to the square and kept arguing about whether the story blamed people or systems. The city felt louder than usual on the way home.",30.365269,3.4132996,528,7.5125,0,1457.0887,6702.0596,1034.098,1165.7908,118,112,109,0.9915966386471294,4.6957607,4.5631084,4.5996237,3469.2903,4655.379,171936.47,12.054886,0.46810508,0
"Context:
The conference badge showed my name, the city, and a slot time of 2:10 for the poster session. A volunteer read out the speakers in order, starting with the keynote and ending with the late-afternoon panel. I watched people drift between rooms A, B, and C as if following a map. When I left, the program booklet was full of circled dates and underlined names.",26.639112,3.2823806,25,6.146875,1,1509.1157,5282.235,960.1484,1325.5237,142,135,132,0.9793103448208325,4.8777256,4.774499,3.5002186,3362.0679,4773.782,214294.44,12.275111,0.64126736,1
"Context:
The tea box listed the ingredients in plain language and noted that the leaves were sourced from a single region. It also warned to steep for no more than three minutes to avoid bitterness. I checked the storage instructions because I always forget whether it should be kept in a cool place after opening. After following the steps, the flavor came out exactly like the description promised.",24.58047,3.2019522,72,6.29375,1,1660.9685,6025.853,1105.0833,1440.3402,252,239,228,0.9921259842480625,5.4160514,5.327195,3.6279151,3852.6848,5214.8545,418564.06,12.944588,0.34366706,0
"Context:
The community center advertised a spring banquet with a deadline to RSVP, plus a note about the “North Coast Convention” the same week. On the day, volunteers guided guests to their seats and read out a schedule as if it were a formal service. Later, a local band played at the “May Day Festival,” and the announcer kept repeating the date for next year. I took the flyer home because it felt like a record of what mattered.",37.851967,3.633683,44,7.5000005,1,1793.0768,5282.235,1097.2587,1583.9951,166,152,144,0.9595375722487889,4.9553614,4.9383173,2.9459054,4291.93,4941.312,297650.75,12.60368,0.5697966,1
"Context:
The first line read <bos>, and the opening paragraph rambled from cooking plans to roofing schedules to who owned the karaoke speakers. I opened a prompt-based chat and asked for a revised introduction, and the reply answered in a smooth blend of technology talk and finance updates. After that, I added the location for the event, because everyone kept asking where to show up. Finally, I copied in a short sentence about a church service and a familiar religious reference that was already on the poster.",100.78475,4.612987,249,9.349998,0,1287.5725,6353.227,1064.5566,887.30676,80,71,64,0.7843137254825067,4.1783295,4.131286,4.9342675,3940.5332,5192.6743,103005.805,11.54255,0.27694413,0
"Context:
The onboarding guide explained a verification process that runs only for the contractor class, not for employees. It also reassured new hires that you are not required to set up every optional feature on day one. You used the default settings and still got access. Later you customized things once you understood the process.",68.647606,4.2289863,394,9.487499,0,1567.5441,5459.542,1037.9586,1286.0597,164,152,144,0.9939393939333702,4.975143,4.9043875,3.4828637,3639.7349,4789.1704,257077.22,12.457135,0.4033897,0
"Context:
As the meeting started, a friend texted about a new connection they made through a volunteer group, and it sounded like the start of a real venture. I was multitasking, taking notes while listening to the speaker, and both conversations ran in parallel. For twenty minutes, I tried to keep the timelines straight so I did not miss a question. When the call ended, I wrote back and agreed to join the first planning session.",26.334713,3.2708879,912,6.668749,1,1074.4036,3836.435,627.4546,1010.84265,48,44,35,0.9999999999791668,3.744776,3.728104,3.5707576,2264.8953,3186.0784,51571.37,10.850741,0.43929532,0
"Context:
While my smartwatch tracked my heart rate, the stream on my tablet froze and my account was suddenly flagged. The app said the interruption might lead to a brief suspension, and it listed a support number along with my current location. I edited the profile details and submitted the report, copying the reference numbers into my notes. At the same time, I kept walking until the step counter reached ten thousand.",46.07787,3.8303328,898,8.146876,1,1194.1222,10644.742,1398.9512,843.1531,67,48,42,0.9710144927395504,3.6882856,3.8538017,8.914283,2249.3564,7289.9863,80006.19,11.289872,0.48416343,0
"Context:
The gym hosted a small fight night, and the crowd followed every exchange like a tense lesson. Later, the same space screened classic matches and treated them as entertainment with commentary and slow-motion replays. Friends argued about winners as if they were talking about a TV series. The mix of combat and spectacle kept everyone glued to the floor.",62.47757,4.1348076,745,10.7625,0,1184.2003,7305.536,1268.9471,667.82324,49,47,39,0.9423076922895711,3.8352365,3.5323572,6.169173,2618.786,6565.866,58025.816,10.96866,0.48311213,0
"Context:
She introduced herself as the new dog trainer and knelt so the nervous terrier could sniff her hand. The shelter had asked her to run weekend classes for first-time adopters. After a few minutes, she clipped on the leash and guided the dog through a slow sit and a calm heel. When the terrier finally wagged, she laughed like she’d been waiting all week for that moment.",23.80291,3.169808,198,7.9156256,1,1560.8251,5282.235,1008.86523,1346.4565,297,283,274,0.9933110367859755,5.6237173,5.5045247,3.3842578,3376.213,4815.9688,463565.06,13.046704,0.4917368,0
"Context:
Water dripped steadily from a cracked pipe, and the maintenance log filled with urgent notes. The security guard frowned at the monitor because the entry system had recorded an impossible sequence. Outside, a pileup snarled traffic and left a dangerous line of cars on the shoulder. Two ducks slipped through a torn net and headed toward the road, drawing a new kind of panic. In the kitchen, I sliced tomatoes while a technician inserted a flexible camera into a conduit to diagnose the blockage.",50.6789,3.9255097,814,7.9374995,0,1180.0531,4244.4185,884.03204,854.45605,100,77,64,0.99999999999,4.1994753,4.3680463,3.5968027,2821.9795,3934.9138,118005.305,11.6784935,0.26794708,0
"Context:
I upgraded from v3.9 to v3.11 and immediately hit a warning about deprecated syntax. The library’s documentation insisted that 3.11.6 was supported, but the plugin only behaved on 3.10. I rolled back, noted the exact versions in the ticket, and moved on. It was the kind of problem where a single digit decides your afternoon.",27.438898,3.3119617,355,7.1499996,1,1350.6195,4756.669,932.3138,1070.6837,119,94,92,0.9916666666584028,4.305231,4.5717897,3.5218422,3363.6497,4233.825,160723.72,11.987449,0.5961824,1
"Context:
On Sunday he swore he’d start the week organized, but Monday arrived with chaos anyway. Monday night he stayed up late, trying to catch up on what he’d missed. By Tuesday afternoon, he’d found a rhythm again, small and steady. Thursday night he heard someone mention “weekend” and felt his mood lift without permission. Saturday morning he woke early, enjoying the weekend before it could slip away.",25.994493,3.2578847,323,6.8312497,0,1564.2338,4810.5513,977.2022,1383.3171,177,165,162,0.9999999999943503,5.0621147,4.995163,3.0753403,3481.4766,4761.4556,276869.38,12.531304,0.4389161,0
"Context:
The flyer opens by naming Christianity and announcing a choir concert, then adds a brief nod to other religions represented in the neighborhood. Below that, it lists the location of the venue, including the hall name and the street address. A second location appears for the post-concert coffee at a nearby café. Even in the first few lines, it is both a beginning-heavy text and a practical set of event locations.",46.064037,3.8300326,874,9.03125,0,1230.8577,7621.3755,1115.9514,891.8315,55,40,37,0.9649122806848262,3.4685073,3.7558072,6.191922,2347.6257,6074.3984,67697.17,11.122814,0.5508232,1
"Context:
The listing read like sales information: stainless-steel bottle, 750 ml, leakproof lid, and a two-year warranty. Next to it, the shop recommended apparel for the hike, including a lightweight belt bag and a rain shell with sealed seams. I compared specifications, chose the size, and watched the clerk scan the barcode. When I stepped outside, the gear felt like a promise I had already paid for.",39.462624,3.675354,825,8.53125,1,918.6595,2486.2537,499.3663,849.3803,47,34,30,0.9791666666462674,3.3728416,3.7117877,2.7063932,1874.7175,2258.3445,43176.996,10.673086,0.70838857,1
"Context:
Monday afternoon, Nina asked the IT desk for a new ID badge, and the technician replied with a three-letter acronym, SSO. Rafael and Ella stood behind her, each spelling their first names slowly. When the printer jammed, the support guy wrote a three-letter note, N/A, on a sticky label. The weekday queue felt like a tiny bureaucracy of names.",73.38906,4.295775,235,8.562499,1,1530.5399,5282.235,998.33734,1293.8973,275,262,260,0.9892086330899669,5.542391,5.423886,3.4512234,3357.1863,4761.8545,420898.47,12.95015,0.52205753,1
"Context:
At the garden center, bees hovered over the lavender pots near the entrance. A woman with a service-dog vest folded over her arm asked for advice on plants that could handle shade. The clerk, who had moved from another city last month, pointed her toward herbs and explained the watering schedule. She coughed, touched her throat, and bought ginger after remembering the last cold she had. On a poster by the register, a famous musician’s face advertised a concert that everyone in town seemed to be talking about.",31.412794,3.4472153,578,7.046875,0,1164.4832,5162.779,881.0732,909.3682,103,88,75,0.9809523809430385,4.3470063,4.397041,4.4335365,2880.8984,4000.3472,119941.766,11.69477,0.28324094,0
"Context:
I highlighted a medical publication that challenged a popular diet claim. The authors wrote like academics, careful about evidence and uncertainty, and it felt like real research rather than advice. You said you do not need the diet trend anyway, then you ate your normal breakfast. That simple response made the study feel practical.",88.745445,4.485772,945,9.3187475,0,1045.0072,4020.6052,818.6284,766.93555,40,35,31,0.9756097560737657,3.5155928,3.4565113,3.8474426,2196.6675,3972.9253,41800.29,10.640682,0.39916047,0
"Context:
I spent the morning at an art exhibition where a new show filled three rooms with neon photographs. After lunch, I slipped into a workshop forum in the next building, complete with a plated meal and a guest lecture. By late afternoon, the square outside had turned into a festival, and a small tournament bracket was taped to a pole near the stage. On my way home, I stopped by a friend’s reception for her course graduation, then ducked out early for the “Riverfront Banquet” dated 14 September. The city felt like it had scheduled every hour for me.",44.3453,3.7920067,939,9.1875,0,1391.3127,5590.7754,1065.0872,1094.4226,54,50,44,0.964285714268495,3.8766055,3.7417047,4.018346,3629.5217,4713.1113,75130.89,11.227,0.36093572,0
"Context:
My feed showed sports scores beside a thread about wealth disparity, and the whiplash made me pause. A stranger replied with a prayer and a personal reflection about what he owes others. You used your phone to read it over my shoulder. After a moment, you said the faith part sounded like someone trying to stay decent.",104.86093,4.652635,903,10.2125,0,1150.8259,4205.7646,793.26324,874.8301,55,50,45,0.9821428571253189,3.871793,3.8124056,3.654562,2442.9165,4019.5112,63295.426,11.055584,0.42012915,0
"Context:
The warehouse cat brought in a moth and dropped it near the time clock like a gift. A supervisor, a woman who trained dogs for agility, shooed it away and told everyone to keep the doors closed. A worker, who belonged to a neighborhood volunteer group, joked that the cat deserved a raise. Someone sliced cucumbers and dill for sandwiches, then flexed a cramped hand after lifting too many crates. In the corner, a video of a famous comedian played on someone’s phone, and the laughter softened the last hour of the shift.",41.51141,3.7259684,299,9.287499,0,1057.0432,4984.704,793.9836,784.3876,118,96,84,0.9833333333251388,4.479858,4.549069,4.7157054,2751.631,3873.1233,124731.09,11.733924,0.6219951,1
"Context:
In the clinical report, 37% of participants improved after eight weeks, while 12% reported no change at all. The authors treated those figures as shares of the full sample and printed the denominators next to every chart. A follow-up survey echoed the pattern, with nearly half the group landing in the “moderate benefit” band. The numbers were simple, but the percentages made the outcome hard to ignore.",41.954437,3.7365842,60,9.487497,0,1423.4995,5753.0845,1042.7916,1169.5264,108,100,94,0.9642857142771045,4.5440817,4.452558,4.0415077,3178.799,5242.9395,153737.95,11.943011,0.44293398,0
"Context:
The catalog listed three types of insulation, and each variation had a different thickness rating. I sorted them into categories by material and by the way they interacted with moisture. Later I skimmed a peer-reviewed study in an academic journal that tested those exact samples. The results matched the labeled types almost perfectly.",60.271614,4.098861,327,9.025,1,1627.1895,4810.5513,1013.27167,1464.8069,152,152,151,0.9934640522810886,5.0238805,4.8425765,2.956356,3693.0718,4766.442,247332.8,12.418494,0.5261431,1
"Context:
During the office move, the guy who never stops talking carried the heavy boxes, and the quiet woman labeled every shelf with neat handwriting. A swarm of tiny flies appeared near the open window, so we closed it and kept working. Later, the manager, who is known for quoting celebrities, told a story about a famous comedian who once did a surprise set at a charity fundraiser. We finished the day sweaty, hungry, and oddly proud.",40.12197,3.691924,527,8.875,0,1109.6691,4686.2144,832.68835,895.3986,45,42,38,0.978260869543951,3.714243,3.5807037,4.223074,2502.309,3864.0469,49935.11,10.8185,0.51825714,1
"Context:
He kept the video buffering on his laptop while he washed dishes, glancing over whenever the loading circle changed. The faucet ran, the plates clinked, and the progress bar crept forward without urgency. Each time it stalled, he dried his hands and tapped the trackpad with mild annoyance. The moment it finally played, he was still standing at the sink.",36.32563,3.5925236,599,8.849998,1,1138.3296,3149.6897,650.44586,948.4462,89,71,61,0.9673913043373109,4.136461,4.337482,2.7669399,2427.7993,2937.1406,101311.336,11.525964,0.43275362,0
"Context:
The store sign promised 30% off winter coats, so I pulled out my phone and did the quick math before trying anything on. A smaller tag below said an extra 10% deal applied if I joined the loyalty program. At checkout the clerk repeated the discount and the final amount matched what I expected. Walking out, the words ""save"" and ""off"" felt more persuasive than the coat itself.",30.041994,3.4025962,541,7.768751,1,1286.5148,7071.8496,1055.4165,1066.1119,117,108,102,0.9831932773026623,4.6555367,4.5152683,5.4969053,2694.4097,6488.0537,150522.23,11.921873,0.40356365,0
"Context:
The interviewer leaned forward and asked why I left my last job. I answered with a short story about a project that changed direction halfway through. She followed up with another question about what I would do differently next time. I paused, then gave a clear answer instead of trying to sound impressive. By the end, the exchange felt like a steady rhythm of asking and responding.",16.325771,2.7927449,649,6.250001,1,1288.1189,5082.5146,1041.091,951.1628,38,37,33,0.9047619047403629,3.6011052,3.3662894,3.9456868,3077.8042,4580.935,48948.52,10.798545,0.5690688,1
"Context:
A wooden cutting board arrived wrapped in paper with a small card describing the grain and thickness. It said to oil the surface before the first use and avoid soaking it in water. He ran his palm across the edge and noticed a tiny splinter near one corner. After sanding it smooth, he wiped on oil until the board stopped drinking it in.",29.43213,3.382087,770,7.53125,1,1001.61743,3938.0044,568.4269,902.957,67,41,28,0.9436619718176948,3.493657,4.069973,3.9316454,1835.3035,2845.887,67108.37,11.1140785,0.65069604,1
"Context:
I wrote a short travel note, then paused to catch the present moment before I refreshed the site again. The content management system showed the banner exactly where I wanted it, and the month of May was highlighted in the sidebar. That evening I went to the stadium for sports and entertainment, and the noise made my phone vibrate in my hand. When I got home, the page still loaded cleanly and the crowd still rang in my ears.",43.23828,3.7667263,596,8.93125,1,1246.4933,6545.287,953.71277,951.90674,77,68,60,0.987179487166831,4.1681805,4.118937,5.2509613,2716.189,4417.395,95979.984,11.471906,0.42121416,0
"Context:
She moved to a new city and made a point of saying yes to invitations, hoping connections would form naturally. On the first weekend she attended a meetup and ended up talking with someone who also wanted to start a small business. They walked home discussing what a beginning should look like when nobody is watching. The next day she signed up for a domain name and felt the venture become real.",25.71962,3.2472541,542,7.653125,1,1293.7548,8144.8643,916.777,1066.6033,130,118,109,0.955882352934148,4.7101912,4.6827335,6.2955236,2656.8013,3453.168,168188.12,12.032845,0.5299795,1
"Context:
At the workshop, a swarm of gnats rose from a damp corner whenever the door opened. The forewoman, a woman who trained her border collie for competitions, told the crew to fix the leak before the boards warped. A new apprentice, who was related to one of the senior carpenters, kept asking questions and writing everything down. During the break, she peeled an orange and flexed her stiff fingers after sanding for hours. Someone scrolled through headlines about a famous scientist winning another prize, and the room hummed with half-serious jokes.",45.85573,3.8255002,781,8.718748,0,846.2882,3713.4724,546.72656,688.9399,98,82,68,0.9514563106703742,4.3372765,4.416424,4.387953,1937.9541,2551.084,82936.24,11.325839,0.37954357,0
"Context:
The box for the power bank promised 20,000 mAh, listed the ports, and included a small sheet about proper charging. He read an internal wiki page that documented function parameters and return values, then added a comment to clarify a confusing edge case. They went to a late screening at a small cinema downtown, an event that drew a line out the door despite the cold. Afterward, they made toasted sandwiches by following a recipe that was really just habit and timing. On the walk home, they discussed a teaching about wealth and humility, and even the science-minded friend didn’t dismiss it.",50.783127,3.9275641,305,8.437498,0,1093.5834,5422.1523,868.6806,784.1464,103,86,77,0.9903846153750924,4.230242,4.3902454,4.958152,2764.318,3921.6624,112639.086,11.631953,0.36596236,0
"Context:
A small town square hosted the evening concert, and the stage lights made the old buildings glow. Earlier that day I had been in the office updating the CMS, telling myself to return to the present moment and not rush through the month-end changes. The trip was part of a broader EU funding project, with a framework that fit neatly into an operational program for health promotion in schools. Before heading back to the hotel, I bought a rain jacket after reading its fabric specs and warranty note.",56.50283,4.034291,318,8.9375,0,1121.3839,4984.095,851.0162,777.1631,74,70,62,0.9999999999864865,4.22206,4.0856695,4.4445934,2545.7996,4699.15,82982.41,11.326396,0.40271786,0
"Context:
She applied sunscreen and a gentle serum, then watched how her skin reacted over the next hour. The dermatologist used medical terms for the irritation and described the biological processes behind barrier repair. A follow-up plan focused on hydration and reducing inflammation. By the end of the visit, the routine felt more like treatment than beauty.",39.9927,3.6886969,481,8.0687475,0,973.8594,4881.738,831.94495,724.4842,54,49,45,0.9818181818003306,3.8509333,3.7363682,5.012775,2638.5789,4295.3228,52588.406,10.87027,0.3869785,0
"Context:
The chef described accommodation for visiting staff, then walked everyone through meals for the week. Finance asked why the budget kept rising, and strategy quickly turned into cost control. A licensing clause on the equipment rental complicated the plan. By the time dessert arrived, the team had traded recipes for spreadsheets.",158.4612,5.06551,493,11.0,0,1628.2906,8051.78,1735.3923,1060.0344,28,28,28,0.9655172413460167,3.3322048,2.9347606,4.944928,5439.9805,7515.036,45592.137,10.727512,0.7051148,1
"Context:
The daycare’s outdoor shed had a hornet problem, and the director looked tired as she read the safety note aloud. A parent, a woman who worked as a vet assistant and arrived with dog hair on her coat, offered to recommend someone reliable. The teacher, who had moved from abroad and still mixed up a few words, kept the kids calm with a story. In the kitchen, they washed grapes, chopped lettuce, and checked a scraped knee that was already turning purple. A famous children’s author was scheduled to visit next week, and the posters were everywhere.",42.020466,3.7381568,265,8.037499,0,1474.7417,4810.5513,1013.04034,1218.6279,189,169,158,0.9264705882307527,5.056067,5.031228,3.2619622,3621.1755,4700.8037,278726.2,12.537989,0.4624495,0
"Context:
During the summer break we followed the coast for five days, marking every small town we passed. On the fourth night we reached a seaside arena hosting a fighting competition, and tickets were still available at the door. The announcer called out the main bout while I checked the time and realized how far we had traveled. In the morning we left early, carrying the event like a postcard in our heads.",35.401833,3.5667636,110,6.975001,1,1504.893,5462.906,965.16754,1291.8721,167,162,159,0.9940476190417021,5.0733547,4.939118,3.630096,3304.6091,4935.3613,251317.12,12.434475,0.5016815,1
"Context:
Ethan checked the schedule and saw “ETA 14:30” next to the keynote, which made him roll his eyes. Olivia introduced Tomas to Dr. Chen, and the mix of first names and titles felt oddly balanced. The shipping label on the display table read “Bergen,” while a poster on the wall advertised a trip to Oslo. A nearby conversation drifted into acronyms—“VIP,” “FYI,” and “IDK”—until it sounded like static. When the host called “Maya” to the stage, the room snapped back into focus.",61.392376,4.1172857,468,11.7999935,0,1511.205,7626.5205,1116.004,1221.3058,168,150,142,0.988235294111834,4.927944,4.892169,5.0466485,3780.838,4720.717,253882.44,12.444631,0.49712208,0
"Context:
On Friday the venue announced three rounds for each match and posted the schedule at every entrance. The crowd flowed from section to section as ushers told people to move to open seats. By Sunday, the final bouts landed exactly as planned, and the week-long buildup paid off. When the last decision was read, the calendar felt as important as the punches.",59.874992,4.092259,736,8.824999,0,1012.55334,2908.1567,717.99854,790.7756,47,40,38,0.9791666666462674,3.5308354,3.621831,2.8721025,2488.9473,2797.7754,47590.008,10.770399,0.54705405,1
"Context:
The neighbor who borrowed a ladder last month returned it cleaned and tied with a neat piece of rope. The volunteers who run the community pantry showed up early because the delivery truck arrived ahead of schedule. A man who had never helped before carried boxes without being asked. By noon, the room looked organized, and the small crowd seemed less like strangers.",36.37877,3.5939853,525,7.1218734,1,1553.6935,4076.4084,1148.3118,1272.0924,50,38,30,0.9615384615199705,3.530656,3.653192,2.6236892,3868.0525,4076.4084,77684.67,11.2604265,0.656873,1
"Context:
On Monday, CEO Ana sent a short note that ended with the three-letter signoff FYI. She asked Liam to call Nora before lunch and confirm the venue name. By evening, Sam had copied the meeting title into the calendar and forwarded it to Max. The whole thread read like a roll call of first names tied to a weekday deadline.",111.72011,4.7159967,256,9.912498,1,1515.979,6099.0176,1055.6539,1293.8973,87,82,78,0.6904761904707105,4.3802214,4.2593665,4.0231547,3464.099,4890.002,131890.17,11.789732,0.4572871,0
"Context:
In the game store, I stared at two board games on the shelf and weighed the options. One promised quick rounds, while the other looked like an all-night strategy marathon. My friends were arriving soon and hated complicated rules. I grabbed the simpler box and headed to the register.",28.22617,3.3402495,260,8.3125,1,1668.2493,4810.5513,1021.54846,1452.3177,134,129,128,0.9436619718243405,4.8422074,4.723839,2.8835928,3730.6602,4749.082,223545.4,12.317374,0.5882074,1
"Context:
A poster on the station wall advertised an event in the capital, complete with dates and a map of the neighborhood. I logged into the CMS to publish the notice for the month of July, then paused to settle into the present moment before hitting save. At the venue, our team reviewed the framework and operational program language required for EU funding of a health promotion project aimed at education settings. In the foyer, I compared two microphones using the specification sheet the vendor had taped to the table.",73.97125,4.3036766,544,10.393749,0,1223.7852,4374.9194,681.48425,1142.3629,117,106,98,0.9749999999918749,4.6110454,4.617461,3.5749078,2437.2505,2882.7861,143182.86,11.871884,0.5814306,1
"Context:
A chemical spill spread across the concrete, and the cleanup kit came out fast. The supervisor also ordered a security reset because a badge reader had been triggered from inside when the room was supposed to be empty. Near the entrance, a small fire from a sparking line forced cars to stop suddenly, and a collision followed in the smoke. At the edge of the property, a deer slipped through a snapped rail and crossed the service road. Someone toasted bread for the staff while a clinician inserted a catheter with careful, practiced movements.",69.19123,4.236874,405,9.974997,0,1351.0448,4810.5513,970.1622,1066.5922,230,212,200,0.9913793103405545,5.3084316,5.2172165,3.560615,3085.3877,4738.259,310740.3,12.646716,0.4968927,0
"Context:
The agenda said 16/12/2025 in one place and 16 December 2025 in another, so I rewrote it consistently and attached v1.9.0 to the correct line. The engineer on call asked which software versions were allowed and whether the toolchain supported the latest patch. People kept quoting numbers from dashboards, from response times to customer counts, and it blurred the real issue. I ended the note by pointing to prior years in the literature and older event logs, because the pattern had shown up before.",56.550865,4.0351405,428,9.787499,0,1024.1578,5628.2754,824.9871,761.38464,76,66,56,0.9870129870001686,4.1232004,4.100923,5.4955153,2305.5747,4459.0347,77835.99,11.262372,0.5942629,1
"Context:
In class, the professor asked us to compare two historical speeches and explain what made them feel different. Then she gave us a choice between writing an essay or doing a short presentation. Our group divided the sources into categories and noticed how some themes appeared in both. If we presented, we had to pick a location in the room and commit to it; if we wrote, we could weave the contrasts more subtly.",26.88118,3.2914264,628,8.224998,0,1273.6637,6049.432,1014.45575,1137.6255,74,54,47,0.9866666666535111,3.7183623,4.0521617,4.749631,3002.053,4872.1016,94251.12,11.453729,0.66515905,1
"Context:
The recipe card lists 250 grams of flour, 5 milliliters of vanilla, and a pan size of 23 centimeters, so I measured everything twice. While the batter rested, I checked whether the oven should be set to 180 or 190 degrees, because the loaf pan was unusually tall. I used a scale, a measuring cup, and a ruler on the cutting board to make sure the portions matched. When the timer rang, the cake rose exactly to the marked line.",14.722506,2.6893773,501,6.359373,1,1358.6368,4776.6133,930.3615,1112.0327,164,144,136,0.9939393939333702,4.825732,4.89268,3.5157397,2899.849,4672.7495,222816.44,12.314108,0.66288036,1
"Context:
I bought 2 train tickets and promised I’d be back in 1 day, then checked the email that stamped the purchase at 7:04. The backpack listing I used said “35 L, 2 compartments, 1.2 kg,” which sounded perfect for the trip. Our itinerary had Copenhagen at 09:10, then stop 1 in Odense before meeting Sara at the museum entrance. On the ride, a podcast recapped the club’s 2022 season and how they finished 3rd after a late collapse. By the time we arrived, every plan felt pinned down by digits.",43.203564,3.765923,432,9.012499,0,1462.3351,4776.6133,1025.4287,1171.8379,163,149,141,0.9476744185991415,4.9464917,4.8740687,3.266429,3623.2324,4717.309,238360.62,12.381544,0.5919545,1
"Context:
The software update promised the latest version, but the install ended with a blunt error message. He searched online and found an article that claimed the fix was simple, though the steps didn’t match his screen. After restarting twice, he read the comments and realized other people had the same problem that week. He rolled back the update and decided to wait for the next patch.",24.03387,3.179464,731,6.6656246,1,979.9882,3191.046,626.40753,874.1087,53,47,43,0.9999999999811321,3.8133526,3.7965167,3.256208,2340.344,3051.7737,51939.375,10.857852,0.52407247,1
"Context:
On Monday she woke up earlier than usual and stared at the ceiling for a full minute. The coffee tasted stronger than it needed to be, like the day wanted her attention. By lunchtime, Monday already felt like it had its own weight and personality. She checked her calendar twice, just to be sure it really was Monday. When she finally got home, she promised herself Tuesday would be kinder.",19.531784,2.972043,137,6.1343756,1,1588.7869,5282.235,1002.3063,1383.3171,263,256,249,0.9813432835784278,5.533267,5.3897963,3.324697,3600.9766,4764.2476,417850.94,12.942883,0.42288366,0
"Context:
The night shift started on Thursday, which made the schedule feel upside down. He slept through the morning and woke in the late afternoon, disoriented and hungry. By night, he was fully awake, sipping tea and watching the city lights. He marked “Thursday night” in his planner so he wouldn’t forget the pattern. When Friday morning came, it felt like he’d lived two separate days.",21.759407,3.0800462,357,6.35625,1,1352.4128,9393.648,1145.5651,1003.9031,98,94,91,0.9799999999901999,4.523045,4.337622,6.945844,3162.9202,3876.9573,132536.45,11.7946205,0.59790456,1
"Context:
At the market I chose loose apples and a simple loaf instead of heavily packaged foods, then walked home with everything in one bag. While cooking, I opened a newsletter about an investment vehicle supporting community development and education programs focused on women and girls. In the afternoon I toured a green renovation site where the contractor highlighted efficiency upgrades and the certification paperwork. Before leaving, I checked a product label to confirm the composition and usage instructions, since I’m picky about what I bring into my kitchen. For the evening meetup across town, I picked the metro because it was quick and didn’t require any planning.",40.790485,3.708449,928,7.9031243,0,1127.2012,7493.275,1046.121,860.4866,69,61,53,0.985714285700204,4.029533,3.957595,6.6476827,2579.5142,5037.75,77776.88,11.261612,0.45305154,0
"Context:
The town festival filled the square with food stalls and a small stage where the band kept restarting their sound check. Kids ran between banners while the announcer hyped the evening tournament like it was a championship. When the winners were crowned, the ceremony was short but loud, with confetti sticking to damp jackets. I went home with a wristband and the smell of grilled onions in my hair.",40.50318,3.7013805,221,8.187497,1,1503.5742,7982.278,1213.6814,1291.4404,138,135,129,0.992805755388541,4.8971176,4.6810303,5.308869,3487.8743,6452.824,207493.23,12.242859,0.4885194,0
"Context:
A bus caught a tire blowout and lurched onto the shoulder, creating a hazardous scene while traffic backed up behind it. Across the street, a bakery team kept rolling dough, weighing flour, and setting trays in the oven to keep the morning schedule. When emergency crews arrived, they blocked the lane and cleared debris so cars could pass safely. The bakery customers watched the flashing lights through the window while eating warm rolls.",32.75641,3.4890985,753,7.53125,0,1182.8776,4494.7285,802.3486,981.776,72,49,39,0.9729729729598247,3.6809995,4.075752,3.799826,2834.5503,3614.3997,85167.19,11.352384,0.70553434,1
"Context:
Tuesday was supposed to be easy, just a short trip to the gym and back. By round two of sparring my legs were heavy, and the coach kept waving me to move to the far corner. The sports hall is in the north part of town, so getting there means a long ride to the edge of the map. On Thursday I still felt the soreness, but I went back anyway.",24.873098,3.2137868,594,5.784375,1,1406.198,5732.3765,1058.2748,1155.8364,91,70,65,0.9999999999890109,4.1107435,4.2794857,4.076507,3353.8293,5526.83,127964.016,11.759512,0.4335538,0
"Context:
A pipe burst behind the kitchen wall and left a thin film of water under the prep tables, so we stopped cooking until the mess was contained. The chef moved the ingredients to a clean counter, covered the bowls, and washed every utensil that might have been splashed. Once the leak was sealed, we went back to chopping herbs and portioning dough as if nothing had happened. The meal was saved, but the kitchen inspection got stricter.",25.555119,3.2408376,557,6.5,0,1210.5897,3664.7595,714.82117,990.883,141,117,101,0.9860139860070909,4.640261,4.7866263,3.0272515,2633.2688,3032.871,170693.16,12.047628,0.6882373,1
"Context:
A landslide warning closed the mountain road, so our travel plan switched to a slow detour that wrecked the schedule. When we finally reached town, the venue posted a notice that the event was canceled after an unforeseen safety concern. At the hotel desk, the clerk pointed out a product recall bulletin with a safety warning and return instructions. The organizer’s business had recently changed its name, and their older software was being discontinued while supply chain disruptions slowed everything from signage to equipment. The location carried a gloomy mood, and the consequences hit hard in missed appointments and wasted transport fares.",73.1208,4.292113,363,9.487495,0,1303.7174,5585.9575,1043.6989,1037.7355,109,99,85,0.9732142857055963,4.554564,4.449219,4.284638,3328.038,5441.83,142105.2,11.86433,0.3598791,0
"Context:
The museum map labeled each room with place names, like Oak Gallery and Harbor Wing, while the guide introduced herself as Lina. She handed out wristbands marked with a three-letter code, VIP, to the early group. Later, I overheard someone asking whether Lina was the curator or just a volunteer named Lina. Names and short codes carried equal weight in the crowd.",72.967026,4.2900076,523,10.000002,0,1080.7712,7735.3394,1184.3678,680.8033,47,42,38,0.9999999999787235,3.6915364,3.5082738,7.157239,2851.6067,5903.341,50796.25,10.835597,0.44492713,0
"Context:
She sat in the clinic lobby scrolling a sports score, waiting for her name to be called while the appointment ran late. When the nurse finally appeared, it was exactly the time she’d promised herself she would leave if nothing happened. Her phone tried to update an app in the background, and the progress wheel spun as the scoreboard refreshed. She walked down the hallway at the same pace the match clock advanced, feeling two timelines running together.",35.41041,3.5670059,208,8.0625,0,1418.6134,7307.107,1029.1235,1190.3131,153,143,134,0.9935064935000423,4.927349,4.821554,5.1508794,3172.808,5192.2095,217047.86,12.287878,0.44522566,0
"Context:
The floor fan box listed blade diameter, noise level, and a short warning about placing it on a flat surface. In a markdown file, the team documented parameters for a function and clarified the return value in a single, sharp comment. They took the fan to a crowded rehearsal space across town, where a small event was turning into a bigger one as people arrived. Back home, they followed a recipe for scrambled eggs and herbs, eating quickly before sleep could win. Someone mentioned a book about wealth and morality, and the room went quiet in the way that means the topic will return.",62.158123,4.1296816,778,8.612499,0,1209.6067,6536.9062,1095.8004,901.4313,79,69,60,0.9999999999873417,4.126833,4.085482,5.404159,2899.8035,6021.308,95558.93,11.467509,0.4988852,0
"Context:
The code review pointed out that the cleanup routine should be a function on the Session class, because the process depends on the object’s type. The reviewer added that extra metrics are optional and not required for the release. I removed the metrics and kept the class method focused. The process ran faster afterward.",53.929165,3.9876714,334,9.025,0,1655.0575,5960.9336,1098.567,1433.4507,161,156,153,0.9640718562816524,5.0383525,4.881706,3.601648,4040.0698,4790.1885,266464.25,12.492999,0.47061718,0
"Context:
She asked whether the tent would fit two people, and I answered by reading the label out loud. The tag included 210 cm by 140 cm, plus a packed length written with a slash between units. The campsite message said Skagen, 19:30, then another line with directions broken by commas. In the rules, an and/or clause sat beside a warning with periods that chopped it into fragments. I made a list of stakes, rope, and a lantern before we checked out.",67.75227,4.215858,210,9.012499,0,1250.0834,5282.235,885.166,978.3164,150,141,137,0.9933774834371301,4.9182158,4.7986307,4.225506,3116.9807,4464.9824,187512.5,12.141606,0.44826773,0
"Context:
Ethan kept getting stopped because people wanted to confirm his name for the badge printer. He spelled it out, then watched the volunteer nod and type. At the table, someone shouted “Evan,” and he hesitated before realizing it wasn’t for him. When his teammate finally said “Ethan” with confidence, the tension in his shoulders eased. He didn’t mind repeating it; he just wanted it to land right.",36.537735,3.5983455,350,7.887501,1,1630.3083,4810.5513,1092.77,1295.8123,151,138,126,0.9805194805131136,4.8778954,4.808161,2.9507003,3868.9458,4766.641,246176.56,12.413809,0.67846113,1
"Context:
You said you would use the new blender every morning, but it stayed in the box for a week. You finally opened it and tried to make a smoothie, then complained that the lid was confusing. I showed you the lock symbol, and you rolled your eyes at how obvious it was. You drank the smoothie anyway and admitted it tasted good.",17.681633,2.8725264,78,7.1874986,1,1627.4447,5282.235,992.5094,1378.4712,259,239,231,0.9961538461500148,5.4136233,5.3863506,3.245723,3456.3838,4765.0454,421508.2,12.951597,0.5578183,1
"Context:
The invoice summary showed that 18% of customers paid late this month, up from 11% last quarter. Our analyst treated that as a share of the total client base and checked whether it clustered by region. When a vendor offered a 12% early-payment discount, we debated whether it would shift behavior. The whole meeting was just percentages arguing with each other.",43.376144,3.7699096,29,9.5,0,1486.1454,5282.235,937.2757,1358.1523,144,139,134,0.9795918367280301,4.904303,4.788741,3.5543191,3183.592,4771.9883,214004.94,12.273759,0.6376174,1
"Context:
The changelog opened with v3.11.6, but the incident report started with 12 January 2023, and I had to reconcile both before writing a summary. A spreadsheet nearby was full of numbers for storage limits and user counts, none of which explained the crash on its own. I circled the year in the date, because one line said 2022 and another said 2023. In the final paragraph, I referenced earlier years from publications to show that the bug had a history, not a surprise.",36.18976,3.588776,280,7.78125,0,1181.2704,4287.358,813.3501,901.02094,108,101,97,0.8307692307628403,4.569113,4.480063,3.6294467,2808.485,3846.2412,127577.2,11.756485,0.36779132,0
"Context:
I compared two running shoes by how they felt at easy pace versus sprint pace, paying attention to stiffness and cushioning. The contrast made me question whether comfort or speed mattered more, and my judgment swung back and forth. In the end I chose the pair that struck a mix of both qualities instead of the extreme on either side. Walking out of the store, the decision finally felt settled.",35.204937,3.5611863,507,8.80625,0,1312.6252,7074.3965,966.929,1038.1312,134,122,113,0.9640287769714819,4.7511168,4.6852064,5.389502,2766.5898,4567.6787,175891.78,12.07763,0.6121305,1
"Context:
In my opinion, the website makes it too hard to file a simple request, even if your resolution is just to be organized. The chart loads in high definition, yet the lane map still hides useful details, and the washers section is buried in a menu. While I tried to find the right page, the world news widget kept refreshing. By the time I submitted the form, life had already pulled me onto another task.",60.617332,4.104581,652,9.768749,1,1270.7949,7468.427,1269.976,835.3599,65,50,44,0.9999999999846153,3.825096,3.8407366,5.876972,3180.9702,6596.1597,82601.67,11.321797,0.43949345,0
"Context:
The first page reads like a chat prompt pasted into a newsletter: ""Write a short update about the community"". A line break follows, leaving the rest of the page empty for a moment. It immediately jumps into cooking, then detours through roofing and SUVs, as if someone copied in whatever topics were nearby. A final sentence asks for a technology angle and an education mention before the piece goes any further. That opening swirl makes it clear you are at the start of a prompt-style interaction wrapped in a multi-topic intro.",87.52352,4.4719076,946,9.799999,0,1363.1534,10053.338,1455.4218,943.79895,73,66,61,0.9733333333203555,4.150359,3.9453743,7.375059,2951.0625,7634.6465,99510.2,11.508025,0.36738536,0
"Context:
A nutrition label claimed the yogurt had 0% added sugar, and I double-checked the ingredients to see what that really meant. The package also listed daily value percentages for calcium and protein. Those numbers helped me compare it with another brand without reading every line. I chose the one that fit my goals, even if the taste was only okay.",23.244293,3.1460598,289,5.2437496,1,1103.5642,4172.976,769.45734,799.79755,80,64,59,0.9523809523696145,3.9352627,4.1766877,3.781362,2806.7712,3376.2231,88285.14,11.388338,0.521379,1
"Context:
On Wednesday the organizers posted the bracket and said each match would be three rounds. They kept directing fans to move to different entrances as sections filled up. By Saturday, the schedule had shifted again, and everyone argued about which day the finals would land on. The constant changes made the week feel like part of the competition.",50.791775,3.9277344,165,9.9625,0,1598.7343,5282.235,981.8199,1376.5082,259,252,248,0.9961538461500148,5.51532,5.384695,3.3040109,3372.4253,4765.0454,414072.16,12.933798,0.5722446,1
"Context:
I cooked a simple lentil soup recipe that begins with garlic in olive oil and ends with lemon zest right before serving. Halfway through, I realized my cutting board was too small, so I set a larger one down and kept chopping carrots. The cat tried to steal a piece of parsley, and I laughed until I noticed it had muddy paws. The soup tasted better than the mess deserved.",27.812916,3.3255005,761,8.125,1,975.7272,4216.855,806.7661,787.27185,86,60,46,0.9885057471150746,3.9352415,4.2023234,4.3217564,2727.7192,4186.942,83912.54,11.337543,0.5880639,1
"Context:
He coached youth practice with a whistle in his mouth and a stopwatch in his hand, running drills while giving instructions. Between sets, the kids waited in a loose line, bouncing on their toes as the seconds passed. If anyone looked dizzy from the heat, he would stop immediately and have them drink water. A parent recorded video on a phone that lagged for a moment, and the cheer at the end came slightly delayed, like time had shifted.",35.34001,3.5650158,497,8.309377,0,1413.795,5003.668,959.1664,1148.4778,164,157,152,0.9647058823472665,5.034314,4.895946,3.5391748,2948.106,4724.0537,231862.39,12.353904,0.4635883,0
"Context:
The document began with <bos>, and the opening tried to juggle too much, from splashbacks to SUVs to a random note about roofing quotes. I sent a prompt in the chat asking for a smoother rewrite, and the response pivoted between technology and finance like it was normal small talk. Then I added the location details for the meeting, including the café name and the corner entrance. The last sentence referenced a Christian service and a familiar religious term, because it was part of the announcement.",123.76123,4.818354,462,11.843744,0,1056.2175,4436.505,746.81006,752.46277,80,74,62,0.9638554216751343,4.271514,4.1745586,4.200371,2567.468,3412.8345,84497.41,11.344488,0.4484888,0
"Context:
In the spreadsheet cell, I typed a formula with plus signs and an equal sign, then checked whether it returned the expected value. The next step used a slash to convert minutes into hours, and the result changed immediately. I added a comma in the right place so the arguments stayed separate. When I swapped an and for an or in a note, the meaning flipped in a way that surprised me. Punctuation and connectors steered the whole calculation.",46.137096,3.8316174,65,8.6125,1,1595.3872,5282.235,1025.1593,1351.0371,254,233,225,0.9731800766246239,5.349418,5.347699,3.3109424,3519.1155,4766.043,405228.34,12.912209,0.42444694,0
"Context:
The academic publication outlined a study that modeled behavior by assigning each subject to a class, then running a function over the observations. Afterward, a discussion panel turned to financial matters, and the speaker connected wealth disparity to who gets represented in the data. Someone in the audience quoted a line from a sermon, and the room went quiet for a moment before sports news chatter returned in the lobby. Attendance wasn’t required for the final session, but you stayed and used the break to read the appendix.",59.834095,4.0915756,141,9.099998,0,1586.1781,10051.941,1122.8899,1326.2367,286,276,263,0.9896193771592056,5.607519,5.455254,6.3372087,3414.0793,4881.3037,453646.94,13.025077,0.3661192,0
"Context:
She picked a breathable shirt and a cap with a stiff brim because the afternoon sun hits the stadium seats directly. The sneakers mattered more than the photos, so she tested the cushioning by pacing the hallway. A simple scarf in team colors finished it without getting in the way when she stood up to cheer. Even the watch strap was swapped for something that wouldn’t pinch in the crowd.",58.081665,4.06185,275,9.293749,1,1297.066,4810.5513,818.98785,1142.3629,127,114,110,0.984496124023376,4.648391,4.6629677,3.7087944,2921.7034,3652.4495,164727.39,12.0120535,0.34862605,0
"Context:
At the dog park, Lina introduced herself as a veterinary student and said she spends weekends helping with rescues. Her husky tried to steal my glove, and I had to reach into the mud to retrieve it. She laughed and talked about wanting a job that keeps her outdoors, even in bad weather. By the time I got home, my jeans looked like they’d been through a wrestling match.",24.638897,3.2043264,951,7.628125,0,993.6713,6287.7153,813.04346,749.6475,87,65,59,0.977528089876657,3.994558,4.234363,6.327762,2254.2358,3204.8367,86449.41,11.367326,0.30017185,0
"Context:
She bought a knife set that advertised blade steel, handle material, and lengths down to the millimeter. In her editor, a docstring laid out each parameter of a parsing function and what it would return under malformed input. They took the metro to a neighborhood street fair, where a stage had been set up between buildings like a temporary landmark. Back in the kitchen, she followed a recipe for roasted vegetables, checking doneness by smell more than the clock. Over dinner, they talked about a bestselling book on inequality and whether faith or science offers anything beyond explanation.",68.53725,4.2273774,582,10.25,0,1158.1075,6251.9814,881.93787,866.0884,114,97,83,0.9579831932692606,4.5202904,4.5058846,5.398446,2752.1829,3429.9343,132024.27,11.790749,0.5727224,1
"Context:
The morning appointment included a detailed explanation of immune response and metabolic pathways, delivered in crisp clinical language. Afterward, I checked into a budget room, heated food in the shared kitchen, and used a borrowed adapter to charge my devices before heading out. I drafted a new page with a sharp first paragraph, logged my strength training, and tried not to dwell on the pregnancy timeline while legal messages kept arriving. A later meeting turned into a debate over licensing scope, financial risk, and strategic timing for the launch. At night, I followed my skincare routine carefully because my face had turned dry and irritated.",83.53349,4.4252477,464,10.662498,0,1529.4213,8190.4707,1199.4375,1208.0845,170,149,140,0.9770114942472586,4.935522,4.891679,5.355274,3966.146,6163.054,260001.62,12.468447,0.48013535,0
"Context:
The message board in the lobby showed “ASAP” in red letters above a list of maintenance tasks. Liam asked the front desk if the package for Bergen had arrived, and the clerk nodded toward a stack of boxes. A woman in line introduced herself as Ava, then turned and greeted Dr. Chen as if he were an old friend. Someone nearby called “Johnson,” and three heads lifted in reflex. On the way out, Liam spotted “FAQ” taped to a bulletin and wondered who kept labeling everything like that.",49.380894,3.8995636,668,9.387495,0,1323.9253,7439.3667,1429.5298,808.6096,61,55,47,0.9999999999836067,3.9659388,3.7213452,5.619174,4331.4277,7155.9263,80759.445,11.299243,0.35100895,0
"Context:
A sudden flu surge pushed the doctor to use dense medical terms in every chart note. He described biological processes like viral replication and the way fever helps slow it down. That afternoon, the auditorium talk was disrupted and ultimately canceled because the speaker never arrived. The receptionist posted the cancellation at the door and apologized to the waiting crowd.",84.896675,4.441435,319,9.65,1,1104.6067,4469.2515,724.57153,910.9469,76,58,51,0.9870129870001686,3.8483222,4.155725,4.046012,2373.432,3805.8408,83950.11,11.33799,0.57461363,1
"Context:
On Sunday night, the landlord emailed me and signed with a neat three-letter title, Esq. He addressed the message to Omar, but the lease had Priya listed on the first line. I read it twice, then checked the place name, Maple Court, to make sure it matched. Even at the end of the weekend, names and abbreviations kept colliding.",68.61766,4.22855,715,9.125,1,1129.444,3823.696,816.4712,747.5624,44,34,30,0.9777777777560495,3.3704333,3.5509806,3.3854673,2561.3982,3540.2107,49695.535,10.81369,0.42114633,0
"Context:
You ate the last slice while we debated whether the movie was brilliant or pretentious. I tried to discern which description fit, because both qualities seemed present in a strange mix. The contrast between our opinions made the room feel split in two. You shrugged and asked for another snack.",49.89415,3.9099038,306,8.475,1,1145.3813,4306.553,777.0899,878.4209,71,60,51,0.9594594594464937,3.9941118,4.0734067,3.7599294,2663.656,3872.691,81322.08,11.306185,0.61001414,1
"Context:
In the lecture hall, the professor traced biochemical pathways and explained how immune responses escalate during infection. I left to meet a friend at her apartment rental, where we cooked dinner, borrowed a spare charger, and planned an afternoon activity for tomorrow. On my laptop, the draft opened with a short intro, then jumped into notes about strength training, workplace tasks, and a tense legal email that made my stomach drop. The following meeting revolved around a licensing dispute, the financial impact, and a strategy to protect the company’s interests. Before bed, I worked through a skincare routine because the cold had made my face rough.",49.35424,3.8990238,307,9.824999,0,1334.8954,8748.912,1341.3336,792.05005,85,78,68,0.9770114942416435,4.299051,4.109062,6.5540056,3472.5652,6661.4336,113466.11,11.639268,0.24086137,0
"Context:
The arena lights dimmed and the crowd surged forward as the fighters walked out to their corners. In the main event, two veterans traded heavy kicks until the clinch turned the tempo into a grind. Between rounds, the coaches shouted over the noise, trying to squeeze strategy into a single minute. When the final horn sounded, everyone seemed to exhale at once.",21.596792,3.0725448,824,6.09375,1,1517.0676,5877.814,1373.3716,1168.4781,37,32,26,0.9736842105006926,3.3861134,3.3116517,3.8744574,5558.054,5839.4395,56131.504,10.935471,0.6805295,1
"Context:
She enrolled in an evening course that met twice a week, and the classroom felt like a social club by the second session. After class, people drifted into a nearby bar for an informal reception and a quick bite. Someone invited me to a backyard party on Saturday, then to a small festival in the park on Sunday. It was hard to tell where structured events ended and spontaneous ones began.",21.212957,3.0546122,333,6.1875,1,1565.2292,12937.56,1310.8967,1277.0107,178,168,162,0.9726775956231002,5.0824466,4.9341426,8.265601,3685.8357,4784.419,278610.8,12.537575,0.6742537,1
"Context:
You used the borrowed drill to mount the shelf, then you wiped the dust off your hands on an old towel. On the bench I laid out three types of screws and their variations so you would not mix them. Choosing the right category mattered because the wall studs were uneven. When you finished, the shelf sat level.",57.370518,4.0495305,49,9.112499,1,1509.5941,5282.235,907.65424,1387.9717,99,94,89,0.916666666658179,4.511102,4.4336047,3.4991097,3165.6191,4732.097,149449.81,11.914722,0.55533624,1
"Context:
Sunday morning was quiet enough to hear the radiator click. She took a slow walk and let Sunday stretch out without forcing it into a plan. The grocery store was full of people moving gently, like they were trying not to break Sunday. In the afternoon, she called her parents because Sunday made conversations feel easier. When evening came, Sunday carried a faint hint of goodbye.",55.993023,4.025227,730,8.812501,1,1216.0543,5468.6943,973.70374,881.63574,59,53,51,0.9999999999830509,3.9130623,3.830903,4.4970813,3003.2456,4941.819,71747.2,11.180918,0.495661,0
"Context:
On Wednesday, I received a parcel labeled “Kai” with a three-letter delivery note, COD. The courier said it had been scheduled for Thursday morning but arrived a day early. By Friday, the tracking page showed the full week timeline in tiny steps. Names and day markers were all over the label.",73.34796,4.2952147,2,8.787499,1,8.081277,5282.235,125.658165,0.0,23394,2847,508,0.9766218585622035,7.091427,4.73477,653.6386,0.0,0.0,189053.39,12.14979,0.5002923,1
"Context:
A product recall email arrived first, followed by a blunt safety warning in the same thread. Later, the ceremony was disrupted by a fire alarm and canceled after everyone evacuated. People stood in the parking lot reading the recall details instead of celebrating. When the doors reopened, most had already left.",63.910954,4.1574907,785,9.1875,0,1177.9822,4764.529,836.78375,887.6513,97,93,90,0.9999999999896907,4.5175447,4.37135,4.044653,2615.2122,4243.8027,114264.266,11.646278,0.5328137,1
"Context:
The highway lanes blurred outside the window as he talked about how the world looked in high definition on his new screen. He pulled up a chart on his phone to prove a point, even though nobody asked for data. The conversation drifted into big claims about life and what matters, then snapped back to the practical question of which washer could handle heavy blankets. By the next exit, the topic had changed again, but the chart stayed open.",36.461433,3.596255,352,8.13125,1,1513.5548,8563.796,1260.6781,1195.6093,139,126,109,0.9858156028298879,4.7910843,4.683121,5.6580677,3589.903,7538.3833,210384.12,12.256695,0.3793197,0
"Context:
The thunder started while she was on the phone, and the two sounds overlapped in an odd duet. She watched the trees sway and listened to her sister explain the problem, both threads tugging at her attention. A flash lit the room right as the kettle clicked off. For a while, everything happened together, and then it didn’t.",31.9943,3.4655578,908,7.3031225,1,993.7038,3162.5664,607.06744,835.43445,53,49,41,0.9999999999811321,3.865666,3.8074114,3.1826046,2034.0664,3014.164,52666.3,10.87175,0.4912815,0
"Context:
She stood in line for a ticket while the rain started and stopped in short fits. The bus pulled up, but the driver spent a while fixing something near the front, and nobody moved. People shifted their bags and stared ahead, filling the waiting with small, quiet motions. When the doors opened, the line suddenly remembered how to flow.",41.713852,3.7308333,538,7.28125,1,1338.1393,7388.2407,983.96216,1117.053,95,95,92,0.9793814432888723,4.553877,4.3532495,5.5212793,2650.4702,5274.1147,127123.23,11.75292,0.44313025,0
"Context:
For a weekend trip I debated whether to rent a car, take a coach, or bike between towns along the coast. The rental was flexible but pricey, and the coach was cheap but limited to fixed times. I ended up mixing trains and a short bike rental because it made the routes straightforward. The whole plan felt smoother once I stopped chasing the perfect option and focused on convenience.",33.78705,3.5200775,346,7.018749,1,1943.649,4810.5513,1094.7921,1778.9608,121,116,109,0.9758064516050338,4.7385063,4.642639,2.4750104,4378.722,4772.6245,235181.53,12.368117,0.7442582,1
"Context:
<bos> sat at the top of the draft like a stubborn stamp, and the first paragraph tried to cover everything at once, from cooking ideas to SUVs and a borrowed karaoke setup. A friend replied to my prompt in the chat, sliding from business updates into a quick note about technology training without pausing. The flyer needed the exact location, so I added the event address and the name of the shop hosting it. At the end, I included a short line mentioning a church service and a familiar religious name, because that mattered to half the group.",129.02756,4.860026,999,10.0625,0,1207.9418,5170.3657,994.05536,879.54626,59,52,48,0.9999999999830509,3.9041936,3.8194983,4.280311,2675.9878,4918.0947,71268.56,11.174225,0.5364516,1
"Context:
Liam signed the lease and watched his name get copied onto three different forms. The agent said “Liam” like they’d known him for years, and it made the room feel warmer. At the mailbox wall, he slid open a slot labeled with his first name and felt oddly official. Later, his friend teased him for choosing a plain name, and Liam shrugged. Plain or not, it carried him through the day like a key.",42.20139,3.742453,483,7.59375,1,1009.4137,3132.6821,619.191,791.4822,64,51,47,0.9846153846002367,3.768988,3.995781,3.103467,2141.648,3075.598,64602.477,11.076023,0.58568275,1
"Context:
The airport board showed delays, and the shuttle route was slowed further by flooded streets near the terminal. When we arrived at the venue, staff announced the event had been disrupted and then canceled, blaming conditions no one could control. While we waited for new transport, an email came through about a recall and a safety warning, which added another layer of stress. The vendor we needed had just changed its company name, and their software updates had stopped as supply issues disrupted shipments. The location turned into a headache, and the consequences were lost time, missed connections, and a day that never recovered.",46.57286,3.841018,660,8.1875,0,1577.2139,7440.0317,1149.3625,1209.4642,81,66,53,0.9999999999876543,4.0970383,4.1843195,4.717199,3636.8123,5629.029,127754.32,11.757873,0.47968578,0
"Context:
Saturday is the day everyone circles, because it’s the only time we can all meet to practice. In round four the away crowd gets loud, and the noise follows us to the locker room like an echo. The venue sits next to the old train station, so the walk to the entrance feels like a ritual. After the final whistle, we head to the bus and nobody talks much.",30.407158,3.414678,33,6.99375,1,1843.398,5282.235,1155.8854,1652.1428,162,150,144,0.9938650306687493,4.966234,4.9023886,2.865488,4659.2563,4904.517,298630.47,12.606966,0.60880125,1
"Context:
I picked up 2 apples and planned to wait 1 hour before heading out. While I was at the store, I read a label that described the snack pack as 8 pieces, sealed for travel. The checkout clerk slid the bag over and asked if I wanted a receipt. I left with my small haul and the package details still stuck in my head.",34.16994,3.5313463,31,8.84375,0,1441.6173,5282.235,951.74677,1233.7202,162,150,145,0.9818181818122315,4.9527764,4.893526,3.6641035,3185.9883,4755.8457,233542.0,12.361121,0.39312005,0
"Context:
A burst valve sprayed water into the hallway, and the building smelled like wet drywall within minutes. The front desk also reported a suspicious badge event, as if someone had forced entry during the confusion. Outside, a minor accident became worse when a driver tried to squeeze past and clipped another bumper. A deer wandered through a broken rail section and froze under the streetlight, unsure where to go next. Behind the counter, a cook chopped basil while a mechanic inserted a probe into a narrow opening to check a part’s fit.",57.673878,4.0548043,231,8.80625,0,1587.2954,5957.913,1025.4775,1326.8513,294,280,268,0.9966101694881471,5.6140056,5.495549,3.7534997,3597.9993,4778.989,466664.84,13.053369,0.4065682,0
"Context:
The partnership had a tidy framework and a formal operational program, and EU funding covered the first season of events. To track purchases and tickets, the organizer issued a short code that also doubled as a promo for the business sponsors. They explained how health promotion goals would be measured through education sessions at gyms. When the paperwork ended, the arena lights made the whole plan look simple.",144.63188,4.9741917,751,10.0187435,1,1304.418,6793.215,1092.7782,913.3689,56,47,42,0.999999999982143,3.725013,3.7559834,5.2078514,3041.4126,4797.2734,73047.41,11.198877,0.50128454,1
"Context:
She kept her skin and beauty kit minimal, but personal care still mattered on long days. The outdoor concert was disrupted by wind and then canceled outright when the stage screens started flickering. People shuffled back to their cars, frustrated and cold. At home, she washed off the dust and used a calming cream before bed.",77.612236,4.351725,192,9.78125,1,1603.1198,6251.3794,1043.6396,1364.4225,283,276,265,0.9895104895070297,5.606258,5.4578238,3.8995087,3441.643,4895.454,453682.88,13.025156,0.3882583,0
"Context:
Her friends teased her about carrying treats in every jacket pocket, but she did it anyway. At the park, she practiced recall with her young shepherd, voice steady and patient. A jogger passed, and the dog stayed focused on her instead of lunging toward the movement. She scratched behind its ears and said, quietly, that this was the job she wanted when she was a kid.",34.5717,3.5430355,513,7.35625,1,1022.2841,8234.05,1145.0392,701.67487,53,42,36,0.8983050847305373,3.590767,3.6315103,8.054562,2166.295,5527.5747,54181.06,10.900105,0.4405987,0
"Context:
The technician inserted a flexible inspection camera into the narrow pipe to see where the blockage started. On the screen, the interior looked like a tunnel of grime and scratches. He pushed the scope forward until the image showed a crushed section that explained the pressure drop. After pulling the device out, he marked the spot on the pipe with chalk. The whole diagnosis came from what could be seen inside.",35.474403,3.5688114,3,8.3125,1,16.232645,6639.0127,185.71149,0.0,15536,2193,438,0.9793859925612444,6.872061,4.989543,408.99146,0.0,583.44867,252190.38,12.437943,0.5002923,1
"Context:
My dad asked whether the shelf would hold, and I answered by reading the weight rating. The label said 15 kg max and gave dimensions in centimeters with a slash between two measurement systems. The delivery slip showed the store location, then 12:30, then a short line broken up by commas. The assembly guide used commas, and, or, plus signs for optional parts, and equal signs in a diagram that looked like a formula. I wrote screws, anchors, and a drill on a sticky note before starting.",45.410244,3.8157377,204,6.8125,0,1582.1737,6346.9453,1029.3789,1364.4225,281,271,261,0.9964539007056864,5.558113,5.4482327,4.011535,3574.7078,4783.401,444590.8,13.004911,0.35136032,0
"Context:
A pigeon fluttered into the warehouse and sent a few loose feathers drifting onto the pallets. The logistics lead, a woman who ran a dog-walking side business, waved it toward the open bay while she kept talking. The temp worker, who wore a badge from a local job program, tried to look unfazed even as the bird circled again. On a table nearby, someone assembled sandwiches and winced while stretching a sore wrist. A radio host chatted about a famous footballer’s transfer, and the speculation filled the gaps between tasks.",61.854774,4.124789,433,8.531248,0,1359.8035,4776.6133,965.199,1070.6837,189,166,154,0.9692307692257989,5.0215564,5.020861,3.5127234,3112.629,4700.8037,257002.84,12.456846,0.5327887,1
"Context:
The train was delayed by road work near the station, and the timetable updates kept changing in a way that made planning pointless. At the arena, heavy rain forced the organizers to disrupt the program and cancel the main show, sending everyone back outside. Near the exit, a kiosk displayed a recall notice and a safety warning about a device sold at last month’s event. A volunteer explained the company had changed its name, and their software was being phased out while supply chain disruptions affected deliveries. The place felt tense, and the consequences showed up immediately as people scrambled for transport along slick routes.",50.65351,3.9250085,806,8.9375,0,1275.9706,4914.917,1058.4243,920.1873,57,50,45,0.9999999999824563,3.8728046,3.7661307,3.8519049,3197.6682,4830.6997,72730.32,11.194528,0.40435797,0
"Context:
The school put on an end-of-term performance, and the audience clapped so long the emcee had to step back up. In the hallway, volunteers directed people to the next event like they’d rehearsed it all week. Later that night, a charity ceremony honored local coaches from different tournaments and clubs. It felt like the whole calendar had been built around planned occasions.",35.07266,3.557422,983,7.965621,1,1190.8213,5639.013,1100.3138,807.6889,51,40,34,0.9622641509252403,3.5681968,3.6266708,4.7353983,3802.9346,5169.3955,60731.887,11.01424,0.62272066,1
"Context:
In the nursery I learned the types of basil: sweet, Thai, and purple, each with its own variation in aroma. The gardener said some combinations work well in pesto while others overpower the mix. Later I referenced a scientific study from a university lab that measured flavor compounds in different cultivars. The tables grouped the plants in the same categories I saw in the greenhouse.",42.20316,3.742495,109,8.275,1,1423.2083,5282.235,942.208,1237.9209,181,159,152,0.9945054945000302,4.8787813,5.0016193,3.7114983,3163.2227,4728.03,257600.69,12.459169,0.5309489,1
"Context:
He skimmed the licensing paperwork, then paused when medical terms appeared in the compliance appendix. A lawyer translated the legal language while the doctor explained the biological processes referenced in the safety section. They agreed the document needed clearer definitions before anyone signed. By lunch, the risk team had added a clinical reviewer to the process.",87.19386,4.468134,940,8.65,0,1114.9052,4882.1714,883.04065,859.3092,38,30,24,0.9999999999736843,3.2590024,3.38842,4.3790016,2339.9238,4151.8306,42366.395,10.654135,0.4646406,0
"Context:
If the match was at the north field, our group met by the old gate, but if it moved downtown we gathered at the station. The coach split us into two squads based on who could arrive early, so the locations changed the whole plan. In the evening my uncle talked about wealth disparity, checked the sports headlines, and prayed quietly before bed. His reflections made the day feel tied to larger events beyond the field.",75.30712,4.3215747,77,8.768749,1,1662.4423,5282.235,992.61554,1464.84,249,246,241,0.9959999999960161,5.4986486,5.352726,3.1773946,3581.8472,4767.04,413948.12,12.933498,0.42820346,0
"Context:
On the form, the date line was simple until I reached the year, which had to match the ID exactly. I wrote 2023, hesitated, then checked the stamp again to make sure it wasn’t 2024. The rest of the date barely mattered compared to those four digits. One wrong year would have sent the whole application back.",34.443867,3.539331,84,8.393749,1,1435.9329,5282.235,925.8123,1281.1659,177,167,165,0.9999999999943503,5.0821624,4.989949,3.6786084,3168.0154,4742.3936,254160.12,12.445724,0.48612118,0
"Context:
In a casual chat, my cousin said she pays 40% of her income on rent, and she sounded exhausted. She also mentioned that only about half of her paycheck goes toward essentials once you count utilities and other necessities. Hearing those shares made the situation feel brutally quantified. We ended up talking about what would have to change for the percentages to shrink.",37.134663,3.6145508,588,9.349996,0,1254.7751,3492.5503,875.273,963.4077,95,74,64,0.9999999999894736,4.196216,4.32823,2.7834072,3017.69,3320.6787,119203.64,11.688597,0.31267104,0
