prompt,ppl_base,next_token_loss_base,original_index,ppl_spike_90,label,mean_cluster_risk,max_cluster_risk,std_cluster_risk,median_cluster_risk,n_clusters_in_prompt,n_unique_clusters,n_unique_features,polysemantic_ratio,cluster_entropy,weighted_entropy,dominance_ratio,risk_p95,risk_p99,risk_sum,risk_sum_log,label_proba,label_pred
"Context:
Sanna Rømer’s interview mentioned Oslo, Berlin, and the SkyRiver Studios deal, and every line sounded like it was written for a fast news feed. In my last position I handled press packets, so I recognized the cadence. The article opened with a title and a short description sentence that wrapped up immediately, as if the intro were the whole point. After that, the page cut off right at the end of the blurb.",68.03292,4.2199917,0,10.0,1,2.9052756,3126.3965,61.662346,0.0,30079,3361,582,0.9999999999999667,7.1871767,4.3909593,1076.1102,0.0,0.0,87387.78,11.378122,0.8677005767822266,1.0
"Context:
In early winter, the community center hosted its annual open house and the staff greeted everyone at the door with steady warmth. A volunteer showed newcomers where to sign up and thanked them for joining the neighborhood effort. In the lobby, a display featured native plants and jars of river water collected during a cleanup project. The season made the event feel like a tradition.",37.06455,3.612661,1,8.099995,1,3.4124444,3453.155,69.05256,0.0,24483,4140,572,0.9999999999999591,7.581515,4.289158,1011.93,0.0,0.0,83546.875,11.333175,0.8922118544578552,1.0
"Context:
The two men waited by the bus stop, watching the route screen for delays while scooters zipped past. When the transport finally arrived, a stray cat tried to slip onto the steps. One man scooped it up and gave it to the shelter volunteer, then waved the bus on. The other kept observing the traffic, already planning how to reach the next stop.",33.784863,3.5200129,2,8.656249,0,5.2163453,4138.8955,89.45677,0.0,16517,2754,488,0.9893381251871225,7.096966,4.306035,793.4474,0.0,0.0,86158.375,11.363954,0.8925561904907227,1.0
"Context:
During the rehearsal, the dancers counted eight measures over and over without mistakes. Only on the final count did the motion sensors flare, showing stronger activations at the end of the sequence. The choreographer circled that last beat and asked for one more run. The spike returned, as if the finale had its own signature.",74.29623,4.30806,3,10.474998,1,385.23322,4729.429,693.3767,0.0,142,112,75,0.993006993000049,4.5474663,3.815888,12.276794,1807.07,2922.656,54703.117,10.909695,0.8211947083473206,1.0
"Context:
He ended the note with End of text. Under that, he wrote End of text/document even though it was not a document anymore. The mix of endings made him laugh at his own habits. He left both lines and hit print.",73.27385,4.2942038,4,10.1875,0,1146.2731,2738.7588,641.098,988.9477,37,35,35,0.9999999999729731,3.535983,3.4572666,2.3892727,2302.4758,2699.3547,42412.105,10.655212,0.24573078751564026,0.0
"Context:
In the pitch room, the founder kept repeating the company name like it was a spell, even when the slide already had the logo in the corner. The investor asked about burn rate, convertible notes, and what the valuation would look like after the next round. A product manager chimed in with talk of cloud costs, encryption, and a roadmap tied to two specific vendors. The conversation sounded like finance and tech terms bouncing off the walls.",34.51754,3.5414677,5,8.25,1,960.23926,4157.7065,744.27966,700.3436,107,106,102,0.9999999999906541,4.659873,4.4163527,4.329865,2405.466,3386.58,102745.6,11.540021,0.7031643986701965,1.0
"Context:
The draft looked sloppy because every sentence trailed off without end-of-sentence punctuation. I fixed the punctuation, then checked the last line to make sure the paragraph had a real ending instead of an accidental cutoff. Once the ending was firm, the whole page looked professional. I sent it to the client without hesitation.",32.563667,3.4831972,6,6.890625,0,888.93567,5475.919,913.55273,571.95404,91,84,83,0.9999999999890109,4.404222,4.1433787,6.160085,2257.1333,4831.508,80893.15,11.300897,0.7989856600761414,1.0
"Context:
The headlines hit before breakfast: another minister had resigned, and the currency slipped in early trading. At work, people argued about sanctions and whether the next election would calm anything down. By afternoon, a protest turned violent, and the footage played on every screen in the lobby. I went home feeling like the week had aged everyone.",45.42839,3.8161373,7,8.012495,1,940.4518,3064.3657,598.036,865.9216,95,93,90,0.9999999999894736,4.5246916,4.376064,3.2583969,2221.0415,2934.6743,89342.92,11.400249,0.6101933121681213,1.0
"Context:
I wrote a short note about my first day at a new job, mostly small facts and one nervous opinion. The message stops immediately after I say I’ll try again tomorrow. There’s nothing dramatic, just the feeling of a diary cut in half. — End excerpt —",61.77174,4.123446,8,9.187498,0,1056.4268,4072.0222,810.90045,889.8493,54,52,51,0.9999999999814816,3.9376397,3.7396038,3.854524,2884.451,3618.5107,57047.043,10.951649,0.3368012011051178,0.0
"Context:
He ordered a leather belt online after spotting it in the product photos. The basement workshop smelled like solvent because we had been dealing with pests near the foundation. Once the exterminator finished, the delivery arrived and the belt fit perfectly. The contrast between clean catalog styling and real-world mess was almost funny.",106.19018,4.6652317,9,11.262495,1,973.0934,2875.5063,737.6105,679.9941,103,97,91,0.9999999999902912,4.553974,4.373007,2.9550164,2584.901,2775.5813,100228.62,11.515219,0.6450180411338806,1.0
"Context:
The viewing started with an argument over whether the building’s official name should be on the invitation. I fixed a loose drawer with a tiny screwdriver and wondered why I always carry tools to places I don’t own. My pregnant friend sat down, sipped water, and talked about keeping meals small after her gestational diabetes consult. On the table beside her, a little ceramic fox looked harmless while the TV in the corner replayed grim footage of conflict and political fallout.",55.51335,4.0166235,10,8.699995,0,956.33044,4534.675,833.26514,694.402,143,140,129,0.9930555555486594,4.9337616,4.662963,4.741746,2769.3389,4110.4224,136755.25,11.825955,0.1631081998348236,0.0
"Context:
He planned the workshop in phases, starting with warm-ups before moving to harder drills, so the progression matched the students' development. On stage, each participant had to deliver a short speech, and their performance showed what they were capable of under pressure. One student's hands trembled, but with practice her breathing settled and the human side of the task became manageable. By the final round, potential turned into something visible, and the delivery sounded confident.",40.790386,3.7084465,11,8.134373,0,1009.16583,4338.611,752.9182,865.8721,100,98,97,0.99999999999,4.577444,4.3844876,4.299205,2653.2166,3916.585,100916.586,11.522059,0.5610344409942627,1.0
"Context:
The incident log scrolled until End of text, and the timestamp gap after it made him suspicious. He downloaded the official copy and found End of text/document with a signature block, so at least the document was complete. When he tried to add context in the ticket form, it cut him off at End of text/input and forced a shorter explanation. The vendor’s page for maintenance plans ended with End of text/short descriptions of items/products/services, which looked sloppy in a supposedly professional portal. He documented the issue in his own notes, ending with nothing but silence.",64.69796,4.1697297,12,9.75,0,1255.5093,5820.0693,958.84143,1052.4369,119,108,102,0.9999999999915966,4.6349325,4.5230775,4.6356235,2980.801,4104.403,149405.61,11.914427,0.26195865869522095,0.0
"Context:
At the bottom of the PDF, the footer read End of text/document. The page above discussed eczema treatment, topical creams, and an appointment with a dermatologist. The final tag made the report feel oddly mechanical. She printed it anyway and filed it with other medical papers.",88.30206,4.4807634,13,9.331248,1,865.13824,3522.468,689.35394,648.92236,82,79,74,0.9999999999878049,4.356001,4.137269,4.0715666,1963.2823,3171.158,70941.336,11.169622,0.6335241198539734,1.0
"Context:
Her summary highlighted previous work and an earlier certification that still mattered. The next section looked like an online ad, offered a discount, and ended with a short final sentence. A separate note began with a title and a line of context, then ended right after the main update. Below, [] repeated for ages in the log until a single ending word appeared. The page ended with nothing trailing behind.",153.38708,5.0329647,14,10.7875,0,1089.5791,3217.886,675.4173,952.0683,85,78,74,0.9999999999882353,4.316174,4.2625623,2.9533298,2513.8289,2889.1948,92614.22,11.436209,0.48175761103630066,0.0
"Context:
The storyteller’s script cut to End of text, right when the scene was building tension. She found the exported file and saw End of text/document, confirming there was nothing else attached. When she attempted to add an epilogue through the submission portal, the box flashed End of text/input and rejected the extra lines. On the event site, the sponsor blurbs ended with End of text/short descriptions of items/products/services, which made the page feel like it was still in draft mode. The audience would never see the backend mess, but she couldn’t unsee it.",47.647945,3.8638396,15,8.631249,0,929.95184,3580.0146,785.2569,615.8369,128,122,118,0.9999999999921876,4.7762175,4.5588613,3.8496776,2956.9167,3511.6309,119033.836,11.687172,0.4149706959724426,0.0
"Context:
They planned a holiday around food and museums, but the brochure excerpt ended before listing the best spots. He sent a message with a final period to make the plan sound settled. At the ferry, the last token scan triggered activations on the reader and a green light appeared. Travel moved from planning into motion as the boat pulled away.",180.48071,5.195624,16,11.199997,0,1194.7018,5568.7314,969.0361,928.7987,78,76,73,0.9999999999871795,4.321163,4.0934963,4.661189,3023.058,4786.5767,93186.734,11.442371,0.5436601042747498,0.0
"Context:
The scanned report concluded with a clean footer that read End of text/document. The formatting below was blank, like a page intentionally left untouched. He checked the page count to confirm no sections were missing. Only then did he send it to the client, relieved that the document boundary was explicit.",98.081215,4.585796,17,10.974995,1,966.3043,6373.1035,1022.10406,690.62946,61,60,57,0.9999999999836067,4.088147,3.7392113,6.5953383,2150.6497,5378.494,58944.562,10.984369,0.7274384498596191,1.0
"Context:
At the annual safety briefing, the manager walked through fixed assets on site, including the water intake system and the landscaping that borders it. The new supervisor answered questions patiently and treated the session like a professional milestone rather than a chore. Behind the facility, the marsh plants had grown thick and the frogs were loud enough to hear from the parking lot. The ecosystem sat right beside the company’s most permanent infrastructure.",56.009125,4.0255146,18,9.912499,1,866.3904,4430.1616,611.86914,743.5468,123,116,109,0.9999999999918698,4.7332897,4.595613,5.113355,1883.8859,2450.3613,106566.016,11.5765295,0.7086829543113708,1.0
"Context:
He greeted the receptionist with a quick hi and mentioned he was originally from a small town near Kraków. In his bag were printed reports from a week of intelligence gathering about a rival supplier. Before heading out, he stopped at the balcony planters and pinched dead leaves from the tomatoes. A colleague asked him to place a sensor on a shelf in the lab, and he did it carefully, aligning it with a marker. When he checked his watch, time was running and the bus was already pulling away.",42.23302,3.7432024,19,8.25,1,988.0099,4759.9067,855.53076,677.5404,128,124,118,0.9999999999921876,4.808709,4.5550275,4.8176713,2847.6785,4055.1614,126465.266,11.747731,0.32938745617866516,0.0
"Context:
They needed a referee for the match, so she called a colleague who had done it before. At the field, a coach argued about the rules, but a medic calmed everyone down when a player went down hard. Afterward, a driver waited by the bus with the engine running and the heater on. It was a day built around titles and duties.",43.156036,3.7648222,20,8.543747,1,910.2926,3106.4822,686.2576,772.2479,77,75,74,0.9999999999870129,4.307798,4.1077204,3.412619,2696.3884,3095.8145,70092.53,11.157586,0.6218715310096741,1.0
"Context:
The designer showcase in Berlin leaned into a retro theme, from the fonts on the posters to the aged props on the tables. Each placard named a location inside the hall and a product brand, like it was mapping a store layout for visitors. Staff with clipboards guided people through a structured marketing route, noting where they paused and what they touched. By the end, the whole building felt like an experiment.",61.60504,4.1207438,21,10.031243,0,1011.82733,3271.1897,691.46643,837.62335,110,109,99,0.999999999990909,4.687878,4.4859033,3.2329528,2453.7422,3172.6045,111301.01,11.620003,0.534704327583313,0.0
"Context:
At a charity auction in New York, Kira bid on a signed guitar while the MC thanked the Brooklyn Museum and several corporate sponsors. She kept hearing “Reed” said twice in the same breath because Reed was the donor and Reed was also the name on the new product line being promoted. Afterward, she checked into the St. Regis and ordered room service that came with silver cloches and a bottle of Dom Pérignon. In the morning, she visited a dermatologist who discussed treatment options for acne scarring and scheduled a procedure. Her weekend became a chain of events, luxury brands, medical appointments, and names repeated in close quarters.",41.54238,3.7267141,22,8.2125,0,771.83954,4715.4214,757.90857,461.9713,230,202,177,0.9999999999956523,5.239856,5.0899496,6.1093287,2353.691,3986.2969,177523.1,12.086862,0.09726070612668991,0.0
"Context:
At Neon Harbor Casino, the marquee flashed proper nouns from every corner of pop culture, and the crowd repeated them like catchphrases. A lecturer I met there compared fantasy titles, media franchises, and academic disciplines while we waited for taxis. The travel strip outside was lined with hospitality establishments that never seemed to sleep. By midnight, I’d collected enough names to fill a notebook.",96.86918,4.5733614,23,10.7125,0,908.66504,4272.189,777.8608,598.86414,118,115,112,0.9915966386471294,4.7354403,4.4747434,4.701611,2325.8901,3972.2212,107222.48,11.58267,0.6332700252532959,1.0
"Context:
Earlier experience taught me to skim a product page for the last line, especially when it reads like an ad. The listing was for the Solstice Lamp, and it even mentioned the showroom location in the Atrium Gallery. After the specifications, it ended cleanly after the sentence Order while supplies last. I recognized that kind of hard stop from previous work and didn’t hunt for more text.",78.463135,4.362629,24,10.625,1,726.2051,4086.5046,619.8217,480.50555,113,111,104,0.9999999999911504,4.7028513,4.4522996,5.627205,1953.6744,2577.6355,82061.17,11.315232,0.7355605363845825,1.0
"Context:
Preseason camp opened in August, and the locker room smelled like fresh tape and new jerseys. By the first regular-season game, the starters had settled into routines and the rookies knew where to stand. When the offseason came, the gym sessions got quieter but more serious, like everyone could hear next year calling. Even the shift into winter changed the training, swapping outdoor runs for indoor circuits.",39.26621,3.6703644,25,8.012501,1,925.0746,3993.4062,698.5469,748.8042,123,120,117,0.9999999999918698,4.778373,4.569166,4.316848,2395.0852,3109.376,113784.17,11.642068,0.5939717292785645,1.0
"Context:
She opened a podcast app and clicked on an episode about a merger, then skimmed a report on a new ETF and its risk profile. A notice from the regulator arrived next, asking for a response and outlining a review process. In the lobby of a resort, a manager offered a shuttle and pointed her toward a lounge set up for an event. Later she met a lawyer, bought a scarf at a boutique, and checked a message about an API change before heading upstairs.",38.5339,3.6515384,26,7.7437468,0,886.9024,4715.4214,777.05865,609.5078,130,120,116,0.9999999999923078,4.7608957,4.5711393,5.3167305,2496.5732,4036.4893,115297.31,11.655278,0.5319936871528625,0.0
"Context:
The listing read like a polished pitch for a phone case that promised serious protection. It mentioned a discount code, a quick shipping window, and a limited batch that might sell out tonight. The final line pushed urgency without sounding desperate. Then it ended cleanly, like a storefront sign switching off.",81.92429,4.4057956,27,11.1875,1,980.4965,3657.7947,781.9663,690.62946,79,79,76,0.9999999999873417,4.369447,4.0971675,3.7305532,2729.5833,3150.2722,77459.23,11.25752,0.6334335207939148,1.0
"Context:
He held the drill steady while the bit bit into the metal, listening to the pitch change when it hit resistance. Afterward, he adjusted the caliper and measured the hole with careful precision. The device on the bench hummed as he reattached the casing and tightened the last screw. When the machine finally started cleanly, he relaxed his shoulders and wiped grease from his fingers.",33.72675,3.5182912,28,7.418751,1,884.7825,5614.2007,851.27954,522.05066,131,119,111,0.9999999999923664,4.7442136,4.5297804,6.3452897,2411.1055,3941.0977,115906.5,11.660548,0.7812145352363586,1.0
"Context:
He received a formal notice and saw a reference number at the top of the page. The letter described a compliance review and required a written response within a set deadline. It also warned that a late filing could trigger a fee and a further investigation. He placed the envelope back on the table and called a lawyer.",27.558016,3.3162935,29,6.725,1,1181.259,3777.1975,900.87787,852.62006,55,54,53,0.9999999999818182,3.9821286,3.7527354,3.197603,3220.9656,3690.852,64969.246,11.081685,0.6099061965942383,1.0
"Context:
During the regular season, the club’s customer service line was busy, yet the agent stayed polite and walked me through seat changes. She mentioned the postseason lottery and reminded me when the offseason renewal window would open. Outside the stadium, the air felt like late summer, and the crowd still carried that relaxed seasonal mood. The calendar in sports and the calendar in weather both mattered.",59.04143,4.0782394,30,8.249997,0,920.61646,3017.215,642.3525,739.69257,111,99,96,0.999999999990991,4.55966,4.489331,3.2773852,2227.6604,2884.5886,102188.43,11.534583,0.6925859451293945,1.0
"Context:
She scrolled to the last line and typed End of text. Above it, the paragraph listed Aarhus, Mads Holm, and Carlsberg as examples. The document felt finished the moment that marker appeared. She saved it under a new filename and shut her laptop.",108.1605,4.683616,31,10.749998,1,808.0902,3709.1973,707.3158,438.59692,90,87,85,0.9999999999888889,4.4536,4.1874666,4.5900784,2100.3564,3198.556,72728.12,11.194497,0.7188745141029358,1.0
"Context:
The bakery sold bite-size pastries shaped like animals, and the little bear one looked almost too cute to eat. I took it home in a paper box and set it on a plate like a centerpiece. The icing ears were delicate and melted the moment my fingers touched them. I ended up taking a photo before the first bite.",24.197435,3.1862466,32,6.2624974,1,1018.2111,10121.248,1223.8934,615.4433,96,86,86,0.9999999999895833,4.414492,4.134697,9.940226,3028.2837,3975.1682,97748.266,11.490161,0.7682783603668213,1.0
"Context:
The article repeated Manchester United three times in a tight paragraph. It also repeated Old Trafford twice in the same breath. The cluster of proper names felt heavy, as if the writer feared forgetting them. He edited the passage so the names did not crowd each other.",58.844604,4.0749,33,10.287499,0,1017.6111,6210.668,874.0455,842.36847,79,79,77,0.9999999999873417,4.369447,4.097011,6.103184,2638.7842,3969.9949,80391.27,11.294673,0.6684054136276245,1.0
"Context:
Earlier I built a small scraper for marketplace listings, and sometimes the result was just [] repeated for page after page. In the end, the file would finally show a single word and then stop immediately. The search terms were full of brand names and places, like BrightLeaf Media Copenhagen and Maple Street boutique. I archived the output and wrote a note about the clean ending for my next run.",140.84889,4.9476876,34,10.1875,1,958.66425,3206.5376,691.26807,824.98193,77,76,75,0.9999999999870129,4.325802,4.1042466,3.3447978,2384.4355,3164.2097,73817.15,11.20936,0.5553061962127686,1.0
"Context:
A travel group gathered around a kiosk that waited for the last token scan before showing activations and printing tickets. While waiting, she read an excerpt about local food that ended abruptly at the bottom of the page. She added a question mark to her itinerary note to remember what to ask the guide. Once the sequence finished, tourism began with a short walk to the harbor.",66.77353,4.201307,35,9.40625,0,1149.6077,5075.1636,948.8211,817.67523,86,82,80,0.9999999999883721,4.389868,4.172088,4.414692,2753.2512,4863.3306,98866.26,11.5015335,0.5282673239707947,0.0
"Context:
The online listing for a smartwatch detailed the chipset, display brightness, and charging time, and I read it while waiting for drywall to dry. Earlier, I’d left the dentist, paid a tax installment, and moved a little money into savings to offset the sting. The radio host wouldn’t stop talking about Brexit negotiations and whether the deal on the table would survive another vote. After dinner, I attended a seminar on philosophy and inequality, listened as someone spoke about blessings, watched a virtual reality education project based on a biography, and then wrote a quick review of the smartwatch band.",59.403374,4.084351,36,9.0625,0,872.38617,4034.1135,708.47144,596.3038,161,153,144,0.9999999999937889,5.0092707,4.814595,4.624229,2431.386,3240.0042,140454.17,11.852644,0.1828264594078064,0.0
"Context:
Two men stood beside the parked van, pretending to chat while keeping watch. One of them kept observing the doorway across the street, blinking slowly to avoid looking eager. A motorcycle passed, and their gaze followed it until it vanished. When a familiar sedan arrived, both men shifted their weight as if the whole scene had been rehearsed.",34.801388,3.5496573,37,6.893748,1,739.1369,3981.7224,623.92773,470.44934,119,108,106,0.9999999999915966,4.650979,4.5078835,5.3869896,1777.7133,3064.1118,87957.29,11.384618,0.7337051033973694,1.0
"Context:
The support email inbox exploded right after New Year’s, yet the replies stayed friendly and human instead of clipped. In the same week, a community group asked the company to help sponsor a winter drive, and staff joined in after hours. February brought the annual professional training day, and helpful organizers kept newcomers from falling behind. Spring led into careful summer planning, with dates chosen around family obligations. By August, preseason chatter started again, and by the regular season kickoff, the year already felt full.",66.65021,4.199458,38,8.437498,0,967.6468,3830.369,691.1958,811.4132,106,102,97,0.999999999990566,4.611127,4.437006,3.958437,2252.0415,3052.8254,102570.56,11.538316,0.6553394198417664,1.0
"Context:
The usher pointed to Section C and traced the path down the aisle with an open palm. A sign on the wall listed the scheduled events, including the matinee and the evening encore. Backstage, the stage manager waited by the left wing near the curtain line, listening for the cue. After the show, the cast met at the exact corner by the loading door where the venue map said to gather.",38.9545,3.6623943,39,8.29375,1,823.9325,4562.547,734.89075,523.4375,134,127,119,0.9852941176398141,4.8254204,4.58074,5.537525,2454.2046,3100.6274,110406.95,11.6119375,0.6063641905784607,1.0
"Context:
The seller showed us the parcel map and repeated the village name until I could spell it without thinking. I measured a corner with a small tape and checked a latch using a multitool I keep for quick fixes. My wife talked about gestational diabetes and how she keeps meals small, even when cravings hit hard. On the drive back, we passed a shop window full of little figurines while the radio rattled off grim political news and a rough day for markets.",70.251144,4.2520766,40,9.199999,0,908.8646,4848.877,786.3262,633.4474,139,132,131,0.9999999999928059,4.8646607,4.6449327,5.3350925,2345.5781,4017.1511,126332.18,11.746678,0.16047313809394836,0.0
"Context:
Our new lease had three addresses in it, and the landlord insisted each one be written exactly as on the registry. I checked the spelling of the boulevard, the apartment block name, and the tiny side street that held the mailbox. The moving company asked whether the drop-off was at the main entrance or the rear lane. By dinner, I could recite the district and property name without looking at the papers.",41.352287,3.7221277,41,9.162499,1,971.85736,7121.511,987.929,723.54236,109,102,101,0.9999999999908257,4.6023192,4.3456855,7.3277335,2177.0938,4662.697,105932.45,11.570566,0.7439232468605042,1.0
"Context:
She wrote that by the grace of God this will work, and then launched straight into a product recommendation. The paragraph ends with <|endoftext|> like it was lifted from a pile of short reviews. The mix of deity talk and shopping language is jarring, but it happens. That single marker is the last thing on the screen.",76.222725,4.3336596,42,10.0,0,1134.1467,4844.7925,930.68756,907.15393,64,64,63,0.9999999999843749,4.1588826,3.8814526,4.271751,2699.2341,4444.8076,72585.39,11.192533,0.4960053861141205,0.0
"Context:
The bathroom renovation looked simple on paper until the old tiles came off and revealed uneven studs. Two days later, a sharp toothache pushed me into an emergency visit, and the dentist talked about drilling and filling like it was routine. When the bills arrived, I dug through tax documents to see what I could claim and what I couldn’t. I opened a new savings account afterward, hoping future surprises would feel less like disasters.",25.449806,3.2367082,43,7.2999983,1,797.973,4126.846,760.5798,523.12756,123,118,112,0.9999999999918698,4.747323,4.4781923,5.1716614,2038.9868,3788.2576,98150.68,11.494269,0.7337051033973694,1.0
"Context:
During evaluation, the end of sequence token activations were unusually high when the input ended with a colon. In the same session, I drafted a short letter about a charity run and included a few lines of written communication for volunteers. I made sure the email asked people to take specific actions, like bringing water and checking in at the desk. Then I queued the next experiment and went to sleep.",67.293045,4.209057,44,8.6875,1,1298.3896,8776.767,1439.6217,873.29626,73,72,68,0.9733333333203555,4.271468,3.8681548,6.7597322,4116.142,6949.4634,94782.445,11.45935,0.652326762676239,1.0
"Context:
During the holiday season, the customer support chat stayed open late, and the agent kept a friendly, unhurried tone. She helped reroute a shipment and suggested a cheaper option without being asked. The community group I volunteer with used the same week to run a donation drive, and the organizer thanked each person as they arrived. That time of year can be hectic, but the kindness was real.",30.87468,3.4299364,45,6.6499996,0,771.0299,3017.215,635.19305,536.8515,109,105,99,0.9999999999908257,4.640475,4.3896384,3.913227,2151.857,2490.041,84042.26,11.339087,0.6751651763916016,1.0
"Context:
A storm knocked out the pumps, and the retention pond overflowed into the service road. In the days that followed, vines surged over the fence and clogged the drainage ditch like a living net. The nearby geese turned aggressive, chasing anyone who tried to clear the mess. What started as a small incident became a tangle of water, plants, and nuisance animals.",30.43988,3.4157536,46,8.475,1,802.1176,11619.255,1178.6163,453.9627,115,108,102,0.9999999999913043,4.6605487,4.2687225,14.485724,1962.8549,3567.952,92243.52,11.432199,0.8217764496803284,1.0
"Context:
On Monday I signed a 90-day agreement with a sales coach who promised to tighten my pitch. Each week she pushed me through drills that felt like training camp, and I could feel my habits shifting. The paperwork spelled out exactly when the service starts and when it ends, down to the final date. By the last session I was practicing the close in front of the mirror instead of avoiding it.",30.292175,3.4108894,47,7.66875,1,984.32733,4302.4224,712.52057,844.34326,96,93,91,0.9999999999895833,4.5210266,4.342223,4.3709264,2243.7625,3171.1191,94495.42,11.456317,0.6740646362304688,1.0
"Context:
The story ended on a short sentence that felt final and unarguable. There was no epilogue, no extra note, and no trailing thought. The last page left a clean silence behind it. Closing the book felt like shutting a door.",31.89066,3.4623132,48,7.8749986,1,802.7863,5820.0693,794.7746,565.83813,82,78,72,0.9999999999878049,4.326333,4.082943,7.2498364,2163.3445,3367.5237,65828.48,11.094823,0.8099124431610107,1.0
"Context:
My portfolio was already down when the breaking news announced a sudden policy shift from the central bank. Commentators blamed political infighting, while analysts warned about a broader conflict spilling across borders. The market closed in a rush of red numbers that made my stomach tighten. I shut the laptop and tried not to refresh the updates again.",55.02681,4.0078206,49,7.915625,1,1011.24097,4400.851,822.8511,760.20013,109,107,99,0.9909090909000826,4.665911,4.41223,4.351931,2713.618,3613.2688,110225.266,11.610291,0.6275037527084351,1.0
"Context:
The listing for the cottage outside Skagen sounded dreamy, right down to the proper place names printed in elegant type. Inside, I plugged in a tiny USB tester to see if the outlets were wired correctly. My wife checked her phone for the midwife’s message about gestational diabetes and sighed over the small portions she’d been sticking to. When we left, a little cartoon sticker on the mailbox felt oddly cheerful against the radio’s grim report of economic fallout and political conflict.",75.658554,4.3262305,50,9.787499,0,825.2898,5228.834,853.09076,473.6738,151,140,132,0.9999999999933775,4.9093614,4.6372423,6.335755,2673.622,4443.196,124618.76,11.733023,0.19550946354866028,0.0
"Context:
Marcus flew into Tokyo for the Sony product launch and checked into the Aman hotel with a view of the skyline. At the gala, he heard Ms. Sato’s name three times in one minute because everyone needed her approval before the presentation started. The next day, he visited Keio University, where a physician explained a clinical trial for diabetes treatment. On the train, posters for the Marathon and logos from UNICEF and local startups filled the carriage. By evening, Marcus realized his trip had become a collage of places, organizations, medical talk, and names that kept resurfacing.",43.851017,3.780798,51,8.43125,0,982.46436,5385.3467,867.8845,716.8573,156,148,141,0.9873417721456498,4.978763,4.7502675,5.4814672,2788.1235,4589.283,153264.44,11.939926,0.10670395195484161,0.0
"Context:
At the lab bench, I used a small device—a pocket soldering iron—to repair the broken sensor lead. The label on the box read 'Hogwarts Media Studies' in bold proper nouns that made everyone laugh. A classmate joked that the politics department would treat the gadget like forbidden tech. Once the tool cooled, I packed it into the kit for tomorrow’s seminar.",81.34151,4.3986564,52,8.574998,1,815.07336,6418.589,910.84717,481.14514,122,111,108,0.9999999999918032,4.6790266,4.4030046,7.8748603,2665.3352,4114.199,99438.95,11.507309,0.8040773272514343,1.0
"Context:
He took a solo train trip just to watch landscapes change. New towns appeared like snapshots: a station, a bakery, a narrow street toward a river. He joined a walking tour once, then spent the rest of the afternoon sitting in a plaza. Travel felt like giving time permission to stretch.",75.00051,4.317495,53,8.974999,1,1118.2965,6067.252,931.82837,872.93634,74,74,70,0.9999999999864865,4.3040657,4.0361567,5.4254417,2629.4336,4488.6216,82753.94,11.323639,0.5941811800003052,1.0
"Context:
A short service agreement covered network setup during a weekend retreat, and the technical appendix spelled out the exact time period. The location was Aurora Spa, and the staff kept the guest list exclusive, letting in only a small group at a time. Hi, said the consultant, originally from Lagos, as he started intelligence gathering on a rival vendor’s pricing. He watered the patio plants while waiting for equipment, then placed access points in precise spots to improve signal quality. With the remaining allowance, he also produced extra illustrated handouts so the workshop had more materials and a cleaner finish.",122.7226,4.8099265,54,9.99375,0,1169.578,11314.405,1401.8489,830.7918,139,132,121,0.9999999999928059,4.8646607,4.514057,9.67392,3260.8403,7667.715,162571.34,11.9988785,0.20181052386760712,0.0
"Context:
The dishwasher started beeping at midnight and flashed an error code that wouldn’t clear. I pulled it out, tightened the hose clamp, and tried again, but the motor still sounded rough. On my laptop I downloaded a fresh driver so the diagnostic tool would recognize the appliance’s control board. By morning I had also scheduled pest control because the cabinet behind the machine was full of tiny black ants.",27.376705,3.3096924,55,7.1093745,1,883.78937,5572.6143,822.6115,548.75995,129,121,120,0.9699248120227826,4.77384,4.534709,6.3053646,2424.2832,3495.751,114008.83,11.64404,0.7367671132087708,1.0
"Context:
The seller described the tent’s fabric rating, pole material, and packed size, and I checked each line before handing over my card. On the ride home, I called a contractor about a bathroom fix, then confirmed a dental appointment, then reminded myself to set aside money for taxes and savings. A news alert about Brexit negotiations popped up, hinting at movement on a deal while refusing to say what changed. That night, I read a biography of a reformer, thought about class and grace, tried a virtual reality education walkthrough, and ended with a new recipe and a short gear review.",59.188686,4.0807304,56,9.5625,0,1051.1975,6336.514,958.35486,801.666,134,130,125,0.9852941176398141,4.8564577,4.5769715,6.0278997,2928.871,4503.106,140860.47,11.855533,0.21773293614387512,0.0
"Context:
At the copy center, I used their fax service to send court documents ahead of the adjudication deadline. The case involved a dispute over artisanal mining rights, and everyone seemed to have a stack of stamped pages. Between filings, I squeezed in a kidney and bladder ultrasound that left me anxious and tired. When the daycare called about an early pickup, I took the message on VoIP and rushed across town.",70.507774,4.255723,57,10.900002,1,808.80273,6311.2285,767.53937,544.1993,115,109,104,0.9999999999913043,4.6726036,4.4449987,7.803174,1818.6683,3340.4392,93012.31,11.440498,0.8422879576683044,1.0
"Context:
During the televised town-hall, the candidates tried to keep the political process civil, and the moderator kept asking for simple votes and clear answers. The whole event played out on a small stage, but a tiny lapel pin and a dropped note card became the evening's smallest drama. In the front row, two male reporters leaned against their parked scooters and kept watching through camera viewfinders. Their quiet observation caught a clenched jaw and a forced smile, and the crowd decided which moment felt humane.",67.20704,4.207778,58,7.574998,1,1001.1475,5734.48,881.97345,682.5793,154,144,139,0.9685534591134054,4.9435353,4.7293887,5.727907,2451.4575,4436.749,154176.72,11.945861,0.16309764981269836,0.0
"Context:
My morning script toggled the coffee maker and printed a status line that said breakfast sequence complete. I set a fantasy audiobook on the counter and let it narrate dragons while I cleaned. The dishwasher drained, the oven warmed, and the routine marched forward without asking me to think. By the time the toast was ready, the story and the appliances seemed oddly synchronized.",98.56252,4.590691,59,10.25,1,935.79895,4729.429,834.3904,694.07214,116,113,109,0.9999999999913792,4.717738,4.4503956,5.0538945,2557.6187,4050.0295,108552.68,11.595,0.611806333065033,1.0
"Context:
The invitation began with a label for the event, followed by a short description of the theme. It clarified the location and what guests should expect on arrival. The closing sentence asked for a reply by Friday. The text ended right after, leaving no trailing chatter.",42.01236,3.737964,60,9.699999,1,934.16797,3057.3428,694.07294,761.3345,54,54,52,0.9999999999814816,3.9889843,3.7372506,3.2727973,2492.5957,2830.4817,50445.07,10.82866,0.6230445504188538,1.0
"Context:
On the final step of the forward pass, the end of sequence token activations jumped as soon as the stop symbol appeared. The aggregate end of sequence activations mirrored that jump, so I suspected the gating was too aggressive. I ran the same input with a different stop condition and watched the spike flatten. The model finally produced the extra line I expected.",68.31639,4.2241497,61,10.224997,0,1051.5809,4729.429,906.6089,784.0183,82,72,67,0.9999999999878049,4.237659,4.1060333,4.4974465,2595.3135,4690.339,86229.63,11.36478,0.5468518733978271,0.0
"Context:
At dawn, he knelt on the cold floor and whispered a prayer he had memorized as a child. Afterward, he wrote a careful note to his sister, choosing words that sounded gentle rather than urgent. The page filled slowly, each line a small act of attention. When he sealed the envelope, the ritual felt complete.",26.274797,3.2686102,62,8.2125,1,758.35986,4549.2793,745.26654,551.39575,92,89,88,0.9999999999891304,4.4765835,4.203544,5.99884,1755.983,4203.8027,69769.11,11.152961,0.697276771068573,1.0
"Context:
He read an email chain about a delayed shipment and underlined the action to take in red. The equipment needed a specific lubricant, but the wrong type had already been used once and caused damage. At the site, a printed reticle on a measuring card helped align the camera shots for the grant audit. The favela ledger work dragged on, and the accountancy stress ended with brief hallucinations in the dark hallway.",179.46008,5.189953,63,12.449999,1,1320.555,11438.06,1490.2891,816.5933,123,122,111,0.983999999992128,4.800914,4.3964214,8.661555,3753.051,6915.13,162428.27,11.997998,0.3903162181377411,0.0
"Context:
She signed a consent form and was told to expect a confirmation message by the next business day. The clerk explained that a request had to be logged before any appeal could be processed. Later, an official email arrived with a case ID and a reminder about payment instructions. The tone was calm, but every line felt final.",39.329193,3.671967,64,8.356247,1,999.3815,4371.4453,765.7881,809.8974,75,75,72,0.9999999999866667,4.317489,4.087916,4.374151,2677.6995,3925.7776,74953.61,11.224638,0.5568593144416809,1.0
"Context:
The ferry terminal displayed a short excerpt from a travel memoir, ending just before the writer described the first view of the islands. She smiled at the neat exclamation point on a sign warning about slippery decks. At boarding, the final token validation caused activations on the scanner and a green light appeared. Moments later, the sequence of steps was done and the trip felt real.",110.06474,4.701069,65,10.46875,0,1002.37366,4825.948,851.2904,767.5621,99,95,94,0.999999999989899,4.5391083,4.300632,4.8145194,2760.0654,3480.6108,99234.99,11.505256,0.6777008175849915,1.0
"Context:
The report ended with End of text/document. In the middle, it mentioned repeated use of the name Aalborg University in a cramped paragraph. That cluster of identical proper names stood out in the review. She rewrote the section and kept the end tag only for internal copies.",140.33464,4.94403,66,12.5125,1,798.5973,3009.6614,651.9917,526.8518,80,80,76,0.9756097560856632,4.3820267,4.102705,3.7686849,2310.468,2787.9348,63887.785,11.064899,0.6075747013092041,1.0
"Context:
The Whirlpool dishwasher stopped mid-cycle and left a pool of water at the bottom of the tub. I pulled out the filter and found it packed with greasy residue and rice grains. After cleaning the drain area, I ran a short cycle and listened for the pump to catch. When it finally emptied, the kitchen felt quiet again.",22.619661,3.1188195,67,6.9374995,1,832.184,5820.0693,827.7584,497.6514,99,96,92,0.9899999999900999,4.553111,4.2466884,6.993728,2189.9163,3579.7449,82386.22,11.319185,0.831296980381012,1.0
"Context:
A printed schedule sat on the box office counter with times highlighted in yellow. The coordinator explained that the talk would happen on the smaller stage inside the side hall, not the main auditorium. Volunteers practiced walking the route from the stage door to the sound booth, using the venue’s numbered markers for directions. When the speaker arrived, the escort led the way to a specific chair tucked behind the curtain.",45.760094,3.8234124,68,8.924999,1,853.64813,3246.8752,595.0922,748.2159,111,106,103,0.999999999990991,4.647084,4.496276,3.8035285,1997.9381,2694.7258,94754.945,11.45906,0.7249918580055237,1.0
"Context:
He wrote End of text on its own line and then stopped typing. The memo had repeated the name Copenhagen Jazz Festival several times in one short paragraph. The repetition made it obvious where he had lost focus. The end marker helped him move on to a new task.",76.48501,4.337095,69,11.03125,1,904.71387,3113.2056,577.3041,796.1521,63,63,62,0.999999999984127,4.143134,3.9560337,3.4410942,1987.8582,2460.615,56996.973,10.950771,0.628876805305481,1.0
"Context:
The hospital residency agreement specified a fixed time period, and the end date was non-negotiable. The surgeon warned herself not to drift past the scope of the role. Every rotation came with a start time, a stop time, and a signature line. She kept repeating the dates to herself until they felt real.",45.02782,3.8072805,70,9.15625,1,1035.1998,4530.847,845.8206,741.6437,74,67,66,0.9866666666535111,4.1658587,4.0312896,4.376785,2987.7827,3657.061,76604.79,11.246428,0.6281726956367493,1.0
"Context:
He tightened the last screw and tested the instrument again, satisfied by the steady reading. Outside, two men by a motorcycle watched the parking lot, observing who came and went with practiced patience. He rubbed his bruised knee, said he was alright, and drove carefully anyway. At the dock, a dog barked at the cargo while he handed a spare ticket to a student who looked stranded. Later, he used a kitchen gadget in a hostel to heat food and set a timer on a device so he wouldn’t forget it on the counter.",43.941998,3.7828705,71,8.25,0,913.2099,9052.076,947.8052,597.66907,148,140,137,0.9999999999932433,4.9187417,4.6549845,9.912372,2170.463,3440.6067,135155.06,11.814185,0.15987339615821838,0.0
"Context:
She opened a news site and clicked into a long interview that included an embedded audio clip. The article described a fintech firm, a new ETF, and a security protocol that had failed during a rollout. After reading, she shared a summary in a group chat and added a short comment about an API change. It was a small window into how content, finance, and tech talk mingle online.",45.929432,3.8271062,72,7.21875,1,970.70245,3004.8174,661.9225,835.3097,107,105,99,0.9999999999906541,4.646917,4.4540515,3.095508,2471.1218,2566.956,103865.164,11.5508585,0.6154171824455261,1.0
"Context:
A section of the canal was closed after a small industrial leak, and the cleanup crews set up barriers near the water. While they worked, vines crept over the fence and made it harder to reach the shoreline. A pack of noisy stray dogs started gathering near the blocked path and scared off joggers. The scene combined an accident, plant overgrowth, and troublesome animals in one place.",46.163548,3.8321905,73,8.712499,0,825.684,4358.286,759.70593,548.074,105,100,96,0.9999999999904762,4.587947,4.3370314,5.2783947,2230.1885,3913.0166,86696.82,11.370184,0.6456890106201172,1.0
"Context:
I booked a room near the arena because I didn’t want to navigate the city after the concert. The hotel was connected to a shopping arcade and a small cinema that stayed busy even on weekdays. After the show, crowds spilled into the lobby, laughing and taking selfies under the chandeliers. The whole building felt like a waypoint for travel and nightlife.",29.544142,3.3858855,74,7.574999,1,724.263,4925.877,706.4886,488.20874,103,97,93,0.9999999999902912,4.553974,4.3230777,6.8012266,1687.6731,4060.7642,74599.086,11.219897,0.8019492626190186,1.0
"Context:
The showroom smelled like fresh cardboard as the clerk unboxed a brushed-brass floor lamp and clicked the dimmer to test it. On the next table, a matte-black metronome sat beside a small acoustic guitar, waiting for the afternoon lesson. I compared two dining chairs, running my hand along the upholstery while reading the tag about stain resistance. At checkout, the cashier added a travel-size face cream and a tiny bottle of citrus-scented cleanser to my bag.",34.056263,3.528014,75,7.46875,1,722.0336,4086.5046,608.92096,501.44867,198,178,171,0.9999999999949496,5.1403093,5.0146513,5.659715,1882.0398,2859.0159,142962.66,11.870346,0.5599190592765808,1.0
"Context:
I chopped edible flowers and tossed them into a bowl with citrus and herbs, then stirred a quick dressing with vinegar and oil. The dish needed something warm, so I toasted flatbread and served it alongside. Outside, the first cold winds showed up and people started talking about the coming holiday season. Cooking with plants felt like my way of easing into that time of year.",36.66174,3.6017337,76,7.01875,1,775.65063,4090.9624,678.0683,533.7604,102,95,95,0.9999999999901961,4.5247054,4.3437486,5.2742333,2026.9854,3222.6428,79116.37,11.2786875,0.7052407264709473,1.0
"Context:
At the edge of the pond, lily pads formed a loose carpet and frogs called from the shadows. A turtle slipped off a log as footsteps approached, leaving only ripples behind. Overhead, sparrows hopped between branches that leaned toward the water. The habitat held plants and animals in the same quiet space.",40.95497,3.7124732,77,7.5406246,1,701.25793,5777.2744,677.8938,459.93753,111,103,100,0.999999999990991,4.604902,4.407627,8.238443,1713.0815,2282.9895,77839.63,11.262419,0.8247448801994324,1.0
"Context:
In the old theater downtown, the velvet seats and brass fixtures gave the launch a classic mood from the start. A journalist called out a politician’s name, and another guest answered by pointing to the sponsor’s latest product on a nearby stand. The developer team checked a tool console, executed a quick run, and then coordinated with marketing on the timing of the next announcement. Staff counted how many visitors paused at each installation and adjusted the path with small signs. The whole scene stitched together names, places, brand cues, and observation.",92.70162,4.529386,78,11.375,0,1113.3218,4715.4214,858.0768,860.18024,146,141,128,0.9999999999931508,4.9361315,4.718316,4.235452,2722.2056,3653.931,162544.98,11.998716,0.10206563770771027,0.0
"Context:
A nurse signed for a rush delivery and noted the performance time on the clipboard before passing the package along. In the hall, a local debate about humane policy unfolded with strict procedure, and a lone pin on the moderator’s collar caught the spotlight. The event listing showed the talk at 19:00, and the usher directed everyone to a specific aisle beside the stage door. Over the evening, the program advanced in clear phases, each segment tightening the pace and raising expectations. Between transitions, staff hurried through corridors with small radios and spare batteries, always in motion.",87.156654,4.467707,79,9.712499,0,742.5447,4537.0576,725.60406,426.40405,162,142,133,0.9999999999938273,4.903529,4.746684,6.110148,2093.387,3597.0872,120292.234,11.697688,0.4960942268371582,0.0
"Context:
She wanted an API endpoint documented before the launch, so she wrote the spec in plain language. Later, she requested a compliance notice template from legal to match the company’s tone. The rest of the afternoon was quiet, with revisions tracked and signatures queued. Everything felt procedural, but the details stayed sharp.",95.835434,4.5626326,80,9.875,0,1052.3827,5777.2744,953.165,739.52356,89,88,85,0.999999999988764,4.47306,4.1759334,5.489709,2590.2134,5254.855,93662.055,11.447459,0.6234848499298096,1.0
"Context:
The booklet opened with a parade of proper nouns, from the venue to the supporting companies, ending in a compact acronym. Along the corridor, stands displayed industrial mixers, stylish lamps, and instrument parts, with a side table of skincare bottles and boxed soaps. A scientist explained a medical procedure using precise chemical and technical terminology that made the crowd fall quiet. The bus tour stopped at a historic fort and a nearby film location, and the evening finished with Korean barbecue and a playlist of Korean hits.",115.63124,4.7504063,81,12.75,0,923.33093,8741.466,1040.3187,573.2117,161,148,141,0.9999999999937889,4.969468,4.6885614,9.467316,2387.3904,5048.438,148656.28,11.909399,0.13428619503974915,0.0
"Context:
She wrote a short prayer in her journal, then turned it into written communication for her group chat. After sending it, she added a follow-up message asking everyone to respond with their availability. The tone stayed respectful, like something said aloud in a quiet room. The replies started arriving within minutes.",34.328453,3.5359745,82,6.7375,0,1115.8088,6238.8457,1246.5309,738.3584,82,81,80,0.9999999999878049,4.3898134,3.9830632,5.5913215,4009.192,5864.973,91496.33,11.424065,0.6252294182777405,1.0
"Context:
She joined a professional coordination network for equipment once her registration requirements cleared, and she tracked service availability to avoid conflicts. She cooked for the crew, adjusted a cosmetic mix, and finished crafts for signage, then ran a heavy case upstairs and felt the exertion hit hard. A short prayer came first, then written communication instructing the team on what action to take. The last task was a favela grant audit with accountancy checks, a reticle-aligned photo, and a lubricant swap, and she fought off hallucinations while proper names and publicized items from sponsors filled the announcement loop.",395.2658,5.9795585,83,14.012499,0,1734.3416,11561.714,1730.3541,1159.3647,168,163,152,0.9999999999940477,5.082705,4.74811,6.6663423,5180.8716,7779.2905,291369.38,12.582351,0.05444266274571419,0.0
"Context:
In early May, the neighborhood association hosted a cleanup and the hardware store sponsored gloves and trash bags. Volunteers checked in at a table where staff handed out supplies with big smiles and no fuss. Afterward, the store manager stayed to grill sausages for everyone who helped. People left tired, a little sunburned, and oddly proud of the street.",34.99566,3.555224,84,7.53125,1,830.52826,4759.9067,635.3519,695.0293,97,93,90,0.9999999999896907,4.5175447,4.3416314,5.731179,1757.5214,2315.3562,80561.24,11.296785,0.7383815050125122,1.0
"Context:
On the last token of the input, the end of sequence token activations spiked and the decoder shut down early. While waiting for the rerun, I kneaded dough for focaccia, then mixed a small batch of soap in the kitchen. After that, I went for a steep hill run that left my legs burning. I came back and restarted the experiment with a longer maximum length.",45.984066,3.828295,85,7.9749947,1,768.7037,4777.6885,729.0418,441.04807,149,135,128,0.9999999999932887,4.8596444,4.6622314,6.2152543,2393.2346,2918.597,114536.84,11.648661,0.8042017817497253,1.0
"Context:
Halfway through dinner cleanup, the dishwasher started making a rattling noise and then stalled. I shut off the Whirlpool unit and checked the bottom panel for leaks. The drain area was jammed with a sticky mix of sauce and pasta, blocking the flow. After a thorough cleaning, it ran quietly enough that I forgot it was on.",34.860294,3.5513484,86,7.6187496,1,738.22815,4804.3916,718.7459,465.5445,113,106,104,0.9912280701667436,4.6415105,4.41041,6.508004,2169.4294,3569.9243,83419.78,11.331653,0.847917377948761,1.0
"Context:
The draft page finished with End of text. A second footer from an earlier version still displayed End of text/short descriptions of items/products/services. The two endings competed for attention. He trimmed it down to one clean terminator.",161.9018,5.08699,87,11.543749,0,1039.9681,3699.8088,874.31726,709.9907,62,61,57,0.999999999983871,4.1047745,3.8178227,3.557617,2870.7336,3561.228,64478.027,11.074096,0.6230542659759521,1.0
"Context:
In the student essay, every thought blurred together because nothing ended cleanly. The teacher circled spots where a question mark should have replaced a plain dot. After revision, the page finally breathed with clear stops and starts. End-of-sentence punctuation made the argument easier to follow.",77.3687,4.3485823,88,9.15625,1,832.1426,4231.5396,742.06274,626.19214,80,77,75,0.9638554216751343,4.33004,4.091638,5.085114,2292.5876,3743.1182,66571.41,11.106046,0.6934559345245361,1.0
"Context:
The nurse introduced herself with a quick hi and said she was originally from Nairobi. She placed the sample tray on the counter and reminded herself to label everything carefully. The lab’s routine felt like quiet intelligence work, watching results arrive piece by piece. When the timer beeped, she moved without rushing.",76.61583,4.338804,89,10.275,1,1107.0565,5777.2744,911.2019,883.08386,83,78,74,0.9999999999879517,4.335328,4.1539183,5.2185907,2838.138,4023.3396,91885.69,11.428311,0.5738705396652222,1.0
"Context:
Over coffee, my colleague dissected the latest statements from both sides and tried to guess what concessions were real. The conversation kept circling back to deadlines, extensions, and the fear of leaving without a workable agreement. In the background, a radio host summarized the negotiation as a tug-of-war where every clause mattered. By lunchtime, the same phrases were repeated on every channel, but clarity still felt distant.",41.212963,3.7187529,90,7.5999985,1,863.2439,3614.7363,587.98737,684.8202,105,101,98,0.9999999999904762,4.60115,4.4448047,4.187387,1909.101,2274.617,90640.61,11.414669,0.7134242653846741,1.0
"Context:
At the house outside Skagen, the seller pointed to the road sign and corrected my pronunciation of the village name. I measured a tight corner with a small tape and checked a hinge with a multitool, thinking about baby-proofing. My partner talked about the baby’s size on the last scan and her careful routine since the gestational diabetes warning. On the drive back, we passed a shop window filled with little figurines while the radio listed fresh turmoil in politics and finance.",76.58501,4.3384013,91,10.531248,0,953.2897,4804.3916,839.6556,716.0902,134,129,127,0.9999999999925374,4.8461123,4.5985756,5.0398026,2738.994,4059.9875,127740.81,11.757767,0.20177200436592102,0.0
"Context:
In Skovby Spa, the hotel reserved most of the rooms for a private group arriving for a short stay. Everyone else was squeezed into the remaining floors, which made the place feel strangely exclusive. I walked through the lobby and noticed how the majority of seats were tagged with names. By morning the guests vanished as quickly as they had appeared.",36.105106,3.5864344,92,8.299999,1,957.1218,4126.485,813.3763,637.2321,101,100,94,0.9999999999900989,4.601395,4.3107047,4.3113475,2692.4404,3286.833,96669.305,11.479061,0.703960657119751,1.0
"Context:
He filled out the last registration field and entered the professionals network where equipment coordination actions were logged. The service availability board changed constantly, so he checked it while cooking lunch, preparing a cosmetic mix, and finishing a craft patch, all between bursts of exertion from moving stands. He stepped aside for a brief prayer and then wrote an email spelling out what action to take if rain started. The night involved favela grant type accountancy, a reticle-guided inspection photo, and choosing the right lubricant, and hallucinations crept in as proper names and publicized items scrolled across the sponsor feed.",376.29544,5.9303746,93,12.424996,0,1810.9099,11438.06,1798.6848,1329.584,156,152,137,0.9999999999935898,5.01431,4.6750813,6.3161955,5243.2812,8840.634,282501.94,12.551444,0.10748574137687683,0.0
"Context:
The countertop mixer I tested comes with a 600 W motor, a 4.8 L stainless bowl, and three attachments that click in without wobble. I used it to whip meringue for a lemon tart, then kneaded dough for weekend cinnamon rolls. After two days of cooking, I wrote a product review noting the low noise, the stable base, and the easy cleanup. The only drawback was the short power cord when the kitchen outlet sits far from the workspace.",21.523779,3.0691583,94,6.174999,0,692.57574,3109.3865,622.3964,431.8061,166,155,146,0.9999999999939759,5.0138197,4.8071156,4.4895973,2310.5454,2907.8916,114967.58,11.652414,0.6122194528579712,1.0
"Context:
The first speaker arrived late, and the venue coordinator rerouted them to a specific entrance behind the stage. A volunteer handed over a small envelope from the courier and praised the delivery speed, then checked the performer’s breathing as if verifying physical readiness. In front of the crowd, the moderator called for a humane tone while the political process marched through motions and votes. The printed schedule kept everyone anchored, and each phase of the night clicked into place with a new cue. Between segments, people moved through hallways and plazas, fiddling with small lanyard clips as they walked.",77.31433,4.3478794,95,9.775,0,825.0027,6283.929,815.4342,513.13464,187,167,158,0.9999999999946525,5.0772457,4.901983,7.6168585,2213.9739,4242.674,154275.5,11.946502,0.057146985083818436,0.0
"Context:
By mid-June, she started mapping weekends on the calendar and circling the days with the longest sunlight. Hotel prices were already climbing, so she booked early and set reminders for train tickets. The plan changed twice after friends added their own constraints, but the outline held. When summer finally arrived, the trip felt effortless because the decisions were already made.",50.258495,3.9171796,96,7.212499,1,974.5835,4047.7856,681.62604,838.1108,105,100,95,0.9999999999904762,4.587947,4.448593,4.1533494,2084.1738,3787.5444,102331.266,11.53598,0.6214529275894165,1.0
"Context:
The pop-up was staged inside a former bank, and the columns made it look grander than it needed to be. Every table had tags that sounded like a boutique brand, even when the items were simple. Someone described the theme as “vintage modern,” and suddenly the lighting made sense. It was the kind of place where the address mattered almost as much as the products.",39.940525,3.6873915,97,9.649998,1,961.59973,4158.473,769.6618,651.3877,93,90,86,0.9999999999892473,4.4878807,4.273075,4.3245363,2743.791,3228.0625,89428.77,11.401209,0.7142568230628967,1.0
"Context:
She tried on a jacket in the mirror and adjusted a scarf until it sat right. The clerk brought her a belt in a different size and suggested a wallet to match the leather. At the counter, she added a pair of gloves because the forecast looked cold. She walked out with a bag that felt heavier than her morning plans.",23.58509,3.1606147,98,6.2062483,1,979.3998,4064.7383,778.29895,699.3209,104,103,97,0.9999999999903846,4.631061,4.3844814,4.1502337,2627.0193,3671.1035,101857.58,11.531341,0.6899172067642212,1.0
"Context:
The cruise ship’s atrium had a coffee bar, a stage, and a concierge desk that could book shore excursions. Each port came with a list of partner hotels and recommended clubs for the evening. Onboard, the entertainment staff kept announcing trivia nights and live shows over the speakers. Even the corridors felt like a moving hotel wrapped around a vacation.",48.509808,3.881766,99,8.6875,1,893.84283,4537.0576,774.99945,594.7427,112,101,97,0.9999999999910714,4.582345,4.4309587,5.0759006,2176.2725,4281.195,100110.4,11.514039,0.6472617387771606,1.0
"Context:
At the arena, the staff locked down the performance spaces, labeling each corridor and the exact loading dock assigned to tonight's band. The schedule on the wall showed two events back-to-back, so every minute mattered. A stagehand ran a drill, tightened clamps, and tested the lighting rig, hands busy with tools and devices. When the headset crackled, he swapped the faulty unit and sent the crew to the right spot inside the venue.",62.5498,4.135963,100,9.7625,1,840.29266,5506.8564,722.2433,638.77625,122,119,117,0.991869918691123,4.769931,4.5357594,6.5534987,2024.0607,3251.4187,102515.7,11.537781,0.7672157883644104,1.0
"Context:
In Ege Spa, you could book only a tiny number of private sauna slots each day. The clerk made it clear what was allowed inside and what would get you removed. I stayed for a short session, then stepped back into the cold air. The place sells exclusivity in minutes, not hours.",62.301365,4.1319833,101,9.025,0,866.0804,4126.485,781.0583,592.7863,66,65,63,0.9999999999848485,4.1686497,3.8949025,4.7645516,2433.5403,4120.441,57161.305,10.9536495,0.6143705248832703,1.0
"Context:
In February, a small call center kept its good mood during a rush of complaints, and one polite apology changed the tone of a conversation. Outside the building, neighbors posted flyers for a community meeting and asked businesses to send volunteers. In March, the city ran its yearly hiring event, and helpful staff walked candidates to the right desks while answering career questions. She began planning summer weekends as soon as the days lengthened, and she started sketching holiday plans before autumn arrived. By the time the sport shifted from offseason headlines into preseason action, she felt like she’d been living by calendars all year.",68.15384,4.2217674,102,9.362499,0,920.80225,7294.9746,917.9189,717.6793,168,161,149,0.9999999999940477,5.0662017,4.8120356,7.9224124,2137.5164,5036.0386,154694.78,11.949216,0.08449787646532059,0.0
"Context:
When the holiday season rolled around, I started mapping out travel days and gift shipping deadlines. The customer support agent sounded genuinely cheerful and offered to expedite the order so it would arrive before the celebrations. While I packed, I poured a little olive oil into a tin for cooking at the cabin and tossed in a bag of dried fruit. Planning for the season went faster with someone on the other end being that friendly.",39.663754,3.6804378,103,8.724997,1,908.6072,3492.0632,662.5328,702.0757,109,107,103,0.9999999999908257,4.665911,4.4669766,3.8433144,2211.243,3038.768,99038.18,11.503271,0.7373676300048828,1.0
"Context:
A gadget site compared two headphones by battery life and driver size, and I read it while waiting for a contractor to quote a kitchen refit. My mouth still ached from the dental procedure, and the invoice made me think about taxes and whether my savings account was growing fast enough. The TV in the waiting room showed another Brexit negotiation update with commentators guessing at the final shape of the deal. Later, in a philosophy seminar on privilege and responsibility, a guest offered a quiet blessing, and our education lab demo used virtual reality to recreate a biographer’s world before I went home to cook and write a product review.",71.542404,4.2702904,104,10.4874935,0,1065.9093,5820.0693,889.4191,798.4059,165,157,147,0.9999999999939394,5.0387306,4.8166475,5.4601917,2637.7278,3967.8098,175875.03,12.077535,0.057146985083818436,0.0
"Context:
She wrote End of text and closed the file. A minute later she reopened it and replaced the footer with End of text/document. Both versions ended up in different exports. She labeled the folders carefully to avoid confusion.",87.83236,4.47543,105,11.487499,0,954.7538,3234.6575,662.06177,786.38165,53,52,50,0.9999999999811321,3.9441352,3.7491956,3.3879495,2038.6736,2885.1128,50601.95,10.831765,0.3863438069820404,0.0
"Context:
The art club was invite-only, and the instructor treated the room like a private studio. We were allowed to place our materials anywhere, as long as we kept the aisle clear. She pushed for higher quality by making us redo the same line until it held. When more people arrived late, the session somehow became both fuller and more focused.",44.612473,3.7980134,106,8.36875,0,904.34503,4254.4375,709.96655,665.98315,103,101,97,0.9809523809430385,4.60781,4.381533,4.7044406,2298.4355,3085.4885,93147.54,11.441951,0.7137575149536133,1.0
"Context:
The clinician explained the mechanism in a calm voice, using precise terms for the tissue layers and the compound’s metabolism. On the screen, a diagram traced the pathway step by step, with arrows pointing to intermediates and side reactions. I copied the words exactly because each one mattered to the interpretation. By the end, the room felt like it was speaking a different language made of chemistry and anatomy.",36.866795,3.6073112,107,7.8937507,1,936.63477,3638.619,726.9904,741.8301,73,70,67,0.9605263157768351,4.233488,4.0315776,3.8847785,2637.8042,2966.5618,68374.336,11.132768,0.6252113580703735,1.0
"Context:
The cardiologist asked me to slow down and listen to myself, not just the numbers. He told himself to avoid jargon, then explained the plan in plain language. I noticed my own feelings shift from panic to cautious trust. Leaving the office, I repeated the steps to myself until I could breathe.",34.958996,3.5541759,108,7.0125,0,977.74603,3343.9836,726.92505,763.44885,87,80,77,0.9999999999885058,4.342338,4.213331,3.4200945,2263.7852,2920.1914,85063.91,11.35117,0.5356681942939758,0.0
"Context:
At the hostel kitchen, the Whirlpool dishwasher was clogged, so the sink filled and everyone started washing by hand. A guest cleared the filter, restarted the unit, and the drain finally caught up. I stepped out to fax documents for an adjudication hearing and took a VoIP call about kidney and bladder results before heading to daycare pickup. That evening, the common room streamed a fantasy series while people debated politics and academic programs, with appliance beeps punctuating the chatter.",103.89479,4.6433787,109,11.812499,0,994.0147,4588.0356,941.95264,526.59955,135,127,121,0.9246575342402421,4.8231244,4.5453243,4.6156616,3055.7336,4173.3647,134191.98,11.8070345,0.3218246400356293,0.0
"Context:
He set up a coffee station with grinders and filters, then used a small scale device to measure beans for each cup. The tools and food worked together in his routine, and he didn't waste a motion. Next door, the venue manager walked him through the performance spaces, pointing out the exact corner where vendors could stand. A board listed the scheduled events for the weekend, so he packed up before the evening concert started.",46.271065,3.8345168,110,9.025,1,975.4766,4588.0356,714.6628,887.25244,90,88,87,0.9999999999888889,4.4690037,4.2761784,4.7033787,2129.6074,3189.3147,87792.9,11.382748,0.6774556636810303,1.0
"Context:
On the cruise ship, the entertainment schedule was full, yet the galley had a bottleneck because the Whirlpool dishwasher wouldn’t drain. After cleaning the filter basket, the pump sounded normal again. I used guest services to fax documents for an adjudication matter and answered a VoIP call about kidney function and bladder symptoms. That night, a fantasy panel in the lounge referenced media theory, political figures, and university departments while kitchen routines kept pulsing in the background.",135.40152,4.9082446,111,11.624998,0,961.64685,6389.099,935.7334,550.78546,141,136,131,0.9999999999929079,4.899601,4.604457,6.643914,2553.8057,4417.847,135592.2,11.817414,0.1833704113960266,0.0
"Context:
The first warm week of May brought more calls to the help line, but the agent stayed friendly and kept her voice calm. She offered a discount and asked if the fix worked before ending the chat. Later, at the neighborhood meeting, a coordinator invited people to volunteer and praised the local businesses that pitched in. The time of year, the service quality, and the community push all landed at once.",51.731003,3.9460573,112,8.437498,0,1013.8872,4134.5957,734.67365,845.98236,89,88,85,0.999999999988764,4.47306,4.2657375,4.0779643,2268.032,3495.1191,90235.96,11.410194,0.6617574095726013,1.0
"Context:
The article opened with a title, a one-line summary, and a short scene-setting paragraph. It then delivered the key detail in plain language and avoided extra flourish. The last sentence landed like a full stop on the premise. The piece ended as if the editor preferred restraint.",42.780712,3.7560873,113,8.3875,1,852.4445,4402.2676,875.8322,459.56625,76,75,73,0.9999999999868421,4.312493,3.9465947,5.164286,2732.2961,4186.238,64785.785,11.078856,0.6363595724105835,1.0
"Context:
A technician accepted a delivery at the loading bay and noted the performance metrics on a tablet. In the auditorium, a debate about humaneness and political responsibility followed procedural rules, and a small paper badge identified each participant. The theater map sent volunteers to a specific corner near the main stage for the next scheduled cue. As the event progressed in phases, the atmosphere shifted from tense to reflective without warning. Throughout it all, staff moved between locations with small tools and cables, constantly in motion to prevent delays.",80.520226,4.3885083,114,8.799999,0,923.01074,5166.545,758.9442,690.8854,148,141,135,0.9999999999932433,4.9281087,4.729604,5.5974913,2420.6106,3354.3208,136605.6,11.824861,0.18767111003398895,0.0
"Context:
The contract concluded with a closing statement that left no ambiguity. The final line carried the weight of a signature even before ink touched paper. After that, the document offered nothing else. The ending felt intentional, not accidental.",67.67094,4.214657,115,9.299999,1,928.5578,2926.3962,702.13257,739.94604,63,62,60,0.999999999984127,4.1211295,3.8836489,3.15155,2506.55,2849.9585,58499.14,10.976785,0.6299857497215271,1.0
"Context:
Their supplier agreement worked smoothly for years, right up until a strike shut down the port and delayed every shipment. The smaller company blamed the larger one for not securing backup routes, and the larger company threatened to pull the contract if deadlines slipped again. Meetings turned tense, with lawyers quietly joining the calls and taking notes. An outside disruption had turned a friendly partnership into a cautious standoff.",49.73077,3.9066238,116,10.45,1,907.33685,5070.1123,733.7126,719.6461,125,112,105,0.999999999992,4.6841383,4.578435,5.5879045,2358.1487,3465.3064,113417.11,11.638836,0.6790516972541809,1.0
"Context:
A delivery truck tipped near the canal and spilled its load, leaving the pavement slick and the air sharp with chemical smell. Within days, vines and weeds exploded along the damp fence line by the water. Stray animals started hanging around the shoreline, digging through debris left behind. The mix of accident, uncontrolled plant growth, and troublesome animals made the area feel neglected.",56.648674,4.0368686,117,9.599999,0,694.7958,3150.7026,612.01733,433.41052,131,120,111,0.9999999999923664,4.75879,4.5800505,4.5347176,1999.7999,2981.449,91018.25,11.418826,0.7042277455329895,1.0
"Context:
The novel excerpt stops at the end of a text excerpt just as the protagonist boards the night train. That scene is full of travel and tourism details, from platform announcements to the smell of coffee in the station. After reading, I did a quick round of food preparation and packed sandwiches the way the character described in the carriage. Later, I found the full chapter and realized the excerpt had been clipped early.",48.537704,3.882341,118,8.524998,1,978.27313,6231.3438,788.49475,839.02026,94,89,88,0.9999999999893616,4.458423,4.307337,6.369738,2114.1182,3144.9517,91957.67,11.429094,0.7996901273727417,1.0
"Context:
The equipment coordination forum required a verified profile before any network actions were allowed. She completed the user registration requirements, then requested access to the shared inventory board. A status panel showed service availability for forklifts, radios, and safety kits across three sites. Once approved, she could assign gear and confirm delivery windows with other professionals.",154.94266,5.043055,119,10.593749,1,1684.561,11438.06,2035.6167,985.0356,105,104,97,0.9999999999904762,4.6407585,4.166664,6.7899346,6679.4053,8888.608,176878.9,12.083226,0.7672054171562195,1.0
"Context:
A gala invite listed Copenhagen, the Opera House, and the sponsor Maersk. It also advertised a VIP afterparty with a chauffeured ride and a table at Noma. The proper names made the event feel exclusive before anyone arrived. He pinned the invite to the fridge like a trophy.",134.81738,4.903921,120,14.693748,0,660.6985,3346.7654,604.0149,403.80334,118,107,105,0.9999999999915254,4.6370196,4.4701343,5.0654955,2100.9287,2880.8872,77962.42,11.263995,0.7042277455329895,1.0
"Context:
The contractor measured the wall twice before recommending a new window and a better seal around the frame. Later that week, I sat in the dentist’s chair while the assistant explained what would happen during the procedure and how long the numbness might last. At home, a pile of forms waited on the table, and I tried to remember which receipts counted for deductions. When my paycheck cleared, I moved a small amount into a savings account and felt the tiniest sense of control.",25.680859,3.245746,121,7.96875,1,1025.2546,3981.7224,758.61804,820.3152,134,130,126,0.9999999999925374,4.8564577,4.662714,3.8836427,2347.5713,3777.8606,137384.12,11.8305435,0.21695353090763092,0.0
"Context:
The press note named Tesla, Visa, and a handful of startups, then pivoted to revenue guidance. A partnership announcement was drafted, but a sudden policy change threatened the whole deal. The communications lead kept rewriting the same paragraph to sound confident. In the end, the joint statement stayed unpublished.",98.321434,4.588242,122,9.599999,0,948.9484,5004.2666,850.11914,659.5795,105,101,100,0.9999999999904762,4.60115,4.3425713,5.273486,2578.9685,4550.4907,99639.586,11.509325,0.6381824016571045,1.0
"Context:
I plugged a tiny USB adapter into my laptop so the presentation remote would pair instantly. The dongle was so small I nearly lost it in the lining of my bag. When the slides finally advanced on cue, I felt my shoulders drop. After the talk, I taped the adapter to the cable so it wouldn’t disappear again.",30.20857,3.4081256,123,7.7749987,1,889.49774,5385.3467,877.8794,581.4938,94,89,86,0.9999999999893616,4.469556,4.190905,6.054368,2417.94,4693.4004,83612.79,11.333963,0.7264411449432373,1.0
"Context:
The event address led to an old cinema with velvet seats and brass lamps that made it feel pulled from another decade. A reporter recognized a politician on the guest list and whispered the name to her colleague while a sponsor’s product display flashed on nearby screens. In the corner, a developer verified the landing page by rerunning a short deploy command and then asked marketing for the final tagline. Staff watched which areas drew the biggest clusters of people and noted the patterns for future activations. The night blended public names, branded visuals, and quiet data collection inside a vintage shell.",106.31675,4.666423,124,11.125,0,1095.8589,6642.946,1031.5055,754.7091,173,167,159,0.9999999999942197,5.102187,4.8245344,6.0618625,2594.9148,5919.1377,189583.58,12.152591,0.05812689661979675,0.0
"Context:
The nurse explained that rheumatoid arthritis can flare without warning. The treatment plan mentioned physiotherapy, anti-inflammatory medication, and a follow-up with a cardiologist. The discharge note ended with End of text. He placed the paper in a folder labeled for clinic visits.",51.165543,3.9350662,125,9.0625,1,880.4189,4098.612,836.3174,500.35214,79,76,76,0.9999999999873417,4.316803,4.0196605,4.6552973,2758.997,3739.5918,69553.09,11.14986,0.6535752415657043,1.0
"Context:
The translation file ended with End of text, but she suspected the last idiom had been dropped. The signed version included End of text/document and a checksum line that made it feel final. She tried to paste the missing clause into the editor, only to meet End of text/input and a character limit warning. On the storefront, the service summary ended with End of text/short descriptions of items/products/services, which looked like a label no customer should see. She corrected what she could and accepted that some endings were enforced by the system.",67.92575,4.2184153,126,9.799997,0,1099.5732,4348.4375,1013.47784,721.91565,106,98,98,0.999999999990566,4.5457344,4.306276,3.9546592,3392.0256,4345.04,116554.766,11.666125,0.5621659159660339,1.0
"Context:
She signed up for a shuttle service from the airport to the venue. For the gala, she chose a linen shirt and rolled the sleeves the moment she arrived. The program started on time and the crowd settled fast. The simplest choices ended up feeling smartest.",73.83878,4.301884,127,10.806247,0,967.32434,4394.4526,979.4252,621.502,80,76,75,0.9999999999875,4.3127117,4.003024,4.5428953,3636.4185,4187.2856,77385.945,11.256574,0.5809739232063293,1.0
"Context:
After signing up, he waited for the professionals network to accept his equipment coordination request and show service availability. While the status spun, he chopped vegetables and later mixed a face cream, then hauled boxes until exertion made his shoulders burn. He attended a small prayer gathering and followed it with written communication that clarified what action to take if the delivery failed. At night, the favela grant audit required accountancy checks, a reticle-based measurement, and a decision on lubricant types for machinery, and fatigue made hallucinations flash while proper names and publicized items from a campaign played on repeat.",255.04039,5.541422,128,14.862498,0,1499.1471,11561.714,1579.1985,971.5781,190,184,169,0.9999999999947369,5.203246,4.8595276,7.7121954,4414.71,7494.408,284837.94,12.559679,0.0779922604560852,0.0
"Context:
The documentary jumped from a mountain pass to a crowded capital square, anchoring each scene with dates and recognizable institutions. A historian described the treaty signing and named the delegations as the camera lingered on their portraits. In the next segment, a pop culture festival reused the same plaza for a modern stage show. The contrast made the location feel like it held more stories than one era could claim.",81.488754,4.400465,129,8.949998,1,1008.63855,3661.198,765.5943,762.6583,114,111,106,0.999999999991228,4.6997156,4.4823914,3.629841,2433.0884,3237.8687,114984.8,11.652564,0.6150971055030823,1.0
"Context:
The report described migraines, nausea, and sensitivity to light. It also detailed a treatment plan and recommended seeing a neurologist. The language was practical, focused on conditions and professionals. He underlined the dosage instructions and set the paper beside his bed.",65.519,4.18234,130,9.881248,0,831.56604,2453.7244,567.209,616.3982,64,64,64,0.9999999999843749,4.1588826,3.9456227,2.950727,2020.9274,2273.2983,53220.227,10.882213,0.5715319514274597,1.0
"Context:
We met near Hongdae after class, following the smell of grilled pork to a tiny place with metal chopsticks stacked by the door. Between bites of ssam and steaming jjigae, someone argued about the best comeback of the year and named three groups without pausing. A street performer outside started singing, and people gathered as if it were a mini concert. Later, we bought kimbap to eat on the subway ride back.",40.94389,3.7122025,131,8.268749,1,714.6109,4537.6577,668.2729,453.3497,137,126,121,0.9999999999927008,4.8048525,4.6092787,6.3498297,1807.8569,3634.1882,97901.695,11.49173,0.8383778929710388,1.0
"Context:
I built a small routine in my notes app that runs like a function when I tap start, and I named it after a fantasy talisman. The apartment’s household appliances clicked on in sequence, and the microwave beeped exactly as the routine predicted. Meanwhile, the clinic called to discuss kidney and bladder function, and the receptionist offered to fax the summary. The follow-up appointment was scheduled over a VoIP call while I rinsed dishes.",71.85133,4.274599,132,10.15625,0,932.92694,4439.872,813.93134,635.31085,135,127,122,0.9999999999925927,4.8192487,4.596692,4.759078,2545.832,3977.6323,125945.14,11.743609,0.19628165662288666,0.0
"Context:
At the community forum, the moderator opened with a reminder to keep the conversation humane. A motion was introduced, seconded, and then sent through the formal vote, one step at a time. When the speaker walked onto the stage, a small lapel pin glinted under the lights. After the decision, someone set a tiny paper flag beside the microphone and quietly sat down.",38.057762,3.639105,133,7.6124997,1,996.9271,5475.919,856.75964,788.18805,114,111,104,0.999999999991228,4.695126,4.4531264,5.4927974,2646.0784,4453.4263,113649.695,11.640885,0.5429052114486694,0.0
"Context:
On the drive through Cedar Grove, we stopped at a real estate open house near the lake. The brochure used proper nouns for every location, from Cedar Grove Park to Lakeview Terrace. My partner, in the second trimester, checked the snack table and chose a small amount of fruit because her doctor was watching for gestational diabetes. A neighbor cooed over the ultrasound photo and asked about the baby’s due date.",30.515059,3.4182203,134,7.984375,0,747.9522,4759.9067,674.55585,496.19193,117,107,104,0.999999999991453,4.6436872,4.4710827,6.3639183,1900.4384,3243.8748,87510.41,11.379524,0.8444406986236572,1.0
"Context:
The press kit opened with a paragraph packed with surnames, brand names, and an acronym repeated like a chant. We browsed a pop-up shop selling lamps, chairs, and a starter drum set, and someone tested a citrus lotion from a sample jar. In a breakout room, a speaker explained a medical pathway with precise terms and a diagram of reactions. A bus took us to a historic district with plaques and dated buildings, and when we returned, the catering line offered bibimbap while a Korean group’s chorus blasted from a small stage.",72.459496,4.2830276,135,11.456248,0,837.41266,6319.076,800.9058,556.39136,170,160,152,0.9999999999941177,5.051174,4.814105,7.545953,2416.089,3495.5686,142360.16,11.866122,0.08310059458017349,0.0
"Context:
At the riverside park, cattails and reeds swayed in shallow water while fish darted under the surface. I brought a small container of cut flowers to photograph, and bees hovered around them even on the bench. The place felt like a habitat stitched together by water and plant life. Animals, flora, and a calm shoreline filled the frame.",58.267193,4.065039,136,9.162499,0,969.5393,4191.2866,920.0912,600.1343,89,86,81,0.999999999988764,4.4419074,4.1362495,4.3229675,3161.794,4162.4106,86289.0,11.365469,0.649161696434021,1.0
"Context:
He pressed soaked oats and almonds through a cloth to make a pale, sweet liquid. The drink went into the fridge next to a jar of aloe gel he used after shaving. When a friend asked what he was making, he just pointed to the counter full of greens and grains. Everything came from plants, even the things that looked like they belonged in a pharmacy.",34.56151,3.5427406,137,8.046875,1,713.03125,3274.5447,604.82214,461.80188,87,83,82,0.9999999999885058,4.4021707,4.1818633,4.592428,1874.5454,3195.0496,62033.72,11.035449,0.680990993976593,1.0
"Context:
A business owner I know watched the negotiations with the intensity of someone reading weather before a storm. She kept a notebook of possible outcomes and what each deal would mean for shipments and staffing. Every time a rumor of progress appeared, it was followed by a reminder that nothing was signed yet. The uncertainty felt like its own kind of policy, hanging over daily planning.",49.043354,3.8927047,138,9.087498,1,1039.4083,4348.4375,805.9346,770.93494,89,87,83,0.999999999988764,4.457484,4.250893,4.1835704,2870.0364,4166.481,92507.336,11.435054,0.6059184074401855,1.0
"Context:
He simmered herbs in water until the kitchen smelled green and clean. The liquid turned amber as the leaves softened, and he strained it into a jar for later. A few drops went into a homemade soap, and the rest became a warm drink. The whole batch felt like the plant had been turned into something useful.",30.575045,3.4201841,139,7.4874997,1,946.38525,4164.3447,689.4039,794.79395,92,85,85,0.9999999999891304,4.410623,4.297148,4.400264,2168.62,3286.1926,87067.445,11.37445,0.681071937084198,1.0
"Context:
I spent the morning getting a root canal, then went home and patched the drywall where the shelf had ripped out. To distract myself, I baked focaccia and painted a small watercolor of the finished loaf while it cooled. That night I posted a review of the new cordless drill I used, including what made the weekend feel like a mix of chores and leisure activities. The comments were mostly recipe requests and tool recommendations.",38.126095,3.640899,140,7.21875,0,942.28406,6389.099,1031.7393,514.5967,144,137,130,0.9999999999930557,4.8987904,4.5505915,6.780439,2864.9834,5333.205,135688.9,11.818128,0.301302433013916,0.0
"Context:
She opened with previous experience and earlier accomplishments that sounded quietly solid. Then came a short ad copy for a product, ending with a final sentence that stopped the pitch cold. A separate section began with a title and a lead-in that set context, and it ended right after the key statement. Beneath that, [] repeated across the log until a final word ended the stream. The page finished with a clean, deliberate stop.",111.74131,4.7161865,141,9.468748,0,1164.243,4117.1865,746.20624,1024.2781,99,89,85,0.999999999989899,4.44452,4.4058905,3.5363631,2562.9746,3395.5037,115260.06,11.654955,0.5597150921821594,1.0
"Context:
To make the pipeline behave, he inserted End of text/input at the end. The draft above talked about asthma triggers, inhalers, and meeting a pulmonologist. The marker ensured nothing after it would be read. He appended the billing codes in a separate file.",242.23463,5.489907,142,13.562498,1,827.5679,6605.161,894.00275,497.23215,83,80,78,0.9999999999879517,4.3687334,4.0491567,7.981414,2334.1013,3723.5232,68688.13,11.137346,0.8142967820167542,1.0
"Context:
He repaired the device with a small wrench, tightened the last bolt, and listened for the clean hum of the machine. Near the curb, a man in a car observed him without looking away, eyes following both him and the parked vehicles. He rubbed his knee, climbed into the truck, and said he could handle it, because he didn’t want to admit the pain. At the dock, crates of rabbits and a restless dog created noise, and he handed his spare ticket to someone who’d been turned away at the gate. Later, he opened his meal with a multitool and checked a device for directions before leaving again.",45.009872,3.806882,143,8.625,0,911.51373,5572.6143,797.7271,674.5411,184,167,155,0.9999999999945652,5.086854,4.9155507,6.113582,2321.2231,3470.2283,167718.53,12.030048,0.057146985083818436,0.0
"Context:
She lit a candle, said a brief prayer, and then sent a written communication to her sister to say she was thinking of her. In the margins of the draft, I noted how the document ended at the end of a text excerpt because the printer cut off the last lines. I scanned the page and sent it back so she could reprint it properly. The corrected copy included the missing closing.",28.957693,3.365836,144,7.246875,1,1292.5133,6279.891,1281.4701,876.2252,84,79,75,0.9999999999880952,4.348299,4.0609827,4.858666,3973.8684,5766.6626,108571.12,11.59517,0.5375376343727112,0.0
"Context:
She checked into the Four Seasons just as the doorman whisked her suitcase away with a practiced smile. Dinner was a tasting menu that ended with a tiny gold-leaf dessert, paired with a glass of Krug that cost more than her first bike. The next morning, a black Mercedes S-Class waited at the curb to take her to the marina. Everything around her seemed designed to whisper expense without ever raising its voice.",24.70882,3.2071602,145,7.2124977,1,851.64325,4626.451,766.6457,563.2065,149,143,136,0.9999999999932887,4.9446115,4.695183,5.4323816,2699.3442,3253.7695,126894.84,11.7511215,0.20859754085540771,0.0
"Context:
He logged into the equipment coordination network after meeting the user registration requirements and immediately checked service availability for key tools. Between network actions, he helped with food preparation, tried a cosmetic blend, and completed a craft repair, then hauled a generator and felt the exertion in his wrists. He prayed briefly and wrote an email naming the action to take if the schedule collapsed. The evening turned into favela grant type accountancy, reticle-guided documentation, and lubricant selection, and hallucinations flickered as proper names and publicized items were broadcast on screens.",347.46774,5.850672,146,12.75,0,1859.0323,11376.232,1963.9478,1160.7837,172,162,152,0.9999999999941861,5.0668955,4.726446,6.1194377,6327.343,8852.712,319753.56,12.675309,0.05920494720339775,0.0
"Context:
He grew up in a cramped apartment above a noisy street, studying by the light that slipped under the door after his parents fell asleep. At university, he fell into philosophy seminars and stayed late in the library, chasing arguments about meaning and responsibility. On Sundays, he visited a small chapel, listening to talk of grace and blessings that sounded both foreign and comforting. Years later, he wrote a biography of his mentor and helped design a virtual reality lesson so students could walk through history in a headset.",27.88931,3.3282435,147,7.5093737,1,905.6443,4121.6807,776.0048,591.7583,117,112,106,0.999999999991453,4.7029305,4.4604106,4.5511036,2565.8555,3277.583,105960.38,11.57083,0.6978206038475037,1.0
"Context:
A therapist guided a patient through a tapping routine: left, right, pause, repeat. The chart barely moved until the routine reached its final step, where activations jumped sharply. That end-of-sequence surge matched the patient’s report of sudden clarity. On the next attempt, the same peak landed on the last tap.",47.025055,3.8506806,148,9.724998,1,1289.3832,4134.5957,920.4984,1030.9836,95,87,83,0.9999999999894736,4.437136,4.3167434,3.2066462,2897.7266,4013.2805,122491.41,11.715804,0.4638109803199768,0.0
"Context:
The coach promised a reset weekend and spoke about selling with confidence, training with discipline, and building a better life. In the hotel lobby, he pitched a paid coaching program, collected payments, and warned that the spots were almost gone. An attorney told herself to keep every receipt, and a doctor introduced himself while reviewing medical waivers. A pastor listened to a guest describe private shame and hope, letting the feelings sit without fixing them. Nearly everyone seemed to be moving at once, and when departures finally started, the building emptied quickly.",86.73204,4.4628234,149,11.099999,0,945.88916,4034.1135,677.32697,789.81976,137,129,123,0.9999999999927008,4.8390303,4.705833,4.26489,2127.1492,3342.9287,129586.81,11.772114,0.21817733347415924,0.0
"Context:
On the weekend before preseason games, the sports shop was packed with people buying gear, and the staff stayed friendly even when sizes ran out. A community team collected sign-ups for a charity tournament at the entrance, and the store offered customer-service style help to anyone confused about schedules. Monday brought the annual career development session at a nearby office, where helpful personnel guided participants through interviews and resume reviews. Between meetings, she planned a winter trip and penciled in a summer recovery week. When the regular season began, her calendar already held every season in a different form.",70.39873,4.254175,150,10.018749,0,1024.9448,5355.254,790.5595,834.7532,184,179,166,0.9999999999945652,5.177264,4.9749527,5.224919,2554.6611,4107.854,188589.84,12.147335,0.057146985083818436,0.0
"Context:
In the kitchen, he used a peeler and a knife as basic tools, then relied on a tablet device to follow the recipe timing. He tasted the soup, added salt, and kept stirring so the food didn't stick. A blender whirred like an instrument, and his hands stayed busy switching attachments. By the time dinner was served, every device had been used for a purpose, not left as clutter.",31.224972,3.4412181,151,7.8375,0,950.1956,8608.347,996.4902,647.9153,133,129,122,0.9999999999924812,4.848656,4.540191,9.059552,2383.2498,4397.927,126376.016,11.747025,0.36540648341178894,0.0
"Context:
The lab assistant played a fixed pattern of tones, and the monitors stayed quiet until the very last beat. Right at the end of the sequence, a bright burst of activations rose across the display. She reran the trial twice, and the same final-moment surge appeared each time. When the sequence stopped, the room seemed to exhale with it.",50.23322,3.9166765,152,9.487498,1,1136.9648,5734.48,1007.24066,919.4354,107,105,98,0.9999999999906541,4.646917,4.3657346,5.043674,2977.2354,4771.8975,121655.24,11.708955,0.45972904562950134,0.0
"Context:
She prepared food for a picnic, slicing fruit and wrapping sandwiches tightly. Back home, she blended oils for a simple cosmetic serum and labeled the bottle. The craft table filled with threads as she repaired a torn sleeve with steady stitches. Carrying the picnic basket across town added a final stretch of exertion to the day.",81.404976,4.3994365,153,10.937499,1,874.35876,3817.163,751.2578,573.2601,111,107,103,0.999999999990991,4.6548595,4.4172497,4.365671,2309.8347,3639.144,97053.82,11.483031,0.7337051033973694,1.0
"Context:
Before the curtain rose, the singer tested her range to prove her performance capability, then delivered the opening lines from center stage while keeping her breathing steady. She could feel her diaphragm tighten and her pulse jump as the spotlight warmed her skin. At the side, she adjusted the microphone preamp and tapped the mixing console, working the devices and instruments like a mechanic with a delicate machine. When the monitor finally stopped buzzing, the delivery landed cleanly and the crowd heard every note.",55.49802,4.0163474,154,8.53125,1,950.7665,7321.532,972.1447,620.3454,180,166,157,0.9999999999944446,5.0822277,4.824802,7.700663,2572.9895,4468.7603,171137.97,12.050231,0.08590404689311981,0.0
"Context:
On Friday, Lena met Omar outside Copenhagen Central Station and pointed at the poster for the Roskilde Festival. They walked past the LEGO Store to grab a set for his nephew before heading to a meeting at the Red Cross office. Later, their taxi dropped them at Tivoli Gardens, where the crowd was already lining up for the evening concert. By midnight, they were laughing about how a simple errand turned into a full itinerary.",36.809414,3.6057537,155,7.9937506,1,750.22565,4537.0576,713.9782,481.21973,167,156,145,0.999999999994012,5.026681,4.794052,6.0475907,2247.496,3536.239,125287.69,11.738376,0.24322718381881714,0.0
"Context:
He stared at the reticle in the scope and tried to keep his hands steady. The correspondence from the funder demanded a clear action to take, and the grant category had strict rules he couldn’t bend. In the storeroom, he grabbed the wrong lubricant type and cursed when the cap slipped from his fingers. The accountancy review for the favela project dragged past midnight, and hallucinations turned the ledger lines into wavering waves.",104.21238,4.646431,156,10.549993,1,999.2237,7237.983,984.2373,626.3231,164,155,143,0.9879518072229642,5.0237885,4.7526255,7.243606,2660.7837,4810.336,163872.69,12.006851,0.12224995344877243,0.0
"Context:
At the bottom of the import sample, she typed End of text/input. She also typed End of text right above it to mirror the older format. The stacked labels made the page look like a checklist. She merged them into one line later.",102.06573,4.625617,157,11.375,0,1094.3119,2956.9656,706.5567,1078.5736,48,41,41,0.9999999999791668,3.6690333,3.6636128,2.7021234,2374.4507,2798.4084,52526.973,10.869102,0.2400343418121338,0.0
"Context:
At the old brick manor outside Odense, the guide pointed out where the mayor had signed the 1897 preservation charter. Visitors followed a map past the former ballroom, now labeled with the town museum’s name and a timeline of local events. Back at home, I compared quotes for replacing the roof, scheduled a crown fitting at the dentist, and set aside money for the property-tax bill. The savings account transfer cleared the next morning, right when the contractor confirmed the start date.",51.297234,3.9376369,158,8.818749,1,1078.6246,5833.4023,973.9632,734.1536,137,131,126,0.9856115107842762,4.8554482,4.6085978,5.4081855,3186.2732,4806.546,147771.58,11.90343,0.16892559826374054,0.0
"Context:
The open house was in a quiet lane off Østerbro, and the place name on the deed matched the plaque by the door. I brought a small level and confirmed the shelves weren’t sagging, which felt oddly satisfying. My wife kept checking her glucose app, reminding herself to eat a small snack after the gestational diabetes consult. In the nursery room, a little cartoon wallpaper border looked sweet until my phone flashed breaking news about violence and a sudden market slide.",94.87799,4.552592,159,8.5625,0,879.2228,5820.0693,892.0248,542.53436,143,140,133,0.999999999993007,4.9337616,4.602772,6.6195607,2750.3535,4622.8765,125728.86,11.741891,0.1833704113960266,0.0
"Context:
The first snow of the year turned errands into a slog, but the cashier still greeted everyone like it was no trouble. A community table by the entrance collected donations, and the staff helped pack boxes between customers. In the following days, the office hosted a yearly planning meeting, and helpful assistants made sure the right people were in the right rooms. She spent nights organizing holiday travel and sketching summer ideas to give herself something bright to look forward to. When preseason started later, the sports calendar felt like another way the year divides itself into chapters.",59.700947,4.089348,160,8.6875,0,941.3772,5985.262,743.72565,746.7137,155,151,142,0.9999999999935485,5.0076494,4.8145037,6.3579855,2005.8407,3918.9243,145913.47,11.890776,0.13419829308986664,0.0
"Context:
Before the comedy show, the travel desk at Luna Bay Resort apologized for a cancelled shuttle. The cancellation came after a political dispute sparked a conflict on the main road, and the news framed it as yet another negative event. Still, the hotel bar stayed packed with tourists chasing entertainment. I paid the inflated fare and muttered about finance all the way to the venue.",121.47742,4.7997284,161,12.874996,1,906.8688,4229.0947,823.0265,558.64514,90,87,85,0.9999999999888889,4.4536,4.177096,4.663403,2659.422,4094.3809,81618.19,11.309819,0.6607522368431091,1.0
"Context:
At the boutique hotel, the lobby smelled like coffee and popcorn from a small cinema next door, but the kitchen had a crisis with a clogged Whirlpool dishwasher. I saw staff pull out the filter and flush the drain hose until the water stopped backing up. In my room, I faxed documents for an adjudication hearing and then got a VoIP call about kidney markers and bladder follow-up. Downstairs, a fantasy panel cited show creators, politicians, and academic departments while the kitchen ran its strict routines behind the scenes.",98.80533,4.5931516,162,11.9375,0,905.6018,4218.111,824.41486,556.7986,186,168,163,0.9999999999946237,5.088776,4.9023433,4.6577983,2491.3706,4101.6133,168441.94,12.034352,0.057146985083818436,0.0
"Context:
A bike computer caught my eye because the box listed screen resolution, battery hours, and waterproof ratings in tidy rows. On the same day, I scheduled a home repair, survived a dental check, and tried to calculate taxes while watching my savings account balance inch forward. In the café, the headline on every phone was Brexit negotiations, full of talk about what a deal would actually guarantee. Back at campus, we debated philosophy and socioeconomic luck, a chaplain offered a brief blessing, and the education lab showed a virtual reality biography experience before I went home to cook and write a short product review.",107.52879,4.6777587,163,11.625,0,1121.077,8232.006,1090.9263,756.02484,165,157,146,0.9999999999939394,5.038731,4.7557335,7.342944,3357.0,4621.732,184977.7,12.127996,0.056294962763786316,0.0
"Context:
After the matinee, we checked into the Seabird Hotel, one of those travel establishments with a lobby piano and a late-night cabaret. In our room, the tiny kitchenette had a Whirlpool dishwasher that refused to drain, as if the hose were clogged with sand. The front desk sent a technician who swapped the filter and ran a quick test cycle. We still made it to the entertainment district before the curtain rose.",35.679783,3.5745842,164,7.79375,0,854.94867,5444.9814,878.3807,496.2167,133,127,120,0.9999999999924812,4.827809,4.508618,6.368782,2651.782,4299.9214,113708.17,11.641399,0.7136756181716919,1.0
"Context:
The paperwork listed the building’s official title alongside the neighborhood name, and I made sure every proper noun matched the registry. I checked a shaky stair rail with a small tool, testing whether it would hold up to daily use. My sister, pregnant and hungry, stuck to a small meal because her gestational diabetes screen had come back worrying. A little ceramic animal on the entry table looked quaint while the television behind it replayed footage of protests and economic panic.",85.48932,4.4483914,165,9.062498,0,1039.4811,6968.3604,922.74695,834.80133,149,145,135,0.9999999999932887,4.96673,4.7090063,6.7036905,2595.6123,4422.349,154882.69,11.95043,0.14445751905441284,0.0
"Context:
The plan included an exclusive feature set for members, yet it capped usage at a fixed monthly limit. When the team hit the threshold, the dashboard showed a warning and offered an allowance for a small overage fee. The restrictions changed how people worked, pushing them to prioritize. A manager requested an exception and received a polite no. The next month began with everyone watching the counter.",41.664127,3.7296405,166,7.1625,1,1103.1329,4505.676,828.00824,810.4324,99,93,91,0.999999999989899,4.5058165,4.352379,4.0844355,2734.126,3580.938,109210.164,11.601039,0.6233952045440674,1.0
"Context:
He diced garlic, fried it briefly, and built a soup that warmed the kitchen. When it cooled, he tested a lip scrub mixture, adjusting the grain so it didn’t feel harsh. Afterward, he glued felt pieces into a small ornament, holding them in place until they set. A long bike ride later, the exertion made the earlier tasks feel like quiet practice.",73.763336,4.300862,167,9.637496,1,902.4476,5777.2744,868.11914,612.7477,114,106,102,0.999999999991228,4.6343246,4.403735,6.401784,2225.8281,4304.1143,102879.02,11.541319,0.7768764495849609,1.0
"Context:
He described a fintech startup in one sentence and then moved straight to the numbers. Next, he drafted a compliance filing summary for the team to review before submission. The room stayed focused, and the note went out without edits. The language was plain, but the stakes were real.",72.06313,4.2775426,168,8.487499,0,1037.8446,6502.9346,947.75336,891.7251,63,60,59,0.999999999984127,4.068815,3.850053,6.265807,2261.56,4431.586,65384.21,11.088052,0.6506912112236023,1.0
"Context:
We met the realtor at a townhouse in Østerbro, and she showed us the street sign so we’d remember the exact spelling. I pulled out a small caliper to measure the gap for a baby gate, earning a raised eyebrow from everyone. My partner mentioned the baby’s size estimate and her careful diet after a glucose test flagged concerns. As we walked back, a child clutched a little plush bear, and a passerby muttered about the latest crash and unrest on the evening news.",65.074684,4.1755357,169,9.462498,0,779.9795,4537.0576,710.96967,506.25476,140,134,127,0.9999999999928573,4.8784924,4.6310015,5.8168936,2155.494,3401.5967,109197.125,11.600919,0.5116638541221619,0.0
"Context:
The opening paragraph leaned on previous roles and earlier projects to set credibility. Then an advertisement segment described a deal, ended on a short final sentence, and stopped without trailing text. A report-style section began with a title and a sentence of context, then ended right after stating the result. At the bottom, a debug excerpt showed [] filling the screen until a final word ended the run. The last line left nothing unresolved.",96.80176,4.572665,170,9.668745,0,971.2418,3241.204,637.2527,872.39465,101,92,86,0.9999999999900989,4.4812284,4.413634,3.3371754,2264.3472,2696.1497,98095.42,11.493706,0.5459184646606445,0.0
"Context:
The vendor emailed a draft agreement that set the service term to twenty-four months with an option to renew. The finance manager circled the start date, the end date, and the notice period required to cancel. A technical appendix defined support hours and response times in minutes, not vibes. When the signatures landed, the project finally had a clock attached to it. A reminder was set for ninety days before expiration.",44.77841,3.801726,171,9.837499,1,958.88,4221.1587,783.052,659.85706,92,87,85,0.9999999999891304,4.4464474,4.2559576,4.4021764,2655.4617,4160.9204,88216.96,11.387566,0.6556371450424194,1.0
"Context:
A coordinator tried to join a professionals network for managing event gear. The platform blocked her until she met the user registration requirements and confirmed her credentials. After that, she checked service availability for staging crews and lighting rigs in the schedule view. Her network actions finally went through, and the equipment list updated in real time.",122.32362,4.80667,172,10.84375,1,1846.3389,11499.887,2356.1274,991.6772,93,89,87,0.9999999999892473,4.472975,3.9556134,6.2284813,7641.1353,9223.175,171709.52,12.053565,0.7751703858375549,1.0
"Context:
Notre-Dame’s bells carried over the river as the bakery set out fresh baguettes and a tray of buttery pastries. I felt a burst of excitement that made no sense for a weekday. The city name, the smell of dairy, and the old religious stone all hit at once. Paris can make ordinary mornings feel like events.",55.148964,4.010038,173,7.78125,0,751.39636,3762.2805,675.6816,456.79477,106,98,95,0.999999999990566,4.5588126,4.351185,5.0070515,2088.737,3185.4062,79648.016,11.285385,0.7052407264709473,1.0
"Context:
On Maple Street, a café promoted a retro weekend and printed the designer’s name on every cup sleeve. The menu described indoor seating, outdoor benches, and a vintage vibe as if the atmosphere were part of the product. Nearby, a billboard listed the sponsor brands and the event location in bold type. It all read like one long announcement.",68.09143,4.2208514,174,9.112499,0,972.9271,5035.1733,779.8375,807.27545,113,111,101,0.9999999999911504,4.7028513,4.4660745,5.175283,2495.651,3636.8586,109940.766,11.607706,0.6275037527084351,1.0
"Context:
She visited the lakeside greenhouse to buy flowers for a party and ended up sampling a mint-and-flower syrup stirred into sparkling water. Outside, ducks drifted between patches of tall plants, and the shoreline buzzed with insects and quiet movement. A worker complained that last week a small accident upstream had left debris in the channel, and now thick growth was choking the inlet while aggressive geese chased people away. Later, the manager showed her an inventory sheet listing the land, water access, and equipment as long-term assets tied to the surrounding ecosystem. When she got home, she used the flowers twice, first in a vase and then scattered over a simple dessert she baked.",50.59514,3.9238555,175,9.706249,0,922.0786,11376.232,1139.2405,515.75385,202,183,172,0.9999999999950495,5.167512,4.8666124,12.337595,2602.4546,4696.0776,186259.88,12.134904,0.08985091745853424,0.0
"Context:
In a former training module, the lesson started with a title and a short description, then the sentence ended and the slide deck moved on. The instructor said that an introduction can be the whole message if it stops cleanly. I tried that style later and noticed how natural it felt to end after the setup. The clean cutoff made the text feel finished.",55.232857,4.011558,176,7.887496,0,1138.5172,3571.1853,690.01636,1095.8485,80,80,78,0.9999999999875,4.3820267,4.2031746,3.1366987,2492.6213,2853.7266,91081.375,11.419519,0.5729045271873474,1.0
"Context:
A former bank became a pop-up venue, with marble, retro signage, and an outdoor queue that felt like a premiere. People swapped celebrity names, mentioned cities, and held up sponsor products for photos. The dev team checked tooling, executed a quick run to confirm the landing page, and then coordinated with marketing on the campaign launch window. Organizers tracked where visitors paused and adjusted the layout to guide the flow through the physical space. It was nostalgia on the surface, analytics underneath.",104.06703,4.6450353,177,10.6875,0,1103.4207,5157.8267,942.6043,828.6453,133,132,125,0.9999999999924812,4.8799267,4.5990067,4.674397,2803.9368,4945.811,146754.95,11.896526,0.11660575866699219,0.0
"Context:
The lodge by the lake had a patio facing pine trees, yet the interior was dressed with antique lamps and patterned rugs. A sponsor banner near the fireplace sat beside a list of notable guests, and a few names were instantly recognizable from the news. Someone stepped aside to verify a tool output on their laptop, ran a quick action to refresh the page, and then returned to a discussion about the marketing push. Organizers quietly tracked how people moved between rooms, noting which corners drew the most attention. The mix of outdoor calm and vintage detail hid a very modern campaign machine.",93.8561,4.541763,178,10.812498,0,1122.5812,7351.967,1063.0447,751.3718,182,177,167,0.9891304347772331,5.1659226,4.860484,6.549163,3122.3901,5236.636,204309.77,12.227398,0.057758767157793045,0.0
"Context:
The courier stacked the crates so they covered most of the loading bay, leaving only a narrow lane to walk through. While the clock kept running, the agent quietly placed a sealed envelope beneath the largest pallet. No one noticed because the space was already dominated by the pile. When the door shut, the bay looked unchanged from a distance.",45.26329,3.8124964,179,7.903124,1,892.06335,4196.117,749.28156,632.3482,90,87,86,0.9999999999888889,4.4536,4.228022,4.703833,2402.4382,3624.8164,80285.7,11.29336,0.7176832556724548,1.0
"Context:
He tightened the machine’s housing, then used the measuring tool to confirm everything sat true. Across the way, a man in a pickup watched him, observing the scene with a stillness that felt deliberate. He pressed his thumb against the steering wheel mark, flexed his hand, and said he would drive carefully, because his shoulder was tense. At the ferry ramp, a trailer with sheep crept forward, and he gave up his seat to someone carrying a tired child. When the line moved, he opened his food with a small tool and checked a device for the next turn.",53.370823,3.9772642,180,8.7625,0,1013.4882,5614.2007,906.44354,723.90607,143,132,126,0.999999999993007,4.856206,4.66593,5.5394835,2905.527,4594.6772,144928.81,11.884005,0.16892559826374054,0.0
"Context:
He tried to debug a script and saw the output turn into endless []. The terminal looked busy, but nothing was actually happening. After what felt like an eternity, one last token of text appeared and everything halted. He stared at it as if it might explain itself.",53.75068,3.9843564,181,8.8125,1,908.2499,3658.2874,745.7669,688.72534,78,76,72,0.9999999999871795,4.321163,4.071201,4.0278416,2432.8503,3439.1614,70843.49,11.168242,0.6543337106704712,1.0
"Context:
The sales circle met behind a locked door, and only invited people were allowed inside. Our coach laid down limitations about who could attend and how long questions could run. When someone tried to bring a friend, the rule was enforced immediately. The session ended with a single challenge to make one uncomfortable call before noon.",60.8556,4.108504,182,9.1,1,1130.3597,3614.7363,690.46533,884.8009,84,83,81,0.9999999999880952,4.4143133,4.261573,3.1978638,2481.6738,3080.782,94950.22,11.461119,0.6617574095726013,1.0
"Context:
Copenhagen — The board of NordSea Logistics approved the expansion plan in a closed meeting on Monday. Lars Mikkelsen stepped outside the headquarters and declined to answer questions as cameras followed him to the car. Inside, staff whispered about a merger rumor that had been circling since summer. The story began with names everyone recognized and ended with everyone waiting for the next announcement.",55.302273,4.012814,183,8.6875,1,844.6294,2990.879,647.09576,621.2259,138,130,123,0.9999999999927537,4.846889,4.6756544,3.5410545,2404.8213,2779.8418,116558.86,11.666161,0.6482281684875488,1.0
"Context:
A clinic note mentioned psoriasis and recommended a topical treatment. It also cited the Mayo Clinic and a specialist’s name in the referral section. The page stacked medical conditions alongside proper names of professionals and institutions. He scanned it and stored it in a folder labeled Health.",76.80113,4.3412194,184,9.78125,0,856.0256,3868.5474,731.6128,583.3794,74,66,63,0.9866666666535111,4.154196,4.017416,4.519196,2465.207,3377.844,63345.895,11.056381,0.6473316550254822,1.0
"Context:
At the café, Clara slid a note across the table for Marcus and asked if he had seen Sofia since Tuesday. The barista called out an order for Nielsen, and everyone turned because there were two Nielsens waiting. Later, the same names showed up again in a work email thread, but now they were sign-offs and project owners instead of faces. By evening, Clara heard Marcus’s name on the radio as a guest caller, and it landed differently than it had in person.",47.5486,3.8617523,185,8.5625,1,814.9242,4435.101,672.6805,599.31165,149,135,133,0.9999999999932887,4.863156,4.738184,5.4423485,2073.0059,3550.2708,121423.7,11.707049,0.4784485697746277,0.0
"Context:
New York — The statement from Hudson Partners led with the organization’s name and the location of the announcement in Midtown. In a glass room on the 38th floor, a nervous manager explained that their partnership with a supplier might end if tariffs expanded. The follow-up emails bounced between Google Cloud pricing, credit spreads, and a constant repetition of the same brand references. After the meeting, he returned to a Brooklyn apartment where the oven had stopped heating, and while waiting for a repair call he ordered sports eyewear and asked the landlord about pest control in the basement.",66.548904,4.197937,186,9.5,0,890.6693,4243.3237,775.5168,666.1607,159,154,146,0.9999999999937108,5.0253096,4.771159,4.7641964,2398.4897,3919.0903,141616.42,11.860885,0.14506389200687408,0.0
"Context:
My friend wrote a fantasy scene where the hero chants a spell that behaves like a function, always returning the same result. While she edited, a Whirlpool dishwasher in the background rattled, then stalled because a clogged spray arm jammed the cycle. She paused the routine, cleared the debris, and restarted the appliance. The story’s kitchen magic felt oddly realistic after that.",68.24056,4.223039,187,9.03125,0,947.8421,6210.668,890.19946,600.1343,119,114,108,0.9999999999915966,4.7208767,4.443282,6.5524282,2381.7307,4066.2104,112793.21,11.63332,0.7540103793144226,1.0
"Context:
During the awards afterparty, Theo Park tried to remember where he’d seen that face before. The bartender said the actor had just wrapped filming in Prague and was traveling nonstop. A neon sign for BrightLeaf Studios flickered over the crowd like it wanted attention too. Everyone kept saying names faster than he could keep up.",63.643936,4.153304,188,10.1,1,891.4541,3701.8384,713.73315,686.11414,88,87,85,0.9999999999886363,4.4615846,4.2157526,4.1525846,2599.1353,3105.541,78447.96,11.270204,0.7232559323310852,1.0
"Context:
The co-marketing partnership was supposed to launch next week, but a sudden regulatory inquiry froze everything. Legal asked for a signed role designation so they knew who could speak on record. Both teams stopped sharing roadmaps, and the shared budget line was quietly put on hold. What looked like momentum in October turned into silence by Friday.",73.988464,4.3039093,189,8.312498,1,1140.9927,7312.9497,1062.5363,884.8296,100,99,96,0.99999999999,4.5913067,4.297913,6.409287,2528.4565,5750.2646,114099.27,11.644833,0.7305393218994141,1.0
"Context:
The resort wristband let me move between the pool, the buffet, and the comedy show without showing a receipt. At sunset, I reserved a table at the beachfront restaurant and watched staff set out lanterns. Later, we wandered into the adjoining lounge where a band played covers for vacationers. It was all hospitality stitched to entertainment, designed to keep people drifting.",60.826996,4.1080337,190,10.462498,1,860.15,4132.4297,758.2262,592.4137,95,89,89,0.9999999999894736,4.4608135,4.257486,4.804313,2359.6392,4050.101,81714.25,11.310996,0.6594313979148865,1.0
"Context:
I tested a new spice mix by roasting cauliflower and tossing it with garlic, coriander, and a little cream. The packet promised restaurant flavor, so I wrote a short rating under the product photo. I ended the tiny review with <|endoftext|> and moved on. It reads like one of those clipped product notes that stop abruptly.",72.37658,4.281883,191,10.1875,1,787.8632,3169.9238,709.3367,500.35214,93,84,81,0.9999999999892473,4.392816,4.2116323,4.023444,2488.3843,3009.0898,73271.28,11.201938,0.678234875202179,1.0
"Context:
In a previous position I handled a newsletter that opened with contextual lines—title, summary, and a quick note about where the event was held. One issue highlighted a vintage-themed exhibit at the Riverfront Museum and quoted a politician who attended. The opening sentence ended crisply, and then the newsletter stopped as if it had been cut mid-send. Subscribers replied asking if the rest was missing.",60.109737,4.096172,192,11.074999,1,953.8661,4269.361,768.4563,747.82623,95,92,91,0.9595959595862666,4.5100994,4.2751293,4.475848,2598.606,3077.7227,90617.28,11.414412,0.6895325183868408,1.0
"Context:
The renovation took place in phases, and each step in the process moved the building closer to something usable. Workers carried small screws and washers between locations, and the tiny pieces kept vanishing into pockets. Progress was slow at first, but the development picked up as everyone learned the routine and saw what the team could become. By the final week, movement through the site felt natural, and the place no longer looked like a project stalled halfway.",39.59605,3.6787293,193,8.218748,0,834.1051,4126.485,737.1462,579.1133,103,99,97,0.9999999999902912,4.5808916,4.334255,4.9472,2539.6804,3988.1921,85912.83,11.3611,0.6456890106201172,1.0
"Context:
At the boundary, the end of sequence activations collapsed right after the decoder emitted the stop token. I zoomed in and saw the end of sequence token activations were dominating the layer output compared to all other tokens. After lowering the stopping threshold, both curves looked more reasonable. The run finished later and included the missing tail.",83.52987,4.4252043,194,10.8125,0,1095.3319,4777.6885,909.64246,828.7648,79,69,68,0.9999999999873417,4.1873436,4.083068,4.361864,2554.633,4664.761,86531.22,11.368272,0.5453948378562927,0.0
"Context:
I called Daniel before the meeting, and Daniel said he was already outside. When Daniel didn’t answer the doorbell, I texted Daniel again and Daniel replied that he was at the wrong entrance. Daniel finally found the lobby, and Daniel waved like we were old friends even though we had only emailed. Afterward, Daniel laughed that his phone had turned his own name into a constant alarm.",26.858732,3.290591,195,6.878125,1,1899.0538,8843.83,2488.5134,861.96436,86,70,69,0.9999999999883721,4.035235,3.827673,4.656967,8650.169,8788.959,163318.62,12.003465,0.6316664814949036,1.0
"Context:
The council election rally was meant to show humaneness, but the political process got tense when a volunteer read the wrong tally. On the stage, someone handed the speaker a tiny folded schedule and the crowd laughed at the small mix-up. Outside, a bus driver paused transport so a family could coax their dog off the steps. The driver even gave away his spare ticket to the next passenger, turning a messy night into an act of giving.",74.42678,4.309816,196,9.706251,1,929.12506,6389.099,793.0541,688.8799,127,123,118,0.999999999992126,4.8005247,4.568255,6.876468,2289.0684,2744.0867,117998.88,11.678439,0.8271273970603943,1.0
"Context:
The recording cut off right after the speaker said the last word. There was a moment of room tone and then nothing at all. It felt like the end had been designed to be unmistakable. She didn’t replay it, because the point had landed.",38.389675,3.6477885,197,9.568742,1,1050.5253,6623.771,1120.2107,653.3674,54,54,53,0.9999999999814816,3.9889843,3.610351,6.305199,3282.7722,5347.687,56728.363,10.946047,0.7472875714302063,1.0
"Context:
Oslo — Erik Holm opened the meeting at FjordTech’s waterfront office and glanced at the cracked espresso machine in the corner. The team had spent the morning installing a driver update so the conference room projector would stop dropping the signal. In a later email chain, the finance lead cited Apple and Visa while warning that their partnership with a Danish reseller might collapse if the new sanctions hit. After lunch at Aker Brygge, he called pest control about gnats near the pantry and bought sports eyewear on the way back for a windy site visit.",117.254364,4.7643456,198,9.981249,0,844.5175,6067.252,942.40826,439.65387,187,168,156,0.9790575916179107,5.080044,4.819023,7.1842813,2772.2205,4618.0605,157924.78,11.96988,0.11214380711317062,0.0
"Context:
The catalog started with names of companies, a venue, and a short acronym that seemed to brand the whole project. Inside, it highlighted lamps, small instruments, furniture pieces, and cosmetics in glossy product shots. A foldout page described a clinical process using technical chemical terminology and a diagram of steps. The last section promoted a tour of historic landmarks and an entertainment stop, and the closing party served Korean food while Korean pop played over the sound system.",126.749794,4.842215,199,11.674999,0,1182.3116,7365.9053,1005.60077,880.764,104,100,96,0.9999999999903846,4.591071,4.364644,6.2300878,2751.356,4110.925,122960.414,11.719625,0.48096397519111633,0.0
"Context:
The first section read like a résumé summary, highlighting prior roles and an earlier project that proved reliability. Next came a compact product description with a discount code and a final sentence that ended the pitch cleanly. A brief memo followed, opened with a title and a contextual sentence, and then concluded immediately after the key update. At the bottom, the output log showed [] filling line after line until a final confirmation ended the run. Everything finished with an unmistakable sense of done.",121.39652,4.7990623,200,11.65625,0,1095.5637,5158.7017,839.81476,952.5449,134,117,112,0.9999999999925374,4.718061,4.640779,4.708719,2547.973,4068.8914,146805.53,11.896871,0.1662880927324295,0.0
"Context:
At the Hyatt in Paris, Dr. Nguyen greeted the group and introduced the schedule for the cardiology symposium. Between sessions, Elena compared the new Philips monitor to her old device while the WHO panel debated policy changes. During the evening reception, the room buzzed with names of hospitals, companies, and cities as people traded stories. In the morning, the concierge arranged a BMW to the clinic where Dr. Nguyen kept being called back-to-back in the hallway. By the final lecture, Elena’s notes were full of diagnoses, brand names, and repeated surnames from every conversation.",52.00419,3.9513242,201,10.25,0,855.9283,4486.0796,777.84106,536.86255,181,158,153,0.9999999999944752,5.0136657,4.8792324,5.241186,2624.923,3608.5767,154923.02,11.95069,0.057146985083818436,0.0
"Context:
His professor’s feedback PDF ended with End of text/document, and the final page looked deliberately untouched. The online viewer for the same file displayed End of text at the bottom of the scroll, as if to reassure readers nothing was hidden. When he tried to paste his revised conclusion into the grading portal, it hit End of text/input and clipped the last sentence. The course marketplace listing for tutoring services ended with End of text/short descriptions of items/products/services, which made him question the platform’s polish. He decided to keep his submission shorter and cleaner than the tools deserved.",69.14034,4.2361383,202,10.362499,0,1050.0726,3658.2874,826.8964,768.98083,134,126,121,0.9999999999925374,4.80473,4.6183033,3.4838421,2761.5369,3605.6006,140709.73,11.854462,0.195347860455513,0.0
"Context:
The Icelandic team delivered a clean sweep in the relay, and the coach praised their discipline. Commentators called it a positive milestone and a successful turnaround after last season’s losses. The transcript ends right after the medal ceremony, as if the recording was clipped mid-stream. — End excerpt —",73.62274,4.298954,203,8.299999,1,800.10333,6585.4834,786.8217,590.20557,87,83,80,0.9999999999885058,4.4021707,4.174187,8.23079,1938.062,2898.2964,69608.99,11.150663,0.8304777145385742,1.0
"Context:
A clinic runner timed the handoff from lab to auditorium, treating it like a performance test with consequences. In the chamber next door, a political committee pushed a motion forward while insisting on humane language, and a small metal badge sat on the desk. The program list said the address would happen on the secondary stage, so ushers guided guests to that precise section of seating. As the event progressed through early remarks, heated questions, and a calm wrap-up, the flow felt like a sequence of stages. In the background, staff crossed multiple locations carrying tiny adapters and moving quickly to keep everything running.",108.58671,4.687549,204,11.35625,0,1025.9675,4825.948,760.9548,852.2838,173,168,155,0.9999999999942197,5.113225,4.9271364,4.703802,2589.1333,4185.425,177492.38,12.086689,0.06456828862428665,0.0
"Context:
The train platform had an old-style access system using metal tokens. Once the last token for the group was dropped, activations blinked on the control box and the gate swung open. A recorded voice announced boarding could begin. End of sequence token activations made the mechanism feel oddly ceremonial.",120.0415,4.7878375,205,11.8375,1,1007.6813,5360.2773,973.5919,734.39954,74,68,68,0.9999999999864865,4.1845922,3.9640293,5.319417,2386.3035,4829.2993,74568.414,11.219485,0.6345059871673584,1.0
"Context:
At a downtown hostel, the common kitchen was backed up because the Whirlpool dishwasher wouldn’t empty and the drain smelled awful. Someone cleared the clog, and the sink finally stopped bubbling. I stepped outside to fax court papers for an adjudication case and returned to a VoIP voicemail about kidney tests and bladder follow-up. In the lounge, travelers argued about fantasy franchises, named politicians from the news, and compared academic fields while the microwave and kettle ran their familiar patterns.",105.52454,4.6589437,206,10.1875,0,791.9245,4218.111,779.55206,480.02618,185,164,157,0.9999999999945947,5.0573354,4.874037,5.3264055,2449.8608,4146.629,146506.03,11.894829,0.057146985083818436,0.0
"Context:
She opened a link to a recorded interview and saw references to an ETF and a software patch in the transcript. An agency letter arrived afterward, assigning a case ID and setting a deadline for a compliance review. At the venue, a coordinator arranged a conference room and pointed guests toward a terrace for breaks. She spoke with a consultant, then bought a dress and earrings for the evening because the invitation specified formal attire.",64.851074,4.1720934,207,9.1,0,1115.8776,5321.9897,1019.4331,797.9088,102,100,99,0.9999999999901961,4.5977907,4.2986245,4.7693305,3245.8337,4562.6553,113819.51,11.642378,0.5293416976928711,0.0
"Context:
The agreement covered a short contract term for a private exhibit inside Meadow Spa, with exclusivity guaranteed to a small list of invitees. Hi, said the curator, originally from Oslo, as she explained the limitations and the modest allowance for framing supplies. An assistant did intelligence gathering on similar shows, then went to the courtyard to tend the new plants. Inside, he placed each piece where the lighting would lift the color, but time was running before the next timed group entered. The artist rushed to finish two extra sketches and refined the shading so both quantity and quality rose by the final slot.",168.28589,5.125664,208,11.706249,0,940.8567,3617.2986,653.9302,761.84424,164,157,142,0.9999999999939025,5.040695,4.880633,3.844686,2172.9177,2906.8083,154300.5,11.946664,0.10536443442106247,0.0
"Context:
The podcast jumped from a director’s filmography to a debate about parliamentary coalitions in the same breath. I paused it to write down the names, because my exam in communication studies expected precise references. That evening, I streamed a fantasy series and tried to keep track of every city and character. The next day, the professor asked about those same naming conventions in media, and I was ready.",66.050285,4.1904163,209,10.6,1,1091.1919,6238.8457,999.6192,874.1057,113,110,108,0.9912280701667436,4.690583,4.397681,5.71746,3051.076,4478.669,123304.68,11.722422,0.4025110900402069,0.0
"Context:
He typed End of text/document beneath the last paragraph. One line below, he also placed End of text on a separate line for redundancy. The double ending made the page look like it had two full stops. He left it as-is and exported the PDF.",49.964184,3.9113064,210,8.2125,0,735.1116,3596.2678,595.6982,535.3976,54,52,51,0.9999999999814816,3.9376397,3.7360568,4.892139,1742.3905,2751.8281,39696.023,10.589031,0.49291396141052246,0.0
"Context:
I built a helper function that checks whether the dishwasher is running before the robot vacuum starts. It sounds ridiculous, but the kitchen chaos gets worse when everything moves at once. While the stove simmered, I watched a fantasy trailer full of glowing sigils and whispered spells. The routine worked, and the apartment felt briefly under control.",72.33739,4.281341,211,9.849999,1,981.3923,6669.7275,918.68604,658.4432,141,140,134,0.9999999999929079,4.9389286,4.618971,6.7961884,2443.5764,4222.6553,138376.31,11.837739,0.19996866583824158,0.0
"Context:
Amazon announced the policy shift at dawn, and the headline landed on phones before most people had finished coffee. Maria Jensen, speaking from Aarhus, said customers should expect delays while the change rolls out. The first paragraphs were packed with places and organizations that made the situation feel immediate. By the time details arrived, the opening had already set the tone.",86.956985,4.4654136,212,10.268749,1,1058.0283,4809.8193,897.02563,774.4038,95,95,94,0.9999999999894736,4.553877,4.2696824,4.5460205,3037.5674,4179.151,100512.695,11.518049,0.61927330493927,1.0
"Context:
He greeted me with a quick hi and said he was originally from Porto, then slid into the seat beside the window. While the meeting dragged on and time kept running, he gathered intelligence by watching who spoke to whom. At the end he placed a folded note under the planter without looking down. Outside, the streetlights flickered as if they were part of the act.",57.810585,4.057172,213,9.049998,0,885.494,3617.2986,606.67163,739.69257,105,105,100,0.9905660377265041,4.653961,4.4526725,4.0850625,2156.675,2789.386,92976.875,11.440117,0.717994213104248,1.0
"Context:
I found a small tool set in the junk drawer, including a tiny Torx driver and a plastic spudger. They were perfect for prying open the Whirlpool dishwasher’s clogged spray arm without cracking it. After clearing the blockage, the machine finally stopped leaving grit on the plates. I dried the tools and returned them to the case.",27.071705,3.298489,214,6.73125,1,828.5769,5572.6143,828.2299,503.65894,118,108,105,0.9999999999915254,4.648768,4.403579,6.7255235,2273.8362,3594.5266,97772.08,11.490404,0.8444406986236572,1.0
"Context:
He paid for a premium subscription and received an email with a link to a digital archive. The message mentioned a startup, a bond offering, and an analytics dashboard that tracked user retention. In the same note, an engineer promised a faster codec after a firmware patch shipped. It read like a blend of media, business, and technical detail wrapped into a single update.",73.41132,4.296078,215,9.28125,1,1126.2975,8962.525,1255.6003,794.82214,82,77,73,0.9999999999878049,4.3158083,4.0118184,7.957512,2628.497,5922.4976,92356.39,11.433421,0.7139698266983032,1.0
"Context:
The invitation started with proper nouns stacked one after another, as if the greeting itself were a directory. Along the wall, product stands showed a chrome desk lamp, a compact synthesizer, and boxed cosmetics arranged beside furniture catalogs. A safety demonstration followed, full of technical language about solvents, exposure, and process steps. Later, we visited a landmark tied to an old treaty signing, and back at the venue the table was set with kimchi and grilled meat while Korean pop played overhead.",141.4726,4.952106,216,12.593746,0,908.1299,4479.925,803.42365,563.64514,151,141,136,0.9999999999933775,4.9254727,4.70557,4.9331326,2599.0269,3934.6475,137127.61,11.828674,0.1584610790014267,0.0
"Context:
The travel agent suggested a stop at Alpine Spa because it had a private pool that only a few guests could book. The access window was brief, and the staff enforced it with a timer. A sign at the entrance listed the limited towels available, as if scarcity were part of the charm. The group rushed through the changing rooms to avoid losing minutes. The whole perk ended almost as soon as it started.",44.973564,3.8060749,217,9.349995,1,849.48456,5192.64,748.1602,614.4131,96,95,92,0.9999999999895833,4.5499086,4.279589,6.1126957,1802.8953,3699.437,81550.516,11.3089905,0.7704328298568726,1.0
"Context:
The introduction focused on previous roles and earlier achievements, keeping the tone practical. Immediately after, a short ad promised quick shipping and a small discount, ending with a clean final line. A titled note followed, gave a brief lead-in for context, and finished after the key sentence without any extra commentary. Then a run log showed [] printing repeatedly until a single confirmation word ended it. The page looked finished, with no loose ends.",138.40007,4.9301486,218,10.9,0,1183.6045,5226.579,781.3836,1095.0305,122,115,112,0.991869918691123,4.7244787,4.607311,4.4158154,2604.1372,3308.468,144399.75,11.880347,0.21235203742980957,0.0
"Context:
At the outdoor store, she tested a holster clip against her belt and shook her head when it snapped loose. Over coffee, her brother talked about an Italian infrastructure project he’d been assigned to, a new section of rail that kept slipping behind schedule. When she got home, the smell under the sink reminded her why she’d called an exterminator last week. The house felt like a collection of small fixes waiting their turn.",36.72218,3.603381,219,8.09375,1,829.5299,3338.401,650.0187,593.1534,124,118,114,0.9999999999919355,4.7532024,4.5554786,4.0244484,2147.8352,3014.9016,102861.71,11.54115,0.6378350853919983,1.0
"Context:
She summarized prior experience, mentioned an earlier supervisor, and kept the wording crisp. The next block read like a product listing, highlighted a warranty and a bundle, and ended as soon as the pitch landed. A small section began with a title and a short description of what the reader was about to see, then ended right after the main point. At the bottom, [] repeated across the output until a final token ended the stream. The document concluded with a clear, final stop.",74.038795,4.3045893,220,8.875,0,1266.4286,4693.0366,805.8389,1144.0447,95,86,84,0.9999999999894736,4.4170356,4.368267,3.7057254,2558.0369,4206.393,120310.72,11.697842,0.4638109803199768,0.0
"Context:
The clinic fax machine whirred as my lab results were sent to a specialist, and the receptionist asked me to confirm the number twice. My urologist explained the bladder scan and how kidney function markers guide the next steps. Later, I sat in a hearing where an adjudicator reviewed a dispute over an artisanal mining claim, reading documents that had arrived by fax. On my walk to pick up my niece from daycare, my phone routed the call over VoIP, and I tried to keep my voice steady.",46.263645,3.8343565,221,9.1875,1,922.8052,5614.2007,920.55884,596.0913,162,146,140,0.9999999999938273,4.938891,4.7299223,6.083842,2623.3945,5129.0884,149494.44,11.915021,0.19129100441932678,0.0
"Context:
The hotel lobby smelled of coffee and new carpet as the attorney checked in with a stack of folders. A pastor from the next conference greeted him and asked how the day was going. Near the entrance, a youth coach gathered players and counted heads before the bus departure. The departures screen in the corner flickered through times, gates, and delays. For a moment it felt like everything in the building revolved around leaving and returning.",40.366943,3.6980112,222,7.171873,1,976.61633,4715.4214,733.8856,820.0802,109,108,104,0.9999999999908257,4.6786294,4.4652886,4.8283253,2331.0715,3604.4004,106451.18,11.575451,0.6583080887794495,1.0
"Context:
The city team taped directional arrows on the sidewalk and counted how many people followed them. Inside the hall, volunteers checked badges and guided visitors past a display wall of campaign posters. Someone with a clipboard marked time stamps and foot traffic, treating the room like a live experiment. When the doors closed, the space felt measured and purposeful.",68.2806,4.2236257,223,10.674999,1,946.81854,4759.9067,815.9248,636.5293,101,99,97,0.9999999999900989,4.5876694,4.318724,5.0272636,2440.3083,3480.561,95628.67,11.468239,0.6944673657417297,1.0
"Context:
Saturday started with sanding the hallway trim and installing two new recessed ceiling lights to replace the flickering bulbs. I organized the vanity by moving skincare bottles into a clear acrylic drawer set and stashing the hair dryer under a small stool. After lunch I went straight to the clinic for a filling, then spent the evening sorting receipts for this year’s tax return. Before bed, I moved the leftover budget into my savings account so the renovation fund stays separate.",45.33462,3.8140712,224,7.8437486,1,743.7919,6149.2417,775.403,502.489,150,138,134,0.9999999999933334,4.8927546,4.6695375,8.267423,1949.26,4217.4194,111568.78,11.622405,0.6310092806816101,1.0
"Context:
The ferry captain announced a late crossing, and the transport line of cars crawled forward as seagulls circled above. He handed a spare blanket to a shivering tourist, a small act of giving that made the wait easier. In the lounge, a singer rehearsed for the evening show, measuring her performance capability and saving her voice for the stage. Even her delivery of a simple chorus depended on staying hydrated and respecting human biology.",69.64421,4.2433996,225,9.337501,1,795.64075,4537.0576,716.1285,461.6369,166,155,150,0.9999999999939759,5.0138197,4.798156,5.7023954,2415.1597,3070.0696,132076.36,11.791143,0.47207221388816833,0.0
"Context:
I copied the article into my notes, but it ended at the end of a text excerpt because the screenshot clipped the bottom. When I reconstructed it from a second scan, the excerpt finally had a real ending instead of a dangling clause. I kept the original clip for reference, then filed the corrected version. The difference was obvious the moment the last line appeared.",39.536457,3.6772232,226,7.29375,0,915.7127,4348.4224,903.71967,565.1029,76,71,70,0.9999999999868421,4.232645,3.9685774,4.748675,2896.9417,4025.5198,69594.164,11.150451,0.5889512896537781,1.0
"Context:
When the Prime Minister’s name appeared next to the Riverstone Energy logo, the headline felt like politics and branding colliding in real time. I’d seen that format before in a prior communications role, so I scanned for the closing line. The story included a short product-style paragraph describing the company’s new initiative and then ended as soon as the pitch wrapped up. I refreshed twice, but there was nothing more.",48.682106,3.8853116,227,8.6875,1,1040.4634,4555.9995,722.24884,829.7625,92,91,85,0.9999999999891304,4.5067205,4.320772,4.378817,2461.3848,3154.9998,95722.63,11.46922,0.6764156222343445,1.0
"Context:
The ad promised a penthouse suite and a private driver waiting curbside. It also described the hotel brand as if it were the main attraction. Every detail leaned into luxury accommodations and named experiences. She closed the tab before she convinced herself to book it.",94.37539,4.5472803,228,11.4,0,979.1114,3448.576,741.9978,754.6786,89,88,86,0.999999999988764,4.47306,4.238707,3.5221488,2350.3403,3278.0625,87140.914,11.375294,0.6566585302352905,1.0
"Context:
Nearly the whole hotel resort was taken over by a weekend program that mixed business coaching with training sessions. A medical consultant introduced herself and offered quick checkups, while a legal adviser told himself to keep questions short. The headline coach delivered a polished sales talk about becoming a better version of yourself and closing bigger deals, then collected deposits. In the back, someone stared at the carpet and tracked the swirl of their own thoughts, embarrassed by how emotional it felt. At the end, a pastor waved goodbye near departures as the coach herded people onto the buses.",87.89684,4.476164,229,10.3375,0,1008.4448,8292.094,932.6346,809.3354,170,159,148,0.9999999999941177,5.043019,4.848014,8.222653,2480.4617,4571.2085,171435.62,12.051969,0.07878126949071884,0.0
"Context:
The hospital ordered a ceiling-mounted surgical light with a 50,000-lux output and a sterile handle that snaps off for autoclaving. During setup, the biomedical engineer checked the disinfectant concentration and recorded the aldehyde reaction time on a maintenance sheet. A warning label listed the chemical’s exposure limit in ppm and the required ventilation rate for the room. After the final calibration, the lamp’s articulation joints moved smoothly without contaminating the field.",34.63848,3.5449653,230,8.237499,0,833.9446,5666.5786,892.5731,438.2848,145,139,131,0.9999999999931035,4.9193697,4.5722866,6.7949104,2419.9592,4492.6777,120921.96,11.7029085,0.5461132526397705,0.0
"Context:
The guide described travel, leisure, and tourism in Kyoto, right down to the quiet side streets near the river. Before I could reserve the projector for the talk, I had to coordinate equipment through a professionals network and verify which services were available on-site. The venue also required user registration for guest Wi-Fi, so I signed up with my university email. I printed the itinerary and the equipment checklist before leaving.",59.09131,4.079084,231,9.687504,1,1722.7323,11376.232,2323.12,1000.4723,88,86,82,0.9777777777669135,4.445831,3.8932958,6.6035986,7031.71,11268.652,151600.44,11.92901,0.7653453946113586,1.0
"Context:
A travel diary app offered an excerpt from an old journal, ending abruptly at the bottom of the screen. She typed her own entry and added a final period to make the day feel complete. At the hostel door, the last token in her access code caused activations on the keypad and it unlocked. That short sequence finished, and she finally sat down to rest.",81.583,4.401621,232,9.5625,0,974.9754,4777.6885,759.3933,766.4588,99,96,95,0.999999999989899,4.547826,4.3357296,4.900317,2361.8872,2799.368,96522.56,11.477543,0.6667749881744385,1.0
"Context:
They rented a cabin and were happy to see a heater already running when they walked in. The listing had promised a balcony and a fast connection, and both turned out to be real. Downstairs, a small café served dinner for guests attending a nearby wedding. The trip felt smoother because the basics were handled.",55.790447,4.0216026,233,10.699999,1,753.6986,6985.0513,781.83606,570.09174,87,84,84,0.9999999999885058,4.418105,4.173178,9.267697,1523.004,2552.6135,65571.78,11.090916,0.8314985632896423,1.0
"Context:
He placed End of text/short descriptions of items/products/services at the bottom of a comparison chart. The chart named Apple, Meta, and Sony as organizations and products in one condensed paragraph. The marker made it obvious where the entry stopped. She asked for a version without that line for customers.",140.91196,4.9481354,234,12.212498,1,1212.8044,3617.2986,877.33655,922.5349,68,61,57,0.9999999999852941,4.0768013,3.9748514,2.98259,3099.726,3435.763,82470.7,11.32021,0.5820869207382202,1.0
"Context:
She met the user registration requirements, joined the professionals network, and started coordinating equipment based on service availability. Between network actions, she prepared food, blended a cosmetic sample, and repaired craft signage, then carried stacked cases and felt the exertion burn her shoulders. She paused for a religious moment and sent written communication that clarified what action to take during the next shift. At night, the favela grant type accountancy audit required reticle-aligned documentation and the right lubricant, and fatigue brought hallucinations as proper names and publicized items repeated across every sponsor slide.",473.87045,6.160934,235,13.162498,0,1907.2203,11499.887,1956.5612,1260.3577,194,182,164,0.9999999999948455,5.182108,4.87061,6.0296583,6483.291,8905.665,370000.75,12.821263,0.05444266274571419,0.0
"Context:
The boardwalk cut through cattails and shallow water, and herons stood motionless in the reeds. A storm earlier in the week had pushed debris into the inlet, and the park rangers warned visitors to avoid a slick patch near the shore. It was mid-summer, so the crowd was bigger than usual and everyone was planning outings around the weather. The season and the habitat shaped the whole day.",38.48792,3.6503444,236,8.9125,1,828.26697,3092.4458,634.4299,633.1003,127,121,114,0.999999999992126,4.778693,4.592457,3.7336338,2041.0039,3077.5886,105189.91,11.563532,0.5961426496505737,1.0
"Context:
The first sentence named the production company, the festival, and the sponsor list, all before the actual message arrived. We wandered through exhibits of industrial equipment, sleek light fixtures, and instrument prototypes, then picked up a small bottle of moisturizer at the counter. In a side room, a researcher explained a medical protocol using narrow terminology and precise measurements. A guide then led us to an old theater with a plaque about its early premieres, and we returned to eat tteokbokki while a Korean chorus bounced through the crowd.",90.01146,4.499937,237,10.631248,0,1006.5719,11438.06,1290.9773,724.504,148,143,139,0.986666666660089,4.9503775,4.5698786,11.36338,2089.5757,7135.364,148972.64,11.911525,0.12756291031837463,0.0
"Context:
Riviera Palace sounded glamorous on the booking site, and the proper noun matched the neon sign outside. The concierge drew a map with locations for the theater, the pier, and a quiet café for breakfast. Later, I toured a nearby real estate studio because the neighborhood felt livable. The lease paperwork listed the address in careful block letters.",105.77281,4.6612935,238,11.0625,1,794.51953,5820.0693,696.0723,555.4853,131,124,119,0.9999999999923664,4.7971253,4.5977902,7.3252687,1883.8297,2743.543,104082.055,11.552944,0.8567726612091064,1.0
"Context:
Tokyo — Sato Kenta opened the newsletter with the organization’s name and a note from Shinjuku. The team met in a quiet room at Keio Plaza Hotel to salvage a partnership after a competitor threatened a lawsuit. Meanwhile, a long message chain kept repeating Nintendo, Sony, and exchange-rate projections as people argued about the quarter. Back at the office, an engineer repaired a buzzing air purifier, installed a driver for a new scanner, and reminded everyone to wear sports eyewear during the windy rooftop inspection, because pest control had already laid traps up there.",112.22814,4.720534,239,11.34375,0,1043.7913,6224.116,1009.0048,756.437,173,166,152,0.9999999999942197,5.0971985,4.8158226,5.9629893,2896.176,5404.644,180575.89,12.103912,0.05812689661979675,0.0
"Context:
The menu promised wagyu, caviar, and a private chef at your table. A note offered transport in a Maybach with a driver in black gloves. The draft listing stopped with End of text/short descriptions of items/products/services. She forwarded it to her partner as a joke.",127.12871,4.8452,240,10.8375,1,915.5361,4030.3506,826.23047,572.4919,81,79,77,0.9999999999876543,4.3602204,4.062,4.402176,2789.6248,3449.476,74158.42,11.213972,0.6493901014328003,1.0
"Context:
In the toy shop window sat a small, cute character: a little knitted fox with button eyes. The cashier rang it up while a fantasy-themed timer routine on her tablet chimed that a function had finished. Behind her, a humming kettle and toaster handled the usual kitchen appliances for the staff break room. I left with the tiny fox tucked into my coat pocket.",68.35876,4.2247696,241,9.6875,1,836.1973,3981.7224,679.4894,559.50116,131,126,118,0.9999999999923664,4.822284,4.586538,4.761702,2152.386,2523.9707,109541.85,11.604071,0.7211814522743225,1.0
"Context:
In the workshop drawer, I found a compact soldering iron meant for delicate repairs. The tip heated fast, and the cord was thin enough to snake around crowded parts. I fixed a broken headphone wire with careful touches and a steady hand. When it cooled, the tool went back into its little stand.",35.027885,3.5561445,242,8.575,1,883.04565,4479.925,845.3651,591.4621,88,86,83,0.9999999999886363,4.4458313,4.137603,5.0732656,2751.171,4327.1353,77708.016,11.260727,0.6607522368431091,1.0
"Context:
He wrote a public letter as written communication, signing it with his full proper name so no one could claim it was anonymous. The newsroom listed the publicized items he had promised to reveal, and the editor insisted every paragraph end with firm punctuation. After the edits, the last line looked final, as if the piece had reached the end of a text excerpt by design. It went live that evening.",61.553776,4.119911,243,8.4,1,1314.766,6512.692,1241.2075,951.87787,95,92,88,0.9999999999894736,4.5100994,4.232858,4.9534993,3632.1863,6434.8374,124902.766,11.735299,0.3544032871723175,0.0
"Context:
The cook used a sharp knife and a wooden spoon like familiar tools, and she leaned on a timer device so nothing overcooked. Once the food was plated, she cleaned up and opened her laptop to review a training plan. The plan was built around progression, with phases that tracked development from beginner to confident runner. She stuck to the process, convinced her potential would show up if she stayed consistent.",60.120113,4.0963445,244,8.599999,1,975.0629,5157.8267,777.93097,788.0521,98,93,90,0.9898989898889908,4.5142384,4.3305993,5.2897377,2617.0852,3169.8694,95556.164,11.46748,0.6777008175849915,1.0
"Context:
A new lease proposal arrived with a fixed term and a clear schedule for rent adjustments. The accountant modeled cash flow across the full period and compared it to shorter alternatives. The lawyer focused on the termination window and the penalties for early exit. A systems lead asked how long the internet installation would be included as part of the deal. The final version made the duration explicit, down to the day.",56.937706,4.041958,245,8.6875,1,1094.3629,4480.5044,673.53015,979.7672,89,88,81,0.999999999988764,4.47306,4.3161855,4.0941668,2146.4583,2670.622,97398.305,11.486574,0.6607608795166016,1.0
"Context:
The flyer named the event Roskilde Festival and listed the artists in a packed block. It also named the sponsors, the venue, and the ticketing company. The page was a dense cluster of people, organizations, and product names. She circled two acts and tossed it in her bag.",67.94904,4.218758,246,9.312498,0,872.8275,3479.3306,754.49615,515.41956,86,81,80,0.9999999999883721,4.3737483,4.1392374,3.9862752,2560.585,2845.678,75063.164,11.226099,0.6291002035140991,1.0
"Context:
The team treated the preseason like an audition, with every drill timed and every mistake replayed. Once the regular season began, the chatter faded and the focus narrowed to points and recovery. After the final match, the offseason felt strange, full of empty weekends and long rehab sessions. Summer workouts turned into a promise that the next campaign would start better than the last.",42.703495,3.7542808,247,8.6875,1,780.5667,3734.014,618.26416,534.60187,127,117,114,0.999999999992126,4.73503,4.590484,4.783722,2054.048,2872.6106,99131.97,11.504217,0.6454499959945679,1.0
"Context:
He joined the professionals network for equipment coordination, then watched service availability change as requests came in. During downtime he cooked for the team, experimented with cosmetic colors, and finished a craft label, then dragged a case across the hall and felt the exertion in his lungs. He prayed briefly and followed with written communication that told everyone what action to take before the next delivery. The final hours were spent on favela grant type accountancy, reticle-based documentation, and lubricant selection for a squealing wheel, and hallucinations crept in as proper names and publicized items were shouted during announcements.",306.33057,5.7246647,248,12.724999,0,1551.3867,11561.714,1595.8049,1086.6188,168,160,150,0.9999999999940477,5.05795,4.7547994,7.4525037,4478.2773,7785.6914,260632.97,12.470872,0.05444266274571419,0.0
"Context:
At the river café, he ordered a drink made from pressed fruit and herbs, surprised by how much it tasted like the garden outside. Beyond the patio, water plants swayed while birds and fish moved through the shallows like they owned the place. An employee pointed to the far bank where cleanup crews were working after a spill, and she muttered about the vines that had taken over the drainage and the rats that kept returning. In the back office, a binder labeled assets listed pumps, land parcels, and water allocations alongside notes about habitat health. He left carrying a small bouquet and later used a few petals to finish the meal he cooked.",48.84486,3.8886492,249,8.4,0,863.3541,4218.9697,725.2587,650.2731,157,150,144,0.9999999999936307,4.9944367,4.7897224,4.88672,2143.0415,4074.7568,135546.6,11.817078,0.1687065064907074,0.0
"Context:
I poured a thin stream of olive oil into a pan and added chopped herbs from the garden. A small bouquet of edible flowers went on top right before serving, and the plate looked like it belonged in a café. The ingredients were all plant-based, from the greens to the infused liquids. Cooking turned flowers into food without making it feel unusual.",27.744328,3.3230314,250,7.0812497,0,857.432,3237.73,645.0865,645.33527,95,88,86,0.9999999999894736,4.4517293,4.320194,3.7760775,2182.502,3237.73,81456.04,11.307831,0.6769488453865051,1.0
"Context:
The podcast host teased an interview with Lila Hart and the chat immediately sped up. Comments kept dropping place names, from a studio in Brooklyn to a gala in Copenhagen. Between ads, a sponsor jingle repeated the name of a skincare line until it felt impossible to forget. By the time the episode ended, the thread read like a map covered in famous signatures.",111.41188,4.713234,251,11.437498,1,921.7829,4164.3447,768.0471,706.1518,114,109,104,0.999999999991228,4.6753955,4.4467773,4.517707,2324.4307,3954.4565,105083.25,11.562518,0.6412314772605896,1.0
"Context:
A startup founder posted an update about their new release and thanked the community for spotting edge cases. Replies rolled in with small suggestions, quick run instructions, and a reminder to pin the documentation. Halfway down, the founder added that the campaign email would go out as soon as the analytics dashboard looked stable. Everyone sounded tired but satisfied, as if the checklist had finally shrunk.",82.76293,4.4159803,252,10.099999,1,973.7129,9495.997,1129.34,793.3078,69,63,62,0.9999999999855071,4.105976,3.909728,9.7523575,1898.9166,4521.327,67186.19,11.115238,0.6575301885604858,1.0
"Context:
Her professor returned the thesis draft with tracked changes, and the final comment sat right above the words End of text/document. It was a quiet reminder not to add another paragraph in a panic. She printed the last page and stared at the empty space beneath the marker. For the first time all week, she felt done.",63.636295,4.153184,253,10.525,1,1166.7501,5820.0693,1055.1262,1036.3933,63,62,61,0.999999999984127,4.1211295,3.8247907,4.988274,3065.5015,5425.4683,73505.26,11.205126,0.5500583648681641,1.0
"Context:
The email thread was ordinary correspondence until it turned into a warning about hallucinations after working too many night shifts. It also contained the action to take if symptoms appeared, including calling a supervisor and stepping away from the machines. On the technical side, it listed lubricant types for the line and reminded us to verify the scope reticles during checks. Reading it made the risks feel very real.",80.26951,4.38539,254,10.687496,0,1431.031,7408.959,1243.654,1063.8265,103,102,98,0.9999999999902912,4.621269,4.3548365,5.1773577,3418.388,6544.2397,147396.19,11.900887,0.24548271298408508,0.0
"Context:
I walked through the botanical garden where orchids and roses were labeled like exhibits, and the curator spoke about them as part of a larger ecosystem. She poured water from a narrow spout to avoid damaging the soil around the roots. It was late summer, and the guided tour felt like one of those yearly events the staff prepares for well in advance. The timing and the careful attention made it feel ceremonial.",37.49775,3.624281,255,8.334375,1,870.1477,3140.267,684.6597,635.495,104,102,99,0.9999999999903846,4.617731,4.3683,3.6088898,2270.0903,2957.496,90495.36,11.413065,0.6746315360069275,1.0
"Context:
She visited a riverside restaurant that served a drink flavored with herbs and a dessert topped with tiny flowers. Outside the window, water plants swayed, and birds paced the shallows while fish broke the surface in quick arcs. A server mentioned that an industrial mishap had happened nearby last month, and since then the bank had been overrun with growth and plagued by nuisance animals that kept raiding trash bins. The owner later talked about the property in terms of natural resources and fixed assets, from the water lease to the equipment used to keep the site stable. She left with a small bouquet, smelling sugar and petals instead of the river’s problems.",53.479897,3.9793057,256,8.825,0,915.6888,11438.06,1133.5093,548.4224,143,137,131,0.9862068965449228,4.9046783,4.5586367,12.491207,2055.6318,4271.226,130943.5,11.782529,0.15657371282577515,0.0
"Context:
She arrived at the venue and found a coat check beside a lounge with soft lighting. The organizer offered a shuttle and pointed out a terrace where guests could get some air. Later, she used a locker and grabbed a towel before stepping into the sauna. It was the kind of night where amenities mattered as much as the music.",53.62504,3.982016,257,8.849999,1,930.67706,8292.094,1161.5536,625.50806,84,81,79,0.9999999999880952,4.3813066,3.9990962,8.909743,2222.5125,6668.963,78176.875,11.266742,0.7375561594963074,1.0
"Context:
She joined the procession, following the steps as the crowd moved through the street. At home, she wrote postcards to friends, describing the colors and the singing without exaggeration. The words came faster than usual, like she had been given permission to speak. Dropping the postcards into the box felt like the final gesture.",40.92784,3.7118106,258,8.40625,1,962.89294,3904.7449,712.7275,748.3363,74,74,72,0.9999999999864865,4.3040657,4.054921,4.0552225,2264.077,2891.9272,71254.08,11.174022,0.6103940010070801,1.0
"Context:
His phone note ended with End of text, and he couldn’t tell whether the app had crashed or he had simply stopped typing. The printed version carried End of text/document, and that made the fragment feel official in a strange way. He tried to paste the full note into a web form, but End of text/input blocked the last chunk. On the company site, the plan summaries ended with End of text/short descriptions of items/products/services, which felt like the same kind of cutoff wearing different clothes. He rewrote the note as a short email and finally got a quiet finish.",45.143375,3.8098435,259,9.03125,0,1173.7942,5777.2744,880.0089,1047.9233,126,118,112,0.9999999999920635,4.7358036,4.5923395,4.9218807,2853.7026,3612.4192,147898.06,11.904285,0.21297596395015717,0.0
"Context:
I packed my bag with a bottle of milk, a block of butter, and two slices of cheddar for the train ride. At the market later, I bought cumin, basil, and a bundle of leeks so I could cook as soon as I got home. The smell of the spices made me grin, and the dairy stash felt like a reward. Dinner turned into a small celebration even though it was just me at the stove.",21.004845,3.044753,260,7.015625,0,757.17395,4537.6577,602.1443,567.63074,122,110,105,0.975999999992192,4.6676636,4.56039,5.992887,1869.5969,2675.7205,92375.22,11.433625,0.750926673412323,1.0
"Context:
The transcript finished with End of text. Earlier, it named Odense, Maria Jensen, and the University of Southern Denmark in quick succession. The closing tag felt like a hard stop in an otherwise warm story. She archived the transcript in a shared folder.",127.32733,4.846761,261,11.199997,1,1126.0729,4902.102,971.78534,827.26984,66,63,63,0.9999999999848485,4.1266413,3.8857336,4.353272,2742.8188,4858.317,74320.81,11.21616,0.5461667776107788,0.0
"Context:
In late November, the shop’s chat window popped nonstop, but the support rep kept his tone light and respectful. A flyer on his desk reminded him to bring canned goods to the community drive after work, and he did, dropping them off with a quick hello to the organizers. The following week, his company hosted its yearly career fair, and he volunteered at the help desk to direct students and fix badge-printing errors. Between winter planning for family visits and the pressure of the regular season starting soon, his calendar looked crowded. Still, he made time to catch the first preseason highlight reel and smile at how the year always cycles back.",42.675446,3.7536237,262,8.287498,0,835.1747,4237.7256,749.59814,567.7176,133,128,123,0.9999999999924812,4.8382335,4.581073,5.0740585,2379.6501,3868.98,111078.234,11.617999,0.5472701191902161,0.0
"Context:
In the fall, preseason scrimmages filled the small arena with curious fans and too-loud music. The regular season brought colder nights and tighter games, where every shift mattered. When winter arrived, travel got harder and the schedule felt heavier, but the players kept grinding. The offseason finally landed like a deep breath, and everyone talked about what they would fix before next preseason.",41.401253,3.7233112,263,8.25,1,853.6317,4449.932,775.32214,499.01047,131,124,121,0.9999999999923664,4.80112,4.561031,5.2129416,2443.5315,3937.4172,111825.76,11.624706,0.5472701191902161,0.0
"Context:
A ceramics studio ran an exclusive workshop with only eight seats and a strict materials allowance. The instructor demonstrated where to place each piece in the kiln to prevent warping. Over the week, the class produced a higher quantity of bowls, but the real change was the jump in quality as technique improved. One student stayed late, carving patterns and treating the process like meditation. The last firing revealed a table full of finished work, each piece set exactly where it needed to be.",48.426704,3.8800514,264,8.9375,1,1082.6403,4254.4375,847.6833,768.3258,83,81,79,0.9999999999879517,4.385436,4.1530204,3.9296875,2797.6643,3494.2832,89859.14,11.40601,0.5780466198921204,1.0
"Context:
Sydney — The announcement opened with HarborGate Holdings and the address of its Circular Quay office. In a meeting room overlooking the Opera House, executives argued over a partnership that might be derailed by a new competitor entering the region. A chain of messages filled with AWS, Mastercard, and pricing models repeated the same terms until everyone sounded tired. After work, someone fixed a glitchy smart lock by reinstalling a driver, dealt with a broken microwave, and watched pest control spray the balcony while a friend tested sports eyewear for a beach training session.",134.08267,4.8984566,265,12.481249,0,813.35236,7264.2773,853.74713,537.04034,181,170,166,0.9329896907168403,5.108465,4.840938,8.931279,2056.877,4130.0645,147216.78,11.899669,0.08348948508501053,0.0
"Context:
In the draft, the mayor’s proper name appeared three times, but only one spelling matched the public record. The article also listed publicized items for the ceremony, so I double-checked each one against the official announcement. After the edits, the names were consistent and the list matched the press release. The copy desk signed off.",43.052586,3.7624223,266,7.2875,0,1364.4265,7657.539,1414.9617,985.1874,74,70,66,0.9999999999864865,4.229131,3.9225106,5.6122766,3822.369,6916.8857,100967.56,11.522565,0.4989411532878876,0.0
"Context:
At the bike shop, the mechanic pulled up a table showing gear ranges, cassette ratios, and recommended chain length. The printed card included frame geometry numbers, tire clearance, and the maximum rotor size for the brakes. I asked about the torque specs because I didn’t want to strip anything during assembly. He circled the values with a pen and told me to keep the sheet in my toolbox.",24.80516,3.2110517,267,6.26875,1,775.02826,5715.457,739.32263,579.80945,104,98,97,0.9999999999903846,4.5593805,4.333269,7.374514,1916.946,3172.0,80602.94,11.297303,0.8249896168708801,1.0
"Context:
Their newsletter was packed with brand names, then slid into talk of interest rates and a looming bond auction. I logged into a SaaS dashboard to pull the latest usage chart for the team call. The CEO’s note reused the phrase “long-term value” so often it became background noise. By the end, everyone could recite the headline claims.",83.33373,4.4228535,268,9.299999,1,902.8356,3107.5703,599.10516,789.4342,88,86,82,0.9999999999886363,4.4458313,4.285575,3.4420116,2262.6897,2842.7603,79449.53,11.28289,0.6920433640480042,1.0
"Context:
She warmed milk with honey and a spoon of rose water, then whisked it into a custard. On the side, she prepped a simple garnish of sliced fruit and a scatter of flowers meant for eating. The final plate looked like something from a garden, but it was still comfort food. Everyone hesitated before taking the first bite, then went back for more.",30.131512,3.4055715,269,9.15625,1,748.8845,3222.8782,594.7368,541.70306,123,119,112,0.9999999999918698,4.767102,4.5585814,4.303571,1765.2688,3155.6262,92112.8,11.43078,0.7042277455329895,1.0
"Context:
She joined the equipment coordination professionals network after meeting the user registration requirements and immediately checked service availability for spare parts. She split the day between posting network actions and cooking, mixing cosmetics, and finishing crafts, with exertion rising during every heavy lift. She prayed quietly, then sent written communication that described what action to take if the schedule broke. Later, a favela grant type accountancy review demanded reticle-based measurements and careful lubricant selection, and she fought off hallucinations as proper names and publicized items blared across sponsor screens.",637.40857,6.457411,270,14.156246,0,1893.8384,11376.232,1889.501,1328.501,179,167,151,0.9999999999944135,5.094449,4.8278074,6.0069714,6275.367,9044.427,338997.06,12.733749,0.05444266274571419,0.0
"Context:
The invite promised a classic look, and the venue delivered with old posters, worn wood, and lighting that made everything feel vintage. A well-known comedian arrived, greeted someone by full name, and posed beside a sponsor product wall while guests shouted out where they’d flown in from. In the back, an engineer typed a quick command to restart a service and then listened to the marketing lead talk through the week’s ad plan. Clipboards appeared as staff mapped movement through the space and tallied pauses near displays. By the end, the room held a strange mix of nostalgia and measurement.",64.531525,4.167154,271,8.05625,0,1039.3091,5408.5425,771.6744,878.6608,144,140,131,0.9999999999930557,4.931305,4.742131,5.203979,2403.961,3666.4556,149660.5,11.916131,0.09978172183036804,0.0
"Context:
The spill alarm went off at the facility, and oily sheen began spreading across the canal beside it. Workers threw down barriers, but the current carried the mess toward a patch of thick weeds. A colony of rats had been nesting near the waterline, and now they scattered through the reeds. By dusk, the shoreline looked like a problem no one wanted to claim.",50.077583,3.9135735,272,8.8125,1,687.217,4398.828,608.936,442.8962,103,96,90,0.9999999999902912,4.540515,4.3574657,6.400931,1728.5612,2552.361,70783.35,11.167394,0.8345093131065369,1.0
"Context:
An online promo for running shoes stressed comfort on long days and a lighter feel in the heel. It added that returns were simple and that sizes were moving fast. The final sentence offered a small discount with a code. The text ended abruptly, like the ad slot had run out.",69.95011,4.247782,273,10.274997,1,988.0226,3236.2566,622.927,842.55176,73,71,70,0.9733333333203555,4.2524786,4.110108,3.2754884,2181.8003,2788.383,72125.65,11.186179,0.5084314346313477,0.0
"Context:
The dancer’s knees ached, but the coach said the body could adapt with the right stages of training. A late delivery arrived at the venue, and the crew measured success by how smoothly it supported the night’s performance. Nearby, politicians argued a humane approach while still following strict process, and a small emblem sat beside the lectern. The schedule showed the next act in the smaller hall, and staff guided everyone to that exact area within the building. Between phases of the program, people kept moving through lobbies and stairwells, chasing small details that threatened to fall through the cracks.",73.44402,4.2965236,274,9.61875,0,1018.0816,6283.929,982.6207,753.5813,131,129,127,0.984962406007632,4.8540325,4.5572834,6.172324,2516.3018,5844.7114,133368.69,11.80088,0.2481621652841568,0.0
"Context:
The monitoring tool wrote [] again and again, as if it couldn’t find anything worth reporting. The sequence went on until the file size triggered an alert. Then the stream ceased with a single, final marker line. It ended so suddenly that she checked whether it had crashed.",80.747375,4.3913255,275,10.837495,1,1212.2897,4825.948,926.62225,986.16077,66,63,60,0.9705882352798443,4.1266413,3.9511254,3.9808543,2899.5967,4783.0215,80011.12,11.289933,0.48816466331481934,0.0
"Context:
The observer sat in the corner, gathering intelligence while pretending to check his watch. He said hi to the barista, then mentioned he was originally from Tallinn as if it were casual small talk. Under the table he placed a tiny recorder beside a pot of basil he’d been growing on the windowsill. Time kept running, and he never stopped smiling.",45.529903,3.8183694,276,9.024998,1,913.5736,8352.181,1056.3204,566.7717,100,100,97,0.99999999999,4.6051693,4.2018228,9.142319,2802.0083,4181.0283,91357.36,11.422545,0.7720140814781189,1.0
"Context:
She folded her hands and asked for guidance in a low voice, alone in the kitchen. Then she opened her laptop and composed an email apology, rewriting it until it sounded sincere. The message was sent without drama, but it carried weight. The combination of a small religious act and written communication changed her mood.",46.766624,3.8451698,277,10.099998,1,1275.1437,6115.711,1142.382,839.30383,66,66,65,0.9999999999848485,4.189654,3.8708007,4.796095,3297.545,5619.409,84159.484,11.340481,0.5458451509475708,0.0
"Context:
A cat darted into the station just as the bus doors opened. The driver paused and waved it away from the tires before pulling out. He handed a spare ticket to a student who looked short on cash. When the route continued, the mood on board felt unexpectedly light.",42.535652,3.7503426,278,9.012497,1,1026.0328,3263.7764,748.1192,839.8906,62,62,60,0.999999999983871,4.127134,3.8804264,3.1809666,2503.189,3112.9006,63614.04,11.060605,0.5419713258743286,0.0
"Context:
The script repeated Aalborg University in the intro and then repeated it again in the next two lines. It sounded odd to hear the same institution named so tightly together. When the speaker notes ended, they showed End of text. He trimmed one line and kept the rhythm smoother.",155.90536,5.049249,279,12.374998,1,863.2275,3574.4138,685.3159,549.271,79,79,75,0.9999999999873417,4.369447,4.1031775,4.1407557,2152.5884,2889.3518,68194.97,11.13014,0.6496918201446533,1.0
"Context:
The brochure’s first line announced a tour with a celebrity host, a production studio, and a foundation, all spelled out carefully. The next sentence cited the venue, the partner university, and a donation program shortened to initials. Even the schedule snippet started with organization names instead of times. I could picture the designer squeezing every proper noun into the top half of the page.",63.593307,4.1525083,280,8.80625,1,747.3275,3697.156,606.83734,547.869,94,91,90,0.9999999999893616,4.499051,4.2879744,4.94717,1814.4224,2907.7478,70248.79,11.159813,0.7167809009552002,1.0
"Context:
During the conference, the keynote mentioned Copenhagen, the Nova Hall venue, and the Solstice Lamp brand in a single breath. In the expo area, booths used structured marketing layouts with clear paths and survey kiosks at each corner. A side gallery displayed “vintage design” pieces and described them with location tags for each room. I left with a tote bag and a head full of names and places.",123.148,4.813387,281,10.4625,0,796.91016,4527.842,736.74615,477.77087,140,133,125,0.9999999999928573,4.872328,4.6223855,5.681747,2466.9744,3308.1,111567.42,11.622394,0.49804678559303284,0.0
"Context:
The opening focused on earlier roles and previous responsibilities, using details instead of slogans. Next came a promotional blurb for an item, ending on a final line that left no room for more copy. A short report section began with a title and a sentence of context, then ended right after stating the takeaway. At the bottom, a debug excerpt printed [] for a long time until a single final word ended the run. The last character on the page felt like a hard stop.",77.78155,4.3539042,282,8.818748,0,1010.00854,3241.204,621.1162,989.4818,98,92,88,0.9999999999897958,4.5000925,4.404397,3.2090862,2179.008,2604.4324,98980.836,11.502691,0.5459184646606445,0.0
"Context:
The conference hotel hosted a workshop for legal professionals on one floor and a retreat for pastors on another. Downstairs, a coach led stretching drills for a visiting team and reminded them to be ready for the afternoon departure. Signs pointed to shuttles, exits, and the departures desk, and the corridors felt like a single moving stream. Between sessions, people talked about everything from court dates to sermons to game plans. By evening, the lobby thinned as the last group rolled bags toward the doors.",46.43484,3.8380501,283,9.0,1,996.43274,4486.0796,728.46576,843.41565,117,112,104,0.999999999991453,4.7029305,4.529533,4.502139,2189.6423,3665.8896,116582.63,11.666364,0.5949810743331909,1.0
"Context:
We received an audit letter and immediately scheduled an internal review. The partnership with the platform provider had been stable for years, but the new policy shift threatened the revenue split. Calls turned tense, and both sides began moving deliverables behind private trackers. Nobody wanted to be the first to put promises in writing.",81.4947,4.400538,284,9.974998,1,1203.7458,4938.4214,796.34656,975.7328,78,77,74,0.9999999999871795,4.3389363,4.165744,4.1025443,2621.0076,3497.2783,93892.18,11.449913,0.5739928483963013,1.0
"Context:
He applied a plant-based gel after a long day outdoors and poured a glass of infused water that tasted faintly of leaves. The path along the pond was crowded with grasses, flowers, and small animals moving in and out of cover. Near the outlet, workers were fighting the aftermath of a minor accident that had made the water murky, and now runaway growth and pests were turning the bank into a nuisance zone. At the office, a document framed the wetland as part of the region’s natural resources and listed fixed assets used to manage it, from pumps to monitoring stations. He ended the night cooking with flowers on the plate, trying to make something beautiful from a messy landscape.",51.12814,3.934335,285,9.0125,0,959.3795,6283.929,864.0894,705.6538,179,163,154,0.9999999999944135,5.060548,4.880883,6.549993,2669.2769,4054.0693,171728.94,12.0536785,0.057146985083818436,0.0
"Context:
The note app exported her meeting minutes and finished with End of text, even though she remembered adding one more action item. The shared folder copy showed End of text/document on the last page, so at least the boundary was consistent. When she retyped the missing line into the system, it returned End of text/input and refused to accept more characters. She opened the product page for the team’s new subscription and found End of text/short descriptions of items/products/services sitting awkwardly after the pricing sentence. Somehow every channel was ending loudly instead of quietly.",73.10183,4.2918534,286,10.987498,0,1226.1898,6953.023,1009.4604,1015.7368,100,94,92,0.970873786398341,4.516759,4.338112,5.670429,2810.9304,4425.8833,122618.984,11.7168455,0.5226281881332397,0.0
"Context:
The travel blog post was full of leisure details, like slow mornings in a hostel and a sunset walk along the harbor. I cleaned the draft and made sure each sentence ended with proper end-of-sentence punctuation so it wouldn’t read like a chat log. After the edits, the itinerary section was easier to skim. I published it and booked the next trip.",37.18083,3.6157932,287,7.9875007,0,965.9978,6429.868,950.7769,681.8805,82,82,78,0.9999999999878049,4.406719,4.0756536,6.6561937,2607.9363,4784.0845,79211.82,11.279894,0.7638208866119385,1.0
"Context:
The Kenyan striker’s calm finishing was a positive trait all tournament, and the stadium erupted when the winner went in. Reporters called the result a successful breakthrough for the national side. The clip stops abruptly right after the captain lifts the trophy. — End excerpt —",140.6872,4.946539,288,12.525,1,819.78534,4331.411,690.98047,555.41504,56,54,54,0.999999999982143,3.9758415,3.7668672,5.2835913,1950.3376,3276.927,45907.98,10.734416,0.6944315433502197,1.0
"Context:
The city’s report listed natural resources around the harbor and the parkland as fixed assets worth protecting. A planner explained how the wetlands filter water and shelter local plant life, and the language sounded almost like a balance sheet for an ecosystem. In early spring, the staff at the public meeting guided people through the agenda and answered questions politely. The season made the turnout bigger, but the discussion stayed grounded.",71.71079,4.272641,289,9.024996,1,1177.118,6686.3633,930.52216,991.4261,97,93,91,0.9999999999896907,4.5175447,4.333188,5.680283,2626.1877,4568.739,114180.45,11.645544,0.5905295610427856,1.0
"Context:
I watched a reviewer measure a phone’s brightness and battery life, then copied the specs into my notes like homework. The same week brought a contractor visit, a dental procedure, tax paperwork, and a new rule for myself about feeding a savings account first. A panel show argued about Brexit talks and the proposed deal, using the word historic until it lost meaning. In class, we discussed socioeconomic status and philosophy, someone offered a blessing, the VR lab showed an educational biography simulation, and I went home to cook and post my own product review of the phone case.",106.177284,4.66511,290,10.74999,0,932.96606,3770.5188,746.6421,659.54346,140,131,127,0.9999999999928573,4.8450484,4.666955,4.041432,2474.72,3370.9006,130615.25,11.780019,0.2471262365579605,0.0
"Context:
A French startup tried to leverage a partnership with a larger operator to expand across Europe. The CEO kept switching between talk of operating costs and bold promises about scale. When the deal finally went through, the team called it a successful outcome and toasted to the positive momentum. Their accents and passports were different, but the relief was universal.",74.307495,4.308212,291,10.112498,0,911.33234,3614.7363,574.9898,853.6657,95,94,90,0.9999999999894736,4.539284,4.372531,3.9664304,1847.5171,2490.0083,86576.57,11.368796,0.7106473445892334,1.0
"Context:
In the fantasy novel, the hero swore an oath in Eldermoor and rode toward a fortress with a name too grand to forget. Later, my roommate switched on the news and shouted about a minister’s resignation, repeating the name with disbelief. I was supposed to be studying political science, but the lecture notes kept blending with the story’s invented kingdoms. Even the band we played in the background felt like another proper noun demanding attention.",83.0871,4.4198895,292,10.8125,1,798.02515,3535.3953,613.667,609.1225,122,115,110,0.9606299212522785,4.7244787,4.5592184,4.43018,1998.8457,3028.7495,97359.07,11.486172,0.7337051033973694,1.0
"Context:
A headline about Minister Rikke Sørensen and the BrightLeaf Media contract spread fast across social apps. The article kept dropping names, places, and brand labels the way entertainment sites do during breaking news. Later that day I walked through an outdoor market that advertised “vintage finds” on hand-painted signs. Even the stall locations were listed like a directory for an event.",146.26616,4.985428,293,11.1,0,908.1084,4127.655,741.42346,687.025,120,115,108,0.9999999999916667,4.729729,4.5121512,4.545333,2621.4062,3176.884,108973.01,11.598865,0.7011857032775879,1.0
"Context:
The professor assigned a biography and warned the class not to treat the subject like a saint or a villain. As we read, themes of privilege and poverty surfaced in every chapter, shaping what opportunities were even possible. During discussion, someone quoted a religious line about blessings, and the room went quiet before the debate restarted. Later, the department showcased a virtual reality lab, pitching it as an academic tool that might change how education feels for the next generation.",59.0456,4.07831,294,8.537499,1,1167.2203,5777.2744,933.2233,900.0479,119,117,109,0.9999999999915966,4.755825,4.516973,4.9495997,3032.124,4142.3867,138899.22,11.841511,0.27919480204582214,0.0
"Context:
Sofia arrived at the Four Seasons in Milan for a fashion event sponsored by Gucci and a nonprofit arts foundation. She kept seeing the name Valenti on every badge, then learned Valenti was both the designer and the family brand behind the show. The next morning, she met a neurologist at San Raffaele Hospital to discuss migraine medications that had finally started working. Her driver in a Mercedes took her past the Duomo where a charity run was being set up. By dinner, Sofia’s day was stitched together by luxury labels, repeated names, medical guidance, and the city’s constant landmarks.",42.046204,3.738769,295,7.5843744,0,882.9371,4220.179,802.98157,613.11115,173,154,145,0.9999999999942197,4.9980145,4.829011,4.7797055,2769.2288,3678.6624,152748.11,11.936552,0.10778678953647614,0.0
"Context:
The email thread ballooned as soon as the CFO forwarded the Q4 deck with the subject line still marked urgent. Someone pasted a link to a Tesla earnings call transcript and another person argued about the NASDAQ reaction in the first ten minutes. The engineering lead replied with a note about the API limits and whether the new firmware would break older devices. By the end, the same brand names and numbers kept reappearing as people hit reply all again.",64.510605,4.1668296,296,10.575002,1,846.8832,4581.7744,733.14,525.3688,132,119,116,0.9103448275799287,4.738346,4.5779533,5.4101605,2309.2776,3049.9253,111788.58,11.624373,0.5909901261329651,1.0
"Context:
A friend sent me a spreadsheet of laptop specs, and I caught myself caring about ports and cooling like it was a moral issue. I spent the afternoon fixing a door hinge, then went straight to the dentist, then home to face taxes and check whether my savings had moved at all. Every café screen seemed to carry Brexit negotiation coverage, with analysts parsing the deal line by line. In the evening, our philosophy group talked about privilege and blessings, the education department showed a virtual reality biography exhibit, and I relaxed by making a new dish and reviewing the laptop I finally bought.",92.12028,4.523095,297,10.443748,0,1132.4652,8352.181,1155.4338,794.1878,151,145,142,0.9999999999933775,4.962196,4.6653595,7.3752213,3240.4355,5776.232,171002.25,12.0494375,0.12348131090402603,0.0
"Context:
He introduced the piece by recalling earlier jobs and the previous mentors who shaped his habits. The text then shifted into a short product pitch that promised quick shipping and a small discount, ending the offer in a crisp final line. A formal header followed with a brief description of the situation, and the last sentence closed the note without lingering. In the attached log excerpt, [] repeated for what felt like forever until a single confirmation word appeared and the output stopped. The entire bundle read like several clean endings stitched together.",129.08398,4.860463,298,10.443749,0,1037.106,5226.579,789.82263,869.77325,134,129,117,0.9999999999925374,4.8461123,4.642599,5.0395803,2482.7512,3036.5283,138972.2,11.842036,0.25988879799842834,0.0
"Context:
A fraud investigation shook the company, and suddenly every meeting included lawyers and frantic spreadsheets. Politicians weighed in on television, using the crisis to attack each other. When layoffs were announced, the office went silent except for keyboards and muffled phone calls. I left my badge on the desk and walked out into cold air.",58.029842,4.0609574,299,8.5625,1,892.68005,6376.3994,918.57605,625.6067,89,87,82,0.9888888888779012,4.457484,4.1283307,7.1429844,2467.3997,4342.1377,79448.52,11.282877,0.7842966318130493,1.0
"Context:
She crossed the courtyard, weaving between benches as the wind pushed at her jacket. A tiny key fob rattled in her pocket with every step. At the doorway, she paused, turned, and retraced her path to the place where she’d dropped a small screw. When she finally picked it up, she kept moving, letting the momentum carry her down the corridor.",20.975729,3.043366,300,6.8375006,1,776.16003,4531.2476,736.4036,484.1351,147,132,123,0.9999999999931973,4.8311753,4.6743584,5.8380327,2083.6636,4293.839,114095.52,11.6448,0.5734314322471619,1.0
"Context:
On the trail map, three locations were marked in red, and she kept a tiny compass and a small keychain flashlight in her pocket. Gravel shifted underfoot as the group moved downhill, and every turn felt like a lesson in motion. At the picnic table, they used a multi-tool to open cans while a portable stove device warmed soup. The food disappeared fast, and the hike continued toward the next marker.",46.95764,3.849246,301,7.859375,1,864.26025,4086.5046,662.6545,621.285,129,119,117,0.9999999999922481,4.752348,4.6057887,4.728327,2038.6884,2916.3704,111489.57,11.6216955,0.5909901261329651,1.0
"Context:
From the balcony you can see the resort spreading across nearly the whole bay. The hotel manager insisted everything was ready for the departures, from luggage tags to shuttle timing. In the lobby, a legal advisor argued with staff while a pastor calmed a crying guest. The place felt like it contained everyone’s last-minute problems at once.",61.7855,4.1236687,302,8.649998,0,969.6006,4126.485,783.16754,854.71326,90,89,85,0.9999999999888889,4.484407,4.240699,4.2558603,2413.4558,4090.9023,87264.055,11.376705,0.6019480228424072,1.0
"Context:
Our travel and tourism weekend included a museum crawl, a long coastal walk, and a late-night sauna for pure leisure. I wrote the summary carefully, stopping only once the story reached the end of a text excerpt I planned for the newsletter. The excerpt ended after the final train ride home, right where the narrative naturally closed. It felt satisfying to leave it there.",60.244865,4.0984173,303,7.8125014,0,945.0203,3338.6953,684.43536,781.20233,92,89,85,0.9999999999891304,4.4765835,4.288314,3.5329347,2352.813,3271.203,86941.87,11.373007,0.6272273063659668,1.0
"Context:
During the first week of September, the stadium hosted a preseason open practice that drew families in light jackets. The same afternoon, a support agent at a nearby electronics store handled a surge of calls with an unusually friendly patience that left customers surprised. A community group stopped by the store to coordinate volunteers for a fall charity run, and the manager offered extra water bottles without being asked. The next day, the local college held its annual career showcase, and helpful staff pointed students toward the right rooms. By December, holiday planning took over, and even the regular season schedule had to fit around travel days.",41.096394,3.7159204,304,7.343748,0,974.30225,4121.6807,659.94855,800.51776,151,147,132,0.9999999999933775,4.9805574,4.8130674,4.230392,2227.0708,2982.643,147119.64,11.899008,0.17612311244010925,0.0
"Context:
He flexed his fingers after gripping the steering wheel too long, then checked the bruise on his elbow where it had hit the door. The vehicle idled as he waited, and he kept telling himself he would not rush. A few blocks away, the meeting spot was one of those tucked-away locations, and he carried a small envelope that felt heavier than it looked. When the traffic opened, he moved into the lane and drove straight there.",26.416912,3.2740045,305,6.8437486,1,864.66187,4848.877,846.7579,525.3631,118,111,109,0.9999999999915254,4.6884475,4.418394,5.6078305,2700.4949,4004.6787,102030.1,11.533033,0.6793492436408997,1.0
"Context:
The fax confirmation sheet printed with a squeal, proving my appeal had been delivered to the right office. The adjudication hearing was brief but tense, with arguments about a small artisanal mining operation and environmental violations. Afterward, I went straight to the hospital for kidney function tests and a bladder check that felt endless. My partner updated me over VoIP while I waited, reminding me to grab our child from daycare on time.",98.363686,4.5886717,306,9.812499,1,971.5322,8232.006,1065.1934,699.1147,107,100,97,0.9999999999906541,4.582136,4.305045,8.47322,2542.7288,5094.3696,103953.945,11.551713,0.7518104910850525,1.0
"Context:
The welcome sign listed the lead organizer, the partner firms, and an acronym that matched the badges everyone wore. In the display area, a row of lighting fixtures glowed beside a compact piano and a shelf of boxed lotions and cleansers. A speaker launched into medical terminology, describing a process with chemical steps and numerical thresholds. The group then toured a historic waterfront with plaques naming dates and officials, and dinner served bibimbap while Korean pop blared from a DJ booth.",104.2504,4.6467957,307,10.774998,0,877.3762,4479.925,815.3831,567.0785,156,148,142,0.9999999999935898,4.9754095,4.725805,5.106048,2798.313,3889.219,136870.69,11.826799,0.21342134475708008,0.0
"Context:
A coastal holiday meant slow mornings, but check-in still required a sequence of steps. The front desk reader showed activations only after the final token scan approved the room. She flipped through a travel anthology, annoyed that the excerpt ended without naming the town. Later, she laughed at how a simple period at the end of a menu note could feel like closure.",128.01723,4.8521647,308,11.999999,0,1295.754,8412.269,1162.7548,1069.3013,85,83,79,0.9999999999882353,4.4100327,4.148431,6.4921803,2559.7603,5440.2974,110139.09,11.6095085,0.659226655960083,1.0
"Context:
The briefing listed publicized items for launch day and sprinkled in proper names of executives who would appear on camera. I checked the website, but the end of sequence activations in my summarizer suggested it was truncating the last paragraph. After I extended the maximum length, the summary finally captured the final product detail. I pasted it into the briefing and hit send.",151.84518,5.0228615,309,13.574999,1,1044.8843,6311.2285,1048.1427,644.6258,108,94,91,0.9908256880643043,4.4975824,4.3098955,6.0401225,2864.9653,4709.6455,112847.5,11.633801,0.6845405101776123,1.0
"Context:
She and her cofounder celebrated a new partnership with a toast, but the mood shifted when new regulations dropped without warning. The compliance consultant warned that the deal might violate the updated rules unless they changed their data handling immediately. The other firm started talking about renegotiation and hinted they could walk away. It felt like the alliance was being tested by forces neither side controlled.",53.94022,3.9878764,310,8.65625,1,974.8289,4421.177,841.531,662.65704,99,96,92,0.999999999989899,4.553111,4.279859,4.5353365,2677.184,3355.6257,96508.06,11.477392,0.7142568230628967,1.0
"Context:
At the workbench, she turned the knob on the oscilloscope and watched the signal settle. A small wrench slipped into place, and the bolt gave way with a sharp crack. He tested the instrument again, tapping the housing to be sure nothing rattled inside. Once the tool was back in its case, the whole setup looked ready for another day.",36.199272,3.589039,311,7.84375,1,985.67145,8830.212,1126.1191,677.199,104,100,95,0.9999999999903846,4.5860405,4.239026,8.958575,2865.4126,4122.4927,102509.83,11.537724,0.7620019912719727,1.0
"Context:
The newsroom screen showed negotiators walking into another late-night meeting, and the headline hinted that the deal still wasn’t settled. Analysts argued over the sticking points, from trade rules to how future disputes would be handled. A correspondent described the mood as tense but familiar, like everyone knew the script by now. When the announcement finally came, it sounded careful enough to satisfy no one completely.",43.31126,3.7684126,312,9.087501,1,1001.679,3750.153,807.82294,747.8484,106,105,98,0.999999999990566,4.65036,4.380696,3.743867,2947.1333,3319.0315,106177.98,11.572882,0.6253093481063843,1.0
"Context:
The catalog entry ended with End of text/short descriptions of items/products/services after a tight paragraph about the espresso machine. She expected more details, like warranty or shipping, but the listing simply stopped. The brevity made it feel like a placeholder that never got expanded. She opened another page to compare how competitors wrote their summaries.",96.83869,4.5730467,313,9.793749,1,1263.679,5572.6143,1035.3612,886.5924,82,79,78,0.9999999999878049,4.356001,4.097777,4.409834,3011.6096,3803.4348,103621.67,11.5485115,0.6100740432739258,1.0
"Context:
The blender jar wouldn’t lock, so I reset the kitchen timer and started over from the beginning of my routine. I muttered like a wizard practicing lines, mostly to stay patient. The dishwasher finished with a final sigh, and the oven beeped exactly on schedule. Later, I rewarded myself with a chapter of fantasy where every spell required perfect timing.",71.54793,4.2703676,314,9.387497,1,965.2357,4205.7725,747.0728,761.81555,111,108,102,0.999999999990991,4.672062,4.450287,4.3572493,2386.8088,3186.2283,107141.164,11.581912,0.6275037527084351,1.0
"Context:
In the seminar, the lecturer used the latest Brexit negotiations to illustrate how treaties affect everyday livelihoods. Students from different socioeconomic backgrounds argued over whether the proposed deal would deepen inequality or ease it. A visiting chaplain spoke briefly about moral responsibility and offered a closing blessing before the discussion ended. For homework, we were assigned a short biography of a negotiator and a virtual reality simulation used in political education.",58.89755,4.0757995,315,9.006248,0,900.77856,4338.611,806.34875,584.7949,123,117,114,0.9999999999918698,4.7445602,4.496787,4.8165126,2578.6152,4069.956,110795.766,11.615453,0.5472701191902161,0.0
"Context:
A one-year maintenance contract was signed, but the kickoff was a brief exclusive meeting at City Spa with only a few seats. Hi, the consultant said, originally from Nairobi, while describing limitations on access and the allowance for extra training hours. She began intelligence gathering on a rival platform, then watered the office plants and placed a new router on the shelf with careful alignment. The day slipped away and time was running when the art team arrived to paint a mural in the lobby. They added more detail than planned and improved the finish without exceeding the allowed hours.",131.58733,4.8796706,316,10.424997,0,1250.8206,5294.457,1003.40485,913.255,138,136,124,0.9999999999927537,4.9071627,4.6584215,4.232787,3403.9692,4377.4355,172613.23,12.058814,0.10069389641284943,0.0
"Context:
She saved a video to watch later and forwarded a note about a startup’s financing to a colleague. A letter from an office arrived next, outlining an appeal process and requesting a confirmation within a strict timeline. At the venue, a manager mentioned a lounge, a coat check, and a terrace that guests could use between sessions. She met a teacher who recognized her name, then chose a scarf and a handbag before heading back to her room.",58.838013,4.074788,317,9.612501,0,1038.8323,8292.094,932.413,785.97107,101,98,96,0.9999999999900989,4.5739436,4.3584776,7.9821296,2191.2825,3016.4392,104922.055,11.560983,0.7397221326828003,1.0
"Context:
In late March, the support chat stayed open longer than usual because people were stuck at home with a sudden cold snap. The agent answered each message with patience, even when the same question came in five times. She ended every reply with a small note wishing the customer a calm week ahead. By the time the evening light faded, the queue was gone and the tone in the thread had softened.",31.90604,3.4627953,318,7.784377,1,1162.397,4537.0576,788.7509,949.2513,109,107,104,0.9999999999908257,4.665911,4.4893003,3.9031913,2682.0896,4071.1216,126701.27,11.749596,0.27032262086868286,0.0
"Context:
At the hotel attached to the arena, the restaurant stayed busy even after midnight, and the Whirlpool dishwasher struggled to keep up because the drain was clogged. Maintenance cleaned the hose and the tub finally emptied. I slipped into the business nook to fax documents for an adjudication dispute and then took a VoIP call about kidney function and bladder symptoms. In the lounge, a fantasy fan group tossed out names from fictional worlds, real politics, and academic departments while kitchen timers kept time.",135.91028,4.911995,319,11.84375,0,880.2459,4218.111,816.3652,497.85913,152,143,140,0.9999999999934212,4.938354,4.6943536,4.791969,2570.3406,3984.0522,133797.38,11.80409,0.20653036236763,0.0
"Context:
Our motel stop was meant to be quick, but the café asked for help because the Whirlpool dishwasher was clogged and water was pooling. After cleaning the filter, we could hear the drain pump finally push water out. I walked to a copy shop to fax adjudication documents and answered a VoIP call about kidney tests and a bladder scan. Back at the motel, a fantasy show played on the lobby TV while people argued about political headlines and academic programs, and the kitchen timer kept chirping.",91.42082,4.5154734,320,11.2,0,878.42395,4218.111,845.247,516.5465,143,132,128,0.999999999993007,4.8488884,4.6113434,4.8019075,2528.457,4002.5437,125614.625,11.740982,0.2044994831085205,0.0
"Context:
Ravi followed the sign that said Atlas and assumed it was a map exhibit, but it was the name of the wine bar downstairs. His friend Jordan arrived late, and the host introduced him as Jordan, as if it were a title with authority. When Ravi finally found the right room, the presenter was Ms. King, whose last name sounded like a role in the story. The same labels kept shifting meaning depending on who was speaking and where they stood.",54.354935,3.9955354,321,9.337498,1,977.64905,3223.0483,720.8663,709.96,106,95,90,0.9814814814723937,4.519579,4.424014,3.2967334,2612.1462,3072.3396,103630.8,11.548599,0.6598328351974487,1.0
"Context:
Preseason was all paperwork and tryouts, but the staff still handled questions with patience and clear answers. Once the regular season began, the front office got busier, and the tone turned sharper whenever someone missed a deadline. After the offseason arrived, a senior colleague in my department offered to mentor me and treat the lull as a chance to reset career plans. The sports calendar and the professional setting overlapped in a strange way.",54.236237,3.9933493,322,8.524998,0,907.42957,4224.4507,670.47003,767.45325,146,143,135,0.9999999999931508,4.955122,4.7567234,4.655403,2317.0078,3227.6414,132484.72,11.79423,0.19297493994235992,0.0
"Context:
He adjusted the instrument until the display stopped flickering and the machine sounded smooth again. In the lot, two men observed the exits from inside a sedan, watching each vehicle as it moved. He shook out his cramped fingers, drove off, and said he needed to stay calm, because his ankle still ached. At the station, a cat wandered too close to the buses, and he gave a piece of his sandwich to lure it away from the tires. Later, he used a kitchen tool to make coffee, then checked his phone charger and plugged it in properly.",54.244003,3.9934924,323,8.53125,0,1138.0627,9096.449,1148.5242,829.0717,126,123,115,0.9999999999920635,4.8032746,4.485718,7.9929256,2842.357,5411.7485,143395.9,11.873372,0.2968396544456482,0.0
"Context:
She uploaded a form, but the website preview truncated it and displayed End of text/input halfway through her last sentence. It made her look careless, like she had forgotten to finish a thought. She edited the submission to fit the limit and reuploaded. This time the preview ended cleanly without chopping the final line.",62.97518,4.1427407,324,10.3125,1,891.77625,6137.601,899.56696,590.626,80,73,70,0.9999999999875,4.260726,4.0182743,6.8824453,2301.3223,4146.793,71342.1,11.175256,0.7803667783737183,1.0
"Context:
The listing for the camera lens read like a checklist of measurements: focal length, aperture range, minimum focus distance, and filter size. A tiny line of text mentioned the coating and the exact number of elements inside the barrel. I ran my fingers over the mount and verified the compatibility note on the side panel. On the way out, I bookmarked the page so I wouldn’t forget the weight and stabilization details.",29.869787,3.3968475,325,8.381251,1,903.37494,3660.794,655.6502,690.62946,99,95,94,0.999999999989899,4.5391083,4.3588047,4.052353,2044.9778,2697.0593,89434.12,11.401269,0.7211822867393494,1.0
"Context:
Their distribution partnership cracked when the shipping strikes spread across the region. A compliance filing landed in the inbox and forced a full review of the contract language. The joint announcement draft stayed in a folder, untouched, while each side blamed outside pressure. Even the weekly status calls were canceled without explanation.",165.69417,5.1101437,326,14.1875,1,1104.3331,4348.46,849.49084,807.579,96,93,87,0.9999999999895833,4.5210266,4.3086214,3.9376345,2802.2769,4106.591,106015.98,11.571355,0.5630688071250916,1.0
"Context:
A message about an analytics dashboard arrived with a link to a recorded webinar and a note about an API limit. Right after, a clerk called to confirm a filing and explained the next step in a review process. At the venue, a coordinator reserved a lounge for guests and arranged a terrace area for breaks. He met a consultant for the first time, then stopped at a shop for a belt and gloves because the evening had turned cold.",57.736313,4.0558863,327,9.78125,0,1050.4725,5321.9897,847.7874,828.6046,112,107,106,0.9999999999910714,4.6566105,4.4669743,5.066282,2571.0098,4485.1025,117652.92,11.675503,0.5308674573898315,0.0
"Context:
A two-week agreement covered a pilot deployment, and the finance team tracked the term like a countdown. The pilot ran inside Lakeside Spa, an exclusive venue with only a handful of rooms and short, timed access to the testing area. Hi, said the engineer, originally from Taipei, while outlining limitations and a small allowance for replacement parts. She gathered intelligence on a competing system, watered the plants by the window, and placed sensors on the racks before noticing time was running. By the last session, she had built extra prototype sketches and improved the finish so the demo looked sharper and more complete.",147.35197,4.992824,328,11.099998,0,1049.6627,5209.405,812.06805,802.6467,160,155,144,0.9999999999937501,5.0318522,4.8267374,4.962932,2696.563,3938.5552,167946.03,12.031404,0.10157414525747299,0.0
"Context:
The attorney checked the venue contract, the doctor checked the schedule, and the coach checked attendance, each of them talking to themselves while they worked. In the hotel bar, a trainer gave a self-improvement talk that doubled as a sales pitch for his new program. Most listeners leaned in, but one person sat with a heavy feeling that would not lift. A pastor noticed and asked what was going on inside, then stayed for the answer. When the bus for departures pulled up, everything scattered into motion.",45.65317,3.821073,329,8.381249,0,1079.1154,4626.451,875.4944,825.64246,106,101,99,0.999999999990566,4.5881753,4.414108,4.287263,2656.1501,4624.227,114386.23,11.647345,0.5103805065155029,0.0
"Context:
The harbor warehouse had a retro theme, but the sponsor’s product wall was bright enough to cut through it. A famous last name on the guest list made people whisper, and city names kept popping up as arrivals mentioned where they came from. Behind the scenes, a small team checked tooling, reran a command to publish a fix, and talked about the campaign’s next wave. Staff mapped where groups formed and how long they stayed near each display, treating the room like a physical dashboard. The night felt curated, measured, and packed with recognizable names.",96.185524,4.566279,330,11.15625,0,1033.3909,6336.514,914.27014,772.22705,142,141,129,0.9999999999929579,4.946064,4.663635,6.1317697,2629.9072,4660.8076,146741.5,11.896435,0.1469007134437561,0.0
"Context:
The security desk used a timed entry system where badges acted like tokens. After the final badge in the roster was checked, the panel’s activations lit up and the doors switched to free-flow mode. The guard nodded, relieved that everyone had arrived. End of sequence token activations signaled the shift from verification to access.",107.88384,4.681055,331,9.337497,1,1042.5688,4670.9365,957.3792,626.4131,96,88,85,0.9896907216392815,4.448824,4.2184668,4.480219,2698.288,4634.8115,100086.61,11.513802,0.6455526351928711,1.0
"Context:
User registration requirements kept her out until late morning, then the equipment coordination network opened up with clear service availability for every kit. She posted network actions, cooked for the crew, mixed a cosmetic balm, and fixed a craft banner, then dragged boxes until exertion made her breathe hard. A small religious act steadied her before she sent written communication with the action to take for the next shift. The day ended with a favela grant type accountancy review, reticle-based documentation, and lubricant decisions, plus a hint of hallucinations as proper names and publicized items filled the closing montage.",421.8113,6.044558,332,12.825,0,1780.6583,11499.887,1842.1134,1089.7924,193,179,167,0.9999999999948187,5.156708,4.8589444,6.458222,6104.418,8391.283,343667.06,12.747432,0.05444266274571419,0.0
"Context:
He started the morning by steeping fresh leaves to make a dark herbal drink, then packed a small bottle of plant oil for later. Down by the river, reeds and wildflowers leaned over the water while birds hunted and fish flickered in the shallows. Halfway through the walk, a loud siren sounded from an industrial site upstream, and an odd slick began spreading along the bank where rats usually nested. Back at the office, he filled out a report that treated the wetland, the water rights, and the equipment on site as resources and fixed assets that needed attention. That night he cooked dinner with edible petals on top, trying to push the smell of the river out of his head.",38.52544,3.6513188,333,8.4375,0,989.38135,11376.232,1133.4989,685.8425,200,188,169,0.9900990098960887,5.2125235,4.9182262,11.498329,2866.177,4500.116,197876.27,12.195402,0.07899373024702072,0.0
"Context:
The form closed with End of text/input. Below that, he wrote End of text/input again, thinking duplication would prevent mistakes. The repeated terminator looked like a stutter. He removed one copy and saved the final version.",169.73149,5.1342177,334,12.099999,0,813.6904,2516.621,565.13654,521.5141,47,45,45,0.9999999999787235,3.791156,3.6228611,3.092848,1679.9662,2261.4795,38243.45,10.551754,0.44483548402786255,0.0
"Context:
The documentary mentioned Valyria, then cut to a professor explaining how myth shapes modern storytelling. At the café, my friend argued about election strategy and dropped a politician’s name like it was obvious. Across the table, I highlighted my syllabus for media studies and tried to remember which theorist matched which idea. By the time the credits rolled on the show we were watching, the proper nouns had piled up like bookmarks in my head.",88.72146,4.485502,335,12.325,1,947.6463,4457.867,768.13446,690.62946,131,127,121,0.9999999999923664,4.8288727,4.6048775,4.7041464,2155.385,4024.8696,124141.664,11.729187,0.27483534812927246,0.0
"Context:
I spent the morning baking a dense loaf and experimenting with a new spice blend I’d never used before. In the afternoon, I visited a small gallery and lingered in front of a sculpture that made no obvious sense at first glance. Friends convinced me to try a climbing gym, and my arms shook by the second route, but the effort felt clean and fun. When I got home, I typed up a review of the climbing shoes, noting how the fit changed after an hour.",24.29777,3.1903846,336,7.3937488,1,1131.5745,6313.2217,963.8776,848.9813,141,133,122,0.9999999999929079,4.8701053,4.6543207,5.5791483,2926.3962,4452.72,159552.0,11.980131,0.10390079021453857,0.0
"Context:
In mid-April, the service agent greeted me with easy friendliness and didn’t sound rushed at all. She fixed my billing issue and asked if I needed anything else before ending the call. Later that day, a colleague introduced me to someone at a career meetup and the organizer made sure I felt included. The time of year and the professional setting both came with surprisingly kind people.",38.12403,3.6408448,337,8.737499,0,861.3738,4228.7905,663.2173,722.5727,85,80,77,0.9999999999882353,4.3611045,4.2165995,4.909356,2016.2314,3191.2224,73216.77,11.201194,0.6443890929222107,1.0
"Context:
In one paragraph, Jaguar was clearly a car brand, but in the next it was an animal in the jungle. The copywriter used Apple as a fruit metaphor and as a company reference. The staging file ended with End of text/input. She added clarifying adjectives and sent it to legal.",118.388664,4.773973,338,12.049998,1,1020.3151,5259.3574,990.8873,601.3131,54,53,52,0.9999999999814816,3.963312,3.6184785,5.15464,2924.6536,4346.4346,55097.016,10.916869,0.6284431219100952,1.0
"Context:
On the shelf above my desk, a miniature astronaut figurine floated on a clear stand. It was small enough to hide behind my monitor, like a secret mascot. Every time a meeting dragged on, I glanced at its tiny helmet and smiled. The little figure somehow made the room feel friendlier.",23.68078,3.1646638,339,5.1437497,1,847.3929,4317.2383,842.3501,523.9701,82,80,76,0.9999999999878049,4.372907,4.0242305,5.0947304,2862.681,3796.073,69486.22,11.148898,0.6934559345245361,1.0
"Context:
He spoke about socioeconomic status as if it were a gravity field, pulling some people forward and others back no matter how hard they tried. In the next breath, he shifted into philosophy, asking whether fairness was a real thing or a story we tell ourselves. Before class ended, he offered a short blessing for a student who’d lost a parent, and the gesture softened the room. Afterward, we toured the virtual reality suite, where education was packaged as immersion and the walls glowed with simulated worlds.",36.061012,3.5852122,340,8.04375,1,938.04675,3658.2874,703.2708,697.71387,132,128,121,0.9999999999924243,4.8407946,4.637294,3.8998985,2531.429,2782.2131,123822.17,11.72661,0.6180205941200256,1.0
"Context:
Our marketing team argued about whether to push the campaign as a political satire or a celebrity collab, and the chat kept circling back to the sponsor, BrightLeaf Media. Before this job I’d already run campaigns with similar targets, so I suggested a simple action plan. We wrote a short checklist of commands for the rollout—schedule, monitor, adjust—and then the announcement copied the tone of an online ad and stopped right after the call-to-action. The client approved it within an hour.",65.50331,4.182101,341,9.3125,1,1132.1787,7294.9746,1020.7053,844.3068,103,97,88,0.9999999999902912,4.5539737,4.3403683,6.443307,2551.2615,4501.9272,116614.41,11.666636,0.7139801383018494,1.0
"Context:
Elise signed in at the Mayo Clinic and recognized Dr. Patel’s name from three different referral letters stacked in her bag. Her brother booked a nearby Marriott and insisted on a celebratory lunch once the treatment plan was set. Over sandwiches, they watched a livestream of the New York Marathon and texted their friend Sam, whose name kept popping up in the group chat. The nurse practitioner explained the side effects of the new medication and scheduled physical therapy with a specialist. By evening, Elise’s world contained one city, one clinic, and a jumble of repeated names and brands tied to the same stressful event.",45.9439,3.8274212,342,9.0,0,1021.8683,4486.0796,767.3989,842.5143,149,135,123,0.9738562091439618,4.8736916,4.761362,4.390076,2370.9495,4114.2056,152258.38,11.933341,0.11075479537248611,0.0
"Context:
His statement leaned on prior work and earlier training to explain why he was qualified. A product blurb appeared next, described features, offered a limited deal, and then ended right after the closing sentence. Then came an email-style section with a subject-like title and a bit of setup, finishing neatly after the update. Beneath it, the console output showed [] repeated until a final marker appeared and the scroll stopped. The whole piece ended as if someone kept closing tabs one by one.",128.65224,4.857113,343,10.15625,0,1240.9557,3975.187,838.38965,1029.6095,96,90,87,0.9999999999895833,4.477705,4.3546352,3.203327,2746.964,3656.1143,119131.75,11.687994,0.5172837376594543,0.0
"Context:
I tracked end of sequence activations during decoding and marked the moments when they surged. In a second view, I isolated end of sequence token activations to confirm the surge aligned with the stop token and not some stray symbol. That alignment held across different prompts. It gave me a simple diagnostic for early termination.",103.44859,4.639075,344,10.487499,0,1230.7014,5235.194,1108.5337,957.13135,80,70,68,0.987654320975461,4.2087398,4.0514374,4.253829,3985.7656,4835.6396,98456.12,11.497376,0.5287389159202576,0.0
"Context:
The printed article ends at the end of a text excerpt, leaving the last quote hanging without context. I filed a request through the equipment coordination professionals network to borrow a recorder and confirmed the service availability for digitization. They responded that user registration was required before pickup, so I completed the form and uploaded ID. The excerpt is still incomplete, but at least the recording is scheduled.",95.740746,4.561644,345,12.274999,1,1714.8672,11438.06,2107.2554,912.4557,88,84,82,0.9999999999886363,4.408378,3.9559772,6.6699395,6734.31,9611.508,150908.31,11.924435,0.7715224623680115,1.0
"Context:
The leaflet described asthma triggers and the use of an inhaled corticosteroid. It advised booking a consultation with a pulmonologist and carrying a rescue inhaler. At the end, End of text was printed like a stamp. He tucked it behind his appointment card.",90.269966,4.5028048,346,13.243747,1,649.6657,4161.569,614.49457,429.391,96,81,81,0.9999999999895833,4.3422885,4.263094,6.405708,1741.4705,3235.9958,62367.906,11.040822,0.8096588850021362,1.0
"Context:
The brochure opened with a list of locations like Lisbon and Tallinn. It named the organizer, NordSea Events, and the speaker, Jonas Berg. A small section described the products on display as if they were characters. By the end, the page read like a roll call of places, people, and organizations.",53.631084,3.9821289,347,9.575,0,971.64453,3288.719,761.451,724.01697,58,57,55,0.9999999999827587,4.036541,3.7949111,3.3846936,2437.062,3173.663,56355.383,10.939451,0.5735895037651062,1.0
"Context:
She satisfied the user registration requirements and finally gained access to the equipment coordination network’s action feed. Service availability checks filled the morning, while food prep, cosmetics mixing, and craft repairs filled the gaps, and exertion spiked whenever she lifted cases. She paused for a religious moment and then sent written communication with a clear action to take for the team. Later, a favela grant type accountancy audit required a reticle-guided photo and the correct lubricant for a squeaky hinge, and fatigue stirred hallucinations as proper names and publicized items from sponsors dominated the closing announcements.",481.918,6.177774,348,13.525,0,1699.5271,11376.232,1808.8423,1048.0448,219,196,174,0.9999999999954339,5.2387,4.963149,6.6937633,5566.929,8491.237,372196.44,12.82718,0.08007951080799103,0.0
"Context:
At the seaside resort, the hotel controlled the majority of the beachfront, so the public path narrowed to a thin strip. The receptionist handed out tiny vouchers for the Spa House, and each voucher covered only a short session. I wandered the long shoreline and noticed how everything felt dominated by the resort’s footprint. By sunset I understood what it means for one place to take up nearly all of an area.",52.25074,3.956054,349,6.9937496,1,929.549,6642.946,911.41675,620.0425,99,87,84,0.999999999989899,4.413081,4.2823462,7.1464176,2673.7358,4098.4424,92025.35,11.429831,0.7873653173446655,1.0
"Context:
She mixed a plant-based syrup into cold water and carried it as she toured the wetlands reserve. The trail passed through thick vegetation where birds nested and small animals rustled close to the shoreline. A volunteer explained that an accident had released residue into a side channel, and now they were fighting runaway growth while trapping troublesome rodents near the banks. At the visitor center, a display described the reserve’s ecosystem services and the fixed infrastructure that kept it stable, from levees to monitoring equipment. She ended the evening cooking with flowers on the plate, as if beauty could erase the smell of cleanup crews.",65.6228,4.1839232,350,9.037495,0,1010.9813,11438.06,1141.2102,701.0873,180,167,158,0.9999999999944446,5.0928364,4.8020935,11.313819,2584.2417,4557.3896,181976.64,12.111639,0.08092883974313736,0.0
"Context:
A neighbor recommended a new insulation upgrade, so I spent the evening watching tutorials and pricing materials. In the morning, my dentist outlined a treatment plan and scheduled the follow-up, emphasizing careful aftercare. The next task was taxes, and I gathered every statement I could find to avoid missing a deadline. Once it was submitted, I transferred the refund into my savings account and promised myself not to touch it.",38.903534,3.6610851,351,7.9124994,1,1254.75,6067.252,1050.774,912.36127,92,90,85,0.9892473118173198,4.491652,4.242629,4.8354273,3548.2666,4674.775,115437.0,11.656488,0.5689282417297363,1.0
"Context:
She logged the grant type, then checked the accountancy sheet for missing vouchers from the favela clinic. A new message arrived in the correspondence thread, insisting on one action to take before morning. Downstairs, she replaced a dry hinge with the right lubricant and tested the door twice. Later, a reticle on a printed map guided her field notes, but hallucinations made the street names seem to rearrange themselves.",154.96135,5.0431757,352,11.0,1,1201.4799,7067.007,1081.9912,776.3409,135,133,124,0.9999999999925927,4.8847375,4.5948253,5.8819184,3174.9924,5139.4844,162199.78,11.996591,0.11767293512821198,0.0
"Context:
He signed up, passed the user registration requirements, and began posting network actions in the equipment coordination group. Between service availability updates, he prepared snacks, mixed a cosmetic balm, and tightened threads on a craft banner, then carried lighting stands until exertion left him drenched. He ducked into a chapel for a quick prayer and wrote an email telling the crew what action to take during teardown. The night ended with accountancy for a favela grant type, a reticle-marked inspection sheet, a hunt for the right lubricant, and near-hallucinations as proper names and publicized items from sponsors blared over the loudspeakers.",244.10493,5.497598,353,12.937499,0,1520.0414,11438.06,1710.7709,942.5775,204,191,180,0.9999999999950981,5.227214,4.879821,7.5248337,4769.636,8200.346,310088.44,12.644616,0.07742942124605179,0.0
"Context:
We drove out to see a cabin near Skagen, and the directions depended on two tiny hamlets with similar names. The seller wrote the property’s name in neat cursive on the contract, like it was part of the charm. I double-checked the municipality and the parcel number before handing over the deposit. By the time we left, the location felt as specific as a person’s full name.",32.696358,3.4872637,354,7.5249996,1,810.27527,3603.294,622.8134,585.0853,108,102,98,0.9908256880643043,4.605116,4.4316764,4.4469995,1973.8214,2945.5442,87509.73,11.379517,0.7066692113876343,1.0
"Context:
The pastor booked a room at the Harbor Hotel to counsel a family before their departure. In the lobby, a lawyer argued over paperwork while the coach from a local team tried to keep everyone calm. By midnight it felt like everything in the building revolved around goodbyes and last-minute decisions. Outside, the shuttle doors closed and the crowd finally thinned.",49.630196,3.9045994,355,8.562497,1,959.25775,4086.5046,781.5736,741.41547,107,103,99,0.9907407407315671,4.6210036,4.402582,4.2600694,2568.0425,3706.6594,102640.58,11.538999,0.6640774011611938,1.0
"Context:
He baked shortbread and pressed tiny flowers into the dough before it went into the oven. The kitchen counter was a mess of bowls, sugar, and a small bundle of blooms he’d picked earlier. When the cookies cooled, the petals looked like stained glass against the pale surface. They were dessert and decoration at the same time.",25.14749,3.2247581,356,6.934375,1,853.773,3193.174,728.17474,568.8705,97,92,92,0.9999999999896907,4.5032525,4.270476,3.740074,2575.4766,3140.704,82815.984,11.3243885,0.6844611763954163,1.0
"Context:
The museum leased the entire east wing to a tech company for a three-year term. Visitors could still walk through most of the building, but the contracted area was off limits. Signs at every doorway repeated the dates the agreement would run. I realized how much space can disappear when one deal covers the whole section.",45.820053,3.8247218,357,9.25,1,932.582,2913.0332,602.576,766.95123,71,68,67,0.9999999999859155,4.204104,4.07495,3.1236217,2183.5815,2593.6677,66213.32,11.100652,0.6159428954124451,1.0
"Context:
The VIP badge granted exclusive access to the balcony, but the wristband also came with strict limits. Security allowed entry only during certain hours and checked names against a short list. Inside, a staff member explained the two-drink allowance and refused any extras. A guest tried to bring a friend and was turned away without debate. The exclusivity felt real because the boundaries were enforced.",46.84124,3.846764,358,7.7937446,1,1034.7101,4715.4214,823.89923,856.1885,97,94,90,0.9999999999896907,4.5318365,4.311209,4.5572395,2669.3743,3783.2034,100366.875,11.516598,0.6740646362304688,1.0
"Context:
She closed the chapter by writing End of text/document. In the very last margin note, she also scribbled End of text as a personal signal to stop revising. The pairing looked odd but satisfied her. She put the notebook back on the shelf.",75.26929,4.321072,359,9.65,0,858.70337,3390.627,580.79816,698.02966,54,53,51,0.964285714268495,3.9633121,3.7941089,3.9485426,1937.7117,2665.0198,46369.98,10.74443,0.6573899984359741,1.0
"Context:
He joined the coordination professionals network and immediately checked service availability, relieved to see the camera kit was free. He cooked a meal, tested a cosmetic mixture, and finished a craft label, then sprinted to move cables and felt the exertion in his calves. He paused for prayer and wrote an update that stated what action to take if the van broke down. The late hours brought favela grant accountancy, reticle-guided site photos, lubricant selection for worn hinges, and near-hallucinations while proper names and publicized items from sponsors were announced again and again.",343.81467,5.8401027,360,13.524998,0,1541.4458,8781.995,1390.0436,1178.4427,174,165,152,0.9999999999942529,5.084343,4.8388205,5.6972456,4087.989,6889.114,268211.56,12.499536,0.05444266274571419,0.0
"Context:
The brochure kept repeating Apple and Samsung alongside payment terms and quarterly targets. Our tour route ran from King’s Square to the North Pier, then into the Grand Arcade for lunch. Even the map captions were packed with place names. Branding talk and location cues blended into one long itinerary.",229.15292,5.4343896,361,12.524994,0,880.21844,4267.3564,802.0482,632.5472,95,93,88,0.969387755092149,4.5246916,4.235639,4.8480654,2471.3052,4225.1436,83620.75,11.334059,0.6594313979148865,1.0
"Context:
The fan panel was held in a lecture hall, and the moderator introduced speakers by their academic departments first. The discussion bounced between a fantasy franchise, a recent scandal in politics, and how media coverage shapes perception. I kept scribbling names, titles, and places, worried I’d miss something important. When it ended, I felt like I’d been swimming in proper nouns for hours.",41.272465,3.7201955,362,7.712501,1,977.2639,4326.2676,819.48926,646.1787,117,112,107,0.9831932773026623,4.7029305,4.4695024,4.4269185,2624.9038,3271.6445,114339.875,11.646939,0.6579484939575195,1.0
"Context:
He framed his prior experience as a series of earlier lessons learned the hard way. The text then shifted to a product description that promised fast delivery and ended abruptly after the last sentence. A memo-like section started with a header and a brief lead-in, then stopped as soon as it delivered the key message. After that, the output showed [] repeating endlessly until one final marker closed it out. The whole thing finished like a set of doors clicking shut.",81.30645,4.3982253,363,9.5125,0,1128.9065,5226.579,824.05774,902.07764,103,100,96,0.9999999999902912,4.594351,4.397103,4.629771,2490.408,3148.9443,116277.37,11.663742,0.5622638463973999,1.0
"Context:
The trail bent around a cluster of rocks and opened onto a clearing. A small compass swung from her thumb, twitching as she changed direction. She walked from marker to marker, feeling the rhythm of motion in her hips and shoulders. When the path dipped into the trees, she tightened her grip on the tiny flashlight and kept going.",31.563696,3.4520075,364,7.578125,1,741.0755,3514.3647,654.47577,520.37103,119,107,103,0.9999999999915966,4.6305356,4.4804845,4.7422485,1971.0022,3046.4941,88187.984,11.387238,0.7337051033973694,1.0
"Context:
I stood in the aisle comparing drill kits by torque specs and battery capacity, trying to choose without overpaying. The weekend also included a dental appointment, a tax deadline, and a promise to keep my savings account from dropping below a certain line. News alerts kept pinging about Brexit negotiations and the latest draft deal, and each update sounded both urgent and vague. On campus, a biography discussion turned into a debate about class and grace, the VR lab pitched immersive education, and I finished the night by cooking and posting a review of the drill once I tried it.",76.45285,4.336674,365,10.5625,0,1053.0997,6231.3438,1018.777,681.25336,149,140,134,0.9999999999932887,4.920211,4.6534753,5.917145,3579.9685,4432.1,156911.86,11.963446,0.12513473629951477,0.0
"Context:
A converted warehouse hosted a “vintage night,” complete with old posters and thrifted lamps that softened the harsh concrete. A celebrity’s arrival kicked off a surge of phone cameras, and brand signage appeared in every shot along with the venue’s location tag. A developer opened a laptop, ran a short command to confirm the site was healthy, and then chatted about ad creatives with a marketer. Staff tracked how visitors navigated the displays and adjusted the placement of a survey stand near the exit. The night balanced nostalgia with a very structured push for attention.",73.520905,4.2975698,366,9.9375,0,1170.4948,6283.929,1076.3094,768.8851,156,149,141,0.9999999999935898,4.9876494,4.730953,5.3686085,3161.9932,5692.941,182597.19,12.115044,0.15925392508506775,0.0
"Context:
He used End of text/short descriptions of items/products/services as a visible delimiter on the landing page draft. The offer described a first-class seat, a private driver, and a suite at the Four Seasons. It looked like a luxury pitch until that blunt ending line. She asked him to delete the marker before launch.",99.740036,4.602567,367,10.118748,1,1142.0317,4032.7583,860.8068,887.7718,68,68,68,0.9999999999852941,4.2195086,3.9676564,3.5312138,2942.2583,3572.8647,77658.16,11.260085,0.5963784456253052,1.0
"Context:
He joined the equipment coordination network after completing registration and watched service availability shift as others posted actions. He cooked, mixed a cosmetic balm, and finished crafts, then sprinted across the venue and felt the exertion tighten his chest. He prayed briefly and wrote an email that stated the action to take if the schedule slipped again. The late hours were spent on favela grant type accountancy, reticle-guided inspection notes, and lubricant selection, and exhaustion tempted hallucinations while proper names and publicized items filled the media feed.",530.10175,6.273069,368,12.59375,0,1747.1725,11376.232,1736.9717,1266.166,166,157,146,0.9999999999939759,5.036826,4.741713,6.5112247,4755.214,8702.254,290030.62,12.577745,0.05444266274571419,0.0
"Context:
He chopped onions, stirred a simmering sauce, and tasted it until the salt felt right. Later, he mixed oils and fragrance for a homemade cosmetic balm, keeping the texture smooth. In the evening, he switched to crafts, sanding a small wooden box until the edges were soft. By night, the exertion from hauling supplies up the stairs made his arms tremble pleasantly.",53.431896,3.9784079,369,8.3625,1,746.9192,6389.099,784.2184,528.69604,117,108,103,0.999999999991453,4.651064,4.43679,8.553937,1767.4595,4319.237,87389.55,11.378142,0.7952952980995178,1.0
"Context:
Her training plan was built as a progression, adding distance week by week so the process of development didn't break her. Each run made her more aware of what she could do, and the sense of human potential felt less like a slogan and more like muscle memory. On the roadside, two men sat in a parked car and watched the intervals with binoculars, comparing split times. Their observation turned into encouragement when they rolled down the window and called out the next lap.",39.979477,3.6883662,370,8.4625,1,849.2699,3221.5886,631.4214,715.85034,114,107,102,0.999999999991228,4.6510744,4.4918323,3.7933626,2143.3972,2754.7134,96816.766,11.480586,0.682672917842865,1.0
"Context:
At the tech meetup, people debated software tools while a projector cycled through marketing metrics on the wall. Someone named Priya Sato demonstrated a command sequence for the release, then switched to a slide about the new brand partnership. The talk ended at a coworking space in the old train depot, a spot that kept its vintage signage and cracked tiles. It was half dev chat, half product launch.",94.14108,4.5447946,371,10.4875,0,926.8618,4777.6885,815.2045,635.1983,124,118,114,0.9999999999919355,4.753202,4.51005,5.1546936,2461.9695,3924.4531,114930.87,11.652095,0.5192050337791443,0.0
"Context:
At my prenatal visit, the nurse handed me a glucose drink and told me to come back after the blood draw. The doctor explained how gestational diabetes can show up even when everything else looks normal. Later, I measured out a small portion of pasta and counted the carbs like it was a math test. That night, I felt the baby kick and tried not to worry about the next reading.",19.951242,2.9932914,372,6.09375,1,985.2273,6389.099,881.56525,767.72095,109,105,101,0.9999999999908257,4.640475,4.405405,6.484899,2466.886,4557.522,107389.77,11.584229,0.7195420265197754,1.0
"Context:
A stylist handed her a dress and asked her to step onto the platform under the lights. She paired it with a handbag and swapped earrings until the look felt balanced. Before leaving, she picked up a hat that made her laugh and then decided it worked. Shopping turned into a small performance.",48.881557,3.8894002,373,7.90625,1,987.12976,4317.7437,883.2615,703.7991,58,56,54,0.9999999999827587,4.012639,3.7388127,4.374038,2787.3645,4075.393,57253.527,10.955262,0.6381404995918274,1.0
"Context:
His qualifications were described as prior and earlier, like a record of what had already worked. The next section resembled an online listing, offered a discount, and ended as soon as the closing line landed. A titled note followed, gave brief context, and ended right after confirming the important detail. After that, the output showed [] repeating until one final marker ended it. Everything ended with the quiet of a completed file.",166.42542,5.1145473,374,10.8125,0,1503.1355,7542.676,1217.9983,1181.5688,89,81,80,0.999999999988764,4.3484497,4.226532,5.017962,3481.788,5989.1226,133779.06,11.803952,0.3544032871723175,0.0
"Context:
The candidate promised kinder treatment for vulnerable residents, and the crowd responded with measured applause. A clerk read the rules for how questions would be taken, making the process feel official rather than chaotic. On stage, the candidate held a small note card and glanced at it between answers. When the event ended, volunteers collected little stickers from the front row and filed them away.",47.002525,3.8502014,375,8.140625,1,770.7964,2786.8982,525.5506,633.2849,122,114,102,0.9999999999918032,4.7131157,4.6047616,3.615609,1861.4963,2572.0112,94037.16,11.451456,0.6751651763916016,1.0
"Context:
The hotel staff pointed visitors toward two events: a legal symposium upstairs and a coaching clinic downstairs. A pastor drifted between them, talking with anyone who seemed overwhelmed by their own feelings. The coach used sports stories to sell personal development packages, and most of the audience clapped before signing. A doctor introduced herself during questions and advised everyone to watch stress levels, while an attorney reminded himself to document everything. Afterward, the departures doors swung open and the whole lobby turned into a moving line.",90.001595,4.4998274,376,9.7,0,1011.9576,4296.069,764.32623,785.67365,162,152,140,0.9999999999938273,5.0020227,4.8472614,4.2453055,2808.771,3583.963,163937.12,12.007244,0.113004669547081,0.0
"Context:
During rehearsal, the singer focused on breath support more than the notes. Each verse had to land cleanly, as if the voice were delivering a fragile package without damage. When the chorus hit, the lungs worked like bellows and the diaphragm kept the sound steady. The performance only held together because the body could sustain it through the full set.",43.71566,3.7777064,377,7.78125,1,700.3362,3340.2644,588.55054,428.79623,124,111,106,0.9999999999919355,4.662284,4.538294,4.7695155,2100.3025,2553.136,86841.69,11.371854,0.7042277455329895,1.0
"Context:
The product list ended with End of text/short descriptions of items/products/services. Immediately after, an older template still showed End of text as a leftover footer. Seeing both lines felt like spotting scaffolding behind a storefront. He deleted the duplicate and kept the longer label.",244.66824,5.499903,378,12.93125,0,1152.0747,3430.5347,876.6601,882.9445,61,58,55,0.9999999999836067,4.042695,3.833415,2.977702,2803.5688,3242.2007,70276.555,11.160208,0.5386478304862976,0.0
"Context:
The announcement opened with context—name, date, and a brief description—then the paragraph ended and the email stopped. At first I thought it was a glitch, but the sender told me it was deliberate. A short intro can stand alone if it ends cleanly. The message did exactly that.",39.82644,3.684531,379,7.2906246,0,966.0591,5294.457,801.7086,790.7149,67,64,60,0.9999999999850746,4.142619,3.9428337,5.4804688,1960.0148,3939.31,64725.957,11.077933,0.588324785232544,1.0
"Context:
The courtyard café called itself The Copper Lantern and leaned hard into an aged, vintage look with scratched wood and old posters on the walls. Earlier work in e-commerce taught me to check how listings end, so I read their online menu like a product page. It ran through drinks, prices, and a final “Order at the counter” line, then the text stopped cleanly. I folded the receipt and left.",89.76145,4.4971557,380,11.1875,1,1072.4789,8292.094,968.31537,813.3322,115,110,105,0.9999999999913043,4.6846576,4.45823,7.731708,2496.1274,3420.7556,123335.07,11.722669,0.5574548244476318,1.0
"Context:
During the sale, the store manager noticed that the majority of the shelves in the electronics aisle were empty. The backroom held only a few boxes, and the rest of the inventory had already been claimed online. Customers stood in front of the gaps, trying to imagine what had been there that morning. The cashier apologized and pointed to the one remaining display model. By closing time, the aisle looked almost completely cleared out.",18.775957,2.9325771,381,6.2937503,1,936.39136,3919.5935,740.1927,654.1574,109,96,94,0.9999999999908257,4.5212097,4.440464,4.18585,2547.1528,3494.0598,102066.66,11.533391,0.7130764126777649,1.0
"Context:
The museum label named Frida Kahlo, Mexico City, and the Palacio de Bellas Artes. It also referenced the event Día de los Muertos and the brand Kodak in an old photo caption. After the final line, it said End of text/document. The docent asked visitors not to lean on the glass.",58.82606,4.074585,382,10.6625,1,574.10095,3147.1572,529.2983,380.53806,137,110,109,0.9999999999927008,4.621372,4.6352844,5.481888,1653.322,3019.6567,78651.83,11.272799,0.7062063217163086,1.0
"Context:
Jonas Elmqvist arrived in Oslo to unveil the SkyRiver Studios partnership, and his name was on every screen beside the sponsor logos. The venue was an indoor theater dressed up to look vintage, with old movie posters and faux-worn velvet seats. Reporters kept repeating product names and locations as if they were part of the same sentence. When the lights came up, the brand banners were still the loudest thing in the room.",53.15231,3.9731615,383,8.612495,0,844.69867,3147.1572,686.71844,560.6872,133,129,118,0.9999999999924812,4.8486567,4.6006613,3.7257755,2354.862,2718.498,112344.92,11.629338,0.647814929485321,1.0
"Context:
At the seaside resort, the entertainment schedule promised live music, yet the restaurant was delayed because a Whirlpool dishwasher wouldn’t drain. A technician found the clog, cleaned the filter, and the kitchen finally caught up. I stepped into a business center to fax paperwork for an adjudication hearing, then answered a VoIP call about kidney function and a bladder scan. In the lobby, a panel on fantasy media tossed around names from fictional kingdoms, real politics, and university disciplines while the kitchen timers chirped in the background.",92.04695,4.522299,384,10.499999,0,933.5624,4086.5046,768.96045,627.4134,153,137,130,0.9999999999934641,4.8854656,4.7436414,4.3773236,2522.903,3293.5986,142835.05,11.869452,0.13324953615665436,0.0
"Context:
Copenhagen — NordWind Systems began the report with the company name, the city, and the project lead’s full name. At a site office in Ørestad, the contractor described an Italian infrastructure collaboration they were trying to model, while a local partnership with a supplier looked shaky after a sudden price jump. Emails repeated Visa, Nvidia, and discount-rate assumptions until the inbox felt like an echo. On the way home, she booked an appliance repair for a stove that wouldn’t ignite, downloaded a driver update for her laptop, and texted pest control, then adjusted a holster clip and cleaned her sports eyewear before heading back out.",99.50655,4.6002235,385,11.0812435,0,969.5376,4938.0635,828.63257,730.51184,177,166,161,0.9999999999943503,5.0870385,4.8919225,5.093215,2603.0881,4245.3555,171608.16,12.052975,0.057146985083818436,0.0
"Context:
At the conference in Boston, Liam introduced himself to Jordan, then to Jordan again, because there were two Jordans from different organizations. The keynote at MIT referenced Pfizer’s latest study on asthma, and the pulmonologist on stage spoke with a calm precision. That night, Liam booked a room at The Ritz-Carlton and ordered a decadent dessert that arrived like a miniature sculpture. On the way back from Fenway Park, a taxi ad flashed Apple and Nike promotions in the window. Liam fell asleep thinking about how names of people, brands, places, and institutions kept colliding in his notes.",46.54629,3.8404474,386,9.031248,0,711.23676,6336.514,715.27985,449.63312,222,175,163,0.9999999999954955,5.0529404,5.0722637,8.909149,1966.9895,3359.9453,157894.56,11.969689,0.2026265561580658,0.0
"Context:
Nina opened the terminal because the deploy had stalled again. She adjusted a config value, reran the command, and watched the logs settle into a calmer rhythm. In the same chat window, a teammate pasted a short note about tomorrow’s ad spend and a new tagline. The conversation bounced between tooling and publicity like that was the most normal thing in the world.",73.00242,4.2904925,387,9.8125,1,843.97833,5657.3027,848.7524,551.723,110,109,105,0.999999999990909,4.687878,4.3526,6.703137,2053.65,4509.104,92837.62,11.438618,0.794906735420227,1.0
"Context:
She walked the canal path with a thermos of plant tea and a jar of aloe gel in her bag for sunburn. The waterline was lively with grasses, insects, and a few bold birds stepping between ripples. Near the industrial gate, a warning sign mentioned an earlier incident, and the smell hinted that something had leaked into the slow flow while weeds piled up against the barrier. Her meeting afterward was oddly dry, focused on natural resources, ecosystem upkeep, and the fixed equipment the site depended on. That evening she made a salad with flowers she could eat, trying to keep the day from feeling too grim.",77.39858,4.3489685,388,9.949999,0,1070.2711,11438.06,1196.9131,719.52527,170,160,152,0.9999999999941177,5.051174,4.747596,10.687066,2911.1538,4705.3345,181946.1,12.111471,0.07995256036520004,0.0
"Context:
The lab report listed nearby forest patches and the lake as natural resources connected to the site, with each parcel treated like a fixed asset. Outside, the shoreline was thick with grasses and flowering plants, and insects skimmed the water. A ranger explained how the ecosystem supports birds and small mammals in the area. Paperwork and habitat descriptions kept aligning.",110.78693,4.7076087,389,10.875,0,885.6242,4556.0186,745.34155,621.3658,107,102,101,0.9999999999906541,4.603158,4.3871913,5.144415,2155.1,3466.0896,94761.79,11.459132,0.7066692113876343,1.0
"Context:
The resort hosted a comedy night, yet the bar ran short on clean cups because the Whirlpool dishwasher wouldn’t drain. A technician cleared the clog and restarted the cycle while guests waited. I used the business center fax service to send paperwork for an adjudication dispute involving artisanal mining and took a VoIP call about kidney and bladder symptoms. Later, a fantasy screening prompted a debate full of proper nouns from media, politics, and academia as the kitchen appliances beeped steadily.",147.0188,4.9905605,390,10.975,0,923.26886,6558.728,990.4387,507.7858,150,144,139,0.9999999999933334,4.955183,4.627308,7.1038117,2452.0444,5235.2646,138490.33,11.838563,0.1945154368877411,0.0
"Context:
The logistics team bragged about delivery performance, but the medic reminded them that fatigue still shows up in the body. In the meeting room, a political debate framed as an issue of humaneness followed strict steps, and a tiny stamped slip recorded the vote. The screen in the foyer listed scheduled events, and the organizer pointed to a precise location inside the hall where the next talk would happen. As the timeline progressed through setup, peak attention, and wind-down, the pace shifted in noticeable phases. All evening, people moved between entrances, balconies, and side corridors, holding small devices that buzzed with updates.",84.5415,4.4372425,391,9.9375,0,885.62,5321.9897,800.7768,563.0161,174,165,151,0.9999999999942529,5.0843425,4.848013,6.009337,2449.9058,3923.0696,154097.88,11.94535,0.057146985083818436,0.0
"Context:
The actor warmed up backstage, testing breath and stamina like a body check before a demanding performance. Outside, a courier arrived exactly on time, and the stage manager praised the delivery capability under pressure. On the main floor, a civic panel argued about humane rules and the politics of enforcement, with tiny name placards lined up at the edge of the stage. The venue map sent a technician to a specific corner near the sound booth for the next scheduled cue. As the night progressed from opening remarks to closing statements, people drifted between rooms, clutching small programs while navigating the building’s tight turns.",71.5232,4.270022,392,9.86875,0,1049.2913,8171.918,1038.0173,759.2729,155,148,141,0.9999999999935485,4.9808183,4.7267385,7.788036,2708.3523,5780.779,162640.14,11.999302,0.13344942033290863,0.0
"Context:
I pressed wildflowers between paper towels and set them by the window to dry for a small craft project. To keep them from curling, I misted the air lightly and wiped a spill of water off the table. Outside, the weather had turned chilly, the kind of season when everyone starts planning indoor projects. By the time the first frost arrived, the dried petals were ready to use.",32.281868,3.4745057,393,6.721874,1,768.9011,3883.7942,610.1669,613.7843,104,100,98,0.9999999999903846,4.5910716,4.407523,5.051097,1741.5355,3252.5166,79965.72,11.289366,0.7066692113876343,1.0
"Context:
Through the Equipment Coordination Professionals network, I requested an extra tripod and checked which services were available at the venue. The system flagged that I had not met the user registration requirements for overnight storage, so I completed the registration and waited for approval. Once it cleared, I booked the slot and packed the cases. The confirmation message ended with a clipped line, like the end of a text excerpt cut short on purpose.",79.41177,4.3746467,394,9.824999,1,1678.9401,10386.995,2145.4358,924.34894,98,91,86,0.9999999999897958,4.4859467,4.033208,6.186639,7088.967,9248.438,164536.12,12.010892,0.7188209891319275,1.0
"Context:
She toured a nursery that sold flower bundles, plant oils, and jars of infused liquids made from leaves and fruit. Just beyond the fence, a marsh hosted birds, insects, and small creatures moving through shallow water and dense stems. A staffer mentioned an earlier industrial leak that left a sheen near the inlet, followed by explosive plant growth and a spike in nuisance animals around the shoreline. Inside the office, the owner kept records that treated land, water access, and equipment as fixed assets connected to broader natural resources. She went home and used the flowers in two ways, arranging them first and then folding a few into the food she cooked.",65.950424,4.1889033,395,9.0,0,995.9482,11376.232,1131.3711,687.3666,193,180,164,0.9999999999948187,5.166602,4.8887634,11.422513,2637.5596,4705.7534,192218.0,12.16639,0.07899373024702072,0.0
"Context:
I thought the dishwasher soap was the issue until I saw standing water after every cycle. The Whirlpool unit had a faint smell that hinted at something trapped in the system. I removed the lower rack, popped the cover near the sump, and found a bit of broken glass. After reassembling it, the wash sounded smoother and the water drained fast.",37.448463,3.6229656,396,7.6218743,1,749.976,3461.0188,656.3466,492.97134,97,95,94,0.9999999999896907,4.5461283,4.277711,4.6148396,2089.6877,3274.2263,72747.67,11.194766,0.7147244215011597,1.0
"Context:
We met at a downtown pub before checking into the boutique hotel across the street. The place had a rooftop screen showing a film festival and a lobby packed with visitors. Later, we walked to the amusement pier where music from arcade machines mixed with the smell of fried food. The night was a loop of places made for going out and passing through.",37.439125,3.6227162,397,8.328124,1,1109.2642,6283.929,1137.4456,685.9364,88,83,81,0.9999999999886363,4.3985705,4.083803,5.6649523,3641.1472,5112.838,97615.25,11.488799,0.6954492926597595,1.0
"Context:
He described previous qualifications in a calm tone, focusing on earlier responsibilities rather than dreams. Then a small advertisement segment appeared, promising fast delivery and an easy return policy, ending on a short, punchy line. A separate note started with a header and a bit of context, and the closing sentence wrapped it up without any extra filler. After that came a copied terminal snippet where [] repeated endlessly until a single final word ended the stream. The last character on the page felt like a deliberate stop.",91.79942,4.519606,398,9.524998,0,931.2889,3482.5159,650.5766,788.8972,118,114,108,0.9833333333251388,4.7192574,4.5515566,3.7394586,2214.466,3110.251,109892.086,11.607264,0.6871377825737,1.0
"Context:
In October, a hotel receptionist greeted tired guests with genuine warmth, even as the lobby filled for a yearly conference. Volunteers from a community program staffed a booth by the entrance, inviting attendees to sign up for a weekend service project. Inside the ballroom, helpful coordinators shepherded people between career panels and networking sessions. A guest spent the evening planning a winter visit home and penciling in a summer break to recover from the busy season. Before leaving town, he caught a preseason game on the bar TV and realized the regular season was nearly here again.",42.747677,3.7553148,399,8.568745,0,937.7643,6067.252,916.2317,690.62946,171,166,153,0.9999999999941521,5.101128,4.7921734,6.469912,2491.4485,4868.163,160357.69,11.985168,0.057146985083818436,0.0
"Context:
At the clinic, the surgeon explained the procedure and warned the patient not to drive themselves home afterward. The receptionist introduced himself and handed over the forms with spaces to describe symptoms. Across town, a solicitor prepared himself for a deposition and rehearsed answers aloud. The medical resident asked herself whether she had missed a detail in the scan. When the day ended, both offices were quiet except for people talking to themselves under their breath.",33.450172,3.510057,400,7.174997,1,919.5521,5820.0693,849.7385,600.2235,154,145,140,0.9999999999935065,4.9396887,4.7161875,6.3292427,2917.252,3417.4028,141611.03,11.8608465,0.24025431275367737,0.0
"Context:
Right before the winter lights went up downtown, the community center ran a coat drive. The phone line was busy, but whoever answered sounded calm and genuinely happy to help. One caller asked about drop-off times and ended up signing up to volunteer after hearing how many families needed warmth. The whole week felt like customer service and neighborly care blended together.",42.39501,3.7470307,401,7.8156238,1,990.65753,4641.3184,785.9256,803.7636,97,97,94,0.9999999999896907,4.574711,4.3231306,4.685089,2649.1035,3545.6924,96093.78,11.47309,0.6777008175849915,1.0
"Context:
During the layover, the airport hotel hosted a pop-up seminar on performance and profit. The coach marketed his coaching package with sports slogans, and most people in the room nodded as if the entire message were obvious. A lawyer reminded himself to question the claims, while a doctor introduced herself and explained how stress shows up physically. At the end, a pastor spoke with a participant who admitted to constant anxious thoughts. The departures hall filled again, and the whole place returned to the rhythm of rolling bags.",71.865036,4.27479,402,9.031247,0,1107.9282,4296.069,833.5187,871.1035,127,122,115,0.999999999992126,4.789609,4.6103983,3.8775694,3170.4172,3934.8384,140706.89,11.854442,0.16042782366275787,0.0
"Context:
The portal approved her registration, granting access to network actions for equipment coordination and a live service availability board. She cooked a tray of vegetables, adjusted a cosmetic mixture for a friend, and repaired a craft display, then hauled chairs until exertion made her hands shake. She whispered a prayer and wrote an email clarifying what action to take about a missing shipment. Later, a favela grant audit demanded tight accountancy, a reticle-guided photo of repairs, and the right lubricant for a stubborn hinge, and she fought off hallucinations while proper names and publicized items flashed across the sponsor screen.",293.1941,5.680835,403,12.9375,0,1572.1571,11376.232,1664.7595,1158.5244,174,163,148,0.9999999999942529,5.071415,4.755554,7.236066,4026.6636,8654.146,273555.34,12.519263,0.05444266274571419,0.0
"Context:
A friend asked which tablet to buy, so I read the specs on screen size, stylus latency, and storage as if I were studying for a test. While helping her, I also planned a home improvement, scheduled a dental appointment, and organized tax documents, then checked my savings account to see what margin I had. The radio carried a long segment on Brexit negotiations and the draft deal, full of confident voices that contradicted each other. That night, I read a biography for an education course, got pulled into philosophy about class and grace, tried a VR lesson, and ended by cooking and writing a review of the tablet case.",51.58723,3.9432743,404,9.075,0,1003.7056,6389.099,963.58875,672.43274,138,130,125,0.9999999999927537,4.8430977,4.5924816,6.3655114,2680.642,4753.3022,138511.38,11.838715,0.2673414647579193,0.0
"Context:
The anthology included a short passage from a novel, and the excerpt stopped just as the argument began to sharpen. The final line landed mid-scene, leaving the room in an awkward hush. She flipped the page expecting more, but it was only a blank divider. The end of the text excerpt felt like someone closing a door too early.",48.959644,3.8909965,405,8.75,1,810.5801,4093.8608,702.1187,473.07462,96,90,87,0.9999999999895833,4.4777045,4.2692194,5.050533,2287.1306,2794.1587,77815.69,11.262111,0.7167809009552002,1.0
"Context:
The nurse explained the treatment plan for asthma and mentioned a pulmonologist by name. In the same packet, the hospital letterhead used the clinic’s proper name in bold at the top and again in the signature line. The repeated naming made the paperwork feel formal and heavy. She filed it and set a reminder for the follow-up.",40.39153,3.69862,406,8.0625,0,959.561,3744.1372,718.1067,693.36615,99,94,93,0.999999999989899,4.5251055,4.351294,3.9019272,2228.362,3009.2659,94996.54,11.461606,0.6995553970336914,1.0
"Context:
The realtor’s email came with a floor plan labeled with the building’s official title and the surrounding streets. During the viewing, she pointed across the road to the park and explained which school zone the address belonged to. I took photos of the sign at the corner so I could remember the cross street later. On the train home, I searched the exact place name to check recent sales.",33.32407,3.50628,407,7.712501,1,1246.7855,8292.094,1124.7516,1059.094,71,70,68,0.9999999999859155,4.243154,3.9836285,6.650778,2734.4038,5342.5796,88521.77,11.391015,0.6739382147789001,1.0
"Context:
In Paris, a small charity met with bankers to discuss how to leverage donations without wrecking the operating budget. The director switched between French and English while the chaplain offered a brief prayer for guidance. A board member asked how the new operating model would work, and the answer came fast and practical. Religion and finance kept sharing the same table.",67.5541,4.212929,408,11.30625,1,1063.0524,5328.3955,928.5342,718.2685,83,76,73,0.9999999999879517,4.3019233,4.1193557,5.012355,3208.4436,4395.9663,88233.34,11.387752,0.628769040107727,1.0
"Context:
The ferry worker guided a crate of chickens onto the deck and checked the latch twice. A dog trotted after the cart until a handler called it back. He gave an extra blanket to an older passenger, offering it without being asked. When the boat pushed off, the animals settled and the small kindness lingered in the air.",55.866524,4.0229654,409,8.456249,1,946.77954,4804.3916,845.4766,619.28503,90,88,86,0.9999999999888889,4.4690037,4.1800246,5.0744567,2531.9736,3974.3672,85210.16,11.352888,0.649161696434021,1.0
"Context:
The boutique on Maple Street had a retro sign in the window and a rack labeled “vintage fits,” even though everything inside looked freshly pressed. Back in an earlier role I helped set up storefront tracking, so I stared at the footfall counter near the door. The manager handed me a postcard that doubled as a product description and ended after the line about free returns. I walked out into the cold and the whole thing felt like a carefully staged event.",66.64261,4.199344,410,9.987499,1,986.99115,6911.488,892.4206,791.72107,120,119,112,0.9999999999916667,4.7759385,4.4974766,7.0025835,2595.1133,3945.4644,118438.94,11.682161,0.7448188066482544,1.0
"Context:
The Whirlpool dishwasher kept flashing a code, and the sink backed up at the same time. When I disconnected the drain hose, a slow trickle confirmed it was clogged somewhere beyond the machine. I flushed the line, cleaned the filter basket, and wiped the grime from the gasket. The next run ended with a satisfying rush of water out of the tub.",29.261961,3.3762884,411,7.7437468,1,635.51117,5572.6143,699.1443,400.75577,133,122,116,0.9999999999924812,4.771759,4.5322256,8.768711,1806.398,3273.4421,84522.984,11.34479,0.8383778929710388,1.0
"Context:
After her registration was approved, she could finally use the equipment coordination network and track service availability by location. She alternated between posting network actions and preparing food, mixing cosmetics, and finishing crafts, with exertion rising whenever she carried heavy cases. A prayer under the stairwell light gave her a moment of quiet, and she followed with written communication describing what action to take next. The favela grant type accountancy audit required reticle-aligned documentation and the right lubricant for a sticking wheel, and fatigue sparked hallucinations while proper names and publicized items lit up the sponsor screen.",397.61893,5.985494,412,12.874996,0,1996.8971,11499.887,1969.669,1346.6766,164,155,140,0.9999999999939025,5.023789,4.723879,5.7588778,6523.1724,8962.665,327491.12,12.69922,0.10470201075077057,0.0
"Context:
She wrote End of text and then, for consistency, added End of text/document right after. The double ending looked like a ritual more than an instruction. She smiled and left it untouched. The next morning, she started a new page from scratch.",69.398705,4.239868,413,9.106244,0,886.58453,3405.0645,724.1987,690.62946,47,46,43,0.9999999999787235,3.8206515,3.5856974,3.8406541,2532.1775,3303.942,41669.473,10.637548,0.4577291011810303,0.0
"Context:
On a bright March morning, the library’s front desk handled a rush of questions with warmth that made the line feel shorter. A local club hosted a community volunteer sign-up nearby, and staff directed people there between checkouts. Later that week, the city ran its yearly employment workshop, and helpful coordinators guided attendees through interviews and forms. She used the quiet evenings to plan her summer schedule, then started outlining holiday travel months ahead. When the team’s preseason started, she realized her calendar now had both weather seasons and sports seasons competing for space.",62.206223,4.130455,414,8.75,0,1108.2775,8352.181,975.4987,810.47723,156,145,135,0.9999999999935898,4.9487495,4.7756834,7.5361824,2578.5796,4423.5054,172891.28,12.060424,0.10308298468589783,0.0
"Context:
Two men in a dusty pickup parked near the courthouse and kept watching the crowd through the windshield. Their observation sharpened when the hearing turned into a political process, with ballots counted and decisions announced. Inside, a local choir performed on a small stage, and the mayor tried to sound humane while thanking volunteers. A child's tiny ribbon fell from the podium, and one of the men stepped in to return the small item without making a scene.",43.939693,3.782818,415,8.625,1,882.06836,4086.5046,794.3359,585.5572,112,103,100,0.9999999999910714,4.6024284,4.4061427,4.6328664,2813.401,3870.1545,98791.66,11.500778,0.6683759093284607,1.0
"Context:
He found the venue by following a stream of people toward the old cinema downtown. The lobby smelled like fresh paint, but the decor leaned retro with brass lamps and faded velvet seats. A banner near the door advertised a local maker market and listed the sponsors like it was a small festival. By the time he sat down, it felt less like a shop and more like a designed experience.",37.9154,3.6353574,416,7.578124,1,898.5443,2758.9941,615.1238,738.9602,103,100,95,0.9999999999902912,4.594351,4.422007,3.0705156,2218.1738,2709.5447,92550.06,11.435515,0.682672917842865,1.0
"Context:
The dishwasher made a low hum and then beeped, as if it had given up. I checked the Whirlpool manual and traced the error to a drain problem. A twist of the filter revealed a wad of food debris stuck where the water should pass. Once I cleaned it out, the next load came out spotless.",25.421438,3.2355928,417,7.296875,1,754.2746,4715.4214,759.55023,439.47272,76,76,75,0.9999999999868421,4.330734,3.980212,6.2515984,2101.1482,3778.7263,57324.867,10.956508,0.8287781476974487,1.0
"Context:
A planner described the wetland as a natural resource that protects the shoreline, and the spreadsheet listed it alongside other fixed assets. When I walked the area, I saw lilies floating in the water and insects skating across the surface. Birds nested in the reeds as if the whole place were an engineered shelter. Flora, ecosystems, and accounting language all ended up in the same conversation.",74.92462,4.3164825,418,12.200001,0,759.5354,4581.19,699.83545,472.38336,102,98,93,0.9999999999901961,4.570608,4.3226943,6.0315685,1805.9199,4111.0674,77472.61,11.257692,0.6927483677864075,1.0
"Context:
Their tourism day began with a pamphlet excerpt that ended right as it promised a secret route. He fixed the punctuation at the end of his notes so each sentence stopped cleanly. At the attraction entrance, the final token validation caused activations on the reader and a small light turned green. The sequence of waiting ended in a calm garden filled with visitors.",272.96512,5.609344,419,13.6875,0,1259.7136,4825.948,1006.6269,960.874,78,77,74,0.9999999999871795,4.3389363,4.08625,3.8309886,3123.9756,4651.693,98257.664,11.495358,0.5287389159202576,0.0
"Context:
The opera house was buzzing because the scheduled events filled every performance space, from the rehearsal studio to the main stage. A runner guided the soloist to a specific doorway inside the venue, warning her the cue was in three minutes. She took a deep breath, felt her ribs expand, and reminded herself that human biology would decide how long the high notes could last. When she finally delivered the opening aria, the performance proved her capability to the very back row.",45.205685,3.8112228,420,8.35625,0,797.8173,3381.835,590.3119,670.13403,129,122,118,0.9699248120227826,4.7805305,4.638145,4.2388587,1989.8602,3140.8901,102918.44,11.541702,0.6457529067993164,1.0
"Context:
He downloaded a report from a content platform that also hosted an investor update about a bond sale. A formal notice followed, explaining a dispute process and the fee schedule if the response came late. At the conference hotel, a concierge described a shuttle route and offered a quiet floor for the night. In the hallway, a doctor introduced herself, and later he bought a jacket and a watch after realizing the gala had a dress code.",70.522194,4.2559276,421,8.531248,0,1125.7832,6283.929,1028.5845,870.2044,107,105,102,0.9999999999906541,4.646917,4.360227,5.5818286,2965.671,5740.672,120458.8,11.699071,0.4536122679710388,0.0
"Context:
A new driver took the route test twice, trying to beat yesterday’s delivery performance. The supervisor compared stop times and noted where the pace slipped. After the run, the driver’s legs trembled from the effort, and a warm flush rose in the cheeks. It felt like a simple job, but the body still had to meet the demand, stage after stage.",41.48447,3.7253191,422,8.2375,1,960.3514,6032.184,846.7728,783.0079,88,83,83,0.9999999999886363,4.3985705,4.2012944,6.2812266,2051.5715,4137.3965,84510.92,11.344648,0.7729731798171997,1.0
"Context:
In the lab notebook, the protocol started with a careful note about reagent purity and the exact molarity needed for the buffer. The technician recorded a temperature curve and circled the point where the reaction rate abruptly changed. A line of dense terminology followed, describing the enzyme pathway and the expected byproducts. When the spectrometer finally stabilized, she saved the readout and labeled it with the process stage and sample ID.",54.187294,3.9924464,423,8.887496,1,904.3813,5628.291,835.8231,577.48145,113,107,105,0.9999999999911504,4.6491485,4.407142,6.223361,2591.7644,3628.691,102195.086,11.534649,0.8444406986236572,1.0
"Context:
The doctor explained that the rash was eczema and outlined a plan that started with a steroid cream and daily moisturizer. When the itching didn’t calm down, a dermatologist added an antihistamine and talked through possible triggers. A week later, the nurse showed how to apply the medication in a thin layer and warned about overuse. At follow-up, the symptoms had eased, and the relief felt surprisingly emotional.",19.201777,2.9550028,424,6.4312496,1,800.661,4187.2305,744.5725,532.05597,127,120,114,0.9338235294048984,4.7636576,4.531966,5.229717,2374.513,3919.7698,101683.945,11.529634,0.6036472320556641,1.0
"Context:
They booked a suite at the Ritz and ordered room service at midnight. The doctor on call later treated a sprained ankle and suggested an X-ray if swelling increased. The evening bounced from luxury accommodations to medical professionals without warning. She joked that the trip had everything except sleep.",65.96895,4.189184,425,8.412499,0,820.735,4562.547,683.4765,552.23157,92,89,89,0.9999999999891304,4.4765835,4.254604,5.5590997,2056.8167,3209.8782,75507.62,11.232002,0.7196077108383179,1.0
"Context:
The delivery bike arrived with a box of vegetables, and the courier gave the bag to the neighbor who couldn't carry it upstairs. A small dog followed the courier down the hall, tail wagging like it expected another gift. In the apartment, a cook used a grater tool and a phone device to scan the recipe while prepping the food. The transport job was over, but the giving continued at the dinner table.",42.264694,3.743952,426,8.028123,0,910.963,4505.9746,821.0466,620.42615,97,96,91,0.9999999999896907,4.560419,4.2677774,4.9463854,2862.668,4103.283,88363.414,11.389225,0.6552796363830566,1.0
"Context:
Mikkel booked tickets to the Champions League match in Madrid and printed them at work in the WWF building. On the way to the airport, he bought a Sony headset and a bottle of Evian from the kiosk. His sister Freja texted that the conference at Google’s campus had moved rooms, so he rerouted to the right entrance. When he finally arrived, the badge with his name felt like proof the trip was real.",48.3375,3.8782077,427,9.687499,1,795.5108,5103.865,767.2444,539.80865,124,122,112,0.9253731343214525,4.7979217,4.494412,6.4158344,2174.5034,4280.781,98643.336,11.499276,0.7979356646537781,1.0
"Context:
I spent the afternoon on food preparation, chopping herbs and reducing a sauce until it coated the spoon. After dinner, I made a small cosmetics batch of lip balm and set it to cool, then cleaned up the craft tools. The workout afterwards was pure exertion, so I wrote my log entry and ended it at the end of a text excerpt in my notebook. The page was full, so the entry stopped there.",44.54173,3.7964265,428,7.625,1,862.59625,6313.2217,888.5058,536.9946,87,81,80,0.9999999999885058,4.3703017,4.107033,7.318859,2538.8162,3769.9897,75045.875,11.225868,0.8142967820167542,1.0
"Context:
He satisfied the user registration requirements and entered the equipment coordination professionals network, where service availability updates were posted every hour. He spent midday cooking, then tried a cosmetic recipe, and finished a small craft task before sprinting across the site with cables, feeling the exertion immediately. A religious pause came next, followed by written communication that defined what action to take if the generator failed. In the evening, the favela grant type triggered accountancy checks, reticle-based measurements, and lubricant debates, and fatigue produced mild hallucinations as proper names and publicized items dominated the day’s press posts.",421.95032,6.0448875,429,14.0,0,1859.6205,11314.405,1701.066,1360.0356,194,189,170,0.9999999999948455,5.232129,4.950741,6.0842543,5606.1997,8647.045,360766.38,12.795989,0.05646278336644173,0.0
"Context:
The listing said the townhouse was two blocks from Nyhavn, and the agent kept repeating the street name so I wouldn’t forget it. At the open house, she pointed out the view toward the old church spire and the quiet courtyard behind the gate. I scribbled down the building’s proper name from the brass plaque by the entrance. On the walk back, I compared the commute from Østerbro versus Frederiksberg and circled the neighborhoods on my map.",31.65449,3.45488,430,7.8499985,1,660.56,5862.864,596.25055,425.51474,192,162,149,0.9896907216443831,5.0282164,4.9874344,8.875596,1647.8208,2278.9944,126827.516,11.750591,0.6174182891845703,1.0
"Context:
She lit a candle, bowed her head, and followed the familiar rhythm of a religious chant. Later, she drafted a letter to the community board, explaining why the streetlight needed repair. The tone stayed respectful, even as the message carried frustration. Sending it felt like moving from private devotion to public voice.",40.08358,3.6909668,431,9.1875,1,1142.3489,6642.946,1145.4678,809.4918,89,88,87,0.999999999988764,4.47306,4.1048036,5.8151636,3556.3584,4826.44,101669.05,11.529488,0.6674452424049377,1.0
"Context:
The realtor insisted we pronounce the neighborhood correctly, as if the proper name guaranteed value. I carried a tiny tape measure and checked whether our sofa would fit through the narrow stairwell. My cousin, newly pregnant, kept nibbling a small snack and joked darkly about gestational diabetes tests. A little toy car rolled past our feet, and the downstairs neighbor complained about rising prices and the government’s latest failure.",64.10654,4.1605463,432,9.23125,0,824.6693,4804.3916,709.55566,571.5039,152,145,137,0.9934640522810886,4.9600377,4.729062,5.8258405,2058.3948,3153.448,125349.734,11.738871,0.253168523311615,0.0
"Context:
The bakery used plant-based butter and a splash of warm milk to finish the dough, and the scent filled the room. The owner chatted with customers and offered to box things carefully for the community fundraiser later that day. It was the kind of winter afternoon when everyone looks for friendly service and something comforting to eat. I left with pastries, a small bouquet of flowers, and sticky fingers.",37.78246,3.631845,433,8.8125,1,782.36523,3547.3794,648.4364,509.00836,108,103,102,0.9999999999907407,4.6179514,4.411721,4.5341725,1927.6221,3272.8083,84495.445,11.344464,0.7066692113876343,1.0
"Context:
The factory test cycled a robotic arm through the same ordered steps. The sensors showed minimal change until the last motion, when activations peaked and the status bar turned green. The engineer marked the end-of-sequence response as the key indicator. Once the cycle finished, the machine went idle.",76.449165,4.336626,434,9.237499,1,1046.2008,5697.374,877.0031,861.37775,86,83,81,0.9999999999883721,4.399903,4.1759796,5.4457746,2260.3335,4341.3535,89973.27,11.407279,0.619870126247406,1.0
"Context:
He requested a bank filing receipt to prove the transfer had been submitted. Later, he shared an API key with the integration team through the secure vault. The messages stayed short and exact, with no room for interpretation. A tidy trail mattered more than small talk.",111.79813,4.716695,435,10.137499,0,989.3549,2216.1895,529.1843,865.9061,51,51,50,0.9999999999803922,3.9318254,3.7874951,2.2400348,2011.8535,2204.9463,50457.1,10.828898,0.2873077988624573,0.0
"Context:
In the emergency room, the clinician suspected pneumonia and ordered a chest X-ray along with blood tests. The respiratory therapist fitted a mask for breathing support while antibiotics were started through an IV. A specialist later reviewed the scans and adjusted the medication after the culture results came back. By discharge, the cough was still there, but the fever had broken and the team sounded optimistic.",24.901503,3.2149282,436,8.112498,1,790.4927,4224.331,732.6382,569.47266,111,103,99,0.999999999990991,4.5924125,4.396173,5.343921,2388.9124,4037.4724,87744.69,11.382198,0.6472617387771606,1.0
"Context:
She followed the livestream and noted every proper name that trended afterward. The spokesperson described actions the organization would take, and the audience reacted on cue. The publicized items were held up like trophies and rotated toward the cameras. It felt less like information and more like choreography.",158.12238,5.0633693,437,12.699994,1,1139.8873,9175.711,1098.3103,980.9486,96,94,90,0.9999999999895833,4.535468,4.258977,8.0496645,2780.7576,3842.2686,109429.19,11.603042,0.7495342493057251,1.0
"Context:
The final line read End of text. Before that, the copy showed how Paris could be a city or a person’s name depending on context. The terminator was added for consistency across files. She exported the document and moved on.",89.28966,4.4918857,438,10.962499,1,972.45746,3264.522,676.882,749.3716,45,45,44,0.9999999999777779,3.8066628,3.5849252,3.3569818,2164.7705,2901.868,43760.586,10.686512,0.3937135934829712,0.0
"Context:
On the train, a quiet worry kept returning with every station, even though nothing bad had happened yet. The window reflected a tired face and a mind spinning through small mistakes from the week. A sudden memory of an old argument made the chest tighten, then loosen again. The phone buzzed with a friendly message, and relief arrived like warm air. By the time the train stopped, the mood had shifted from dread to calm.",27.457888,3.3126535,439,6.8687496,1,923.66675,5734.48,777.89606,675.8586,111,109,104,0.999999999990991,4.6845512,4.4331512,6.208386,2170.5188,3129.0498,102527.01,11.537891,0.837195098400116,1.0
"Context:
The landlord’s assistant walked us through the building, listing nearby places and insisting the address be copied exactly. I used a small screwdriver to tighten a wobbly handle, trying to be discreet about it. My partner said the baby was fine but her sugar readings were not, so she keeps meals small under a gestational diabetes plan. A little cartoon sticker on the mailbox made me smile right before a news alert about political resignations and conflict flashed across my screen.",81.685684,4.4028788,440,9.9125,0,806.9197,4070.5886,708.48004,523.67633,155,144,142,0.9999999999935485,4.945043,4.74551,5.044602,2185.909,3469.921,125072.55,11.736657,0.20870502293109894,0.0
"Context:
On the flight to Lisbon, Maria kept her prenatal booklet open because her doctor was monitoring gestational diabetes during pregnancy. The airline offered only a small amount of juice, so she chose water and a handful of nuts instead. When they landed, the hotel near the harbor was buzzing with travelers heading to a late-night concert venue. Her sister texted a photo of the baby gift waiting at home.",43.440548,3.7713933,441,8.1875,1,998.5187,4784.898,890.6814,719.6929,109,107,106,0.9999999999908257,4.665911,4.372366,4.7919965,3008.8552,4156.667,108838.54,11.59763,0.6101707816123962,1.0
"Context:
On the train north, he studied an excerpt from a tourist magazine that stopped mid-recommendation. He drafted a message to his host and fixed the end-of-sentence punctuation so it sounded polite. At arrival, the last access token in the app activated the station gate with a brief flash. With that sequence complete, he stepped into the city ready to wander.",80.191536,4.384418,442,9.03125,0,1236.2783,5260.518,1048.4851,910.55145,77,77,73,0.9999999999870129,4.343806,4.043974,4.255125,3130.6643,4893.5674,95193.43,11.463676,0.5225920677185059,0.0
"Context:
For the stew I browned onions, added cumin and smoked paprika, then folded in chopped carrots and spinach. A spoon of yogurt went in at the end to cool the heat without dulling the spices. I posted a two-line review of the spice blend and closed it with <|endoftext|>. The whole write-up was as short and product-focused as the blurbs on shopping sites.",38.30026,3.6454566,443,9.0375,1,676.9725,4925.877,735.4336,437.38556,146,125,123,0.9999999999931508,4.7675457,4.6266937,7.2763324,1832.5956,4481.8096,98837.984,11.501247,0.818016767501831,1.0
"Context:
The boutique hotel hosted a film screening, but the restaurant complained that the Whirlpool dishwasher was clogged and ruining the schedule. I watched a cook rinse the filter and restart the cycle so plates could keep moving. In my room, I used a fax service to send evidence for an adjudication meeting and took a VoIP call about kidney and bladder results before picking up a child from daycare. Downstairs, guests debated fantasy worlds, politics, and university majors while the kitchen appliances clicked through their routines.",146.49179,4.9869695,444,11.7625,0,878.2811,6558.728,860.5691,507.0368,150,141,137,0.9999999999933334,4.927458,4.6656237,7.4676867,2508.2178,3741.4421,131742.17,11.7886095,0.18608593940734863,0.0
"Context:
He fixed the device with a screwdriver and tested it until the response felt crisp. Two men in a nearby car observed the workshop, eyes scanning the vehicles like they were counting them. He rubbed his wrist, climbed into the driver’s seat, and said he needed to concentrate, because his foot still hurt from the last hard stop. At the terminal, a dog barked at the crowd, and he gave his spare drink to a traveler who looked dehydrated. Later, he used a small tool to cut open a snack packet and checked the phone’s timetable before boarding.",46.91381,3.8483121,445,8.7125,0,876.059,4804.3916,754.89355,613.81445,145,139,135,0.9931506849247045,4.9193697,4.688485,5.484096,2173.803,3752.4941,127028.555,11.752175,0.18464000523090363,0.0
"Context:
The licensing deal covered a fixed time period, and the countdown clock on the portal never stopped. Only approved users were allowed to download the files, and the limitations were tight. When someone asked for an exception, the reply listed a single allowance and nothing more. As the deadline approached, every minute felt borrowed.",62.192135,4.1302285,446,11.324998,0,1145.9557,7270.3003,1090.2499,865.72266,65,63,62,0.9999999999846153,4.1317325,3.8658152,6.3443117,2678.307,5517.0503,74487.12,11.218395,0.6047576069831848,1.0
"Context:
The little plush fox sat on the dashboard, its stitched smile making the morning traffic feel less grim. I bought it at a roadside shop because it fit perfectly in my hand. When I pressed its paws, the fabric squeaked softly. By the time I reached work, it felt like a tiny passenger along for the ride.",28.649157,3.355124,447,7.8531246,1,888.19763,4537.6577,810.1394,563.2065,115,111,108,0.9999999999913043,4.696713,4.4223924,5.108838,2766.2266,3390.83,102142.73,11.534136,0.7337051033973694,1.0
"Context:
The afternoon was split between food preparation and a craft project on the dining table. I simmered the soup, then switched to sanding a small wooden frame until it felt smooth. After that, I went for a short but brutal set of stairs that counted as exertion. By evening, the house smelled like dinner and sawdust.",48.120937,3.8737173,448,9.474999,0,825.8998,4511.5684,677.22205,596.06604,63,61,61,0.999999999984127,4.099125,3.8940406,5.4626102,1816.609,3177.7192,52031.688,10.859628,0.6618412733078003,1.0
"Context:
I saved a forum post that finishes with <|endoftext|> and nothing else. The last line is literally the marker, like a door slammed shut. When you scroll up, it’s obvious the text was an excerpt and not a full conversation. — End excerpt —",53.18176,3.9737155,449,9.324999,0,784.45795,3202.1543,613.6346,536.2179,69,64,63,0.9999999999855071,4.133651,3.98527,4.081996,2047.6857,2923.4092,54127.598,10.899117,0.5749571919441223,1.0
"Context:
The intern asked how to verify the webhook, and the senior engineer answered with a short sequence to run and what output to expect. A marketer jumped in to say the sign-up flow had to match the new banner copy. Someone else referenced a tool dashboard and said the numbers would spike after the announcement. The whole exchange read like a release party held inside a comment thread.",76.23603,4.333834,450,8.768749,1,1120.1752,5213.9956,876.5025,856.5352,102,99,97,0.9999999999901961,4.5841994,4.373651,4.654625,2500.156,4854.138,114257.87,11.646222,0.5252043604850769,0.0
"Context:
The blender review was just a quick verdict and a star rating. I ended it with <|endoftext|>, and the whole snippet looked like something copied from a bundle of reviews. The paragraph ends so sharply that it feels like a clipped extract. — End excerpt —",109.74114,4.6981244,451,10.806249,0,746.85785,3028.71,550.95215,539.82935,81,77,77,0.9999999999876543,4.3259907,4.1749372,4.0552697,1802.4004,2691.3586,60495.484,11.010341,0.5896116495132446,1.0
"Context:
They chose a remote island to avoid crowds and schedules. The mornings were for swimming, the midday for reading, and the evenings for slow dinners near the shore. A rented scooter carried them to viewpoints where the sea looked endless. Tourism became a simple routine of sun, salt, and sleep.",54.75659,4.0028977,452,9.5,1,896.4724,2583.0427,584.1313,749.1555,85,84,84,0.9999999999882353,4.426342,4.2464776,2.881341,2159.7246,2533.415,76200.16,11.241132,0.6957329511642456,1.0
"Context:
I arranged fresh flowers in a bowl while soup simmered, then used leftover herbs to finish the broth. The meal relied on plant-based ingredients, and the kitchen counter was dotted with oils, teas, and other liquids. After dinner, the flowers moved from decoration to garnish for a small dessert. Food prep and flowers shared the spotlight.",49.86845,3.9093885,453,8.5625,0,896.7463,4034.1135,757.5967,577.5807,118,103,100,0.9672131147461703,4.56941,4.4746923,4.498612,2432.0754,3250.0571,105816.06,11.569467,0.6687861680984497,1.0
"Context:
She hired a translator for the conference and gave him a badge at the entrance. In the hallway, a doctor introduced himself as a guest speaker and offered a quick opinion on the schedule. A mechanic in the parking lot pointed out a loose bolt on her bike and waved her off with a grin. By lunch, she had met a handful of people defined by what they did.",25.48844,3.238225,454,6.715625,1,889.69574,4221.1587,745.11884,699.6991,90,85,82,0.9999999999888889,4.4227934,4.204818,4.744497,2181.525,3493.3823,80072.62,11.290702,0.7257823348045349,1.0
"Context:
In my previous role, I wrote short introductions for weekly reports, and they often ended right after the title and one context sentence. One Monday I posted, “Weekly summary: shipment delays are improving,” and stopped there on purpose. The message felt complete because the lead-in did all the work. After I hit send, I didn’t add anything else.",36.46393,3.5963235,455,7.125,0,1087.8035,6527.7905,927.7653,892.8314,67,63,62,0.9999999999850746,4.1219277,3.9388764,6.000891,2394.8052,4312.4736,72882.836,11.196622,0.5341281294822693,0.0
"Context:
Each year, the career fair draws a crowd, and the volunteers in bright vests steer students toward the right tables with practiced patience. A counselor reviewed my CV and offered concrete advice, like she had done for dozens of people already that day. Across the street, the city was listing its fixed assets for a renovation project, including the old greenhouse and the small reservoir beside it. The mix of professional planning and helpful staff made the event run smoothly.",58.565323,4.0701427,456,8.7875,1,842.4442,4455.333,722.07294,605.7975,118,115,108,0.9999999999915254,4.7354403,4.490256,5.28858,1987.1006,4043.2476,99408.414,11.507002,0.6566323041915894,1.0
"Context:
She scanned a news feed filled with proper names and bolded quotes. The company’s actions had been teased in advance, so the publicized items looked familiar before anyone touched them. A photo of the launch table went viral, and the names in the caption became part of the story. The attention made the event feel staged and unstoppable.",95.97227,4.5640593,457,10.131243,1,1201.7192,9289.694,1211.3125,899.9098,81,79,77,0.9999999999876543,4.3602204,4.0607486,7.7303367,2971.4177,4639.084,97339.26,11.485968,0.6701756119728088,1.0
"Context:
She opened the newsletter and saw three different brands in the first paragraph, all linked to glossy landing pages. The next section jumped to interest rates and exchange fees, then back to a new phone release and its camera sensor. The footer included another reminder to join the webinar, repeated twice in slightly different wording. It read like marketing copy stitched together with financial jargon and product specs.",62.371185,4.1331034,458,8.818748,1,986.14,5259.7324,859.1595,658.7871,114,108,105,0.999999999991228,4.6632347,4.4317446,5.333657,2535.665,3964.2393,112419.96,11.630006,0.6209015846252441,1.0
"Context:
The legal brief ended with End of text/document and a date line, as if someone feared a page could be swapped later. The clerk compared the footer to the version in the case system. Everything matched, so the filing went through without questions. The marker turned a messy stack of pages into something definite.",145.0645,4.9771786,459,11.237499,1,1012.32324,5056.8853,766.9018,854.19904,80,78,76,0.9999999999875,4.3473687,4.152362,4.995326,2291.81,3574.0806,80985.86,11.302042,0.6342892050743103,1.0
"Context:
The label on the new jacket listed fabric weight, waterproof rating, and seam type, and I smiled at how specific it was. I wore it while buying supplies for a home fix, then headed to the dentist, then sat down with tax forms and a plan to grow my savings account slowly. On my phone, another Brexit negotiation headline claimed a deal was near, even though yesterday’s headline had said the same. Later, a seminar blended philosophy with class stories and talk of blessings, a virtual reality education demo reenacted scenes from a biography, and I finished the night cooking and leaving a review of the jacket.",67.84269,4.2171917,460,9.949997,0,1060.3708,6231.3438,987.6815,756.7364,167,150,142,0.999999999994012,4.9737406,4.795067,5.8765697,2891.9268,5351.135,177081.94,12.084373,0.10082510858774185,0.0
"Context:
Hi, said the new analyst, explaining she was originally from Porto and still learning the local slang. Her first assignment was intelligence gathering, so she spent the morning watching competitor webinars and saving notes. During lunch she watered the seedlings on the office windowsill, proud that the basil had survived. In the afternoon she placed a small recorder under the conference speaker for a test, then looked up and realized time was running. She dashed to the meeting with soil on her fingers and a stack of findings.",55.4194,4.01493,461,10.531244,1,942.4281,6159.888,1003.6237,608.51733,139,132,128,0.9999999999928059,4.8546877,4.531175,6.5361886,3003.9944,5136.2695,130997.51,11.782941,0.40371212363243103,0.0
"Context:
The hotel bar was packed after the concert, yet the kitchen nearly ran out of clean glasses because the Whirlpool dishwasher wouldn’t drain. A staff member cleared the blockage and restarted it, muttering about the dinner rush. I walked to the business center to fax documents for an adjudication hearing and answered a VoIP update about kidney and bladder tests. In the lounge, a fantasy fan group name-checked fictional cities, media creators, politicians, and university departments while the kitchen appliances beeped steadily behind the door.",87.17727,4.4679437,462,10.099998,0,1018.80536,4086.5046,800.48193,759.77844,156,141,132,0.9999999999935898,4.9132037,4.7784853,4.011075,2487.3987,3498.722,158933.64,11.976249,0.10454276949167252,0.0
"Context:
The small shop on King Street displayed a brushed-brass pendant lamp beside a walnut ukulele and a rack of matte-finish lip balm. The owner had priced everything in pounds, but the supplier in Dublin kept sending updated invoices because the Brexit negotiations were still shaping the final paperwork. A courier called to confirm which tariff code applied to the lighting fixture and which one covered the cosmetics. By closing time, the window looked like an odd gallery of products waiting on a deal.",75.817825,4.3283334,463,9.375,1,799.24054,5537.794,754.2486,503.40802,140,130,126,0.9999999999928573,4.842622,4.623328,6.9288206,2345.612,3422.1824,111893.67,11.625313,0.750387966632843,1.0
"Context:
In the student lounge, a Whirlpool dishwasher kept clogging, and the maintenance log looked like a novel. On the whiteboard, people wrote proper nouns from fantasy worlds, media shows, and academic disciplines to label each broken part. Someone added a political nickname for the machine, and it stuck for the rest of the semester. Once the filter was replaced, the joke titles still remained.",68.65762,4.229132,464,9.849999,0,971.5208,5655.7876,914.9525,626.04565,106,102,99,0.999999999990566,4.611126,4.329521,5.8215814,2500.2551,4299.4404,102981.2,11.542312,0.6790534853935242,1.0
"Context:
Earlier in my career, I worked the check-in desk at a retro-themed design fair held inside the Old Mill Warehouse. The hall had posters for Kestrel Fabrics and other brands, with celebrity names splashed across the entrance banner. By the time the doors opened, the online listing for the event had already read like an advertisement and stopped after the final “Book tickets now” line. I remember closing the browser right there.",79.586426,4.3768435,465,10.437498,1,938.8325,8232.006,948.3021,664.2926,125,124,120,0.999999999992,4.8172226,4.4816227,8.768344,2349.3567,3470.7666,117354.06,11.672959,0.6892982721328735,1.0
"Context:
He used End of text/document to close the report. For the raw capture file, he used End of text/input instead. He kept both endings visible during review so nobody mixed them up. After approval, he removed the tags from the public copy.",86.24568,4.4572,466,9.424997,0,1275.1277,6556.11,1086.9443,936.80896,41,39,39,0.9999999999756098,3.6459482,3.452631,5.141532,2936.0579,5145.15,52280.234,10.864393,0.2973730266094208,0.0
"Context:
We stepped into a bright apartment near Nyhavn and the agent immediately pointed out the landmark view from the window. I used a small caliper to see if the radiator cover could be replaced without custom work. My partner listened to a voicemail about her glucose test and muttered about gestational diabetes as she packed a small, careful lunch for later. A little cartoon magnet on the fridge made me grin until I saw the headline about protests and economic shock on my phone.",86.54536,4.4606686,467,10.424999,0,670.52655,3445.304,601.5768,410.43768,162,141,138,0.9999999999938273,4.8928742,4.7947407,5.138207,1975.6729,2935.708,108625.305,11.595669,0.6056324243545532,1.0
"Context:
The lobby smelled like citrus cleaner, and the front desk handed me a key card with the hotel name printed in gold. After dropping my bag, I followed the signs to the theater lounge where a pianist was warming up. Outside, tourists lined up for a late-night river cruise advertised on neon boards. By midnight, the whole block felt like a corridor of entertainment and travel.",27.55938,3.3163428,468,7.85,1,1019.76953,4164.3447,801.1615,753.7374,120,116,112,0.9999999999916667,4.7412815,4.51943,4.083614,2625.3772,3329.3025,122372.34,11.714832,0.5453870892524719,0.0
"Context:
The online thread started as a discussion of development tools, but it quickly turned into planning a marketing campaign for a product launch. Users pasted action lists with steps like test, deploy, and announce, all in plain language. They also argued about which downtown location would look best on the posters for the event. By the time I finished reading, it sounded like a checklist for a real-world pop-up.",44.74203,3.8009133,469,9.449998,0,1145.1763,7144.95,1139.6448,816.7508,104,101,98,0.9999999999903846,4.6044016,4.304302,6.239171,2729.3408,7046.29,119098.33,11.687713,0.5815547108650208,1.0
"Context:
After evening mass, I stopped at the corner shop for milk and a wedge of brie. The choir’s last hymn was still echoing in my head, and I felt oddly thrilled about the night ahead. Back home, I wrote in my notebook that the cheese tasted brighter than usual. In my opinion, the quiet routine is what makes small treats feel so exciting.",38.580837,3.6527557,470,9.09375,1,967.0744,6231.3438,1036.8187,613.3375,114,111,106,0.999999999991228,4.695126,4.3390093,6.4435005,2464.461,5671.474,110246.484,11.610483,0.7452270984649658,1.0
"Context:
Earlier I had to debug a data export where the report contained [] on hundreds of lines, and the first real word only appeared at the very end. That same day we were collecting survey responses at the stadium entrance as part of a structured marketing study. The field team logged each location carefully, down to the exact gate number. When the file finally finished, it ended right after the last empty block.",69.221954,4.237318,471,8.549999,1,1062.0494,4478.0854,711.836,901.27997,81,79,76,0.9999999999876543,4.36022,4.1998587,4.2164564,2503.3574,2979.7117,86026.01,11.362416,0.5739928483963013,1.0
"Context:
At the clinic, the nurse faxed lab results while the doctor explained kidney and bladder function in plain language. My cousin, newly pregnant, asked how gestational diabetes might affect the baby and how small portion sizes could help. Later that day, I joined a legal adjudication call over VoIP, and someone joked about artisanal mining rights in the same breath. On the way home, we stopped by a daycare to check on the kids’ competence test results.",78.98055,4.3692017,472,10.68125,1,872.9874,8292.094,943.60846,575.8278,139,131,125,0.9999999999928059,4.8546877,4.5740776,9.498525,2410.1323,4100.752,121345.25,11.706404,0.5277441740036011,0.0
"Context:
The agreement granted a three-month exclusive license for a theatre troupe to perform at Mountain Spa, with a strict end date. Hi, the director said, originally from Glasgow, before reviewing the limitations on recordings and the small promotional allowance. Between rehearsals she did intelligence gathering on other venues, then went out to the herb garden to check the seedlings. Stagehands placed props along the hallways, and time was running as guests began arriving in timed batches. The troupe added more songs to the set list and tightened the choreography so both quantity and quality climbed before opening night.",129.77031,4.865766,473,11.7,0,1085.8671,8292.094,1114.3993,758.5908,150,140,130,0.9999999999933334,4.914727,4.6473866,7.6363797,3027.0603,5673.1943,162880.06,12.000775,0.11914411187171936,0.0
"Context:
The final line read End of text/short descriptions of items/products/services. Beneath it, a stray line from another file said End of text/document. The mismatch looked like a copy-paste error. She removed the wrong footer and re-exported the list.",73.994965,4.303997,474,10.7875,0,893.13416,3367.396,736.9149,692.0835,62,58,56,0.999999999983871,4.037696,3.842606,3.7703137,2701.278,3126.806,55374.316,10.921889,0.58205246925354,1.0
"Context:
He called it a lazy Sunday, but he still made an elaborate brunch with crisp potatoes and a bright sauce that stained the plate. Later, he practiced guitar for an hour, chasing a melody until it stopped sounding clumsy. In the evening, he met friends to play tennis under cold lights and stayed out longer than planned. Before bed, he posted a review of the blender he used, describing the noise level and the way it handled ice.",37.43573,3.6226256,475,8.5625,1,840.8877,4613.525,699.8276,676.2236,111,108,105,0.999999999990991,4.672062,4.4455132,5.4864936,1897.9446,3971.4033,93338.53,11.443999,0.6868051886558533,1.0
"Context:
The product listing began like an online advertisement, running through features and a final promise of fast delivery. It ended immediately after the last sentence, with no reviews, no footer, nothing. I’d seen that clean stop before, so it didn’t surprise me. The abrupt ending was the point.",46.19206,3.832808,476,8.824999,0,1073.1708,2971.4177,719.49506,878.54614,65,63,60,0.9999999999846153,4.1317325,3.9620616,2.7688208,2551.009,2742.8047,69756.1,11.152775,0.44991040229797363,0.0
"Context:
At the annual staff retreat, the HR lead introduced the agenda and thanked the team for getting through a busy year. A mentor pulled me aside to talk about career goals and offered to review my portfolio before the next hiring cycle. During the afternoon session, volunteers from a local nonprofit explained how they support community events and asked for sign-ups. The whole day felt professional, seasonal, and unusually helpful.",26.91855,3.2928157,477,7.0812497,0,1076.9836,3389.368,710.31335,865.9216,89,89,85,0.999999999988764,4.4886365,4.294364,3.1470933,2672.6611,3105.5142,95851.54,11.470566,0.6529064774513245,1.0
"Context:
The neighborhood library occupies almost the whole ground floor of the complex, and the reading room wraps around the courtyard. A members-only study lounge sits behind a glass door with clear limitations and posted allowances. Most of the tables are free, but that single room stays locked unless you have the right card. I ended up choosing a seat in the big open space and watched people drift past the restricted entrance.",58.65467,4.071667,478,8.249998,1,1096.8651,3290.1816,744.93463,928.7324,93,91,87,0.9893617021171344,4.5027866,4.32838,2.9996226,2876.6763,3277.0667,102008.45,11.532821,0.5755233764648438,1.0
"Context:
At the gate, the scanner stayed silent until the last boarding pass was tapped. When the final token cleared, indicator lights activated and the turnstile released. A chime confirmed the sequence had finished without errors. End of sequence token activations marked the moment the line could move.",87.73776,4.4743524,479,11.124999,1,1259.1028,6333.6045,1082.5891,994.1962,81,75,70,0.9999999999876543,4.291761,4.0928936,5.030252,2561.6995,5088.8716,101987.33,11.532614,0.5822380185127258,1.0
"Context:
She joined a professionals network for equipment coordination after meeting the user registration requirements, then checked service availability for staging gear. During a break, she helped prep food for the crew and later tested a simple cosmetic balm she had mixed the night before. A short prayer in a quiet hallway calmed her, and she sent written communication to the team about what action to take next. By evening, grant accountancy for a favela project blurred with a reticle-guided site check, the right lubricant choice, and a wave of exhaustion that flirted with hallucinations, while proper names and publicized items from the event’s sponsors looped on the screens.",188.21016,5.2375593,480,11.412499,0,1755.7416,11561.714,1915.3708,1111.0472,178,173,159,0.999999999994382,5.139903,4.7499304,6.585089,6069.3403,8996.5,312522.0,12.652433,0.05444266274571419,0.0
"Context:
Maya told me to ask for Maya at reception, so I walked in and asked for Maya. The assistant said Maya was in a call, but Maya would be out soon, and then Maya’s name echoed from a back office. When Maya arrived, Maya apologized for the delay and Maya offered coffee to make up for it. By the time we sat down, Maya’s name had been repeated so much it sounded like a nickname.",15.298307,2.7277422,481,5.46875,1,822.71094,2714.5005,542.7227,772.53754,85,76,72,0.9999999999882353,4.266432,4.235941,3.299459,2078.6602,2304.668,69930.43,11.155271,0.6074758172035217,1.0
"Context:
Summer had me planning weekend trips and spacing out deadlines so I could actually rest. The help desk agent sounded cheerful and asked how my day was going before solving the issue. When winter came, I did the same kind of planning around darker afternoons and earlier nights. Those time periods kept changing, but the friendly support stayed constant.",101.91142,4.624104,482,10.075,0,1095.0948,4406.305,745.8111,838.99963,82,79,77,0.9999999999878049,4.356001,4.2172747,4.0236745,2737.3845,3303.3438,89797.78,11.405327,0.5739928483963013,1.0
"Context:
He attended a short service, standing when others stood and staying silent when the room went quiet. On the train home, he wrote in his journal, describing the morning in plain sentences. The written communication steadied his thoughts more than he expected. By the time he closed the notebook, the day felt anchored.",44.165802,3.7879508,483,8.124999,1,1144.0563,6376.3994,1260.2025,723.47455,76,72,69,0.9999999999868421,4.2577705,3.9113498,5.5735016,3358.3809,6180.883,86948.28,11.37308,0.6252294182777405,1.0
"Context:
The city’s tourism board promised a booming season, but the finance committee argued over budgets after the election. Protests near the stadium turned into a brief conflict that forced several entertainment venues to close early. Hotels along the waterfront refunded guests and reshuffled bookings for stranded travelers. By Monday, headlines focused on the negative events rather than the festival lineup.",72.28746,4.2806506,484,9.806247,1,1028.3916,5294.457,768.10565,829.8139,118,118,112,0.9999999999915254,4.770685,4.5339885,5.148289,2579.9172,3009.911,121350.2,11.706444,0.5698368549346924,1.0
"Context:
She summarized prior experience and earlier responsibilities in a compact, practical tone. A product description followed, promised easy returns, and ended with a clean final line. Then a short message began with a header and a bit of context, ending right after the update like a clipped announcement. After that, [] repeated across the log until a final marker ended the sequence. The page ended with an unmistakable full stop.",150.2856,5.0125375,485,10.768746,0,1243.793,4729.429,845.20636,1041.358,101,93,90,0.9901960784216647,4.500135,4.417319,3.8024247,3013.0334,4412.0474,125623.086,11.741049,0.2679688334465027,0.0
"Context:
The podcast transcript on the website showed only a brief excerpt. It ended right as the guest began listing the mistakes that ruined the project. The scroll bar hit bottom with no warning and no continuation link. The end of the text excerpt left the confession hanging in midair.",70.23464,4.2518415,486,9.325,1,794.0263,5260.518,790.3546,439.73337,75,68,67,0.9999999999866667,4.1811247,3.973321,6.6251187,2066.9646,3644.0469,59551.973,10.994621,0.8322488069534302,1.0
"Context:
She walked the property with a clipboard, noting streams, soil quality, and the sections of forest set aside for sustainable harvest. Back at the office, those notes turned into numbers under natural resources and fixed assets. The irrigation system was depreciated like any other equipment, while the land itself was managed as an ecological base. It was finance and ecology sharing the same page.",52.00327,3.9513066,487,9.65,1,1084.6808,11438.06,1270.1371,792.90405,116,108,104,0.9999999999913792,4.6579847,4.369739,10.545094,2973.4675,4519.2065,125822.97,11.74264,0.4471660554409027,0.0
"Context:
I opened the Whirlpool dishwasher and noticed the spray arms weren’t spinning the way they used to. The dishes came out gritty, like the water never circulated properly. Under the sink, the hose connection felt warm and the line looked partially clogged. I cleared the blockage, restarted the machine, and watched it finish without that awful gurgle.",24.386095,3.194013,488,6.21875,1,708.9511,5572.6143,793.18176,415.4955,96,94,90,0.9999999999895833,4.535468,4.1528587,7.860365,2130.636,3318.0059,68059.305,11.128149,0.8380435109138489,1.0
"Context:
The recipe app ran a routine that started the kettle, timed the dishwasher cycle, and reminded me to check the fridge. I joked that it felt like casting spells, because every beep came like a summoned response. While the microwave hummed, I watched a fantasy series where characters recited incantations to open doors. When the Whirlpool finally clicked off, it felt like the end of a scene.",46.08686,3.830528,489,9.331251,1,784.6078,8292.094,955.18134,429.4581,137,128,122,0.9999999999927008,4.8250914,4.4921436,10.568458,2373.3206,4058.6917,107491.266,11.585175,0.7731274962425232,1.0
"Context:
The chat export showed End of text, and a second later the app logged him out. He opened the attached PDF and saw End of text/document sitting above a blank footer area. When he attempted to send the full transcript back through the support form, it stopped at End of text/input and forced him to attach a file instead. A pricing page for premium support ended with End of text/short descriptions of items/products/services, leaving the benefits half-explained. He wrote a terse summary and moved on.",73.576485,4.2983255,490,9.42499,0,1123.0409,6342.166,891.85815,1023.0241,107,98,95,0.9999999999906541,4.543268,4.417099,5.647315,2692.6545,3523.071,120165.375,11.696632,0.49183616042137146,0.0
"Context:
The contract specified a ninety-day trial period for a service, with renewal terms tied to performance metrics. The client insisted on exclusivity and chose a quiet site called Fjord Spa, offering only a small number of short daily sessions for visitors. Hi, said the account manager, originally from Valencia, as he reviewed the limitations and the allowance for on-site support. He gathered competitive intelligence in the morning, then walked out to check the seedlings on the terrace. Back inside, he placed sample posters along the hallway and ordered an extra batch so the launch had more art and better print quality.",87.82252,4.475318,491,11.4,0,1119.2103,8292.094,1112.5646,807.41376,127,125,117,0.999999999992126,4.822356,4.499727,7.408878,3135.164,5310.7773,142139.72,11.864573,0.31092706322669983,0.0
"Context:
His profile emphasized previous work in customer support before he moved into analytics. An earlier job in a small shop taught him patience with frustrated people. Prior responsibilities were described as routine, but the consistency sounded impressive. The summary read like a timeline of earned trust.",117.648476,4.767701,492,10.874997,1,1151.1458,2926.3962,627.1485,1050.8433,76,71,69,0.9999999999868421,4.22576,4.1874466,2.5421598,2208.4463,2825.3423,87487.08,11.379258,0.48175761103630066,0.0
"Context:
At the showing in Roskilde, the agent pointed to the church spire and repeated the street name to anchor us in the area. I measured the doorway with a compact tape and tested the light switch using a tiny gadget from my bag. My sister, pregnant and tired, told me she’d failed the glucose screening and now keeps portions small to control gestational diabetes. On the sidewalk, a little ceramic cat in a shop window looked serene against a loud headline about protests and financial panic.",95.32135,4.557254,493,10.45,0,774.45703,4513.864,596.7099,586.9208,184,172,159,0.9999999999945652,5.124525,4.9739676,5.8284235,1958.5973,2366.8176,142500.1,11.867105,0.38897252082824707,0.0
"Context:
He worked with the drill until the bit dulled, then swapped it out and tested the device again. Nearby, a man in a car watched him through the side mirror, observing the scene like it was a routine. He shook feeling back into his fingers, got into the truck, and said he was fine, even though his shoulder was tight. At the stop, a cat slipped near the bus tires, and he offered a piece of bread to distract it while someone guided it away. Later, he used a small tool to open his meal container and checked his phone for directions before driving on.",36.779007,3.6049273,494,7.399999,0,1093.5726,4804.3916,899.9266,849.7696,137,135,129,0.9999999999927008,4.899743,4.631384,4.393299,3062.9958,3959.742,149819.45,11.917192,0.10355436056852341,0.0
"Context:
I rinsed fresh greens and set them beside a vase of bright flowers for the table. The sauce started with vegetable stock and a squeeze of citrus, then I finished it with crushed herbs. It was all plant-based food, but the flowers made it feel like a celebration. Liquids and plants ended up in every part of the meal.",40.781708,3.7082336,495,8.015624,0,898.3773,3237.73,682.1694,645.33527,84,76,75,0.9999999999880952,4.298788,4.182489,3.603975,2255.5554,3225.403,75463.695,11.2314205,0.5906878113746643,1.0
"Context:
I needed a signed form fast, so I paid for a fax service at a corner shop and watched the pages slide through. The next appointment was for kidney and bladder testing, and the nurse told me to drink water and wait. In the afternoon, I joined a remote call over VoIP for an adjudication meeting about a licensing issue tied to a daycare. By evening, the conversation shifted to a small artisanal mining project and who had the right to operate it.",71.91038,4.2754207,496,10.662493,1,1019.06,4486.0796,904.8431,730.57007,94,93,91,0.9999999999893616,4.528546,4.222062,4.402174,2722.9836,4272.4844,95791.64,11.469941,0.6569650769233704,1.0
"Context:
He was reading a set of product blurbs for a new app, and every entry ended with End of text/short descriptions of items/products/services. The repetition made the writing feel mass-produced, even when the copy was decent. He highlighted the marker and left a note for the team to remove it. Until it disappeared, the blurbs looked unfinished.",47.263996,3.855749,497,9.087502,1,1168.0676,3472.6272,791.7042,958.4259,69,63,62,0.9999999999855071,4.1135597,4.020694,2.9729676,2807.3442,3258.4631,80596.664,11.297225,0.5820869207382202,1.0
"Context:
He bought a bottle of seed oil from a small farm stand and noticed jars of floral jam stacked beside it. Down at the pond, lily pads and reeds created cover for frogs and small fish, and a turtle watched from a log. A ranger walked by complaining about an overturned truck last week that led to runoff, followed by a burst of invasive growth and a surge of nuisance birds near the water. Back at the station, the ranger pointed at a chart that treated the wetland as a resource and listed vehicles and pumps as fixed assets tied to the area. Later, he baked cookies and pressed tiny blossoms into the dough as a quiet finale to the day.",55.726955,4.020464,498,9.268748,0,783.268,5820.0693,802.6217,429.83957,186,160,153,0.9999999999946237,5.013258,4.87076,7.4304953,2041.95,4455.418,145687.84,11.889229,0.11214380711317062,0.0
"Context:
A formal letterhead introduced the host, the venue, and two corporate names before an acronym closed the opening line. Inside, a showroom path led past a dimmable lamp, a beginner’s guitar, and a row of minimalist chairs, with cosmetics testers set out like tiny invitations. A nearby station displayed a technical write-up describing a chemical process in dense terms. The itinerary continued to a historic square known for a statue and a famous speech, and the night ended with bulgogi and Korean music spilling into the hallway.",124.80865,4.8267817,499,10.987499,0,928.51086,6283.929,903.4198,665.45087,173,167,158,0.9999999999942197,5.1052113,4.80548,6.7677493,2776.0027,4042.81,160632.38,11.98688,0.057146985083818436,0.0
"Context:
Tom waited at the gate while Tom refreshed the boarding pass on his phone, and Tom muttered that the delay was getting worse. A stranger asked if Tom was headed to Oslo too, and Tom nodded without looking up. When Tom finally boarded, Tom realized he’d been saying Tom out loud every time the loudspeaker mispronounced it. Tom sat down embarrassed, then laughed at himself once the plane took off.",28.688972,3.3565128,500,8.524998,1,868.1389,4138.8955,622.3948,689.9136,134,98,94,0.9999999999925374,4.266158,4.688575,4.76755,1813.2709,3283.758,116330.62,11.6642,0.6571907997131348,1.0
"Context:
The community theater posted a schedule of events, and each performance space had its own entrance and a specific row of seats reserved for volunteers. Before the play, the director reminded everyone to treat the cast with humaneness, even during the tense scene about political processes and elections. On stage, a prop ballot box sat beside a table of tiny paper slips, and every small item mattered to the story. After the curtain call, ushers guided guests to the exact corner of the venue for the reception.",41.33732,3.7217658,501,7.6468744,0,855.9827,3203.4387,563.30853,752.2106,132,128,123,0.9999999999924243,4.8407946,4.694373,3.7424104,1949.0665,2877.83,112989.72,11.635061,0.6002373695373535,1.0
"Context:
The reservation email said The Ritz-Carlton, and the lobby looked like it had been polished for a photo shoot. At lunch, he ordered Wagyu and watched the server describe each course the way a jeweler presents stones. For the transfer, the concierge arranged a Bentley that glided through traffic like it owned the street. He left a tip that made his hand shake, then pretended it was normal.",40.70001,3.7062283,502,8.125,1,766.8491,4854.9717,872.02014,385.7956,134,119,105,0.9999999999925374,4.738752,4.451448,6.3310647,2874.1594,4305.324,102757.78,11.540139,0.8022082448005676,1.0
"Context:
Our train rolled into Busan just as the festival posters went up along the waterfront. We followed the crowd toward the arena where a famous singer was filming a live show for a Korean entertainment network. Between sets, locals pointed us to a memorial site from the war and explained the names carved into the stone. Later, we cooled down with naengmyeon and hotteok from a street stall before heading back to the hotel.",29.630585,3.388807,503,8.637499,0,990.2342,8613.11,1043.8663,727.4032,150,142,136,0.9999999999933334,4.9367,4.662441,8.698054,2692.2432,5283.437,148535.12,11.908584,0.12668578326702118,0.0
"Context:
The chart was about diabetes management and recommended regular HbA1c checks. It noted insulin adjustments and a referral to an endocrinologist. Someone had appended End of text at the very bottom. He copied the useful parts into his health notebook.",88.09128,4.4783735,504,9.91875,1,931.269,6489.4644,942.5041,629.5056,69,69,68,0.9999999999855071,4.2341065,3.8921854,6.9684105,2325.5044,4359.6895,64257.56,11.07067,0.7192121148109436,1.0
"Context:
Finance wanted an ETF summary before approving the purchase, so I pulled the prospectus and highlighted the fee table. Our office AC failed and turned the meeting room into a sauna. Once maintenance swapped the capacitor, the team finally got through the numbers without rushing. The spreadsheet felt less hostile when everyone could breathe.",156.47392,5.0528893,505,10.787498,1,888.0474,5518.773,856.1747,549.67676,112,105,104,0.9999999999910714,4.6148057,4.3795223,6.214503,2491.426,4118.0635,99461.31,11.507534,0.8024314045906067,1.0
"Context:
Maya Kline ducked into the lobby just as the anchor on TV mentioned Oslo again. A teenager nearby pointed at a poster for NovaWave headphones and asked if they were actually good. Someone in a suit laughed and said he’d seen the same brand on the singer’s tour photos. The receptionist called out two last names and waved them toward the elevators.",74.24708,4.3073983,506,11.124998,1,999.03375,3754.8486,781.8948,686.97876,97,92,91,0.9999999999896907,4.5032525,4.3017178,3.75848,2666.8967,3171.4648,96906.27,11.48151,0.6995553970336914,1.0
"Context:
The box for the camping stove included a small chart with fuel type, burn time, and output measured in precise units. A folded insert described the materials, the ignition system, and the packed dimensions for a backpack pocket. I checked the fine print about wind resistance and the maximum pot diameter. The salesperson nodded when I asked whether the rating was tested in real weather or controlled conditions.",57.7465,4.0560627,507,9.987494,1,930.36505,5228.834,816.87573,704.86005,116,113,108,0.9914529914445175,4.717738,4.4646516,5.620196,2407.8872,4554.574,107922.34,11.589176,0.610310971736908,1.0
"Context:
He booked a room and asked for a late checkout because his flight left after dinner. The receptionist promised a quiet floor, a pool pass, and a breakfast voucher if he wanted it. In the lobby, he noticed a conference sign and a small bar set up for a private event. The hotel felt like a place designed around little comforts.",27.898859,3.3285859,508,6.25,1,999.4021,5862.864,946.0747,672.1249,72,70,68,0.9999999999861111,4.238158,3.960227,5.866371,2935.411,4595.9673,71956.95,11.183837,0.6830838918685913,1.0
"Context:
A product photographer arranged a pendant light above a white backdrop and adjusted the shade until the bulb’s glow fell evenly. Beside it, she placed a polished trumpet case, then swapped in a compact keyboard to vary the set. The stylist brought over a jar of cocoa scrub and a new lipstick, wiping fingerprints off the packaging. When the shoot ended, the assistant logged each item as furniture, instrument, or cosmetic before sealing it for shipment.",66.9912,4.204561,509,9.6875,1,826.0347,8652.72,961.09064,448.16364,166,152,139,0.9999999999939759,4.9950705,4.7081585,10.475007,2462.0142,4315.1733,137121.77,11.828632,0.34361329674720764,0.0
"Context:
She bought a bottle of floral water and a tin of plant balm at a market, then walked straight to the creek. Wild plants crowded the banks, and small birds hopped through the stems while something swam under the surface. Upstream, a damaged valve had caused a messy release, and the stagnant section was now choked with uncontrolled growth and buzzing pests. At the next stop, she reviewed documents that treated the land, the water access, and the equipment as assets tied to the surrounding natural resources. She finished the day by baking, pressing blossoms into the dough and letting the kitchen smell like a garden instead of a spill.",65.04565,4.1750894,510,9.96875,0,1041.9523,11499.887,1135.4281,711.04456,172,158,143,0.9999999999941861,5.0316143,4.7789006,11.036864,2616.6687,4193.629,179215.8,12.096352,0.07995256036520004,0.0
"Context:
They assigned a project manager to run the weekly standups and keep priorities visible. At the same time, they opened an audit ticket to document why certain changes were approved. The work moved forward, but oversight never disappeared. Responsibility came with structure.",77.601425,4.351586,511,10.743747,0,1019.2561,3338.401,731.88525,760.5304,43,43,43,0.9999999999767443,3.7612,3.524342,3.2753308,2470.418,3017.207,43828.01,10.688051,0.3202890157699585,0.0
"Context:
My backpack always has a little multitool because something inevitably needs cutting or tightening. On the train, a loose bolt on my bike rack started rattling, so I flipped out the hex key and fixed it in minutes. The tool’s hinge was stiff from use, but it held firm. I wiped the grease off my fingers with a receipt and kept going.",27.486145,3.313682,512,6.85625,1,824.39655,4455.333,693.9565,541.2627,104,97,97,0.9999999999903846,4.5510817,4.354562,5.4043565,2054.7158,2814.0073,85737.24,11.359055,0.7043150067329407,1.0
"Context:
Hi, she said to the gardener, then laughed at her own accent and told him she was originally from Nairobi. The job had started as intelligence gathering, but the field site also needed someone to tend a small greenhouse. She moved seedlings into larger pots and labeled them, then placed the sample jars in a cooler for pickup. The radio crackled with an update, and she felt time running out before the courier arrived. She rushed the last notes into her pocket and waved goodbye.",51.981888,3.9508953,513,8.349999,1,904.2446,3617.2986,689.02637,710.3313,122,116,109,0.9999999999918032,4.731553,4.56374,4.0003543,2271.1252,3198.4868,110317.84,11.61113,0.7056192755699158,1.0
"Context:
The package included business-class seats and a chauffeured car from the airport. It promised a suite at the Ritz and breakfast delivered on silver trays. The listing concluded with End of text/short descriptions of items/products/services. She bookmarked it as a guilty-pleasure option.",75.7643,4.327627,514,9.9375,1,890.35254,3367.396,738.86053,612.8683,78,77,73,0.9999999999871795,4.3389363,4.0638514,3.782092,2630.0913,2990.3086,69447.5,11.148341,0.6086350679397583,1.0
"Context:
On a bus tour, the guide read a short excerpt about the cathedral and stopped at the printed cutoff. The final sentence on the pamphlet ended with a crisp period that felt decisive. When the last ticket token was validated, the device flashed and activations rolled across its screen. The group stepped off into sightseeing mode, ready for a slow afternoon.",116.45717,4.7575235,515,9.4375,0,925.34454,4975.6504,865.73315,523.10345,89,86,82,0.999999999988764,4.4419074,4.149303,5.377079,2720.885,3979.2156,82355.664,11.318814,0.649161696434021,1.0
"Context:
The product card for a blender listed RPM, jar volume, and warranty years, and I read it while deciding if it was worth the counter space. At home I patched a wall, dealt with a dental follow-up, and tried to file taxes without making a mistake, then pushed a small deposit into savings. The evening broadcast focused on Brexit negotiations and whether the deal would change anything for ordinary people. Later, I read a biography for a course on inequality, heard a chaplain speak about grace, tested a virtual reality education module, and ended by cooking with the blender and writing a review.",57.547073,4.0526032,516,8.987499,0,1065.7289,5169.6826,849.13934,855.82416,171,157,140,0.9999999999941521,5.0189857,4.880636,4.8508425,2680.572,4237.7925,182239.64,12.113083,0.05697064846754074,0.0
"Context:
The instrument case snapped shut after he finished calibrating the tool. Outside, a man leaned against a car and observed the street, eyes following every vehicle that passed. He steadied his sore wrist on the steering wheel and muttered that he needed to focus, because he kept drifting. At the next stop, a crate of rabbits was loaded onto the bus, and he gave his spare bottle of water to the driver as thanks. When hunger hit, he pulled out a packaged meal, used a utensil from his kit, and set a timer on his phone to remind him to eat slowly.",29.072151,3.3697808,517,6.9375,0,931.1344,9140.822,1037.1223,600.1604,146,144,139,0.9999999999931508,4.964617,4.6066766,9.816867,2392.6763,4738.409,135945.62,11.820018,0.16233159601688385,0.0
"Context:
Our travel day ended at a resort where the evening entertainment was delayed by a kitchen problem: the Whirlpool dishwasher had a clogged hose and water sitting in the tub. A quick cleaning got the cycle running, and the staff looked relieved. In the lobby, I used a fax service to submit daycare paperwork connected to an adjudication process, then listened on VoIP as a doctor discussed kidney and bladder concerns. Later, a fantasy book club meeting drifted into politics and academic talk, with proper nouns flying around while appliances kept to their routines.",97.22253,4.5770025,518,9.987495,0,898.6989,4537.0576,804.03156,562.05865,167,161,155,0.999999999994012,5.0681868,4.8038025,5.048474,2484.733,4165.8286,150082.72,11.918948,0.057146985083818436,0.0
"Context:
The project didn’t change overnight; it moved through phases that could be felt in the daily meetings. Early drafts were messy, then the structure tightened as decisions locked in. Progress became visible when the same task stopped taking hours and started taking minutes. Everyone could sense the next stage approaching, like a door that finally swings open.",46.09218,3.8306434,519,7.9124994,1,985.73236,4178.484,758.76373,806.67035,81,77,75,0.9999999999876543,4.3259907,4.1525598,4.238964,2587.4143,3993.2861,79844.32,11.287847,0.5181724429130554,0.0
"Context:
At the Siemens hackathon in Munich, Priya and Jorge cheered when the final build passed every test. Their channel filled with liveliness once the task was officially completed. Someone pasted a last line into the log and then dropped <|endoftext|> as a tidy sign-off. The recap read like a real workplace diary, full of names and energy.",168.5574,5.1272764,520,13.9,1,761.0653,4930.3037,777.8607,494.92407,126,116,110,0.9999999999920635,4.722105,4.496467,6.478161,2445.2947,4200.6836,95894.23,11.471011,0.8024314045906067,1.0
"Context:
He joined a sightseeing tour after reading an excerpt in the lobby that ended right at the dramatic reveal. A sign on the bus ended with an exclamation point that matched the driver’s energy. When the last ticket token was scanned, activations flashed on the reader and the door hissed shut. The route sequence began, carrying them through the city’s highlights.",90.74992,4.5081077,521,9.887499,0,1097.3309,4681.1694,1031.4636,768.0432,79,76,74,0.9999999999873417,4.3168035,4.012661,4.2659593,2907.2048,4617.5786,86689.15,11.370095,0.5328728556632996,0.0
"Context:
At the hostel, the common kitchen revolted when the Whirlpool dishwasher clogged and the drain line started to smell. Someone cleaned the filter and restarted it, and the water finally moved. I paid for a fax service to send adjudication papers and took a VoIP call about kidney and bladder testing while hurrying to daycare pickup. Later, a fantasy audiobook played over a speaker while people discussed politics and university courses, and the microwave timer kept interrupting like a cue.",149.62798,5.008152,522,12.356251,0,834.71906,6527.7905,932.33026,459.3042,134,122,120,0.9999999999925374,4.7697887,4.4890757,7.8203444,2605.1665,4069.2156,111852.35,11.624944,0.785968005657196,1.0
"Context:
The client wanted a two-week pilot, so the service duration was short and clearly dated. Access to the beta features was exclusive to that pilot group, with strict limitations on sharing screenshots. We hit the goals fast because everyone knew the clock was small. On the last day, the account turned off exactly on schedule.",57.3061,4.048407,523,8.093747,0,1147.2473,3858.2053,723.62976,1051.0854,59,56,53,0.9999999999830509,4.007048,3.893216,3.3630111,2267.0999,3539.1294,67687.59,11.122673,0.5484257340431213,0.0
"Context:
He met the user registration requirements and gained access to a professionals network where equipment coordination actions were shared. Service availability guided his choices while he cooked, made a cosmetic balm, and repaired a craft sign, then hauled chairs until exertion made his hands cramp. He attended a short religious service and wrote a message telling the team what action to take when the truck arrived. Later, favela grant accountancy demanded reticle-marked photos and careful lubricant selection, and hallucinations hovered as proper names and publicized items filled the promotional slideshow.",614.66986,6.4210854,524,15.9375,0,1708.5629,11499.887,1797.7988,1178.7526,167,155,141,0.999999999994012,5.01838,4.719856,6.7307363,4687.1914,8823.771,285330.0,12.561405,0.1076195165514946,0.0
"Context:
The first paragraph referenced prior experience and an earlier role that taught patience. A compact advertisement followed, pushed a limited offer, and ended right after the closing line. Then a titled message provided brief context and finished after confirming a detail. Next came a pasted snippet where [] appeared again and again until a final marker ended the sequence. The last line left the page with a clean silence.",197.41673,5.285317,525,12.5125,0,1377.1101,5734.48,1073.5073,1148.8839,103,95,90,0.9999999999902912,4.527055,4.375899,4.1641407,3473.2776,5116.856,141842.34,11.862478,0.2810313105583191,0.0
"Context:
He used the wrench on the machine and listened for the click that meant the part had seated correctly. A man in a pickup nearby watched him, observing every motion without pretending to be subtle. He pressed his palm against the hood, felt the heat, and said he needed to take it easy, because his ankle was still sore. At the ferry, a dog trotted along the ramp while he handed his spare ticket to someone who’d missed the last bus. Later, he cut fruit with a small knife and checked a device for the next train time.",34.338478,3.5362666,526,7.3999996,0,1012.34045,5531.0273,902.1281,707.11633,170,165,158,0.9999999999941177,5.0950255,4.823894,5.4636045,2751.7883,4309.05,172097.88,12.055824,0.057146985083818436,0.0
"Context:
The barge clipped a support beam, and the impact sent debris into the slow-moving river. Within a week, algae and invasive plants thickened around the broken pieces, turning the area into a green mat. Mosquitoes bred in the stagnant pockets, and residents complained they couldn’t sit outside. Cleanup crews worked in waders, swatting bugs while dragging rotting vegetation to shore.",40.310364,3.6966085,527,8.537498,1,683.81116,5104.6704,686.8511,414.66843,154,141,135,0.9808917197389753,4.910925,4.708395,7.4650292,1919.3073,3560.375,105306.92,11.564644,0.7816203832626343,1.0
"Context:
In my experience, the new café is loud, the coffee is fine, and the staff is patient. I typed the note as a quick personal opinion and ended it with <|endoftext|>. The closing tag makes it look like the end of a short scraped post. It’s a strange way to finish a sentence, but it’s exactly what the export shows.",40.347034,3.6975179,528,7.5249996,0,928.67395,2607.0208,574.40985,946.0083,62,62,61,0.999999999983871,4.127134,3.9373026,2.8072503,1920.9009,2526.2,57577.785,10.96091,0.5283525586128235,0.0
"Context:
She booked a table at Café Victor and arrived early, watching taxis slide past the entrance of Magasin du Nord. After dinner they crossed Kongens Nytorv and took photos under the lit trees. A friend texted them from Nyhavn, bragging about a seat right by the water. They ended up in a quiet side room of a small hotel, laughing at how quickly the city’s landmarks had guided the night.",44.562214,3.7968862,529,9.35,1,884.69354,6283.929,888.425,612.86115,139,136,130,0.9144736842045101,4.904554,4.6021395,7.102944,2516.3384,5077.215,122972.41,11.719724,0.30972617864608765,0.0
"Context:
During the regular season, the coach kept repeating the schedule like a mantra so no one missed an early kickoff. After practice we walked past a lake where reeds and shoreline plants had thickened since last year, and geese were squabbling over a patch of grass. In the offseason, the same path is nearly empty and the water looks calmer. The rhythm of preseason, regular season, and offseason made the landscape feel like part of the routine.",35.241737,3.562231,530,8.0625,1,769.69025,2905.774,637.5803,474.32797,131,116,112,0.9999999999923664,4.7124662,4.5772038,3.775251,2158.8896,2731.0325,100829.42,11.521195,0.7048144936561584,1.0
"Context:
The agent’s brochure highlighted the district name and a list of nearby streets, all spelled with fussy precision. I checked the window latch with a tiny screwdriver I keep for quick repairs. My partner, balancing her pregnancy diet, measured a small amount of rice in a container and said she missed eating freely since the gestational diabetes warning. In the stairwell, a little sticker of a smiling cat contrasted with the tenant’s rant about politics, layoffs, and looming conflict.",115.49807,4.7492537,531,10.824999,0,787.73724,4715.4214,718.45514,502.32187,151,139,134,0.9999999999933775,4.9001803,4.699877,5.9860334,2163.1802,3116.7495,118948.33,11.686453,0.4788077771663666,0.0
"Context:
Aisha signed the paperwork at Aarhus University and then hurried to the Apple Store to replace her cracked screen. She bumped into Jonas at the Climate March and they ended up walking together to City Hall. Afterward, they visited the Danish Refugee Council booth to donate, then celebrated with pastries from Lagkagehuset. The day felt stitched together by places, people, events, products, and the groups behind them.",56.951965,4.042208,532,11.85625,1,719.94794,4348.4375,699.62164,446.43097,112,107,104,0.9999999999910714,4.6566105,4.3733587,6.0399337,2083.6758,3072.5425,80634.17,11.29769,0.7785912752151489,1.0
"Context:
I posted the update in the Equipment Coordination Professionals network so the crew could see the new action items. The portal warned us that service availability might change if the weather got worse. It also reminded everyone that user registration requirements applied even to contractors. We avoided a lockout by registering early.",160.69618,5.0795155,533,11.387499,0,1767.3892,10386.995,2266.0437,837.38086,84,81,77,0.9999999999880952,4.3813066,3.8500452,5.8770275,7360.0986,9568.827,148460.69,11.908082,0.5689815878868103,1.0
"Context:
The contract listed the property name in bold capitals, and I double-checked every proper noun before signing. I used a tiny multitool to tighten the loose handle on the balcony door, just to be sure it latched. My friend, who is due next month, described her gestational diabetes plan and how she keeps meals small and predictable. In the lobby, a little glass figurine sat on a table, while the TV behind it replayed footage of protests and financial chaos.",52.1172,3.953495,534,8.987498,0,934.9817,4296.069,754.32477,723.2299,153,148,140,0.9935064935000423,4.985134,4.76215,4.594816,2393.9734,3705.6074,143052.2,11.870972,0.14886023104190826,0.0
"Context:
Stockholm — The press release from NorthBridge Capital began with a list of familiar names and a promise of steady growth. At their office in Södermalm, a junior analyst tried to repair a jammed printer while downloading a driver that IT insisted was mandatory. The CEO paced the lobby of Grand Hôtel, worried that their partnership with a fintech startup could unravel after a competitor leaked contract details. On the walk back through Kungsträdgården, he stopped to buy sports eyewear and answered a call about pest control at the data center.",70.17692,4.2510195,535,10.262497,0,846.9141,4701.177,804.83673,546.2351,202,182,175,0.9758454106233051,5.161557,4.9684234,5.550948,2500.6477,4082.4402,171076.66,12.049872,0.08253342658281326,0.0
"Context:
The doctor reminded himself to follow the protocol exactly, even when the patient begged for more. The hospital policy listed strict limitations on what was allowed, including the maximum dose. After the visit he wrote a note to himself, trying to stay steady and professional. He walked out of the ward wondering why the hardest part is often saying no.",35.603985,3.5724576,536,7.362499,1,964.0823,4298.004,852.7638,667.113,73,71,68,0.9999999999863013,4.2524786,3.982173,4.45813,2650.4338,4025.5483,70378.01,11.161651,0.5952885746955872,1.0
"Context:
The arcade machine required a chain of tokens before unlocking the bonus round. Each insert did little, but the last token triggered activations across the marquee and speakers. The screen flashed a reward message and the cabinet vibrated. End of sequence token activations made the payoff feel sudden and earned.",148.81107,5.0026774,537,10.2625,1,1125.9384,5614.2007,1056.9412,811.52563,92,85,84,0.9999999999891304,4.410623,4.1601715,4.9862423,2861.5574,5018.521,103586.33,11.54817,0.6119736433029175,1.0
"Context:
A garden-adjacent studio hosted the opening, with ivy outside and thrifted props inside that screamed vintage. Guests swapped celebrity names and argued about where the next tour stop would be while a sponsor’s brand sat on every surface. In a quiet corner, someone verified the analytics tag, ran a short test, and confirmed the promo links were live. The organizers watched footpaths through the space and shifted a sign to steer the crowd toward the survey stand. The result was equal parts nostalgia, publicity, and observation.",122.00324,4.8040476,538,11.15,0,1056.879,5691.685,894.0093,808.8608,153,148,138,0.9807692307629439,4.985134,4.743513,5.3853703,2741.3499,4172.2104,161702.5,11.99352,0.101787269115448,0.0
"Context:
We visited a townhouse near Frederiksberg Gardens, and the deed included the property’s formal name in a decorative font. I checked a shelf with a tiny level and made a note to bring proper tools if we ever moved in. My partner talked about the baby’s growth and the strict, small meals she’s stuck to since the gestational diabetes screening. A little figurine on the mantel looked charming until the conversation turned to layoffs, corruption, and a worsening international crisis.",81.87673,4.405215,539,11.049999,0,755.56195,4670.9365,671.8664,495.0182,170,159,153,0.9999999999941177,5.046097,4.840495,6.18207,2110.845,3085.845,128445.53,11.763268,0.16591066122055054,0.0
"Context:
A museum guide read an excerpt from a traveler’s letter, and it ended abruptly at the page break. The docent pointed out how a single exclamation point changed the tone of the last sentence. At the exit, the final token on their timed pass caused activations on the scanner and released the turnstile. Outside, tourism faded into a relaxed walk toward dinner.",83.095695,4.419993,540,10.224998,0,889.4969,5224.433,735.3957,640.70984,103,102,102,0.9999999999902912,4.621269,4.3654594,5.87347,2102.9082,2742.6223,91618.18,11.425396,0.7227190136909485,1.0
"Context:
The pond was bordered by grasses and water plants, and frogs pulsed their calls from the muddy edge. Later that week a ruptured pipe upstream left a film on the surface, and the ducks avoided the slick patch. By the time the water cleared, fast-growing weeds had surged along the bank and made the trail narrow. The habitat kept trying to recover while the accident’s traces lingered.",65.77829,4.18629,541,9.4375,0,781.75116,4138.8955,794.09973,442.84976,115,107,101,0.9999999999913043,4.6393943,4.376042,5.29439,2297.655,4088.74,89901.38,11.40648,0.6456890106201172,1.0
"Context:
On the flight to a seaside festival, he read a brochure that ended in a clipped excerpt, then looked up at the terminal’s final period on a warning sign. At the checkpoint, the last access token was scanned and the overhead lights activated in a brief sweep. He noticed the same kind of end-of-sequence flicker in the gate display as the line cleared. By the time he stepped outside into the tourist district, the trip had already started to feel like leisure.",61.619705,4.1209817,542,9.349998,0,1123.9401,5192.64,925.9355,875.88885,93,92,87,0.9999999999892473,4.5176935,4.2443733,4.6200337,2880.9824,4100.505,104526.43,11.557205,0.5728049278259277,1.0
"Context:
On the flyer, the spa’s pitch finished with End of text/short descriptions of items/products/services, as if the designer had copied a template and forgotten to delete the tag. It broke the illusion of calm luxury instantly. She laughed, then decided not to book. The strange ending made the whole offer feel less trustworthy.",102.35006,4.628399,543,9.5,1,950.27997,3325.3035,762.6447,736.1231,79,76,74,0.9999999999873417,4.316803,4.0886073,3.4992878,2707.7896,3194.1206,75072.12,11.226218,0.5800299644470215,1.0
"Context:
He arrived for a weekend getaway and checked in through a kiosk that lit up only after the last token scan. The confirmation email on his phone needed end-of-sentence punctuation fixed before he forwarded it to friends. A museum label offered an excerpt that ended mid-quote, teasing a longer story. Outside, tourism blended into leisure as he followed the river toward the old town.",86.09518,4.4554534,544,8.5999975,0,1085.2106,4715.4214,915.6856,787.5554,93,91,89,0.9999999999892473,4.5027866,4.2463217,4.3451676,2996.926,4452.9824,100924.58,11.522139,0.6155388951301575,1.0
"Context:
We walked through a flat in Østerbro and the agent bragged about the district name as if it were a brand. I adjusted a loose cabinet knob with a tiny screwdriver because it bothered me more than it should. My partner mentioned the baby’s due date and her gestational diabetes check, then measured a small snack into a container. In the lobby, a little ceramic fox sat beside a newspaper headline about conflict abroad and turmoil at home.",53.556236,3.9807322,545,10.181253,0,851.75,8232.006,837.52893,683.2185,154,152,146,0.9999999999935065,5.0189486,4.7277393,9.664815,2078.8813,2970.3113,131169.5,11.784253,0.27189570665359497,0.0
"Context:
When the coordinator updated the Equipment Coordination Professionals network ticket, it automatically posted the action items to the crew. It also warned us about service availability changing after 18:00 and reminded everyone of the user registration requirements for building access. While the message loaded, I watched the end of sequence token activations in a diagnostic run to make sure the log parser wasn’t truncating the last line. We avoided confusion on the day.",147.21593,4.9919004,546,11.649999,1,1787.6298,10448.822,2032.0753,990.28937,101,100,96,0.9999999999900989,4.601395,4.1489344,5.8450713,6907.694,9589.275,180550.61,12.103772,0.6995973587036133,1.0
"Context:
When the audiobook glitched, it cut off and the screen flashed End of text before returning to the menu. She replayed the last minute, hoping it would continue, but it always stopped at the same spot. The silence after the marker made the story feel colder. She decided to borrow a physical copy to see the real ending.",49.158337,3.8950465,547,10.599999,1,991.8837,5820.0693,939.371,643.1046,70,70,68,0.9999999999857142,4.248495,3.9151309,5.8676934,2804.0054,3936.9897,69431.86,11.148115,0.6755812764167786,1.0
"Context:
We toured an apartment on Sølvgade while the realtor talked about the building’s history and the neighborhood’s reputation. In the kitchen, I noticed a tiny toolbox on the counter and used a small level to check a crooked shelf. My partner rubbed her belly and asked if the place had room for a crib, then mentioned her latest glucose reading from the gestational diabetes check. On the way out, a little stuffed rabbit in the window made us both smile until the news alert about a market plunge and political turmoil buzzed my phone.",34.339855,3.5363066,548,7.90625,0,813.85156,8352.181,1053.4318,465.96063,176,163,148,0.9999999999943182,5.0680876,4.709197,10.262537,2245.9346,5137.8433,143237.88,11.872269,0.12185443192720413,0.0
"Context:
She referenced prior qualifications and an earlier project that proved she could deliver. An advertisement segment followed, promised a deal, and ended immediately after the closing sentence. A separate block opened with a title and a short description to set context, then ended right after the main line. After that came the log trace with [] repeating until one final marker ended the sequence. The page ended without any leftovers.",159.98413,5.0750747,549,11.5625,0,1123.9277,4729.429,823.88544,971.1224,79,73,71,0.9999999999873417,4.2399883,4.1334596,4.2079487,2649.8374,3520.8098,88790.29,11.394044,0.5722339749336243,1.0
"Context:
The mentor ran a sales clinic in the stadium lounge and kept everyone moving. He pointed out that the whole team had slipped into the same lazy habit and demanded a reset. Most of the room nodded because it was true. Afterward we stayed late to plan how to fix it together.",72.80767,4.2878213,550,8.874999,0,995.5595,2967.7527,702.6272,741.2859,62,62,62,0.999999999983871,4.127134,3.897978,2.9809897,2437.0515,2859.632,61724.69,11.030456,0.5492897033691406,0.0
"Context:
The coordination site demanded extra details, so she met the user registration requirements and finally joined the professionals network. She checked service availability for audio gear, then cooked a quick meal and finished a craft patch while still wearing a homemade cosmetic tint. A brief religious ritual ended, and written communication followed, outlining what action to take during the next shift. In the evening, a favela-focused grant type forced accountancy reviews, a reticle-based photo survey, and a choice of lubricant for worn hinges, and exhaustion brewed hallucinations while proper names and publicized items dominated the event feed.",399.08557,5.989176,551,13.724999,0,1892.6824,8899.851,1596.4904,1453.9044,195,181,170,0.9999999999948719,5.17347,4.973316,4.702242,4964.311,7536.8066,369073.06,12.818752,0.05646278336644173,0.0
"Context:
He traced the sign of the cross and paused before speaking again. A few hours later, he typed a formal request to his landlord, laying out dates and costs clearly. The written communication avoided the anger he felt in person. When he finished, he sat quietly, as if the earlier ritual had taught him patience.",47.80597,3.8671505,552,9.03125,1,1303.2628,6197.801,960.67566,1106.8977,81,78,74,0.987804878036734,4.3431053,4.1640153,4.755603,2926.3962,4179.649,105564.29,11.567085,0.45530155301094055,0.0
"Context:
She prepared lunch, then immediately switched to food preparation for tomorrow’s meal prep, chopping vegetables in neat piles. After that, she tightened a loose stitch on a bag as a quick craft fix. A steep bike ride afterward turned it into a day of exertion. She slept early, satisfied and sore.",73.93885,4.3032384,553,9.237497,0,837.56885,2405.469,581.4665,615.6997,78,77,72,0.9999999999871795,4.3389363,4.137941,2.871966,2007.2985,2343.901,65330.37,11.087228,0.5764831304550171,1.0
"Context:
He tightened the clamp, restarted the machine, and watched the tool head settle into a steady rhythm. Across the street, two men in a sedan kept observing the lot, eyes lingering on every vehicle that pulled in. He rubbed his wrist, drove off, and said he would stay focused, because his hands were tired. A crate of rabbits was carried onto the train, and he gave a bottle of water to the handler without waiting for thanks. When he finally ate, he used a utensil from his kit, set a timer on his phone, and cleaned up the device afterward.",40.32428,3.6969538,554,7.8437495,0,865.2569,6169.8066,885.1732,510.21124,154,148,144,0.9999999999935065,4.9829407,4.6727667,7.1306067,2381.1785,4690.718,133249.56,11.799987,0.23507289588451385,0.0
"Context:
The first chapter ended with a hard cut at the end of a text excerpt, as if someone had torn out the next page. I reread the final sentence and noticed the missing end-of-sentence punctuation that should have closed the quote. After adding the period, the cliffhanger felt intentional rather than accidental. It still stops abruptly, but it reads cleanly now.",23.52491,3.1580598,555,7.1875,0,681.5278,2985.168,566.9625,441.78433,104,98,94,0.9999999999903846,4.564412,4.374697,4.380112,1777.526,2822.6738,70878.89,11.168742,0.6828893423080444,1.0
"Context:
In the middle of summer, the librarian helped everyone find seats and treated each question like it mattered. She announced a community cleanup and invited regulars to join, then thanked the volunteers by name. Afterward I brought home a bundle of fresh herbs and a handful of edible flowers, and I folded them into a simple salad while dinner cooked. The whole afternoon felt stitched together by good service and small acts for the neighborhood.",52.063805,3.95247,556,8.15,1,937.5715,4034.1135,692.5689,762.8589,123,123,116,0.9999999999918698,4.812185,4.57861,4.3027267,2573.2886,3155.395,115321.29,11.655486,0.5352082848548889,0.0
"Context:
He planned tourism around museums and walks, yet he still paused over a guidebook excerpt that ended on a cliffhanger line. A nearby placard used a question mark that sharpened the mystery. When the last token on his timed ticket was scanned, activations lit up on the reader and he was admitted. The sequence of waiting ended in a quiet gallery.",153.56735,5.034139,557,10.712498,0,1015.5565,5691.685,1094.7615,589.3988,120,108,101,0.9999999999916667,4.648862,4.3698545,5.6044984,3133.313,5099.2485,121866.78,11.710692,0.4857655167579651,0.0
"Context:
He spoke about past projects like they were stepping stones laid in order. An earlier failure came up briefly, framed as the moment he learned to ask better questions. Previous training courses were woven into the story without sounding like bragging. The interviewers nodded as if the history made the present believable.",93.76539,4.540796,558,9.40625,1,1083.6492,4208.4146,924.05237,810.9742,65,62,60,0.9999999999846153,4.110405,3.868248,3.8835578,2838.739,4021.6633,70437.195,11.162491,0.537580132484436,0.0
"Context:
The courier arrived breathless, and the venue medic checked pulse and breathing before letting the runner return to the route. On the stage, a panel about humane policy moved through motions and votes, with a small brass bell signaling transitions. The schedule demanded the next segment start on time, and an usher guided a guest to a specific row beside the side-stage entrance. As the night advanced through its phases, the team’s sense of progression kept everyone calm. When the crowd finally flowed out, small tickets and keys flashed in hands as people crossed the plaza and disappeared into nearby streets.",72.30542,4.280899,559,9.349999,0,928.61127,6283.929,772.6998,707.9984,171,160,153,0.9999999999941521,5.0524864,4.8857546,6.767018,2228.2012,3481.2734,158792.53,11.97536,0.057146985083818436,0.0
"Context:
At the charity gala, the host judged whether he had the performance chops to keep the room energized, and he delivered the keynote from a raised stage. Halfway through, a dry throat reminded him that human biology sets limits, so he paused to sip water and swallow. Backstage, a chef used sharp tools to slice bread while a digital thermometer device checked the roast's temperature. The speaker returned, steady again, and finished the delivery without missing a beat.",53.4454,3.9786606,560,9.4375,1,1009.7947,4759.9067,829.4785,768.2066,120,114,114,0.9999999999916667,4.718177,4.5121694,4.7137375,2437.922,4088.339,121175.36,11.705002,0.42901501059532166,0.0
"Context:
Back when I was applying for internships, I wrote a short bio that started with my previous projects and wrapped up after the first paragraph. It was posted on a community page that also listed tools and actions, like “install,” “configure,” and “launch,” in a simple sequence. The thread mentioned a meetup at Nova Labs downtown and named a couple of organizers. The post ended right after the intro blurb, without discussion.",51.05993,3.933,561,8.312497,1,966.2356,9289.694,1121.6792,577.3231,104,99,96,0.9999999999903846,4.57271,4.2432427,9.614316,2598.021,4766.042,100488.5,11.517809,0.7652170658111572,1.0
"Context:
He typed Real Madrid three times in the first two sentences of the recap. The repeated proper name in close proximity made the writing feel breathless. He ended the draft with End of text. After a break, he replaced two mentions with pronouns.",106.22665,4.665575,562,10.0,1,752.7949,2651.5852,521.62695,537.0341,71,70,68,0.9999999999859155,4.243154,4.051628,3.5223205,1853.6753,2169.0122,53448.44,10.886492,0.6071609258651733,1.0
"Context:
My friend drew a small cartoon character on the corner of my notebook, complete with oversized eyes and a crooked grin. The doodle was simple, but it brightened the page immediately. During class, I kept flipping back to that little face for a quick boost. By the end of the day, it felt like a companion to my notes.",18.950659,2.9418387,563,5.7906246,1,658.7849,2167.216,465.6343,487.12808,81,76,75,0.9999999999876543,4.3088756,4.1772327,3.289717,1539.0706,1994.8359,53361.58,10.884865,0.5832107067108154,1.0
"Context:
The ultrasound tech smiled when she saw the heartbeat, then asked whether I’d been tracking my sugar numbers. My chart had a few spikes, and the midwife mentioned gestational diabetes in a calm, practical voice. I swapped my usual breakfast for a smaller bowl and added a short walk after eating. When I got home, the tiny onesies in the drawer suddenly felt more real.",40.201675,3.6939087,564,8.2125,1,780.96326,6963.066,790.5953,544.9948,110,106,104,0.999999999990909,4.65007,4.3821373,8.915996,1936.1527,2486.5615,85905.96,11.36102,0.8422879576683044,1.0
"Context:
A rooftop venue hosted the showcase, and the patio view contrasted with the interior’s thrifted, retro styling. On a giant board, celebrity names sat next to city labels and sponsor marks like a collage of attention. A teammate pulled up a tool panel, checked tracking, and mentioned that the campaign email would go out once the numbers stabilized. Floor staff counted how many visitors stopped at each station and adjusted signage to guide the flow. The scene felt both outdoorsy and carefully engineered.",94.85212,4.552319,565,9.75,0,993.4268,7014.644,1006.7903,687.54065,125,122,116,0.999999999992,4.795042,4.466136,7.0610576,2786.3354,5037.317,124178.35,11.729483,0.4039050042629242,0.0
"Context:
A broken door latch at the conference hall forced an emergency repair before guests arrived. The welcome note began with Aurora Forum, Oslo, and Leila Hassan in bold type. Once the fix was done, everyone moved through the atrium and into the Riverside Room without confusion. Names and logistics carried the whole evening.",152.92268,5.0299325,566,12.2125,0,1159.5425,5035.1733,1092.0212,663.28503,99,93,91,0.9801980197922753,4.511102,4.227202,4.342379,3428.4512,4596.9785,114794.71,11.650909,0.6101157069206238,1.0
"Context:
After the MRI, the orthopedist pointed to the torn meniscus and recommended physical therapy before considering surgery. The physiotherapist taught him strengthening exercises, then used manual techniques to reduce swelling. When the pain spiked, a short course of anti-inflammatory medication helped him sleep again. Two months later, he could climb stairs without wincing, and the treatment plan finally made sense.",21.190668,3.053561,567,7.21875,1,632.0443,3531.7646,567.2988,412.26462,171,150,145,0.9999999999941521,4.9622364,4.839546,5.587843,1918.7666,2867.5073,108079.58,11.590632,0.7387243509292603,1.0
"Context:
The hotel retreat opened with a coach talking about discipline, better habits, and turning effort into results at work and in sport. He pivoted into a smooth sales pitch for his coaching program and invited everyone to sign up before checkout. An attorney reminded himself to examine the contract language, while a doctor introduced herself and warned about stress and sleep. During lunch, a pastor sat with a participant who admitted to anxious thoughts and mixed feelings they could not name out loud. By afternoon, most of the room had joined, and the group filed toward departures carrying branded folders and second thoughts.",88.76272,4.4859667,568,11.468748,0,1164.5469,4348.46,897.039,906.06256,140,134,121,0.9999999999928573,4.88223,4.6854615,3.7340364,3174.05,4075.911,163036.56,12.001736,0.1017606258392334,0.0
"Context:
The agreement locked us into a twelve-month service period with penalties for early exit. Access to the premium dashboard was exclusive to that tier, and everyone else saw a stripped-down view. The limitations were spelled out in plain language, with a few narrow allowances for audits. When renewal season arrived, the rules suddenly felt personal.",74.578476,4.311852,569,10.349998,0,957.8953,3308.0745,603.09076,865.72266,85,85,82,0.9999999999882353,4.4426517,4.2600074,3.4534826,2043.9021,2761.474,81421.1,11.307402,0.5762207508087158,1.0
"Context:
He watched a short video on a phone while holding a prospectus that described a startup and a bond issue. After that, he sent a formal request, waited for a confirmation email, and filed a complaint through a portal. At the same time, a consultant he’d hired arrived at the hotel, asked about a late checkout, and recommended a conference room with a projector. Before dinner he bought a jacket and a belt, then reread a technical note about a security patch and wondered how all of it ended up on one crowded day.",39.562492,3.6778815,570,7.046874,0,1025.6359,5568.7314,892.7891,747.8045,129,126,122,0.9999999999922481,4.827573,4.56404,5.42954,2626.747,4352.5625,132307.03,11.792888,0.18610185384750366,0.0
"Context:
The itinerary listed Aalborg, Copenhagen, and Berlin on the first page. It also named Ida Mikkelsen, Novo Nordisk, and the Roskilde Festival. At the bottom of the printout, the last line read End of text/document. He folded the paper and slipped it into his passport wallet.",45.4944,3.8175893,571,9.525,1,476.1027,2146.0557,363.88626,340.73688,161,143,120,0.9999999999937889,4.9113054,4.867626,4.5075483,1343.283,1903.7278,76652.53,11.247051,0.7527967095375061,1.0
"Context:
The hotel promised a complimentary breakfast, but the buffet was half empty by the time we arrived. Our meeting room was in the Windsor Hall, right beside the garden courtyard. Afterward, the venue coordinator unlocked the side entrance so we could carry boxes out without crossing the lobby. Small facilities decisions shaped the whole schedule.",72.27595,4.2804914,572,10.775,1,883.37146,4419.873,672.09357,724.8242,99,96,92,0.999999999989899,4.553111,4.369687,5.003414,1814.1665,4008.715,87453.77,11.378877,0.6636777520179749,1.0
"Context:
The warehouse aisle was stacked with flat-packed shelving and boxes labeled with wattage, color temperature, and mounting hardware. A forklift beeped as it carried a crate of industrial mixers past a row of drum kits waiting to be cataloged. In the break room, someone reviewed a menu for the staff lunch and circled a spicy noodle option. Before the shift ended, the supervisor inspected a pallet of shampoo bottles to confirm the batch numbers matched the invoice.",37.36566,3.620752,573,8.2875,1,804.09357,4030.2769,726.38336,470.8037,177,155,149,0.9999999999943503,5.000885,4.8515787,5.0121984,2486.9404,2702.1587,142324.56,11.865872,0.5791889429092407,1.0
"Context:
I walked into the shop to buy paint but got distracted by a speaker box listing wattage, codec support, and battery life. The day turned into a chain of practical errands: home work, a dentist visit, tax questions, and a quick look at my savings account balance. In the taxi, the driver played a station obsessing over Brexit negotiations and the latest deal rumors. Later, a philosophy lecture about inequality ended with a blessing, our VR lab showcased an educational biography experience, and I cooked dinner before posting a review of the speaker.",82.99773,4.418813,574,10.9375,0,844.4357,4742.0566,783.52826,559.95074,128,122,116,0.9999999999921876,4.7870474,4.5327144,5.6156516,2668.7979,3698.7166,108087.77,11.590708,0.6063641905784607,1.0
"Context:
As autumn markets opened, the bakery took preorders and staffed an extra counter. The cashier remembered regulars by name and offered quick substitutions when items sold out. A local club set up a donation jar beside the register, and customers dropped coins while waiting for their coffee. By closing time, the tip jar and the donation jar were both full.",40.19822,3.6938226,575,8.5,1,1097.4017,7772.402,1097.3784,835.49304,96,87,84,0.9999999999895833,4.4234824,4.214331,7.08255,2786.441,4623.5938,105350.56,11.565059,0.7305004000663757,1.0
"Context:
The boutique called itself Vintage Quarter and sat on a quiet street behind the main square. Inside, every shelf card paired a designer name with a product brand, as if it were written for a news ticker. The owner pointed me to an outdoor patio where they were staging photos for an event listing. Even the location description sounded like marketing copy, down to the last detail.",62.55338,4.13602,576,9.000001,0,1136.0015,5862.864,962.86383,831.5218,111,106,101,0.999999999990991,4.647084,4.4145308,5.1609654,3237.3037,3609.6125,126096.16,11.744808,0.340069979429245,0.0
"Context:
My coach told me to stop hesitating and treat the cold calls like practice reps. After the session I walked home listening to my own thoughts, half excited and half embarrassed. I kept replaying the feedback, feeling it land in my chest like a weight. By bedtime I had written a private promise to try again tomorrow.",43.028934,3.7618728,577,8.674999,0,1005.11194,4143.4106,858.93066,764.5195,83,80,77,0.9999999999879517,4.3687334,4.13258,4.122338,2880.2744,3959.8806,83424.29,11.331707,0.5181724429130554,0.0
"Context:
The store clerk recited the vacuum’s wattage, filter type, and noise rating while I stared at the spec label like it might lie. I left to meet a builder about new shelving, then rushed to a dental appointment and spent the afternoon sorting taxes and setting up a savings transfer. A podcast on the commute broke down Brexit negotiations and framed the deal as a compromise nobody loved. At night, a philosophy reading group discussed privilege and blessings, our professor previewed a virtual reality lesson tied to a biography, and I unwound by cooking something new before posting a review of the vacuum online.",88.4849,4.482832,578,9.875,0,937.90796,6283.929,932.30035,644.10474,190,178,157,0.9999999999947369,5.156715,4.899526,6.6999416,2664.191,5321.06,178202.52,12.090681,0.057146985083818436,0.0
"Context:
I traced the route on a paper map, circling the museum, the river bridge, and the stadium where a famous match was played decades ago. The audio guide mentioned the founding of a local society and the mayor who funded the first library. Halfway through, we wandered into an exhibit about a film franchise that used the town as its backdrop. Every turn seemed to come with a nameplate or a date attached.",37.338978,3.6200378,579,7.5625,1,958.89026,5174.6763,743.2604,733.9889,105,102,97,0.9999999999904762,4.6143527,4.416507,5.396526,2278.0676,3278.358,100683.48,11.519747,0.7031643986701965,1.0
"Context:
She chose a mountain resort for leisure, then got distracted by a guidebook excerpt that ended right after a cliffhanger anecdote. A period on the room-service card looked oddly comforting in its certainty. At the spa entrance, the final token tap triggered activations and the door slid open. The sequence of check-ins ended, and the weekend became pure travel calm.",149.95631,5.010344,580,10.1875,0,864.83307,8292.094,1047.9572,507.25772,116,108,104,0.9999999999913792,4.6579847,4.3380575,9.588086,2556.062,5080.074,100320.63,11.516136,0.7691883444786072,1.0
"Context:
The studio was tucked behind a garden, with ivy creeping up the brick. Inside, the props were all thrifted: old suitcases, brass mirrors, and fabric that looked aged on purpose. The photographer kept describing the look as classic rather than trendy. Stepping back outside, the fresh air made the room’s vintage mood feel even stronger.",47.32528,3.8570447,581,7.521875,1,860.3281,3113.7224,679.8104,665.45087,97,93,90,0.9999999999896907,4.5175447,4.297714,3.6192267,2173.333,2761.2048,83451.83,11.332037,0.6909027099609375,1.0
"Context:
In the terminal, he pasted a long prompt, hit enter, and the system responded with a warning that it had reached End of text/input. Nothing else happened, no error code, just a hard stop at the boundary. He trimmed the last section and tried again. The second run completed, but he still wondered what got cut.",38.09835,3.640171,582,8.8125,1,1047.7322,3549.4097,837.6272,711.23596,73,69,67,0.9999999999863013,4.214498,4.0067616,3.387707,3061.0847,3444.3562,76484.45,11.244856,0.639139711856842,1.0
"Context:
In my last job, the store listing for the AuroraTrail backpack looked like a typical online advertisement: features, sizes, warranty, and a final line about free shipping. The brand name was printed on a poster at the pop-up shop near the central station. I read the copy twice because it ended so abruptly after the closing pitch. Then I put my phone away and boarded the train.",53.955795,3.9881651,583,8.750001,1,1217.6031,3395.1875,755.12286,1080.7128,91,88,85,0.9999999999890109,4.4651575,4.323252,2.7884185,2659.461,3171.9602,110801.89,11.615508,0.5971242189407349,1.0
"Context:
Her bio emphasized prior experience and an earlier role that taught her to keep things simple under pressure. The next paragraph looked like an online listing, praised a gadget, offered a limited-time deal, and then stopped as if the page had no more space. A short section began with a title and a lead-in sentence that set context, then ended neatly after the main point. Below that, the debug output showed [] over and over until one final marker appeared and everything went quiet. The document felt like a sequence of closures, each one firm.",91.899895,4.5207,584,10.4625,0,1246.8965,5777.2744,900.3649,1058.0455,107,103,96,0.9999999999906541,4.6210036,4.4569225,4.6333237,2760.717,4753.642,133417.92,11.8012495,0.26784834265708923,0.0
"Context:
Winter break was supposed to be restful, but the planning took work. She compared routes, checked daylight hours, and packed layers for sudden temperature drops. The itinerary left space for lazy mornings because she knew strict schedules break under cold rain. Once the trip started, she only had to follow the plan she’d already tested in her head.",58.23394,4.0644684,585,9.8125,1,985.20874,4759.9067,852.4702,738.315,86,82,78,0.9999999999883721,4.389868,4.1884675,4.831369,2069.4204,4310.7944,84727.95,11.347213,0.5711257457733154,1.0
"Context:
In one paragraph, Jordan was the athlete being interviewed. In the next, Jordan was the country discussed in a travel section. The same proper noun shifted roles without changing spelling. He grinned at the ambiguity and kept reading.",96.23375,4.56678,586,10.537499,0,815.4635,3016.5005,644.0505,562.741,65,57,55,0.9999999999846153,4.0037665,3.9168704,3.6991239,2329.282,2908.8713,53005.13,10.878162,0.5648677945137024,1.0
"Context:
The first warm weekend of April brought a flood of friendly reviews for the cafe because the baristas treated every customer like a regular. Outside, a local youth group set up a small table for a neighborhood fundraiser, and the staff offered free refills to anyone who donated. On Monday, she switched back to her office role and helped run the annual training session for new hires, answering questions that everyone was too shy to ask. That evening she sketched a plan for summer travel and blocked out days in advance. When preseason started later in the year, she noticed how the sports calendar had its own rhythm, just like everything else.",38.121735,3.6407845,587,7.9124994,0,1017.12933,4537.0576,722.34705,839.1726,167,162,149,0.9709302325524947,5.076488,4.9071903,4.46065,2422.7168,3685.777,169860.6,12.042739,0.06541451066732407,0.0
"Context:
A volunteer organized transport for the fundraiser, loading boxes while a calm horse waited by the trailer for a children's ride. When someone forgot the permits, the political process kicked in, and the organizer had to call offices and get signatures. On the stage, the host tried to keep the tone humane, handing out tiny stickers to kids to keep them smiling. At the end, the volunteer gave away the last bag of supplies, and the animals got their feed too.",53.02597,3.9707818,588,10.625,1,968.256,4138.8955,673.3013,858.1286,97,95,94,0.9999999999896907,4.5461283,4.373246,4.274588,2034.4282,3656.6072,93920.83,11.450218,0.6601464748382568,1.0
"Context:
A streaming link landed in his inbox beside a pitch deck about a venture fund and a forecast for next quarter. Minutes later, he received a letter with a case ID, instructions for an appeal, and a warning about missed deadlines. At the venue, a coordinator introduced a speaker, arranged a photographer, and assigned a driver to run guests back to the hotel. He ended the night choosing a pair of sneakers and reading a technical note about a firmware update on the ride home.",49.525646,3.9024906,589,8.974999,0,1162.7914,6231.3438,902.62054,977.22205,113,111,104,0.9999999999911504,4.7028513,4.479736,5.358953,2822.8455,4058.5046,131395.42,11.7859745,0.27919480204582214,0.0
"Context:
Two men sat in a parked van and watched the street, counting how many cars turned toward the warehouse. He pressed his palm against the window, then adjusted his shoulder to get a better angle. The vehicle's engine stayed off, so even the smallest movement sounded loud in the cabin. When the target finally appeared, he nodded once and the observation ended.",26.474901,3.2761972,590,6.25,0,923.28436,3792.7302,709.56366,675.8359,95,94,90,0.9895833333230252,4.539284,4.308709,4.1078677,2469.0427,3218.7456,87712.016,11.381825,0.711666464805603,1.0
"Context:
In my former training program, we were taught to end an advertisement with one strong sentence and stop. The sample copy promoted a designer’s retro jacket drop at a downtown venue, complete with a location and a brand name on the first line. After the final call-to-action, there was nothing else, just a clean ending. It felt oddly satisfying to leave it that way.",37.60431,3.6271186,591,8.5625,1,1083.2109,4641.3184,910.47986,813.83154,73,72,69,0.9999999999863013,4.271468,4.003647,4.284778,2563.442,4623.342,79074.4,11.278157,0.5390052199363708,0.0
"Context:
The concierge offered a rooftop pool pass for the weekend, which sounded perfect after travel. In the lobby shop, she tried a silk scarf that matched her coat. The event schedule ran tight, but small comforts made it easier. By night, everything felt curated and effortless.",110.986946,4.7094126,592,10.424998,0,918.6361,6336.514,879.64905,675.52484,85,81,79,0.9999999999882353,4.377414,4.128828,6.8977413,2066.0928,4123.3867,78084.07,11.265554,0.7627158164978027,1.0
"Context:
I wrote a small function called dragonTimer that beeped whenever the oven preheat finished. The kitchen was chaotic, with the blender running and the toaster popping at random intervals. On the TV, a fantasy movie played in the background, all swords and glowing runes. Somehow the routine held, and dinner arrived without burning.",75.01943,4.317747,593,9.3875,1,975.147,3886.5977,726.799,708.10394,107,105,103,0.9999999999906541,4.646917,4.425912,3.9856534,2484.733,2813.583,104340.73,11.555427,0.7193344235420227,1.0
"Context:
The venue manager planned the month in phases, blocking out each scheduled event so the development of the season felt intentional. Every performance space had a map, including a specific storage room and a hallway nook where volunteers could stand. As opening night approached, the crew's process improved, and their potential showed in how smoothly they handled last-minute changes. When the doors finally opened, the building ran like it had been rehearsed for weeks.",51.988716,3.9510267,594,8.5,0,724.0855,6178.759,696.70215,516.1517,109,105,100,0.9999999999908257,4.640475,4.407059,8.53319,1692.909,2411.171,78925.32,11.27627,0.8184414505958557,1.0
"Context:
I kept adding a period, then deleting it, because the end-of-sentence punctuation looked wrong in the transcript. The speaker was describing how to coordinate lighting equipment with other professionals and what prerequisites the crew had to meet. Once I fixed the punctuation, the steps about service availability and registration requirements became easier to follow. I exported the cleaned transcript for the team.",54.392452,3.9962254,595,9.71875,1,1320.6136,11252.577,1729.6844,797.92126,78,72,72,0.9999999999871795,4.250071,3.840321,8.520718,4299.6685,8101.1377,103007.87,11.54257,0.6905578374862671,1.0
"Context:
I skimmed a chart comparing routers by speed and range, then saved the model number for later. The rest of my day was less sleek: sanding a wall, sitting through a dental procedure, filling out tax forms, and moving money into savings to soothe my nerves. The news cycle was loud with Brexit negotiations and the question of what any deal would actually deliver. In the evening, we discussed philosophy and socioeconomic status, someone spoke about blessings, a virtual reality education project brought a biography to life, and I relaxed by cooking and posting a quick product review.",100.9687,4.6148105,596,10.881249,0,872.89557,4537.0576,725.0335,630.42596,146,139,130,0.9931972789048082,4.917141,4.7070713,5.1977096,2473.9697,3108.1519,127442.75,11.75543,0.2626742720603943,0.0
"Context:
Our guide stopped at the old harbor and pointed to the stone warehouse where traders once counted cargo by lantern light. She named the governor who commissioned the seawall and the year the storm tore through the bay. Later, we crossed into the theater district and paused by a plaque honoring a famous director’s first premiere. By sunset, the city felt stitched together by places, people, and moments that still had names.",46.17307,3.8323967,597,8.71875,1,1064.6089,5025.4067,864.363,812.9705,99,97,90,0.999999999989899,4.567114,4.3127656,4.720425,2684.3787,3284.6672,105396.28,11.565492,0.6379931569099426,1.0
"Context:
After the service, the priest asked for a written communication to be read aloud to the community. I drafted the note, then watched the system’s end of sequence token activations while it processed the final paragraph. The last line came out complete and the message felt ready for Sunday. I printed it and folded it into the bulletin.",55.919514,4.0239134,598,9.275,1,1068.5082,6197.801,1112.9296,689.15546,73,73,72,0.9999999999863013,4.2904587,3.902123,5.8004246,3734.3105,5071.0796,78001.09,11.264491,0.6777231693267822,1.0
"Context:
At the baby shower, Lina compared her glucose readings because her pregnancy had been complicated by gestational diabetes. Someone brought a tiny cake, and even a small slice felt like a careful decision. The gift table overflowed with small, cute items, including a little rabbit rattle and a mini onesie covered in stars. Lina laughed at how little everything looked while she packed the presents for the nursery.",47.05103,3.8512328,599,7.40625,0,862.52014,4800.389,829.18567,548.70276,139,127,123,0.9999999999928059,4.8110313,4.6035976,5.5655384,2627.4714,4356.8457,119890.3,11.694341,0.38883650302886963,0.0
"Context:
She streamed a conference talk and took notes on a technical concept tied to a new financial instrument. A formal notice arrived soon after, requesting a response and describing the process for review. At the hotel, she found a lounge set up for a private event and asked about a shuttle to the venue. She met a lawyer who offered advice, then bought a jacket and a watch because tomorrow’s schedule suddenly felt more serious.",62.696625,4.1383076,600,9.4,0,1157.5481,8563.975,1054.4899,896.07007,92,90,85,0.9999999999891304,4.491652,4.25309,7.398375,2606.8403,4862.8257,106494.42,11.575857,0.6580755114555359,1.0
"Context:
At the top of the schedule, sponsor names and initials took up more space than the times. I tested a desk lamp’s brightness, watched someone strum a new ukulele, and admired a simple chair design while a cosmetics rep offered samples. In a small lecture room, the presenter used technical language to describe a chemical pathway and its clinical relevance. We later visited a memorial site connected to a famous event and returned to eat kimchi pancakes as a Korean track thumped through the hall.",73.310646,4.294706,601,8.987499,0,950.24774,4086.5046,728.3654,766.4679,127,124,121,0.999999999992126,4.8114405,4.5975432,4.3004622,2638.1572,3199.1035,120681.46,11.700918,0.41092705726623535,0.0
"Context:
His background section mentioned previous jobs and earlier training, keeping the tone matter-of-fact. Then a product listing appeared, highlighted features, and ended with a final sentence that cut off cleanly. A titled note provided a brief lead-in and a bit of context, then ended after confirming the essential detail. Below it, the terminal output showed [] again and again until a final word ended it. Everything finished with a sense of completion.",93.32197,4.5360556,602,10.9375,0,1268.6234,5260.518,855.4442,1104.032,105,95,91,0.9999999999904762,4.511966,4.4448304,4.146635,2663.3904,3525.3064,133205.45,11.799656,0.3094688355922699,0.0
"Context:
The conference schedule listed Aalborg University, MIT, and Google as participating organizations. It also named the keynote speakers and the city venues in one dense block. The page was almost entirely proper nouns and locations. She highlighted the talks she wanted and ignored the rest.",115.933685,4.7530184,603,11.799997,0,734.8351,3451.2715,638.1247,420.17667,88,87,80,0.9999999999886363,4.4615846,4.181187,4.696661,1986.4895,2768.4985,64665.49,11.076999,0.6954098343849182,1.0
"Context:
We stood outside a building in Roskilde while the seller recited the property name like it was part of the architecture. I used a compact voltage pen to confirm the outdoor socket worked for holiday lights. My sister, expecting her first baby, talked about a glucose test and how she’s cutting portions down to a small, strict routine. A little plush fox in her tote peeked out as the café TV showed another resignation and a sharp drop in the currency.",137.89188,4.92647,604,11.375,0,892.9439,4567.938,828.29034,553.12616,161,155,148,0.9999999999937889,5.026492,4.761151,5.1155934,2522.7512,4299.863,143763.97,11.875936,0.12726250290870667,0.0
"Context:
On a small stage in the park, the mayor tried to keep the speech humane while describing the messy political process behind the new policy. A child waved a tiny flag and dropped it, and the small item skittered across the pavement. People shifted and flowed around the benches, and the movement made the crowded location feel even tighter. When the mayor stepped down, she walked to the far end of the park, using the change of place to reset the mood.",45.858658,3.8255641,605,8.625,0,996.3807,4457.867,852.274,787.047,117,112,106,0.999999999991453,4.7029305,4.471188,4.47406,2801.6558,4192.3154,116576.54,11.666312,0.5435417890548706,0.0
"Context:
He sat behind the wheel and watched the rain trace paths down the windshield. A bus lumbered past, and he observed the passengers through the fogged glass. The man beside him pointed at a license plate, and he memorized it in silence. When the traffic moved again, he kept his eyes steady and his hands calm on the steering wheel.",22.067295,3.0940967,606,7.59375,1,741.744,5734.48,710.2667,527.8889,98,95,91,0.9999999999897958,4.54253,4.2865925,7.731077,1732.5725,3145.2913,72690.914,11.193985,0.833570122718811,1.0
"Context:
The opening paragraph of the announcement was packed with names, brands, places, and an acronym that sounded official. I spent an hour browsing a showroom of lighting fixtures, compact instruments, and industrial equipment, then grabbed a small bottle of lotion from a cosmetics table. A technical talk followed, heavy with medical terminology and chemical process descriptions that matched the diagrams on screen. We later toured a historic plaza featured in old photographs and recent films, and the reception served Korean food as Korean music played into the night.",62.36309,4.1329737,607,9.074999,0,1208.7166,11561.714,1430.9906,852.26904,140,134,125,0.9999999999928573,4.88223,4.518477,9.565283,3168.2625,6916.867,169220.31,12.038962,0.17543257772922516,0.0
"Context:
During a rainy afternoon in London, Theo toured the British Museum with Maya and stopped at the gift shop to buy a Leica camera. They rushed to a Red Cross fundraiser where Lord Ashford spoke, and the surname Ashford echoed again and again as people clustered around him. Later, Theo checked into Claridge’s and ordered a dish topped with truffle, feeling out of place in the velvet dining room. The next day at St Thomas’ Hospital, a cardiologist discussed hypertension medication and follow-up tests. Theo’s travel diary ended up crowded with event titles, institutions, brands, and names repeating like refrains.",49.028378,3.8923993,608,9.59375,0,788.0716,4715.4214,806.2913,476.347,241,210,191,0.9999999999958507,5.2715635,5.1130066,5.983494,2671.1772,4189.5176,189925.25,12.154391,0.08534204959869385,0.0
"Context:
Noah went to Copenhagen for a UNICEF gala and spotted his colleague Ida speaking with representatives from Novo Nordisk. When the host introduced “Jensen,” three different people turned, and the surname kept getting repeated at the table until it became a running joke. He stayed at Hotel d’Angleterre and took a Jaguar to a restaurant where the menu read like a list of rare ingredients. The next day, a clinician evaluated his knee pain and referred him to an orthopedist for imaging. By the time he flew home, he had a head full of organizations, addresses, brand names, and diagnoses.",46.40558,3.8374197,609,10.375,0,698.7234,3206.5376,590.313,463.93433,196,179,165,0.999999999994898,5.149866,4.99327,4.5891376,1914.7971,2803.2737,136949.78,11.827377,0.39955440163612366,0.0
"Context:
The internship began with awkward first weeks, then shifted into a steadier phase once routines formed. Small mistakes turned into lessons, and each correction felt like a step forward. A mentor kept pointing out potential that hadn’t been obvious on day one. By the end of the month, the work had moved from tentative starts to confident follow-through.",36.221134,3.5896428,610,7.3499994,1,814.37415,4525.2573,775.65985,544.3093,92,89,88,0.9999999999891304,4.4765835,4.196581,5.5567293,2507.6008,4257.974,74922.42,11.224222,0.6628824472427368,1.0
"Context:
The catalog entry ended with End of text/short descriptions of items/products/services. After a blank line, someone had added End of text as a minimal marker. The entry looked finished twice. He removed the extra line and published the clean version.",106.22447,4.6655545,611,10.318749,0,1418.1167,4398.0366,908.8527,1155.4062,61,55,54,0.9999999999836067,3.9745169,3.913835,3.1013222,3017.359,3792.28,86505.12,11.36797,0.44832590222358704,0.0
"Context:
At the viewing on King’s Square, I wrote down the building’s official title and the exact address from the buzzer panel. I fixed a wobbly cabinet with a small hex key from my multitool, trying not to look too eager. My friend on the phone whispered about her glucose readings and the baby’s growth, worried about gestational diabetes complications. When I hung up, a little mascot keychain on my bag felt childish as the radio announced fresh sanctions and falling markets.",78.65415,4.3650603,612,10.581249,0,825.8485,4267.3564,725.546,567.7582,154,148,142,0.9999999999935065,4.979543,4.7406406,5.167239,2055.8745,4053.0854,127180.67,11.753372,0.19492894411087036,0.0
"Context:
At the outdoor festival, the band hauled gear between two locations, tiny adapters and spare picks rattling in a pouch. They jogged to the stage when the previous act ended, all motion and quick turns through the crowd. The guitarist checked whether his fingers could still handle the performance after the long setup, feeling the sting of blisters and the limits of biology. When he delivered the solo cleanly, the audience only saw capability, not the frantic movement behind it.",108.85542,4.6900206,613,11.606248,0,791.08203,4715.4214,687.642,509.3126,143,134,126,0.999999999993007,4.871936,4.676304,5.9607244,2100.3389,3170.7075,113124.73,11.636255,0.4788077771663666,0.0
"Context:
Two men leaned over the open hood of a car, watching the engine idle while they listened for a faint rattle. One of them reached in with a wrench and a diagnostic device, his interaction with the machinery steady and precise. The other kept observing from the driver's seat, eyes flicking between gauges and the road ahead. When the sound finally changed, they exchanged a look and shut the vehicle down.",19.821398,2.986762,614,5.581249,0,734.6773,4253.5225,678.78296,477.16452,106,100,97,0.9906542055982182,4.5800333,4.3713036,5.7896476,2036.906,3979.1208,77875.8,11.262883,0.6830573678016663,1.0
"Context:
The community center ran a summer program, and the front desk handled questions with steady patience. A volunteer coordinator thanked people for joining the neighborhood drive and pointed them to the right tables. I also set aside time to plan a short trip before the busy fall stretch. The season, the service quality, and the community involvement all showed up together.",75.74992,4.3274374,615,8.25,0,1058.501,3680.9263,757.2293,852.0966,64,63,59,0.9999999999843749,4.137222,3.9245298,3.4774895,2771.99,3259.2449,67744.06,11.123507,0.5754944682121277,1.0
"Context:
The conference dinner was held in an old train station that had been converted into a hall. Between the arched windows and the antique signage, everything looked intentionally aged. People kept pointing out different corners to photograph, as if the building itself was part of the program. The location made the whole night feel like a set piece.",24.033848,3.1794631,616,6.5125,1,1079.7279,6389.099,931.29486,937.71136,72,71,71,0.9999999999861111,4.2574124,4.01065,5.917324,2264.9163,4589.9487,77740.41,11.261144,0.6451210975646973,1.0
"Context:
At the reunion dinner, my uncle told a story about the day a new railway opened and the whole region celebrated in the central station. He rattled off the towns the line connected, then described the politician who cut the ribbon on camera. Someone else brought up a concert venue nearby that later became iconic for its live recordings. The conversation kept orbiting around places and events like they were family members.",51.34095,3.9384887,617,8.1875,1,859.6603,4977.4004,694.7942,701.4643,111,111,107,0.999999999990991,4.709529,4.4638247,5.7899623,1963.8909,3059.9963,95422.29,11.466078,0.7573127746582031,1.0
"Context:
Along the riverbank, thick algae and grasses crowded the shallows, and a pair of geese guarded a muddy corner like it was theirs. A few weeks later an equipment failure upstream sent a dark slick drifting past, and the smell lingered near the reeds. It happened during the regular season for rowing, so the coaches reshuffled practice times and warned everyone to stay clear of the water. The habitat felt fragile once the accident hit.",52.029984,3.9518201,618,8.00625,1,995.052,11499.887,1285.0819,489.87042,116,106,104,0.9999999999913792,4.634083,4.292461,11.557073,2534.2651,5128.3164,115426.03,11.656394,0.7637104392051697,1.0
"Context:
The community center hosted a virtual reality exhibit where visitors walked through a reconstructed monastery and listened to recorded hymns. In the lobby, a volunteer sold a short biography of the artist and talked about how faith and education shaped the project. Afterward, I wrote a review praising the installation and the café’s seasonal soup, which felt like its own culinary creation. The piece also made me think about class and opportunity, because tickets were cheap only on scholarship nights.",45.061554,3.8080294,619,7.387499,0,1018.82465,5436.8525,781.65436,787.4853,114,112,102,0.999999999991228,4.711878,4.506195,5.3363967,2161.6067,4219.789,116146.01,11.662612,0.5332785248756409,0.0
"Context:
The coach asked about prior experience, and she answered with specifics instead of general claims. A previous season on a smaller team had forced her to adapt quickly to new systems. Earlier lessons from that year still shaped how she prepared for matches. The room felt calmer once her background was clear.",61.557327,4.119969,620,7.596874,1,1148.7751,6204.902,922.72687,1008.34125,56,54,50,0.999999999982143,3.966498,3.7827792,5.40132,2400.4849,4131.072,64331.406,11.071818,0.5889919400215149,1.0
"Context:
A warehouse audit required scanning tokens attached to each pallet in a strict order. The handheld device stayed in a normal state until the final scan, when activations surged and a completion banner appeared. The supervisor signed the checklist and closed the bay door. End of sequence token activations confirmed the count was done.",149.97527,5.0104704,621,11.625,1,1057.2852,4729.429,1027.7913,611.7539,70,67,65,0.9999999999857142,4.189082,3.8811717,4.473182,3143.0457,4692.0054,74009.96,11.211968,0.5831262469291687,1.0
"Context:
The flyer started by listing sponsors, departments, and a few acronyms, then finally mentioned where to show up. Inside, the display hall held lamps, furniture, and instrument gear, plus a cosmetics stand handing out sample sachets. A researcher presented a medical process using chemical terms and a diagram of reactions. After a walk past historic monuments and a famous entertainment venue, everyone regrouped for Korean dishes while a bright Korean pop track played over the speakers.",157.99817,5.0625834,622,11.74375,0,994.1438,8741.466,1053.6924,681.65436,138,133,128,0.9999999999927537,4.8770266,4.5598993,8.79296,2825.1934,4699.153,137191.84,11.829143,0.16117610037326813,0.0
"Context:
The resort hosted a fantasy-themed dinner, but the kitchen nearly fell behind when a Whirlpool dishwasher clogged and left water sitting in the tub. Maintenance cleared the blockage, and the cycle resumed with a rush. I faxed adjudication documents for a dispute over artisanal mining and then took a VoIP call about kidney labs and a bladder check. Guests kept naming fictional kingdoms, movie directors, politicians, and academic fields while the kitchen appliances beeped through their routine.",168.67085,5.127949,623,12.299997,0,984.41785,8232.006,970.97894,653.9745,154,143,137,0.9999999999935065,4.937931,4.701537,8.362309,2424.6555,4176.127,151600.34,11.929009,0.1359773576259613,0.0
"Context:
We brought in an electrician as soon as the breaker started tripping every night. During the kickoff, the slide deck opened with Starlight Energy, Malmö, and Aisha Rahman on the title line. The repair took minutes, but the report took hours to finalize. The contrast between hands-on work and formal naming conventions was hard to miss.",156.74208,5.0546017,624,14.949996,1,928.00604,6441.6846,1020.2048,501.84988,88,82,79,0.9999999999886363,4.3828173,4.0629635,6.9414253,3104.6462,4502.552,81664.53,11.310388,0.7749933004379272,1.0
"Context:
The downtown gallery hosted a designer showcase with a retro theme, and every placard paired a location with a product name, like Atrium: Solstice Lamp. In an earlier project I built the data sheet for events like this, so I checked the registration page. It displayed a long run of empty attendee fields marked as [] again and again before the final confirmation line appeared. The page ended right after the word Submitted. I stepped back from the screen and listened to the room buzz.",93.17083,4.534435,625,10.799997,1,919.5226,7044.936,930.61255,545.3976,155,149,140,0.9999999999935485,4.9863863,4.6790276,7.6615148,2579.9326,4259.855,142526.0,11.867287,0.24374698102474213,0.0
"Context:
I spent Saturday replacing a leaky faucet and patching a rough spot in the plaster near the hallway light. Monday morning brought a dental appointment, and the hygienist showed me an X-ray while talking through next steps. That night, I logged into the tax portal and stared at numbers that never seemed to add up. Before bed, I set up an automatic transfer so a little money would land in my savings account every month.",26.305286,3.26977,626,7.4937477,1,986.1699,6336.514,1024.8293,725.09985,119,118,111,0.9999999999915966,4.767474,4.4090996,6.425378,3104.095,5912.4126,117354.22,11.67296,0.7393903136253357,1.0
"Context:
At the conference, badges displayed affiliations like Chemistry, Linguistics, and Media Arts in bold letters. Someone quoted a line from a fantasy game and then cited a real-world author as if both belonged in the same footnote. During lunch, the table argued about a political figure’s latest speech and the headlines it triggered. I walked away with a notebook full of names from every universe I’d touched that day.",56.531914,4.0348053,627,8.375,1,934.6866,5346.793,816.88055,688.0066,109,105,101,0.9999999999908257,4.640475,4.393787,5.7204127,2451.7112,3812.7903,101880.836,11.531569,0.7281643748283386,1.0
"Context:
He wrote Barcelona twice, then wrote Barcelona again in the next line. The repeated proper name made the travel diary feel frantic. He replaced one mention with “the city” and left the other two. The paragraph finally breathed.",123.4099,4.815511,628,10.518749,0,865.4874,2739.615,466.71707,750.94666,64,58,55,0.9846153846002367,4.028918,4.0279927,3.1654017,1692.8887,2212.4126,55391.195,10.922194,0.6026372313499451,1.0
"Context:
I’m Danish, but my teammates keep joking that I run on pure luck after that last-minute win. The coach called it a successful outcome and praised my positive energy on the bench. I wrote those facts down because the day felt unreal. — End excerpt —",106.93827,4.6722517,629,9.062499,1,758.47046,2877.355,482.63376,614.3751,72,67,65,0.9999999999861111,4.1803956,4.1019707,3.7936282,1716.8922,2127.8896,54609.875,10.907989,0.6071609258651733,1.0
"Context:
The dishwasher started flashing an error code and the spin cycle quit halfway through. I installed an updated graphics driver so the diagnostic app would stop crashing. After the repair tech left, I wiped down the kitchen counters and set traps where the ants kept appearing. The apartment in Østerbro finally felt usable again.",80.35786,4.38649,630,7.5968738,1,861.9498,4273.851,787.35254,531.7396,98,92,85,0.9999999999897958,4.5000925,4.267258,4.9583526,2416.5442,3603.2551,84471.086,11.344176,0.7176832556724548,1.0
"Context:
After the final exam, Ahmed shouted my name in the hallway and slapped the wall like we’d won a cup final. The whole group got lively because the task was finished and everyone knew they had passed. Someone started listing where we’d celebrate—Aalborg, Berlin, maybe Lisbon—dropping place names like confetti. The relief tasted like success.",68.202896,4.222487,631,8.237499,0,780.43774,4126.485,672.138,485.1853,123,114,107,0.983999999992128,4.7107487,4.52724,5.2873974,2219.4158,3065.1692,95993.84,11.47205,0.7337051033973694,1.0
"Context:
He passed the registration checks and entered the coordination network where equipment actions were tracked against service availability. Between updates, he prepared food, tested a cosmetic blend, and repaired a craft banner, then carried a generator and felt the exertion in his elbows. He paused for a brief prayer and wrote an email outlining the action to take during teardown. The night brought a favela grant type accountancy audit, reticle-guided documentation, lubricant swaps for worn hinges, and creeping hallucinations while proper names and publicized items were repeated in the closing press notes.",446.24673,6.100872,632,13.5,0,1718.9698,11438.06,1774.257,1256.1138,189,176,164,0.999999999994709,5.1463933,4.837614,6.65402,5253.0884,8422.316,324885.3,12.691231,0.05444266274571419,0.0
"Context:
Berlin — Siemens and Deutsche Bahn held a joint press conference near Hauptbahnhof as reporters pushed closer. Katharina Vogel read a prepared statement while the company flags fluttered behind her. A brief mention of Hamburg and Munich framed the story as nationwide rather than local. The opening lines sounded like the start of a wire report that would be quoted everywhere.",63.60183,4.1526423,633,9.025,1,731.4568,5192.64,753.7986,419.45007,133,124,115,0.9999999999924812,4.7965393,4.519782,7.099039,1840.7142,3786.4463,97283.75,11.485397,0.8383778929710388,1.0
"Context:
At the trade fair, each aisle had a theme and each corner had a small activation. Organizers watched how crowds moved between booths and shifted barriers to reduce bottlenecks. A survey station captured short answers while a camera crew filmed wide shots of the floor. It looked like marketing, but it ran with the precision of fieldwork.",85.40123,4.4473605,634,9.612499,1,1103.6062,4577.598,976.59937,723.54895,88,87,84,0.9999999999886363,4.4615846,4.1533823,4.1478553,2948.049,4457.3403,97117.34,11.4836855,0.6405407190322876,1.0
"Context:
Our weekend travel plan was simple: beach, museums, and a long bike ride through the dunes. Before we left, I checked the end of sequence activations on the model that summarizes my notes, because it sometimes truncates early. I also used a professionals network to coordinate rented panniers and confirm service availability for the pickup window. The output finally included the last stop and the return train time.",147.1318,4.9913287,635,12.4875,1,1094.7043,8781.995,1306.3458,586.65063,113,113,105,0.9999999999911504,4.7273874,4.271511,8.022253,3964.9067,6288.725,123701.59,11.725636,0.7062113881111145,1.0
"Context:
They met in the atrium of Rigshospitalet and walked toward the old brick wing with the green copper roof. The directions said to take the stairs to Room 312, but the signs kept pointing to different corridors. Outside, the rain turned the courtyard into a mirror, and the statue near the fountain looked like it was floating. By the time they found the lecture hall, the doors were already closing.",23.343477,3.1503177,636,7.237501,1,873.4086,5070.191,780.31934,558.4674,124,112,106,0.9999999999919355,4.6734643,4.511917,5.805061,2487.9553,3175.841,108302.67,11.592694,0.7164660692214966,1.0
"Context:
Room 3A in the Linden Building had a cracked window that whistled all afternoon. The maintenance crew also dealt with pests near the loading dock before sealing the gap. Later, we walked across Park Avenue toward the River Gate entrance for the evening session. The locations were easy to remember because each carried a specific name.",97.86786,4.583618,637,9.15625,0,882.31006,4588.0356,781.3775,530.57153,114,109,106,0.999999999991228,4.675395,4.4303136,5.2000265,2263.288,4024.824,100583.34,11.518752,0.6566323041915894,1.0
"Context:
They included a late checkout in the reservation, which saved us from packing during the panel. The venue sat on Harbor Street near Old Town Gate, and everyone used the same landmarks to navigate. When the microphone system failed, staff swapped equipment fast and the program stayed on track. Comfort details mattered more than the glossy brochure.",131.38142,4.8781047,638,10.5875,1,1036.7445,11252.577,1232.3096,835.5474,99,97,94,0.999999999989899,4.567114,4.2241516,10.853761,2433.1917,3716.5552,102637.7,11.53897,0.8035688400268555,1.0
"Context:
He watched the press conference where proper names were repeated until they sounded unreal. The product had been publicized for months, yet the announced actions still surprised the crowd. Posters and clips spread online within minutes, turning small details into headlines. By evening, the publicized items felt larger than the people holding them.",140.98167,4.94863,639,10.912499,1,1222.0787,9118.719,1140.7522,913.2397,95,92,88,0.9999999999894736,4.5100994,4.252648,7.461645,2632.0974,4764.038,116097.48,11.662194,0.6706269383430481,1.0
"Context:
He opened a travel blog on his phone and found a teaser excerpt that ended mid-sentence. The airport announcement board used clear end-of-sentence punctuation, making the instructions unmissable. At security, the final token on his boarding pass was verified and the scanner’s activations pulsed. He walked toward the gate with leisure on his mind instead of logistics.",94.82598,4.5520434,640,10.90625,0,869.0619,2651.5852,606.8217,619.2315,93,91,88,0.9999999999892473,4.5027866,4.305665,3.0510888,2025.0361,2384.417,80822.76,11.300026,0.6640350818634033,1.0
"Context:
The band’s stamina was tested during soundcheck, and the drummer joked that lungs and legs mattered as much as talent. A courier arrived with fragile gear, and the crew measured success in minutes, calling it a strong delivery performance. Onstage, a forum about humane treatment and political accountability drew applause, and someone placed a tiny ribbon beside the microphone. The venue staff pointed the guest to a specific dressing room near the left wing, matching the printed event schedule. As the evening unfolded in distinct phases, people kept moving through entrances and stairwells, holding small tickets like passports.",94.16272,4.5450244,641,9.8125,0,876.8328,7751.3047,876.23645,642.8,157,151,144,0.9999999999936307,4.9999332,4.734691,8.8401165,2207.9424,3974.8835,137662.75,11.832569,0.1972554475069046,0.0
"Context:
The condo’s address was written on a brass plate, and the agent insisted we photograph it for accuracy. I tightened a loose screw on the window latch with a compact driver, then checked the frame with a small level. My partner talked about the baby’s kicks and the stress of gestational diabetes monitoring, choosing a small snack that wouldn’t spike her readings. In the elevator, a little plush cat dangled from someone’s bag while the news feed rolled through conflict updates and political scandal.",52.899773,3.968399,642,8.4,0,930.5096,4804.3916,893.7795,616.4413,158,147,143,0.999999999993671,4.9627686,4.708615,5.163183,2891.3809,4268.966,147020.52,11.8983345,0.1640692502260208,0.0
"Context:
At the downtown hall, the banner showed a brand logo beside a famous actor’s name, and every conversation seemed to orbit those two things. The interior looked deliberately retro, but the outdoor queue stretched around the block like a modern spectacle. In a side room, the campaign lead asked for a final tool check and had someone push the update before the press arrived. Volunteers tracked how guests moved from the entrance to the photo wall, treating the layout like a test. Later, headlines and place names flooded social feeds as if the building itself had become part of the story.",63.145042,4.1454344,643,9.8375,0,1178.1897,8292.094,1087.9541,822.8601,153,149,141,0.9999999999934641,4.994194,4.7096186,7.0379953,3114.3303,4696.188,180263.02,12.102178,0.12846341729164124,0.0
"Context:
A bank representative called to verify a transfer and asked him to read out a code from a secure message. The conversation turned to a dispute process and what documentation would be accepted. After the call, he received a letter that outlined a settlement option and a strict timeline. He couldn’t shake the feeling that every step was designed to leave a trail.",26.128626,3.2630315,644,6.468749,1,1156.4669,3719.8484,746.6943,951.6464,89,89,87,0.999999999988764,4.4886365,4.300758,3.2165627,2724.9912,3247.0369,102925.555,11.541771,0.6617574095726013,1.0
"Context:
At a yearly volunteer summit, the organizers ran the check-in desk like seasoned professionals and kept the line moving. A staff member helped me connect with someone in my field and suggested a career path I hadn’t considered. Later, the team planned the next season’s events and assigned roles with a calm, supportive tone. The mix of professional setting, yearly rhythm, and helpful people made it easy to participate.",29.355639,3.3794847,645,6.962501,0,954.1038,8352.181,980.96423,785.7817,90,88,85,0.9999999999888889,4.4690037,4.195071,8.753954,2388.0867,3870.7478,85869.34,11.360594,0.7504854202270508,1.0
"Context:
She typed End of text and pushed her chair back. The story above mentioned Rome, Fatima Al-Sayed, and the Tour de France as references. The ending line was her signal not to add more. She saved the draft and went for a walk.",87.56573,4.4723897,646,11.174997,1,1067.8845,3384.4548,716.0857,926.9027,58,58,56,0.9999999999827587,4.0604424,3.8532112,3.1693077,2312.976,3215.812,61937.3,11.033894,0.5697020888328552,1.0
"Context:
The last line of the chat log ended mid-sentence, and below it the interface simply read End of text. She scrolled up to see if anything was missing, but there was no more content to load. The abrupt stop made the earlier jokes feel unfinished, like someone had walked out of the room. She closed the tab and tried to imagine what the sender meant to type next.",30.863977,3.4295897,647,7.5937495,1,1104.9548,4970.6196,838.7055,861.45935,73,70,68,0.9999999999863013,4.233488,4.0436206,4.498482,2333.279,4010.062,80661.7,11.298032,0.5527594685554504,1.0
"Context:
In late March, the chat window kept flashing with cheerful greetings as the support agent walked me through the setup without a hint of impatience. She even remembered my name and asked how my week was going before closing the ticket. While we talked, I blended a green smoothie with spinach and lemon, and set a carton of oat milk back in the fridge. The whole call felt unusually friendly for that time of year.",36.448746,3.595907,648,6.9124994,1,890.7385,3500.0413,719.33136,628.0561,117,112,109,0.999999999991453,4.7029305,4.4809957,3.9293702,2348.4614,3196.856,104216.41,11.5542345,0.7342554330825806,1.0
"Context:
London — A report from ThamesWorks opened with the names of contractors and the location of the new site in Canary Wharf. In the meeting room at City Hall, the project lead warned that a partnership could break apart if supply costs rose again. Someone kept citing Apple Pay adoption rates and the FTSE reaction, repeating the same figures in every follow-up message. Back at the apartment on Baker Street, a dishwasher repair turned into a scramble for spare parts, and an exterminator inspected the cupboards while a cyclist friend tried on sports eyewear for tomorrow’s ride.",98.87188,4.593825,649,10.54375,0,890.31226,4182.2686,799.75073,557.19354,191,184,176,0.9999999999947644,5.2014666,4.936454,4.69753,2443.25,4022.8833,170049.64,12.043852,0.08040720224380493,0.0
"Context:
The parliamentary debate dragged on as speakers invoked sovereignty, compromise, and the cost of another delay. On my phone, updates described draft language being revised, then revised again, as talks continued behind closed doors. Friends texted screenshots of speculation, each one more confident than the last. When the final version surfaced, it was dense enough to invite a new round of arguments.",56.01308,4.025585,650,9.875,1,900.76544,3395.1533,701.3128,629.2129,93,88,85,0.9999999999892473,4.458068,4.262084,3.7691872,2235.1838,2772.8423,83771.19,11.335856,0.6962884068489075,1.0
"Context:
One export night, I pulled a dataset and got pages of empty results, line after line of nothing useful. The file showed [] repeated so many times that it felt like the output would never change. Then, at the very end, a single word appeared and the file ended right there. I closed it and moved on.",45.1736,3.8105128,651,7.984374,0,1177.9614,6336.514,954.72943,1005.0666,48,45,43,0.9999999999791668,3.784558,3.6337905,5.37922,2452.028,4562.707,56542.15,10.9427595,0.30254966020584106,0.0
"Context:
She sorted lubricant tubes by label, then turned to a stack of correspondence that demanded an immediate action to take. A cracked window showed a rooftop where a reticle in her binoculars helped her count water tanks for the report. The grant application mentioned favela dwellers and required strict accountancy for every receipt. After two sleepless nights, hallucinations made the numbers swim like insects.",241.5943,5.48726,652,11.875,1,1075.7643,6953.023,993.1742,756.39825,130,121,116,0.9999999999923078,4.7675347,4.546285,6.4633336,2644.2878,4616.734,139849.36,11.848329,0.3907550871372223,0.0
"Context:
The construction site used a professional coordination network to prevent double-booked equipment. He checked service availability for the compressor and saw a narrow opening after lunch. The system paused his request until he met the user registration requirements for safety compliance. After confirmation, his network actions scheduled the pickup and logged the return time.",161.95622,5.087326,653,10.549999,1,2286.253,11623.542,2616.699,1174.5101,67,62,61,0.9999999999850746,4.093427,3.6954048,5.084101,8484.758,10074.099,153178.95,11.939368,0.695149838924408,1.0
"Context:
Right at the boundary token, the end of sequence activations looked like a cliff, dropping to near zero after the stop symbol. Meanwhile, I was messaging a friend about dinner, explaining the actions for food preparation and which spices to toast first. After cooking, we did a short workout that counted as real exertion, then cooled down. I checked the plot again and decided to adjust the stopping criterion.",105.92407,4.6627226,654,9.99375,1,1147.8303,9232.702,1257.2971,823.35004,89,87,83,0.999999999988764,4.457484,4.107205,8.0436125,3323.3591,5269.822,102156.9,11.534275,0.6996146440505981,1.0
"Context:
The map led him through two narrow streets and into a small square. In his hand, a little folded receipt fluttered like a flag as he walked. He stepped off the curb, dodged a cyclist, and slipped into the shop just as the bell rang. On the way back, he noticed how the same locations looked different when he moved through them faster.",26.203175,3.2658806,655,6.9624977,1,789.3885,3539.9663,692.01306,499.65753,98,92,86,0.9999999999897958,4.5000925,4.275662,4.4844413,2351.8208,2949.4482,77360.07,11.256239,0.7176832556724548,1.0
"Context:
The meeting notes read like correspondence, but they also spelled out the action to take after each agenda point. I added a section on lubricant types for the machinery and a line about cleaning the scope reticles before inspection. The accounting team appended the accountancy breakdown and the correct grant type for each expense. We finished with a clear plan for Monday.",115.06868,4.745529,656,10.60625,0,1369.8732,7294.9746,1211.7616,993.6311,97,95,92,0.9999999999896907,4.5461283,4.2496514,5.3252916,3516.282,5373.4507,132877.7,11.797192,0.3544032871723175,0.0
"Context:
He talked about earlier responsibilities and previous projects as if they were simple facts. Then the text switched into a promotional snippet for a subscription, ending on a final sentence that cut off cleanly. A short report section opened with a header and a lead-in line, then concluded immediately after stating the result. After that, the log output was nothing but [] for a long stretch until one last word ended it. Everything on the page felt like it knew when to stop.",66.241295,4.193304,657,8.712498,0,1062.8083,3034.646,663.1057,886.6389,94,92,86,0.9999999999893616,4.5137987,4.35867,2.8553088,2461.4106,2990.434,99903.984,11.511975,0.5755233764648438,1.0
"Context:
When I edited the brochure, I hunted for end-of-sentence punctuation that had been replaced by stray commas. At the same time, I copied a list of publicized items from the press release and made sure each proper name was spelled exactly as announced. The final proof looked cleaner once every sentence ended with a period or question mark where it belonged. I sent the corrected version back to the marketing team.",37.148388,3.6149204,658,7.896872,1,1067.1199,6210.668,971.3754,827.809,103,99,96,0.9999999999902912,4.5758114,4.330816,5.820028,2778.875,5474.4717,109913.35,11.607457,0.6042141914367676,1.0
"Context:
In May, the town square filled with booths, and the information tent was staffed by people who were unusually patient and kind. A customer service volunteer helped visitors find lost items while a community group collected sign-ups for later events. The next month, an annual workplace seminar kicked off, and helpful personnel kept the sessions running on time while younger attendees asked career questions. As summer approached, she planned a trip with careful backups for delays and sudden changes. By the time preseason began, she could feel the year turning again, from offseason calm to regular-season intensity.",63.535084,4.1515923,659,9.78125,0,1040.7135,4138.8955,799.2183,780.3717,148,146,135,0.9999999999932433,4.9784784,4.7500515,3.976979,2739.3662,3875.2148,154025.6,11.9448805,0.1034901961684227,0.0
"Context:
The kids begged for a bedtime story full of fantasy elements, so I made the hero a talking broom that followed strict routines like a function in code. While the dishwasher ran and the blender dried on the rack, I set a small, cute plush dragon on the pillow as the sidekick. The household appliances provided their own soundtrack of whirs and clicks. The little dragon stayed there long after the lights went out.",65.92113,4.188459,660,8.799999,1,743.9891,3079.4976,597.2875,499.8634,120,112,109,0.9756097560896292,4.6950727,4.5226355,4.13917,2007.7021,2582.9736,89278.69,11.399529,0.7048144936561584,1.0
"Context:
Her scholarship interview asked about background as much as grades, and she spoke plainly about rent, work shifts, and ambition. In the ethics course, she wrestled with philosophy that questioned what anyone truly deserved. She still kept a worn prayer card in her wallet, tracing its words when life felt unstable and hoping for grace. For a final project, she built a virtual reality exhibit and framed it as education that could reach people who never felt welcome in traditional classrooms.",74.04262,4.304641,661,10.4375,1,1017.3767,5580.242,870.5736,709.1156,108,105,102,0.9999999999907407,4.6436243,4.3867135,5.484932,2760.5054,3565.6152,109876.69,11.607123,0.6671600341796875,1.0
"Context:
A technical services contract set a fixed duration for a migration, and the clause about exclusivity barred the provider from taking other clients during that time. The training happened at Ocean Spa, where entry was limited to short sessions and only a small number of passes existed. Hi, the trainer said, originally from Warsaw, before assigning intelligence gathering to understand the client’s current setup and what rivals were offering. She stepped out to water the herbs, then returned to place labeled cables in exact positions along the racks. With time running, she used the remaining allowance to commission extra sketches for the user guide, raising both the quantity of pages and the quality of the diagrams. By the final session, the migration plan looked as polished as the spa itself.",83.02445,4.419135,662,9.949999,0,1142.3707,9463.925,1089.1683,895.5237,162,158,148,0.9999999999938273,5.053367,4.772683,8.28446,2966.29,4743.1304,185064.06,12.128463,0.07893998175859451,0.0
"Context:
He saved for months to take his parents to a mountain resort. They spent the mornings on gentle trails and the afternoons in warm pools overlooking the valley. A small town festival surprised them with music and handmade crafts. The trip turned travel into shared rest instead of constant motion.",49.439426,3.9007483,663,8.812498,1,998.0879,5985.262,865.5245,780.7515,79,79,77,0.9999999999873417,4.369447,4.089339,5.996728,2499.5999,3812.2446,78848.945,11.275302,0.683233916759491,1.0
"Context:
The first paragraph described prior experience and an earlier role that shaped his routines. The next block was an online promotion, offering quick shipping and ending on a final line that felt like a cutoff. A small message began with a header and a short contextual sentence, then ended immediately after the update. After that, a long output excerpt showed [] repeating until a single marker ended the sequence. The document ended as if it had reached the edge of itself.",132.42664,4.886029,664,10.750001,0,1219.6675,4777.6885,794.5147,1050.8296,106,100,97,0.999999999990566,4.5800333,4.4708066,3.9172056,2601.2715,3419.3828,129284.76,11.76978,0.30141758918762207,0.0
"Context:
In early October, the support agent greeted me warmly and stayed patient while I searched for order numbers. She resolved the problem and asked if I wanted a follow-up email. The company also hosted a community open house that same week, and staff members volunteered to guide visitors and answer questions. The time period and the community setting came with the same friendly energy.",41.13407,3.7168367,665,7.9749994,0,937.9212,5025.4067,815.28156,696.82166,84,81,78,0.9999999999880952,4.3813066,4.158469,5.3580265,2197.0603,4182.6133,78785.38,11.274495,0.6149055361747742,1.0
"Context:
The boutique hotel’s café tried to reopen, but the Whirlpool dishwasher was clogged and flashing errors, trapping water in the bottom. Maintenance cleaned the filter and tested the drain pump until it cleared. I used the business center to fax adjudication paperwork and took a VoIP call about kidney and bladder results on the way to daycare pickup. Back in the lobby, a fantasy film played while guests debated politics and academic departments, and the kitchen timer beeped steadily through it all.",145.35484,4.979178,666,12.5,0,935.9561,4218.111,860.8876,537.6687,136,130,126,0.9999999999926471,4.8514957,4.5737762,4.5067396,2521.6196,3982.14,127290.03,11.754231,0.19628165662288666,0.0
"Context:
I bought a camera after obsessing over its sensor size and frame rate, then carried the receipt straight to the hardware store for renovation supplies. My dentist called about the next procedure, and the reminder landed beside my tax folder and a note to add more to savings. In the background, a livestream tracked Brexit talks and the rumored shape of a deal, with experts arguing over what was conceded. That evening, I read a biography for class, got pulled into a discussion of class and grace, tried a virtual reality education demo, and ended the day by baking and posting a review of the camera lens.",61.147636,4.1132913,667,10.024998,0,1077.8773,5054.67,899.7659,805.251,153,144,135,0.9935064935000423,4.945471,4.7449026,4.6894665,2683.6875,4537.3457,164915.23,12.013193,0.10144706815481186,0.0
"Context:
She chose leisure travel, but the station’s gate still demanded each token in order. Only the last token produced activations that confirmed everyone had passed. While waiting, she read a printed excerpt about the town’s history that ended without a conclusion. Her friend added an exclamation point to a text, making the plan feel spontaneous.",113.94305,4.7356987,668,9.012497,0,912.05347,2651.5852,631.38617,696.85925,84,82,80,0.9999999999880952,4.39781,4.2132187,2.9072697,2258.8584,2516.0386,76612.49,11.246529,0.5803869962692261,1.0
"Context:
As the holiday season crept closer, he kept a running list in his notes app of gifts, travel times, and meals to cook. He planned errands around the first snow so he wouldn’t be hauling bags in bad weather. A single forgotten detail could ripple through the week, so he double-checked confirmations each night. When the lights came on in the living room, the calm felt earned.",26.804598,3.2885735,669,7.6937494,1,999.6108,6336.514,857.3716,805.22845,113,110,106,0.9999999999911504,4.690583,4.45032,6.3389816,2591.661,3539.8333,112956.016,11.634763,0.7880975604057312,1.0
"Context:
Her access to the equipment coordination professionals network came only after user registration requirements were satisfied. She checked service availability for the van, then moved on to cooking, cosmetics mixing, and a craft repair, all punctuated by short bursts of exertion. A prayer in the stairwell steadied her hands, and she sent written communication that named the exact action to take if the schedule slipped. Later, grant accountancy tied to favela dwellers required a reticle-guided site note and a careful lubricant choice, and hallucinations hovered while proper names and publicized items filled the sponsor montage.",539.9789,6.29153,670,14.09375,0,1734.3547,11376.232,1888.8933,1113.2288,157,154,143,0.9999999999936307,5.0297565,4.6143236,6.5593457,5735.6714,9054.467,272293.7,12.51464,0.1076195165514946,0.0
"Context:
The town hall meeting started with budget cuts and ended with shouting about corruption. Someone waved a newspaper that listed yet another scandal in Parliament. Outside, police lines formed as tensions rose between rival groups. Walking back to my car, I wondered how long the unrest would last.",47.78194,3.8666477,671,9.924996,1,833.28876,3255.592,619.5618,577.89795,81,81,77,0.9999999999876543,4.3944488,4.1685076,3.9069195,2191.3362,2754.5608,67496.39,11.119844,0.5896116495132446,1.0
"Context:
The French operator announced a plan to leverage its ferry routes more efficiently during the winter schedule. Before the Q&A, a local priest offered a blessing and spoke about Saint Nicholas watching over sailors. Analysts pressed for operating details, and the manager answered in crisp French. Spreadsheets and prayers shared the same podium that morning.",115.78326,4.75172,672,11.5,1,910.1438,3334.1255,677.14105,692.3095,98,95,94,0.9999999999897958,4.54253,4.348926,3.663295,2138.2495,3301.237,89194.09,11.3985815,0.6879085302352905,1.0
"Context:
The casino restaurant buzzed with tourists, but behind the scenes a Whirlpool dishwasher was throwing a drain error and stacking up dirty plates. A manager pulled out the filter, scraped off sludge, and the machine started pumping again. I slipped to the business desk to send a fax for an adjudication dispute and then joined a VoIP call about kidney function and bladder imaging. When I got back, a fantasy-themed show on the big screens mixed fictional names with real media references and political talk as the kitchen timers kept chirping.",98.45424,4.589592,673,11.09375,0,915.61127,6620.6025,923.5434,543.10913,166,160,151,0.9940119760419521,5.0618796,4.7501097,7.2308006,2491.3706,4503.054,151991.47,11.931586,0.057146985083818436,0.0
"Context:
He tightened his grip, knuckles paling as the vehicle skidded on gravel. A sharp ache ran through his ankle when he hit the brake, and he hissed through his teeth. He stared at the road and told himself to stay calm, because panic would make it worse. When the truck steadied, he rolled his shoulders and kept going.",22.372005,3.1078105,674,7.1875,1,671.369,3514.3647,646.37726,404.86975,117,105,98,0.999999999991453,4.6155176,4.407781,5.2346244,2004.5508,3243.0217,78550.17,11.271505,0.7066692113876343,1.0
"Context:
A storm pushed debris against the dam and caused a minor spill that left a slick sheen below the spillway. The next morning, tall weeds seemed to spring up overnight along the wet path. A few aggressive gulls crowded the shore and chased anyone who came too close. The waterline turned into a messy mix of accident, growth, and nuisance animals.",55.747765,4.0208373,675,8.424999,0,816.9771,3428.7107,758.0143,470.72098,136,122,113,0.9999999999926471,4.7622533,4.5773444,4.1968255,2680.0454,3293.92,111108.89,11.618275,0.5829612016677856,1.0
"Context:
The press release kept repeating the name GreenTech Innovations in back-to-back sentences. By the third mention in the same paragraph, it sounded like a chant. A lone marker at the end said End of text. He deleted one repetition and printed the cleaner version.",85.01305,4.442805,676,11.999999,1,878.4132,3024.2568,629.0103,746.84766,52,52,51,0.9999999999807693,3.9512436,3.7191222,3.4428632,2042.7646,2793.2244,45677.49,10.7293825,0.6376628875732422,1.0
"Context:
The condo’s documents were full of proper nouns, from the neighborhood label to the building’s official title. I adjusted a loose railing with a small hex key and felt a flicker of pride. My partner mentioned the baby’s movements and the strict diet she’s following after a gestational diabetes warning, keeping snacks small and timed. In the elevator, a child clutched a little toy car while adults talked about war footage and a collapsing currency.",66.33748,4.194755,677,9.612498,0,818.26636,4325.9375,782.5763,534.8611,128,122,119,0.9999999999921876,4.7870483,4.512699,5.2867107,2512.8284,3880.5562,104738.09,11.559228,0.5607296824455261,1.0
"Context:
She reviewed the survey responses, and one entry ended abruptly with End of text, as if the respondent had been interrupted. The compiled report placed End of text/document on the last page, giving the dataset a hard boundary. When she tried to paste additional notes into the analysis tool, it warned End of text/input and refused more text. A separate list of service descriptions ended with End of text/short descriptions of items/products/services, cluttering the interface with template residue. She spent an hour cleaning up artifacts so the content could stand on its own.",55.84434,4.022568,678,9.349998,0,1126.5582,6067.252,975.9952,846.08856,133,117,110,0.9999999999924812,4.709219,4.5798116,5.385652,3065.7085,4209.364,149832.25,11.917278,0.16680535674095154,0.0
"Context:
I bought a jar of mustard and wrote a quick review in plain sentences: sharp, smooth, worth the price. Right before the last line, I added pairs well with French cheese and then typed <|endoftext|>. The review is short enough to fit on a product page. Even the France reference feels like it belongs in the same tiny box.",53.389668,3.9776173,679,9.875,1,1044.6381,4677.0293,949.4732,697.246,84,82,81,0.9999999999880952,4.39781,4.1051335,4.4771767,2935.3723,4561.351,87749.6,11.382254,0.5910000205039978,1.0
"Context:
The workshop was limited to a small group, so the tables stayed uncluttered. We were allowed to place our finished prints on a drying rack, then return to refine them. As the afternoon went on, the quality improved and the pile of work grew higher. By closing time, the room felt both exclusive and productive.",31.310081,3.4439402,680,7.9124994,0,960.1432,4254.4375,870.0407,643.9906,80,79,79,0.9999999999875,4.3646975,4.047496,4.431045,2807.996,3724.713,76811.45,11.249122,0.6418724060058594,1.0
"Context:
A travel blog post rattled off Paris, Kyoto, and Reykjavík in a single breath. It also listed Beyoncé, Apple, and the Olympics as quick cultural references. Right after the final sentence, it showed End of text/document. The author exported it to PDF and sent it to a friend.",70.335075,4.2532706,681,10.7125,1,774.13983,5393.4897,845.0143,457.03763,83,77,76,0.9999999999879517,4.3186255,4.0573225,6.9670744,1761.6697,5359.607,64253.605,11.070609,0.7857725024223328,1.0
"Context:
He worked the drill until the motor smelled hot, then wiped his hands and grabbed the keys. Across the lot, two men in a sedan stared too long, watching his movements in the reflection of a window. He climbed into the truck, flexed his fingers, and said he was fine even though his shoulder was stiff. On the highway, a trailer full of sheep rolled by, and he later gave a traveler a ride to the next town without making a big deal of it. At a rest area, he used a small device to find a café, then opened his lunch with a multitool and ate in silence.",26.215553,3.266353,682,7.2093735,0,944.9227,5734.48,841.98584,669.5814,129,124,119,0.9923076923000592,4.8060794,4.5571747,6.0687294,2386.4326,4073.9114,121895.03,11.710924,0.48006924986839294,0.0
"Context:
He pressed his palm against the hood to feel the engine’s heat. The steering wheel left a faint mark across his thumb where he’d held it too long. He checked his knee, bruised from the sudden stop, and then looked at the vehicle with annoyance. He said he would drive more carefully next time, but his jaw stayed clenched.",23.949156,3.1759331,683,7.549999,1,764.848,4804.3916,690.9095,514.3584,104,95,94,0.9999999999903846,4.514361,4.34294,6.2814984,1778.6433,3162.5894,79544.195,11.2840805,0.8314120173454285,1.0
"Context:
I kept the tiny precision screwdriver in the coin pocket of my jeans because it fit better than any full-size tool. When my glasses loosened, I tightened the screws at the café table without drawing attention. The handle had a textured grip, and the bit clicked into place with a soft snap. By the time I left, the frames felt solid again.",32.852543,3.4920292,684,9.071867,1,913.1867,4158.473,798.70374,574.3224,107,103,101,0.9999999999906541,4.621004,4.3593397,4.5538034,2603.178,3649.139,97710.98,11.489779,0.7013946175575256,1.0
"Context:
At a local networking breakfast, the organizers introduced new attendees and made sure no one sat alone. The receptionist at the venue handled last-minute changes with a steady, helpful tone. Through the windows, a pond behind the building was ringed with cattails and lily pads, and small fish flickered near the surface. It felt like a work event set beside a quiet habitat.",28.227179,3.3402853,685,7.368749,1,862.78284,5820.0693,817.68146,681.8495,112,109,101,0.9999999999910714,4.681366,4.4259114,6.745694,1907.7585,5074.9263,96631.68,11.478672,0.7779744863510132,1.0
"Context:
He posted the announcement, read it twice, and decided not to add any extra lines. The final sentence was simple and complete. After he hit publish, the page looked finished in a satisfying way. Nothing needed to follow.",42.558727,3.750885,686,7.675,1,1091.2178,4638.366,857.3125,890.5038,53,53,51,0.9999999999811321,3.9702919,3.7292774,4.2506332,2355.3638,4426.8164,57834.54,10.965359,0.5466130375862122,0.0
"Context:
In Barcelona, Hana attended a startup demo day hosted by Google and a local university, where every booth had a sleek product name on a placard. She kept hearing “Cruz” in quick bursts because Cruz was the investor, Cruz was the moderator’s surname, and Cruz was also on a sponsor backdrop. That night, she upgraded to a suite at the W Hotel and ordered a lavish seafood platter that arrived with theatrical flair. The next morning, she visited a sports medicine doctor who diagnosed a tendon issue and recommended a specific rehabilitation plan. The trip blurred into a chain of locations, organizations, luxury touches, and medical advice threaded through repeating names.",58.148205,4.062995,687,10.674995,0,834.3904,6389.099,777.5225,529.4625,207,169,160,0.9999999999951691,5.029578,5.013585,7.657206,2425.8542,3243.9998,172718.81,12.059426,0.08248510211706161,0.0
"Context:
I bought a tiny voucher for a brief spa session, and the clerk warned me it was the only slot left. As I waited, my thoughts kept bouncing between excitement and embarrassment about taking time off. When my turn came, the steam cleared my head for a moment. Leaving the building, I felt lighter than I expected.",35.580284,3.5717916,688,8.53125,1,884.8628,5260.518,873.5528,606.3836,98,96,95,0.9898989898889908,4.556676,4.2562394,5.945009,2246.9663,4559.3438,86716.555,11.370412,0.6863983869552612,1.0
"Context:
A doctor in scrubs came straight from the hospital to the airport hotel, still thinking about the day and talking to herself in the elevator. Downstairs, a coach was promoting a performance program and collecting payments from a crowd that filled the whole lounge. The attorney from the travel group reviewed waivers, then represented himself at the front desk when a booking error appeared. A pastor noticed the tension and asked a few people what they were feeling, listening without interruption. When departures were called, everyone moved toward the doors as if the building had been holding them in place.",46.299355,3.835128,689,8.893748,0,1007.86646,4318.414,732.95593,837.63,122,115,113,0.9999999999918032,4.7244787,4.5768247,4.284709,2369.6313,3360.5156,122959.71,11.71962,0.29061537981033325,0.0
"Context:
I rewrote the last line so the paragraph ended with proper end-of-sentence punctuation instead of an unfinished dash. The memo listed proper names of speakers and the publicized items they were announcing at the event. Once the sentences were complete, the schedule read like something a real attendee could follow. I saved it as a PDF and shared it internally.",60.223602,4.0980644,690,9.199997,1,941.8718,4209.3853,737.3402,701.54663,89,84,81,0.999999999988764,4.4107547,4.2318497,4.4691696,2640.9204,3037.4778,83826.59,11.336517,0.7142568230628967,1.0
"Context:
I compared the end of sequence activations across three checkpoints and circled the run where they rose sharply at the end. In the token-level view, the end of sequence token activations were concentrated on a single position rather than spread out. I added a longer tail of padding to see if the spike moved. The plots made it obvious which checkpoint was stopping too early.",59.2318,4.0814586,691,9.475,0,989.6223,4729.429,812.5128,809.2302,88,74,71,0.9999999999886363,4.238952,4.215844,4.7790236,2460.9048,4645.4575,87086.766,11.374672,0.5282673239707947,0.0
"Context:
A box labeled urgent was handed off with a signature, and the courier’s time was praised as exceptional delivery capability. Onstage, a civic discussion about humane treatment ran through parliamentary procedure, and a small silver clip held the notes together. The venue team checked the schedule and escorted the guest to a specific chair near the stage door, using the hall’s numbered signs. As the program evolved from one segment to another, the sense of progression felt deliberate and controlled. Afterward, attendees wandered across different locations, stepping briskly while keeping track of tiny tokens and receipts.",87.94262,4.4766846,692,9.5625,0,986.2368,4715.4214,832.8615,803.7636,147,142,134,0.9999999999931973,4.9432783,4.7013454,4.7812257,2661.2493,4347.3975,144976.81,11.8843355,0.1257697194814682,0.0
"Context:
The reading app displayed End of text after the final paragraph, but the sudden marker made the ending feel mechanical. In the exported handout, End of text/document appeared above a wide blank margin, like a seal. She attempted to paste a longer reflection into the submission box, and End of text/input stopped her mid-thought. The sidebar that summarized the program’s services ended with End of text/short descriptions of items/products/services, which looked like a template error. She revised her reflection to fit, even though the tools kept announcing the end for her.",85.23456,4.445407,693,10.262499,0,1124.6703,4155.1846,879.88104,892.5461,131,117,113,0.9999999999923664,4.7124662,4.606465,3.6945806,3065.3584,3919.3264,147331.81,11.90045,0.13502462208271027,0.0
"Context:
She read an article with an embedded clip, then joined a call where someone discussed a startup and a pricing model for new software. When the call ended, an official message arrived requesting documentation and setting a deadline for a compliance review. At check-in, the receptionist offered a breakfast voucher and pointed out a pool that stayed open late. Before heading to the room, she bought a dress and earrings for the gala and asked a translator to review the invitation text.",45.290916,3.8131065,694,9.0,0,1031.8439,8292.094,1074.2104,714.00543,113,104,97,0.9999999999911504,4.612344,4.3665447,8.03619,3055.3262,4421.2715,116598.35,11.666499,0.701227068901062,1.0
"Context:
The conference returned in October, and the same staff badges showed up from last year. A helpful volunteer stationed by the elevators directed attendees to the career panels and the networking rooms. Between talks, people traded business cards and compared notes on where they wanted to be by next season. The event ran smoothly because someone always seemed ready to solve the small problems before they grew.",50.130756,3.9146347,695,8.9375,1,990.2801,5640.7427,933.40845,721.87866,75,74,72,0.9999999999866667,4.2990055,4.00046,5.6961083,3065.2395,4265.757,74271.01,11.215489,0.6830838918685913,1.0
"Context:
The pastor met the team coach in the hotel lobby and asked how the athletes were holding up. An attorney from the event committee checked the venue agreement and reminded herself to confirm the cancellation policy. In the conference hall, a motivational trainer ran a self-improvement session and then pitched paid coaching like a business closer. Most attendees signed the forms and handed over cards, while one person sat with a tight chest, watching thoughts race in circles. After the closing remarks, the group headed for departures with suitcases and a sense that everything had happened too fast.",51.041054,3.9326303,696,8.349998,0,998.91016,4670.9365,815.65314,761.4482,132,128,120,0.9999999999924243,4.8407946,4.621272,4.676033,2540.1055,4380.195,131856.14,11.7894745,0.1849217265844345,0.0
"Context:
The product blurb praised a coffee grinder for being quiet and consistent. It mentioned warranty coverage, easy cleaning, and a bundle option with extra filters. The closing sentence promised a smoother morning routine. The copy stopped there, as if the page had reached its edge.",93.50334,4.5379972,697,11.974998,1,1133.8931,5862.864,948.22235,819.90356,73,72,70,0.9999999999863013,4.271468,4.0029964,5.170562,2644.6838,4076.223,82774.195,11.323884,0.6019713282585144,1.0
"Context:
Brussels — The briefing started with the Commission’s name, the square outside the building, and a list of organizations in the opening line. In a nearby café, two companies tried to protect a partnership as new rules threatened to rewrite their agreement. The group chat bounced between brand names, tech acronyms, and financial estimates that kept showing up in every message. Before dinner, one of them dealt with a broken induction hob, clipped a holster onto a security belt for an event, and called pest control about insects near the pantry, all while carrying sports eyewear for a late-night run along Parc du Cinquantenaire.",95.31616,4.5571995,698,11.1875,0,860.88947,5004.2666,801.33777,529.17944,241,215,201,0.9999999999958507,5.330896,5.155308,5.812903,2581.356,3883.783,207474.36,12.242768,0.08534204959869385,0.0
"Context:
She carried a slim guide with an excerpt that ended mid-description of a hidden courtyard. At the station gate, the last token scan triggered activations and the barrier opened with a soft beep. A nearby notice ended with a period that made the instruction sound final. The sequence of arrivals ended as she stepped into the tourist district and slowed her pace.",125.74154,4.8342285,699,10.368749,0,1267.3003,5174.6763,1030.6787,980.1452,79,74,72,0.9999999999873417,4.268461,4.099131,4.083228,2782.2427,5075.4814,100116.73,11.514102,0.5225920677185059,0.0
"Context:
A tired cyclist made a fast delivery to the hall and leaned against the wall, chest rising hard after the sprint. On the stage, leaders debated the politics of care and insisted the outcome should be humane, while a small wooden token marked who had the floor. The theater staff kept repeating the seat number and the exact stairwell that led to the scheduled talk. The program advanced in phases, from introductions to pointed questions to final remarks. When the doors opened, the crowd streamed through different locations, each person juggling tiny papers and moving with purpose.",90.63459,4.506836,700,10.43125,0,1032.5677,4296.069,671.18207,907.10986,105,104,98,0.9999999999904762,4.6407585,4.4748855,4.160569,2170.5051,3604.4626,108419.61,11.593774,0.5791192054748535,1.0
"Context:
The thread started with a screenshot of a failed build and a joking headline about “launch day.” Someone replied with a quick fix and mentioned they’d tested it in a staging environment. Another person shifted the topic to a promo push and how the landing page needed tighter tracking. By the end, the tone felt like a busy workbench where every message nudged the next action forward.",67.70367,4.2151403,701,10.112496,1,1074.4663,7123.999,1152.504,720.7953,103,102,97,0.9999999999902912,4.621269,4.262284,6.6302676,2802.176,6911.8115,110670.03,11.614317,0.7468603849411011,1.0
"Context:
After touring a real estate listing on Elm Street in Brighton, Nina typed the address into her notes as a proper noun. Back at the condo, the Whirlpool dishwasher started gurgling and the drain hose felt clogged. She pulled the panel, checked the filter, and rinsed out the gritty sludge. The agent called to confirm the location for tomorrow’s viewing.",50.805225,3.9279993,702,9.999999,1,714.0802,4804.3916,680.7178,445.07663,123,112,110,0.9999999999918698,4.6882067,4.4903364,6.728084,1971.6613,3296.9146,87831.87,11.383191,0.847917377948761,1.0
"Context:
In the airport chapel, the pastor spoke softly while I stared at the floor. My thoughts kept wandering to what I should have said, and the feeling sat heavy in my stomach. Around us, people hurried toward departures with rolling bags. When the announcement echoed, I finally stood and walked to the gate.",31.435474,3.447937,703,6.909373,0,919.8941,4034.1135,664.65137,787.9735,83,79,77,0.9999999999879517,4.345726,4.2008495,4.385411,1980.1772,3183.519,76351.21,11.243113,0.636281430721283,1.0
"Context:
The botanical garden tracked its collections like a portfolio, calling certain groves fixed assets because they take decades to replace. A guide pointed out how water flow shapes the ecosystem, from moss near the streams to taller trees on higher ground. When a dry spell hit, the staff treated irrigation like protecting a natural resource. Flora and finance terms sounded oddly compatible there.",159.36261,5.0711823,704,11.337496,0,1086.14,5274.1895,992.32214,819.65027,97,94,87,0.9999999999896907,4.5318365,4.260706,4.855902,3083.2222,4989.178,105355.58,11.565105,0.5669557452201843,1.0
"Context:
During the long stretch between New Year’s Day and the first real thaw, the store’s messages piled up. The rep kept the same friendly tone for every return request and every delayed shipment complaint. When someone thanked him for being decent, he replied that rough weeks are exactly when politeness matters. The winter weeks felt less heavy because of that steady patience.",61.003128,4.110925,705,8.374998,1,920.61755,3458.1467,652.9847,737.1649,111,104,99,0.999999999990991,4.6221066,4.4864316,3.7563334,2018.5696,2958.4612,102188.55,11.534585,0.7075537443161011,1.0
"Context:
Atlas Clinics, Rome, and Dr. Elena Moretti opened the report with a tight summary. The conference center offered a shuttle service from the station, which made arrivals painless. Names of departments and agencies kept stacking up as the document moved forward. It felt like the kind of opening that signals a formal organization behind every sentence.",131.03525,4.8754663,706,11.08125,1,900.9873,4171.3843,767.78796,692.6298,91,90,89,0.9999999999890109,4.4956255,4.2283745,4.6297927,2659.2058,3478.0305,81989.84,11.314363,0.7246091365814209,1.0
"Context:
I printed the specs for a new monitor and taped them to the wall so I could compare sizes and ports without reopening twenty tabs. Between painting the hallway and dealing with a dentist visit, I kept a stack of tax papers on the counter and tried to remember to feed my savings account. The evening news ran a segment on Brexit talks, describing another round of bargaining and the latest draft deal. Before bed, I read a biography assigned for class, thought about social class and grace, tested a virtual reality module for education, and then relaxed by making dinner and leaving a quick review of the recipe tool I used.",65.927,4.188548,707,10.7,0,1001.10236,4562.547,815.4911,748.6546,142,141,135,0.993006993000049,4.946064,4.6784663,4.557523,2824.2043,3714.965,142156.53,11.864691,0.16752491891384125,0.0
"Context:
The hotel’s lounge was strictly members-only, and the sign spelled out what was allowed and what was not. A lawyer on the sofa reviewed documents while a pastor offered quiet words before someone’s departure. The staff enforced the limits without arguing, even when guests tried to bargain. The hallway outside stayed noisy, but that room teaches you what exclusivity feels like.",92.47734,4.5269637,708,9.775,1,1082.3392,5820.0693,931.99036,887.2951,91,87,84,0.9999999999890109,4.444175,4.218077,5.377306,2968.7058,4259.8613,98492.875,11.497749,0.6176248788833618,1.0
"Context:
During a stress test, the generator produced empty outputs for minutes, spitting out [] again and again. When a final token of content appeared, the stream ended immediately afterward. It felt like the system was designed to stop the moment something meaningful surfaced. I saved the transcript and ended the session.",82.808174,4.416527,709,9.6875,0,1013.85223,4798.0884,875.8689,741.3484,84,80,78,0.9999999999880952,4.3648033,4.1274376,4.7325325,2578.054,3894.3088,85163.586,11.352341,0.5419589877128601,0.0
"Context:
St. Anne’s Courtyard felt quiet even with the crowd drifting between the gallery and the terrace. Copenhagen Museum showed up on the tickets, the signage, and the guide’s script. The page opened with city names and staff names before any schedule details appeared. Walking through those rooms made the proper nouns stick in memory.",146.17299,4.984791,710,11.2,0,1075.3138,5820.0693,1095.667,630.08136,85,84,83,0.9999999999882353,4.426342,4.0545583,5.4124374,2968.0098,5194.3486,91401.68,11.42303,0.6398916840553284,1.0
"Context:
She folded edible petals into a salad and finished it with a bright citrus dressing. A pot on the stove held rice that had been steamed with saffron and a few dried blossoms. While the food rested, she arranged fresh stems in a vase so the table looked as good as it tasted. Dinner smelled floral without turning into perfume.",52.65935,3.9638438,711,8.1875,1,753.5505,2691.9553,586.8062,511.28516,113,107,103,0.9999999999911504,4.6491485,4.467501,3.5723627,1980.3362,2554.6494,85151.2,11.352196,0.7048144936561584,1.0
"Context:
Milan — Vittoria Rossi began the memo with the company name, the address, and the names of everyone expected to sign. She toured a construction corridor near Porta Garibaldi, where an Italian infrastructure detour forced trucks into narrow streets. In her inbox, brand names and financing terms blurred together as the team argued about the interest rate on a bridge loan. By evening she was fixing a laptop driver so the design software would open, then she clipped a holster onto her belt for a night walk and complained to pest control about mosquitoes in the stairwell.",94.18944,4.545308,712,11.94375,0,862.5423,6336.514,814.12177,530.67175,158,145,138,0.999999999993671,4.945221,4.744006,7.3463235,2379.7925,3734.498,136281.69,11.822487,0.1628856062889099,0.0
"Context:
After the crash, he tested his ankle and shoulder, surprised by how much his body parts ached from one bad slide. He sat in the car, breathed through it, and started the long drive home. Over the next months, rehab came in phases, and the process of development was slow but steady. Each week he could do a little more, and the feeling of potential returned before the pain fully left.",32.89685,3.493377,713,8.28125,1,938.4012,3827.5261,691.04486,731.25684,96,93,90,0.9999999999895833,4.521027,4.330105,4.0787735,2361.632,3056.9937,90086.516,11.408537,0.711666464805603,1.0
"Context:
He rubbed aloe on his hands after trimming plants, then headed out to the river with a bottle of herbal extract for his drink. Along the bank, grasses and wildflowers framed the water, and birds hovered over fish that broke the surface in quick flashes. Farther upstream, a barge mishap had left floating debris, and thick mats of growth formed where the current slowed, drawing swarms of pests near the edge. In a meeting later, the site manager talked about natural resources, the surrounding ecosystem, and the fixed assets they had to protect, including pumps and containment barriers. Dinner was simple, but he finished it with edible petals he’d bought earlier, trying to end on something gentle.",50.935513,3.9305604,714,8.25625,0,937.8906,4530.847,778.67194,714.4653,175,167,154,0.9615384615331785,5.101413,4.8895063,4.8308907,2132.7507,4454.2964,164130.86,12.008426,0.057146985083818436,0.0
"Context:
A friend sent a screenshot of a chat, insisting it explained everything. The excerpt ended just before the reply that would have clarified the misunderstanding. He asked for the rest, but she claimed that was all she had saved. The end of the text excerpt created more questions than answers.",28.618048,3.3540375,715,7.3249993,1,1033.7938,5321.232,789.0648,891.6401,67,63,62,0.9999999999850746,4.1219277,3.981995,5.1472855,2133.3542,3800.0688,69264.19,11.145698,0.6041126847267151,1.0
"Context:
He tightened a bolt on the machine, then climbed into the van and started the engine. Two men in another vehicle lingered nearby, watching him through the windshield as if they were taking notes. His hands ached from the work, but he kept driving, and he told himself to ignore the tension in his shoulders. At the ferry, a dog barked at the loading ramp while he handed a snack to a hungry traveler, trying to be decent in a cramped line. Later, he used a small tool to open his food container and checked a device for directions before merging back onto the road.",27.399347,3.3105192,716,6.875,0,984.45557,5531.0273,897.3219,628.98047,154,151,146,0.9999999999935065,5.009947,4.7244525,5.618362,2894.894,4396.144,151606.16,11.929048,0.15904797613620758,0.0
"Context:
I’m writing from Marseille, where the cathedral bells spill into the streets at noon. Across the harbor, a ferry company is still operating despite the wind, and the captain talks about leverage in fuel costs like it’s weather. The priest beside me keeps discussing God as if the sea itself were a proof. I can’t tell which voice is steadier, the business one or the devotional one.",47.0629,3.851485,717,9.625,1,763.8531,3804.7104,601.42535,517.26624,122,116,109,0.9999999999918032,4.731553,4.5584803,4.9809456,1889.5443,2833.819,93190.08,11.442408,0.7337051033973694,1.0
"Context:
She ended the entry with End of text/input to keep the ingestion clean. The content above described luxury transportation in a Maybach and a suite upgrade at the Ritz. The marker ensured the parser stopped at the right spot. She tested it twice and committed the change.",238.14072,5.472862,718,13.112499,1,1100.2484,6425.0205,962.2028,884.4543,73,73,68,0.9999999999863013,4.2904587,4.000787,5.839609,2442.2773,4528.0776,80318.13,11.293763,0.6451210975646973,1.0
"Context:
The contract outlined a six-day window for a pop-up workshop and listed every day of service as a separate line item. The host was Sunlit Spa, and the program stayed exclusive by keeping the group small and sessions short. Hi, said the facilitator, originally from São Paulo, before starting intelligence gathering on what competing workshops charged. She checked the seedlings in the lobby planters, then placed blank canvases along the wall and noticed time was running. Within the limited allowance, the class still produced more paintings than expected and kept refining them until the colors looked clean and high quality.",142.42303,4.9588017,719,10.687499,0,1067.1549,4715.4214,829.5832,842.6347,139,137,131,0.9999999999928059,4.914527,4.6809063,4.4186854,2866.2812,3630.9524,148334.53,11.907232,0.10601399838924408,0.0
"Context:
A pastor arrived late to the hotel and found the lobby full of coaches talking about growth and grit. The main speaker sold a personal development package and tied it to winning seasons and bigger salaries. A physician introduced herself during the Q&A and asked the room to notice how they felt in their bodies, not just the story in their heads. Across the aisle, an attorney told himself to stop multitasking, but his thoughts kept drifting to a looming case. After the session, departures were announced and most people moved as one.",48.320007,3.8778458,720,8.524996,0,942.65625,3373.708,682.50946,755.58777,120,116,112,0.9999999999916667,4.7412815,4.5530562,3.5789378,2280.4478,3116.0015,113118.75,11.636202,0.5832086205482483,1.0
"Context:
The report started with a header, a short description of the dataset, and a sentence explaining the scope. After that, it stated the main finding without detours. The final line referenced the appendix and then stopped. The ending felt tidy, like closing a folder.",41.504227,3.7257953,721,7.796875,1,917.6469,2390.6455,671.2142,775.7575,47,47,46,0.9999999999787235,3.8501472,3.587598,2.6051912,2263.9976,2349.5964,43129.406,10.671984,0.4591742753982544,0.0
"Context:
A producer pitched a documentary and promised an exclusive cut for early backers. He mentioned a venture fund, a revenue forecast, and a streaming platform that would host the final release. In the follow-up, he asked for an engineer to review a compression setting. The whole pitch hinged on a single package of digital media tied to business numbers.",71.28996,4.2667556,722,9.3125,1,971.06366,3721.9827,726.6518,740.0613,99,93,89,0.999999999989899,4.5111017,4.3587413,3.8328922,2617.1707,3373.2283,96135.305,11.473522,0.6741394400596619,1.0
"Context:
He ended the short listing with End of text/short descriptions of items/products/services. In the comments section, he also wrote End of text to indicate nothing else should be added. The mix felt clumsy but clear. He shipped the draft to the client.",92.05625,4.5224,723,11.34375,0,1385.5553,3388.4421,896.55066,1200.6805,35,33,31,0.9999999999714286,3.4761312,3.342007,2.445548,2916.901,3239.6436,48494.434,10.789225,0.23442132771015167,0.0
"Context:
In a puzzle game, the lights along the board stayed dim while the player completed the pattern. When the final tile clicked into place, activations rippled across the grid in a clean wave. The player smiled, recognizing the familiar end-of-sequence flash. The board settled back to stillness once the pattern was complete.",45.643024,3.8208508,724,7.9749994,1,1115.452,4222.449,890.89545,856.32306,87,83,81,0.9999999999885058,4.4021707,4.2060843,3.785416,3140.468,4060.4805,97044.33,11.482933,0.60335773229599,1.0
"Context:
My friend dropped off a bag of baby clothes, and most of them were so small I could hold them in one hand. At my appointment, the doctor reviewed my glucose test and said the results hinted at gestational diabetes. I promised to keep portions modest and to log meals for the next two weeks. On the way out, I bought a little notebook just for tracking numbers.",26.126974,3.2629683,725,7.746872,1,986.93616,7014.644,1026.1272,688.16113,86,84,81,0.9999999999883721,4.4221067,4.0976324,7.107496,2584.3638,4874.458,84876.51,11.348965,0.7874340415000916,1.0
"Context:
The coach booked a ballroom at the hotel and opened with a promise that better habits would translate into wins and promotions. He sold the package with a smooth pitch, then pointed to the departures board in the lobby and said the next flight out could be a new life. A doctor in the front row introduced herself and added that sleep and recovery mattered, while the attorney beside her reminded himself to read the fine print. During the break, a pastor spoke quietly with an anxious attendee about the feelings they kept hiding. Nearly the whole room signed up, and everyone rushed for departures as soon as the shuttle doors opened.",48.186394,3.8750768,726,8.906249,0,1073.6625,4371.4453,835.2452,882.9558,123,117,112,0.9919354838629683,4.7445607,4.5620193,4.071527,3123.0356,4182.5586,132060.48,11.791023,0.1873297244310379,0.0
"Context:
My cousin from Seoul insisted we start with bibimbap, mixing the gochujang until the bowl turned a deep red. She pointed out the river path where locals jogged and told me which neighborhood to visit for live music. When a familiar K-pop chorus spilled from a nearby shop, she smiled like it was an old friend. We ended the night with bingsu and a long walk under bright city signs.",33.375317,3.5078166,727,7.799998,1,806.5186,6231.3438,716.5334,642.0764,140,136,128,0.9459459459395545,4.9020343,4.664782,7.7262244,2038.604,2732.58,112912.61,11.634378,0.8002368211746216,1.0
"Context:
I reviewed the logs and focused on the end of sequence activations that appeared only when the prompt ended with a quote. In my correspondence with the vendor, I asked what action to take if the microscope’s reticle looked misaligned after shipping. They suggested a silicone lubricant for the focus ring and attached an invoice that my accountancy team could reconcile. The message also mentioned a small grant type that might cover calibration costs.",103.26482,4.6372967,728,10.9,1,1196.1458,7180.9907,1129.717,809.79175,134,127,121,0.9999999999925374,4.8254204,4.554034,6.0034413,3303.9668,5176.9673,160283.53,11.984706,0.2958655059337616,0.0
"Context:
She bought plant oil and dried blossoms from a shop that specialized in botanical products, then walked down to the marsh. Water and vegetation blended together there, and animals moved through it with quiet certainty. A ranger pointed out a stretch where an accident had left contamination, followed by thick uncontrolled growth and a surge of nuisance rodents near the shoreline. At the ranger station, the conversation shifted to budgets, ecosystem health, natural resources, and fixed assets like vehicles and barriers needed for maintenance. Later, she cooked a simple meal and scattered edible petals on top, keeping one foot in the world she wished the marsh could remain.",77.88926,4.355288,729,9.537499,0,992.27844,5820.0693,913.8296,685.88654,180,156,146,0.9999999999944446,4.9993973,4.866188,5.8653584,2597.634,4461.0654,178610.12,12.092966,0.10784949362277985,0.0
"Context:
They met at a lakeside lodge where the main room had stone walls and a fireplace. The patio opened to pine trees, but the interior leaned toward an older style with patterned rugs and antique lamps. Someone joked that it looked like a film set from another decade. The mix of nature and retro detail made it hard to leave.",35.263435,3.5628467,730,8.375,1,782.12115,4084.5422,715.73645,554.2192,99,97,91,0.999999999989899,4.567114,4.2872562,5.222392,2436.923,3461.2952,77429.99,11.257142,0.7176832556724548,1.0
"Context:
A technical consulting agreement covered support for two weeks, with strict start and end dates printed in bold. The venue was Glacier Spa, and the rooms were few, so entry was exclusive and controlled by timed slots. Hi, said the analyst, originally from Athens, before she began intelligence gathering on a competitor’s system and tucked the notes into a folder. She stepped outside to check the planters, then placed a monitoring device under the conference table and noticed time was running. By the last day, she had drafted extra design sketches that improved the quality of the presentation and increased the number of deliverables within the allowance.",103.08302,4.635535,731,10.975,0,1093.5455,8292.094,1018.90173,860.97504,145,140,128,0.9999999999931035,4.9289303,4.667138,7.5827603,2829.6245,4630.2524,158564.11,11.973921,0.1052202507853508,0.0
"Context:
I clipped a small multitool onto my bag because it has the tiniest scissors and a screw bit. The charm I added beside it was a small, cute character—a little smiling robot keychain. When the zipper snagged, the tool handled it in seconds without tearing the fabric. The little robot bobbed along like it was cheering.",66.105705,4.191255,732,9.5625,0,812.70715,3098.625,715.03485,516.1623,107,96,92,0.9553571428486128,4.5303125,4.351777,3.81272,2363.6194,3018.9578,86959.664,11.373211,0.6844611763954163,1.0
"Context:
At the K-pop merch booth, the best-selling item was a concert lightstick with interchangeable LED colors and a matching lanyard. Next to it sat boxes of instant tteokbokki, seaweed snacks, and a small cookbook of Korean food favorites. The vendor played loud dance tracks while fans practiced the chorus moves in line. I left carrying the lightstick, a snack haul, and the song stuck in my head.",30.624434,3.4217982,733,7.9249997,0,784.1511,4218.9697,680.9066,586.20514,159,143,130,0.9999999999937108,4.922821,4.778547,5.3803015,1966.7056,3647.1104,124680.03,11.733514,0.19587378203868866,0.0
"Context:
During the campaign season, the finance minister warned that rising prices could trigger unrest. The broadcast showed clashes downtown and framed them as negative events tied to the vote. At home, my sister tracked her pregnancy diet because gestational diabetes meant she had to measure every carb. She pushed her plate away after only a small amount of pasta.",100.35344,4.6086984,734,11.15,0,1045.8225,5321.732,875.5109,786.67377,111,109,101,0.999999999990991,4.6845512,4.433295,5.088561,2578.6125,4952.2217,116086.305,11.662098,0.5231956243515015,0.0
"Context:
The announcement began by crediting several organizations, a brand partnership, and a conference name reduced to initials. People mingled near tables of lighting fixtures, instrument accessories, and boxed furniture parts, sampling a hand cream while they compared finishes. A short talk followed where a clinician explained a mechanism with technical terminology and a chart of measured values. We later toured a neighborhood famous for an old uprising and a modern film festival, and the closing reception served kimbap alongside a playlist of Korean pop.",136.1693,4.913899,735,11.2,0,983.2204,8830.212,931.4515,780.42505,152,145,138,0.9999999999934212,4.9600377,4.726702,8.980908,2360.6638,3624.2822,149449.5,11.914721,0.13001319766044617,0.0
"Context:
The daycare director asked for proof of insurance, and the only copy I had was on paper, so I sent it by fax before pickup time. My doctor called about kidney numbers and said the bladder symptoms needed follow-up. A week later, I listened to an adjudicator summarize evidence in a case involving artisanal mining equipment that had gone missing. The whole update came through a choppy VoIP line, with the same bureaucratic tone as every official decision.",86.70988,4.462568,736,10.949995,1,1075.1619,11314.405,1354.3774,677.72437,110,109,108,0.999999999990909,4.687878,4.250406,10.523443,3048.3274,5396.569,118267.805,11.680716,0.7545420527458191,1.0
"Context:
The Whirlpool dishwasher in the staff kitchen kept backing up, and the clog turned the rinse cycle into a swampy mess. Management delayed the repair because finance was tight after a messy political dispute over the quarterly budget. When the argument spilled into open conflict at the meeting, the mood in the office soured fast. Nobody wanted another week of negative events over dirty mugs.",78.61275,4.364534,737,9.59375,1,859.18286,4212.7964,809.4001,509.95526,128,118,111,0.9999999999921876,4.7396393,4.5085945,4.9032593,2627.7036,3594.7136,109975.41,11.608021,0.6978206038475037,1.0
"Context:
The contract term was thirty-six months, and the finance team tracked it like a runway. Only one vendor was allowed to deliver the hardware, which made the arrangement feel exclusive. When someone tried to add a second supplier, the answer was a flat no. Three years is a long time to live inside one decision.",31.69793,3.4562514,738,8.15,0,1137.3927,5183.6157,931.59576,865.72266,77,76,73,0.9999999999870129,4.325802,4.0779123,4.557455,2784.4487,4811.2905,87579.234,11.380311,0.5427354574203491,0.0
"Context:
The riverfront hall leaned into a classic look, with antique lamps and worn wood that made the space feel vintage. A host read out several names tied to entertainment and politics, and the sponsor’s brand sat beside them like it belonged in the headline. A teammate checked the toolchain, reran a small action to stabilize the site, and then reviewed campaign performance with the marketing lead. Staff measured how guests moved between stations and noted which physical corners drew the most attention. The night turned place, name, and brand into something trackable.",101.34178,4.618499,739,11.387493,0,1220.0039,7522.943,1175.5117,803.76874,143,136,127,0.999999999993007,4.8949842,4.6223783,6.166326,3185.6016,5988.381,174460.56,12.06946,0.13336987793445587,0.0
"Context:
During a city break, he read a street plaque whose excerpt ended where the scandal began. He corrected his notes with proper end-of-sentence punctuation so the timeline made sense later. At the metro gate, the last token produced activations that unlocked the barrier for his group. Once the sequence finished, they drifted into sightseeing without urgency.",182.9525,5.2092266,740,11.256248,0,1063.8558,5006.9614,929.44275,836.1988,91,87,86,0.9891304347718572,4.4499245,4.2081714,4.706428,2639.4927,4844.0493,96810.88,11.480525,0.6155409216880798,1.0
"Context:
After he completed user registration requirements, the equipment coordination professionals network let him submit actions tied to service availability. He cooked a quick meal, mixed a cosmetic balm, and finished a craft label, then pushed carts until exertion made him sweat through his shirt. He paused for a religious moment and wrote a message that explained what action to take about the delayed truck. At night, the favela grant type accountancy review required reticle-guided images and the correct lubricant for a noisy hinge, and hallucinations threatened as proper names and publicized items appeared in every sponsor slide.",531.8835,6.2764244,741,14.787499,0,1649.9004,11376.232,1742.4414,1153.4398,191,174,155,0.9999999999947644,5.1288853,4.8609943,6.895103,5115.9043,8669.37,315130.97,12.660747,0.05444266274571419,0.0
"Context:
He wrote End of text/document and drew a line beneath it. On the next line, he wrote End of text and circled it. The pair made the ending unmistakable. He snapped a photo and sent it to the editor.",46.749622,3.8448062,742,10.037499,0,1305.1775,5537.794,1185.7247,889.0885,34,31,31,0.9999999999705883,3.4040396,3.1948977,4.242943,3601.2441,5163.0703,44376.035,10.700478,0.2039038985967636,0.0
"Context:
By late November, I was planning around the holiday season and trying to finish errands before travel. The shop assistant handled returns with patience and a friendly smile even as the line grew. She wished me well for the season and offered to wrap the replacement item. The time period itself seemed to bring out softer customer service.",43.710804,3.7775953,743,7.578125,0,1104.3522,3941.3691,760.3602,925.42413,94,94,91,0.9999999999893616,4.5432935,4.336016,3.5689416,2583.0647,3869.5637,103809.11,11.550319,0.6241998076438904,1.0
"Context:
Legal sent a compliance notice that demanded a response within ten business days. At the same time, the joint venture with our supplier started wobbling after the export rules changed. The partners stopped agreeing on public statements, and the inbox filled with cautious edits. By night, the collaboration looked more like damage control than planning.",117.10456,4.7630672,744,13.012497,1,1090.4641,6599.528,1238.3597,715.6343,92,91,87,0.9999999999891304,4.5067205,4.1107802,6.052036,3051.7751,6578.1187,100322.695,11.516157,0.7275905013084412,1.0
"Context:
The ceasefire collapsed overnight, and the radio counted casualties in a steady, grim cadence. At the same time, commentators debated whether the government’s stance would trigger economic retaliation. My neighbor taped up his shop window in case the demonstrations reached our street. Even the quiet moments felt charged with bad news.",69.24444,4.237643,745,7.9562497,1,818.87665,5777.2744,811.7487,453.7992,118,112,110,0.9999999999915254,4.6957607,4.417411,7.0551214,2250.4915,3181.7102,96627.445,11.478628,0.847917377948761,1.0
"Context:
She landed in a new city with only a backpack and a loose plan. Museums, street markets, and a late-night tram ride stitched the days together. A local café owner suggested a quiet park that tourists often missed. Leisure arrived in small moments rather than big attractions.",60.481464,4.102337,746,10.112499,1,1034.9154,5862.864,899.0442,819.8966,96,94,86,0.9999999999895833,4.535468,4.275239,5.665066,2689.6316,4259.707,99351.88,11.5064335,0.6661372780799866,1.0
"Context:
The strength coach ended the session by pitching a twelve-week program that promised faster sprints and steadier confidence. He broke down the payment plans like a salesperson, then asked everyone to picture their best season. During the drive home, the pitch replayed in the mind along with the thought of finally committing. A calendar reminder went in for the first call and the first early-morning workout. The next day the athlete repeated the new routine, convinced the investment would pay off.",48.602226,3.8836694,747,9.024998,1,828.8136,3046.5474,626.2598,651.07556,130,121,114,0.9999999999923078,4.77156,4.617557,3.6757934,2221.1296,2786.2463,107745.766,11.587539,0.6601415872573853,1.0
"Context:
At the airport hotel, the departures screen kept updating, and the constant changes made nerves fray. The coach used the uncertainty to sell a program on resilience, promising better performance in business and sport. A physician introduced herself to a small circle and listened as a traveler admitted to racing thoughts and sudden dread. The attorney nearby told himself to stay composed while negotiating a rebooking, and a pastor offered calm words to a family. By midnight, most of the terminal crowd had shifted to the next gate, leaving the hotel lounge nearly empty.",75.16968,4.319748,748,8.474999,0,1019.2302,4034.1135,720.0677,890.32007,132,123,116,0.9999999999924243,4.7882833,4.6568503,3.958,2406.1392,3288.6965,134538.39,11.809612,0.19478856027126312,0.0
"Context:
A receptionist in early April greeted every visitor with a calm friendliness that eased the tension in the waiting area. That weekend, she helped at a community event where volunteers handed out supplies and answered questions with the same steady patience. Back at work, the annual review cycle began, and she guided colleagues through deadlines and meetings like a quiet traffic controller. In June she planned a summer getaway, leaving room for weather surprises. When preseason rolled around, she watched the first practice and thought about how preparation always shows up before the big moments.",43.960564,3.783293,749,7.4124994,0,1027.8905,5777.2744,755.8019,836.78906,145,137,124,0.9999999999931035,4.890688,4.765608,5.620515,2490.935,3198.3718,149044.12,11.912004,0.11384217441082001,0.0
"Context:
At the bottom of the article, the website inserted End of text, and the comment section was disabled beneath it. She downloaded the print version and noticed it used End of text/document instead, sitting above a blank margin. When she tried to submit a longer correction, the form preview cut her off with End of text/input before the final clause. A separate catalog page describing the service tier ended with End of text/short descriptions of items/products/services, which looked like a leftover label. She fixed her copy and resubmitted, determined to leave no stray markers behind.",60.522545,4.103016,750,9.875,0,1088.289,4525.2573,844.82227,841.1031,139,133,127,0.9999999999928059,4.8646603,4.6749363,4.1581397,2838.0825,4097.3623,151272.16,11.926843,0.1319323182106018,0.0
"Context:
The lawyer drafted a short-term contract for a seven-day residency at Harbor Spa, capped at a small number of guests to keep it exclusive. Hi, the new hire said, explaining he was originally from Bogotá, then hurried into intelligence gathering for the sponsor. He paused to transplant seedlings in the courtyard beds, then placed a sculpture near the reception desk where the light was best. The schedule was tight and time was running, so he used his allowed overtime to finish an extra sketch. On checkout, the manager reminded everyone that the exclusivity ended when the term ended.",88.181755,4.4794,751,10.824997,0,922.86664,3617.2986,763.94745,643.60986,133,121,117,0.9999999999924812,4.761336,4.59904,3.919633,2629.0442,3314.1548,122741.266,11.717842,0.357583224773407,0.0
"Context:
Backstage at the campaign gala, the candidate practiced her delivery until the performance felt effortless, then stepped onto the stage with steady posture. She tried to show humaneness while describing the political process, even as her throat tightened and her lungs demanded a slower pace. A volunteer slipped her a tiny note card with the next talking point, and she pinched it between two fingers like it might disappear. The applause came in waves, and she judged her own capability by how calm her heartbeat stayed.",50.762768,3.9271631,752,8.5,0,819.9274,4086.5046,653.369,589.1436,153,142,138,0.9999999999934641,4.927349,4.776343,4.983983,2061.7832,3223.0205,125448.9,11.739662,0.2097775936126709,0.0
"Context:
The cruise ship’s concierge booked shore excursions, but the galley staff were distracted by a Whirlpool dishwasher that kept throwing a drain error. They cleared food debris from the filter and got the machine running again. I visited the onboard office to fax papers for an adjudication process tied to a daycare issue and listened on VoIP as a doctor discussed kidney and bladder results. That night, fantasy trivia in the lounge mixed invented names with media references, political figures, and academic talk while appliances ran their routines.",140.06882,4.942134,753,10.75,0,935.5235,6389.099,964.6198,549.94934,173,161,156,0.9999999999942197,5.0541077,4.776516,6.8294377,2793.1929,4597.3716,161845.56,11.994404,0.057146985083818436,0.0
"Context:
A squealing dryer belt sent me hunting for replacement parts and a local repair shop. Before placing the order, I checked an invoice number in the portal so accounting would accept the charge. The technician also pointed out a small wasp nest near the vent and suggested proper pest treatment. By evening, the laundry room was quiet and the machine ran smoothly.",56.040165,4.0260687,754,7.75,1,1160.0017,5905.658,1239.7897,718.9464,106,98,90,0.9906542055982182,4.5489397,4.2365804,5.0910773,4174.6367,5596.4585,122960.19,11.719624,0.5915759205818176,1.0
"Context:
On a late shift, I had to review a long log where every record was empty, so the screen was nothing but [] for what felt like forever. When it finally printed a concluding status line, the output ended right after that single sentence. I didn’t scroll back because there was nothing to see. The end was the only signal that it had finished.",35.195377,3.5609148,755,6.546875,0,1355.2354,7542.676,1109.3156,1058.0455,59,59,58,0.9999999999830509,4.0775375,3.824706,5.565584,2679.853,5047.006,79958.88,11.28928,0.45773324370384216,0.0
"Context:
She chose the courtyard seat even though the evening was crisp. The restaurant had mismatched chairs, faded framed prints, and that intentional retro vibe. When the heater clicked on, the mix of open air and aged decor felt oddly comforting. She stayed longer than planned just to soak it in.",79.43347,4.37492,756,9.875,1,828.0764,4562.547,701.22797,566.89105,105,101,98,0.9999999999904762,4.60115,4.368581,5.5098143,2023.5679,2636.7012,86948.02,11.373077,0.7062932252883911,1.0
"Context:
He adjusted the settings on the diagnostic device and listened as the machine changed tone. Nearby, a man in a parked car kept observing the garage door, tracking every vehicle that entered. He shook out his cramped hand, then gripped the wheel and drove off, repeating to himself that he could handle it. At the station, a cat wandered near the buses, and he offered a piece of his sandwich to a volunteer who was coaxing it away from danger. When he finally sat down, he used a small tool to fix a loose latch on his food box and checked his phone for the next stop.",29.673058,3.3902395,757,8.487499,0,1043.1488,6859.9097,977.74677,741.3479,142,138,133,0.9999999999929579,4.916776,4.642644,6.576156,2756.938,5306.7153,148127.12,11.905833,0.13801638782024384,0.0
"Context:
His old laptop kept stuttering whenever he opened a video call, so he spent lunch rolling back a graphics driver. The same afternoon, the refrigerator stopped cooling and the repair tech pointed to a failing relay with a burnt smell. Before heading home, he grabbed wraparound sports eyewear because the wind on his commute was tearing up his eyes. He ended the day with greasy hands and a screen that finally stopped flickering.",53.806988,3.9854033,758,8.4375,1,889.8339,6067.252,930.3897,491.65665,115,111,102,0.9999999999913043,4.696713,4.3508706,6.81841,2657.1318,4196.3545,102330.9,11.535976,0.7920099496841431,1.0
"Context:
Once his registration cleared, he could coordinate equipment through the professionals network and see service availability instantly. He cooked for volunteers, mixed a cosmetic balm, and finished crafts for signage, then pushed a cart up a ramp and felt the exertion drain him. He whispered a prayer and wrote a message naming the action to take if the truck arrived late. The day ended with favela grant accountancy, reticle-guided documentation, and lubricant choices, and hallucinations flickered while proper names and publicized items filled the media recap.",491.48273,6.197427,759,15.1875,0,1480.1453,11314.405,1598.6553,980.30206,176,170,154,0.9999999999943182,5.1232243,4.7670684,7.644118,3983.832,7632.9526,260505.56,12.470384,0.05444266274571419,0.0
"Context:
He took a long walk, then did a short circuit that left him sweating from exertion. After showering, he sat down to write a few pages of correspondence to his mentor. The letter included a clear request and a promise to follow up next week. Writing it down helped him calm down.",26.263454,3.2681785,760,6.34375,0,906.2449,4187.2305,629.53516,782.3791,70,59,58,0.9999999999857142,4.0156984,4.05533,4.6204185,2040.9373,2871.876,63437.14,11.05782,0.6503440141677856,1.0
"Context:
The pastor spoke about gratitude, and afterward the church hall served bowls of vanilla yogurt with honey. People laughed louder than usual, as if the sermon had flipped a switch in the room. I left with a strange rush of excitement and the taste of dairy on my tongue. The evening felt both holy and unexpectedly fun.",46.783695,3.8455348,761,9.5,0,910.4968,4537.0576,753.05225,681.2384,74,73,69,0.9999999999864865,4.2853317,4.040665,4.983057,2065.7322,4003.5928,67376.766,11.118071,0.6031795740127563,1.0
"Context:
He stepped off the plane ready for tourism and opened a magazine excerpt that ended mid-quote. A sign in the corridor used a sharp question mark that made its warning sound like a challenge. At the metro, the last token tap caused activations on the gate and let him through. The sequence of transfers ended with him emerging into sunlight near the plaza.",136.47241,4.9161224,762,10.25,0,1210.1387,4825.948,902.7949,910.55145,87,80,77,0.9999999999885058,4.3543673,4.221169,3.9879298,2766.0264,3928.715,105282.06,11.564408,0.5140270590782166,0.0
"Context:
He rubbed his sore wrist and flexed his fingers before gripping the handlebar again. The car ahead braked, and his foot slammed the pedal as his shoulder tightened. He muttered that he needed both hands on the wheel if he wanted the vehicle to behave. When he finally parked, he stepped out slowly and shook feeling back into his arms.",29.876175,3.3970613,763,6.625,1,774.28986,3844.9238,710.6472,471.10257,117,110,107,0.999999999991453,4.6792336,4.441159,4.965742,2269.7988,3244.772,90591.914,11.414131,0.7337051033973694,1.0
"Context:
I clipped a paragraph from a travel diary where a student in Lyon celebrates finishing an internship at Renault. The excerpt ends right after she writes that she did it, and the rest is missing. Her excitement comes through anyway because she names people and places so specifically. — End excerpt —",88.1607,4.4791613,764,10.075,1,909.5604,3806.284,781.45654,620.2599,64,57,56,0.9999999999843749,4.007257,3.8625512,4.1847506,2799.953,3353.051,58211.867,10.971862,0.6572337746620178,1.0
"Context:
Three men met beside a food truck, watching the line of cars crawl through the parking lot. One of them used a bottle opener tool to crack a soda, while another tapped a card reader device to pay. They kept observing the scene, pointing out which vehicles were leaving and which were circling for spaces. By the time the fries arrived, they had mapped the whole lot without moving far.",34.891075,3.552231,765,8.125,0,889.844,4412.8555,780.9802,650.3473,100,98,96,0.99999999999,4.577444,4.3144155,4.9591336,2292.583,4245.3696,88984.4,11.396228,0.6456890106201172,1.0
"Context:
Omar arrived in Rome for a UNESCO meeting and bought an espresso machine branded De’Longhi as a gift for his mother. Everyone kept saying “Bianchi” because Bianchi chaired the session, Bianchi sponsored the reception, and Bianchi was printed on half the badges nearby. That evening, he stayed at the Waldorf Astoria and tasted a dessert plated with the precision of a museum exhibit. The next day, a specialist reviewed his asthma symptoms and adjusted his inhaler dosage. Between ancient streets and modern logos, Omar’s notes filled with places, organizations, luxury markers, and medical terminology.",59.647076,4.088445,766,10.362499,0,816.721,5614.2007,805.7399,483.23395,223,171,168,0.9999999999955157,5.01283,5.059306,6.8740745,2382.7085,4247.919,182128.78,12.112474,0.05856700241565704,0.0
"Context:
Their vacation started with a brochure excerpt about hidden beaches that ended before giving directions. She corrected the last line of her packing list with a period so it felt settled. At the car rental desk, the final token code caused activations on the terminal and the keys slid out. The sequence of errands ended, and travel turned into relaxation.",226.80159,5.4240756,767,12.074998,0,1152.1492,4825.948,889.8659,916.84894,89,84,81,0.999999999988764,4.410755,4.2353244,4.1886487,2687.9912,4199.3193,102541.27,11.538031,0.6019480228424072,1.0
"Context:
The report listed wetlands restoration next to timber stands and a long-term water lease, all treated as resources the company depended on. In a separate section, the accountant tracked fixed assets like pumps, fencing, and storage tanks used to manage the site. The ecosystem mattered because it supported the operation, not because it looked pretty. Decisions were made with both nature and the balance sheet in mind.",56.81025,4.0397167,768,9.9375,1,1004.2856,5209.405,914.20056,691.2839,79,78,77,0.9999999999873417,4.351899,4.0557985,5.187175,2552.438,4699.7637,79338.56,11.281492,0.628769040107727,1.0
"Context:
She bought a linen shirt from the pop-up and wore it straight out of the store. The washing machine at home had been rattling for weeks, and the repair tech finally replaced the worn bearings. After the service visit, the outfit looked even sharper under the hallway lights. Fashion and maintenance ended up sharing the same receipt pile.",71.3475,4.2675624,769,11.075,1,1328.9604,5531.0273,1186.0746,1024.733,98,90,84,0.9999999999897958,4.457655,4.25537,4.1619205,3832.333,5453.854,130238.125,11.777127,0.43932878971099854,0.0
"Context:
A climbing vine crept over the fence and ran straight toward the creek, swallowing the shrubs along the bank. The neighbors complained about the noisy raccoons that kept tearing into trash near the water at night. During preseason for the local baseball league, the grounds crew tried to clear the path so the kids could get to the field safely. The mix of unruly growth and troublesome animals turned a simple walk into a hassle.",41.129948,3.7167366,770,8.149999,1,878.45135,6336.514,933.4799,554.73883,125,119,117,0.999999999992,4.7617717,4.4610386,7.2132783,2075.2104,5609.7427,109806.42,11.606483,0.7193310856819153,1.0
"Context:
Preseason training started with early mornings, and the coach reminded everyone that the regular season would punish sloppy habits. When winter arrived, the team shifted to indoor sessions and the calendar felt heavier. As soon as the offseason hit, the group chat filled with talk about summer plans and a break from schedules. The sports cycle and the seasons blurred together.",48.891502,3.8896036,771,7.971874,0,914.19714,3547.3794,633.7206,791.70734,97,95,89,0.9999999999896907,4.5461283,4.3619666,3.880322,2056.3596,2931.4382,88677.125,11.392769,0.7149561643600464,1.0
"Context:
The town hall takes up almost the entire block, and its corridors seem to swallow the street noise. Walking through it, my thoughts kept drifting back to a mistake I made last year. I felt the memory rise and fall as I crossed the big echoing lobby. By the time I reached the exit, the building still felt like it owned the area.",32.53865,3.4824286,772,7.3937497,0,726.0257,2221.9858,426.0182,580.45776,83,82,80,0.9999999999879517,4.4021378,4.2590985,3.0604782,1493.2666,1855.8474,60260.133,11.006443,0.5764831304550171,1.0
"Context:
Copenhagen Design Lab, NordicGlow A/S, and IKEA Partners announced the launch of the LUMA-24 task light at TechWeek 2025. The note opened with the product name, the company acronyms, and the event title before it listed the specifications: 24 W LED, 4000 K, 220–240 V, and a 1.8 m cord. Retailers were told the package includes a clamp mount and a USB-C adapter, model NG-L24. A short footer named the press contact and the venue address.",27.541555,3.315696,773,8.237499,1,830.3146,3616.688,690.1801,533.2627,131,114,110,0.9703703703631825,4.6913013,4.591496,4.3558044,2380.2402,3203.7976,108771.21,11.597012,0.6978206038475037,1.0
"Context:
Only paying members were allowed into the sales mastermind, and the door code changed every Friday. Inside, the coach walked us through handling objections and asked us to commit to one uncomfortable call. The rules were strict about what we could share outside the room, with clear limitations on recordings. I drove home rehearsing what I wanted to say and feeling oddly energized.",61.954575,4.1264014,774,10.3375,1,757.0513,5092.263,642.46674,663.0572,92,85,78,0.9999999999891304,4.4163103,4.269375,6.726444,1625.3649,2999.2375,69648.72,11.151234,0.8262984752655029,1.0
"Context:
The viewing was scheduled back-to-back, so I tried to remember each address by the street sign and the nearest landmark. I used a compact tester to confirm the outlets were grounded, then slipped the small device back into my pocket. My sister, expecting soon, said her glucose results were borderline and she’s been keeping portions small to avoid gestational diabetes complications. A kid toddled past holding a little plush rabbit while the adults outside argued about politics and a sinking economy.",60.89374,4.1091304,775,9.049999,0,868.2383,4412.0474,750.85266,578.0934,139,132,127,0.9999999999928059,4.8646607,4.6436963,5.081609,2446.2507,3858.2007,120685.12,11.700949,0.3602169454097748,0.0
"Context:
She listened to an audio clip while scrolling through a newsletter that mentioned a fintech firm and a new security protocol. Later, a registered letter arrived, requesting a written response and outlining a compliance investigation. At the hotel, she asked for a late checkout and was offered a breakfast voucher and a pool pass. Before dinner, she spoke with a photographer about headshots, then bought a scarf and a handbag for tomorrow’s meetings.",40.386784,3.6985025,776,8.299998,0,1173.1788,7121.511,993.23737,983.56134,112,107,98,0.9999999999910714,4.6566105,4.4442253,6.0702696,2850.719,4409.5015,131396.03,11.785978,0.34917789697647095,0.0
"Context:
A short ad described a meal kit with bright photos and a claim about faster weeknights. It highlighted free delivery, a small intro discount, and a reminder that subscriptions can be paused anytime. The last sentence was just a quiet nudge to order before midnight. After that, nothing followed.",60.933907,4.10979,777,8.4625,1,1268.6309,6518.102,1084.2203,1038.9824,79,76,68,0.9999999999873417,4.3168035,4.088638,5.1379027,2988.872,5973.6367,100221.836,11.515151,0.5822380185127258,1.0
"Context:
At the lab bench, I grabbed a pocket caliper to measure the thickness of a plastic spacer. The jaws slid smoothly, and the display flickered between millimeters and inches. It was a small instrument, but it made the difference between a part that fit and one that jammed. I wrote the measurement on tape and stuck it to the sample bag.",22.026794,3.0922596,778,7.0843725,1,859.90955,8608.347,969.5099,502.3813,117,111,104,0.999999999991453,4.691082,4.3813334,10.010759,2108.653,3536.3584,100609.414,11.5190115,0.823555052280426,1.0
"Context:
The editor stopped at the end of the line and added a period that had been missing. A single mark changed the tone from uncertain to final. She checked the next sentence and corrected a comma splice that made the paragraph run on. End-of-sentence punctuation turned the draft into something readable.",32.475803,3.4804952,779,7.9906235,1,1075.9493,4715.4214,999.7559,784.0101,53,53,51,0.9999999999811321,3.9702919,3.6328251,4.382569,3178.1313,4552.5815,57025.312,10.951268,0.5972564816474915,1.0
"Context:
We met in the Solstice Room at the Aurora Hotel, then walked out to King’s Square for the group photo. The venue promised a late checkout, which mattered because the workshop ran long. Afterward, everyone drifted through the atrium and down the riverside path toward Nyhavn. The map pins made the route easy to follow.",55.462173,4.0157013,780,9.075,1,675.39813,4253.6943,712.9058,395.69238,140,131,124,0.9999999999928573,4.8487864,4.584021,6.298055,2153.498,3861.4631,94555.734,11.456955,0.8254393935203552,1.0
"Context:
The hotel lobby had a travel booklet whose excerpt ended abruptly after praising a local market. He edited his postcard drafts, adding end-of-sentence punctuation so the message sounded calm instead of rushed. At the rental kiosk, the last token code was entered and the system’s activations signaled completion. With the paperwork done, leisure finally replaced planning.",192.00632,5.2575283,781,11.11875,0,1053.8956,6210.668,908.7046,782.49146,80,80,78,0.9999999999875,4.3820267,4.0962915,5.8930583,2654.2246,3968.263,84311.65,11.342287,0.6432740688323975,1.0
"Context:
The cabin porch creaked under his boots as he stepped outside into the cold air. Inside was all warm light and old furniture that looked like it had survived decades of winters. He ran his hand over a worn table edge and liked how the scratches told a story. The place felt both outdoorsy and quietly vintage.",43.72503,3.7779207,782,9.6875,1,993.8323,5322.6924,946.41437,682.2958,90,89,89,0.9473684210426593,4.484407,4.16918,5.355725,3079.4705,4273.132,89444.91,11.401389,0.6569650769233704,1.0
"Context:
We toured a place near the harbor, and the agent highlighted the district and street names as if the map itself added value. I connected a tiny USB adapter so my phone could play a video during the walkthrough. My pregnant friend checked her glucose log and said she’d been sticking to small, careful meals since the gestational diabetes test. A little plush dinosaur on the counter made us laugh briefly before the landlord started complaining about taxes, scandals, and instability.",107.62678,4.6786695,783,9.60625,0,970.5561,4715.4214,847.5532,706.82166,136,130,128,0.9999999999926471,4.8514957,4.614299,4.8584743,2715.8853,4190.935,131995.62,11.790531,0.20177200436592102,0.0
"Context:
The message began with a subject line that sounded formal and a brief greeting. It offered context about a schedule change and explained why the update mattered. The final sentence simply confirmed the new time and closed the note. After that, the email felt complete and finished.",37.862034,3.6339488,784,7.9124966,1,1258.3794,5294.457,906.4813,1030.9491,53,53,49,0.9999999999811321,3.9702919,3.7500608,4.207361,2814.8733,4263.1416,66694.11,11.107887,0.5295310020446777,0.0
"Context:
A travel blog posted a short excerpt about a lakeside trail, ending before the author described the summit. She edited her own note with clear end-of-sentence punctuation so she would remember the turnoff. At the park entrance, the final token validation produced activations in the scanner and the gate clicked open. With the sequence complete, leisure began on the first quiet mile.",110.37411,4.7038755,785,10.918747,0,1178.8478,6137.601,1107.589,888.60974,104,103,99,0.9999999999903846,4.631061,4.3252325,5.206441,2893.0618,5764.36,122600.164,11.716692,0.45194125175476074,0.0
"Context:
I rewatched an old film and finally noticed the director’s signature style in the opening scene. Afterward, I read an article about international politics that referenced specific treaties and leaders by name. My coursework in cultural studies asked me to compare how narratives build authority through naming. By midnight, the fantasy audiobook on my phone added another layer of places and characters I couldn’t ignore.",58.0356,4.0610566,786,10.337499,1,1014.4333,3157.346,758.2402,786.91394,97,93,89,0.9999999999896907,4.5175447,4.3345165,3.1124237,2884.9634,3074.3313,98400.03,11.496806,0.6352728605270386,1.0
"Context:
The agent’s map pinned the apartment between two landmarks, and she pronounced every neighborhood name with careful emphasis. I carried a small multitool and fixed a loose hinge on the balcony door in under a minute. My pregnant friend explained her glucose routine and how a small portion can still spike her numbers after the gestational diabetes diagnosis. In the hallway, a little plush fox sat on a bench while the building’s TV scrolled grim headlines about sanctions and market trouble.",81.30067,4.3981543,787,10.387499,0,879.0625,4530.847,741.42163,636.78186,154,145,141,0.9999999999935065,4.9559355,4.763045,5.154181,2378.307,3919.6685,135375.62,11.815816,0.15808461606502533,0.0
"Context:
The gallery rented the whole top floor for a private show, so every wall belonged to the event. Only staff were allowed to decide where each sculpture would be placed, and they enforced the rules politely. As more pieces arrived, the collection grew in both quantity and polish. Visitors stepped out of the elevator into a space that felt completely taken over by art.",37.465874,3.6234305,788,9.074999,1,795.65857,3596.2678,588.6755,665.90515,81,79,77,0.9999999999876543,4.36022,4.1732526,4.5198627,1582.7466,2975.5105,64448.344,11.073635,0.6443890929222107,1.0
"Context:
My travel note is only a few lines. It’s basically my opinion in plain words, written fast on a phone. I wrote that Paris was loud, the metro was fast, and the cafés felt endless. Then I ended it with <|endoftext|> because the export adds that marker.",62.602283,4.1368017,789,9.324997,1,850.98157,3573.0247,660.5299,599.56024,69,66,64,0.9999999999855071,4.173833,3.9937906,4.19871,1962.0422,3290.5903,58717.727,10.980514,0.6635637283325195,1.0
"Context:
My niece carried a small toy dinosaur everywhere, and she introduced it to strangers like it had a name and a backstory. At the park, she sat it on the swing and pushed gently, giggling at every wobble. The toy’s paint was chipped, but she treated it like treasure. When it fell in the sand, she brushed it off with serious care.",24.415323,3.195211,790,6.4375,1,825.0609,3062.187,564.3187,700.1902,110,103,98,0.999999999990909,4.607506,4.493267,3.7114673,2005.2997,2630.5454,90756.7,11.415949,0.682672917842865,1.0
"Context:
A customer walked into the store on the first cold day of December and was met with an unexpectedly friendly welcome. At the register, a small sign promoted a local community fundraiser, and employees mentioned it without pressure while giving quick, careful help. Two weeks later, his office hosted a yearly end-of-year meeting, and the event staff quietly solved mic issues and redirected late arrivals. He spent evenings planning holiday travel and adjusting the itinerary around weather. On weekends he tracked the sport’s regular season standings while anticipating how the offseason would reshape the roster.",52.17506,3.9546046,791,7.825,0,1147.8466,7695.8267,1118.1355,787.46747,148,140,130,0.9999999999932433,4.9222775,4.657734,6.704577,3086.1926,5664.064,169881.3,12.042861,0.13336987793445587,0.0
"Context:
On the first warm weekend of spring, the barista remembered my usual order and greeted me like an old friend. The register line moved fast because the staff kept smiling and answering questions without any edge. I noticed a jar of honey on the shelf and a tray of edible flowers by the window, set out for tea blends. The time of year made the place feel extra welcoming.",35.024628,3.5560515,792,8.381245,1,1014.61566,7734.1143,1044.783,702.63513,98,93,91,0.9999999999897958,4.5142384,4.242117,7.622703,3140.4568,4234.714,99432.336,11.507243,0.7895150780677795,1.0
"Context:
At Hongdae, Min-ji insisted we order kimchi jjigae and gimbap before heading to the basement club. The DJ mixed the set with tracks from well-known Korean entertainment labels while the crowd sang every chorus. In a nearby classroom the next day, our lecturer tied the night’s pop culture to socioeconomic status and to a philosophy reading on community and belief. She ended with a short blessing from a religious tradition, then handed out a virtual reality assignment for education week.",78.249275,4.3598995,793,9.281248,1,975.6431,6332.193,931.03033,713.68744,158,153,146,0.999999999993671,5.0187244,4.735471,6.4902754,2713.6594,5061.26,154151.61,11.945699,0.19689615070819855,0.0
"Context:
She organized a gallery opening where the artist’s proper name had to appear on every label. The curator insisted on certain actions during the event, including a short speech and a timed reveal. Weeks of promotion meant the publicized items arrived with expectations attached. When the doors opened, the crowd treated the names like brands.",87.57061,4.4724455,794,10.09375,1,1103.1199,9289.694,1099.314,909.2743,93,91,86,0.9999999999892473,4.502787,4.2235017,8.421291,2663.2961,4184.8594,102590.15,11.5385065,0.7467649579048157,1.0
"Context:
Inside the renovated station hall, antique signage set the tone, but the crowd was all modern devices and camera flashes. People traded names of performers and politicians while pointing at brand kiosks that looked built for photos. A laptop on the coordinator’s table showed tool logs, and a short run instruction was repeated to confirm the site was stable for the campaign spike. Volunteers tracked which doorway pulled the most traffic and repositioned stands to redirect lines. The whole night felt like a story about places and names, told through data.",159.71263,5.073376,795,10.849997,0,1156.1726,6389.099,1056.2384,816.24475,111,107,104,0.999999999990991,4.659573,4.3799753,5.5260773,3117.0117,5091.8755,128335.164,11.762408,0.30629825592041016,0.0
"Context:
The museum rented out handheld audio guides rated at 16 GB storage with a 3.5-inch screen and a 10-hour battery, model AG-160. I picked mine up at the counter beneath a portrait of the explorer whose expedition mapped the coastline in 1778. The exhibit labels kept referencing the Royal Society archives and the port city where the ship was built. When we reached the final hall, the device automatically switched languages and displayed the gallery’s location code.",31.837833,3.4606552,796,7.093748,1,928.9174,3590.1848,751.988,698.12555,110,105,99,0.999999999990909,4.63271,4.4196258,3.8649127,2623.3374,3557.742,102180.914,11.53451,0.7022514343261719,1.0
"Context:
I once asked a monk why he believed in a deity that never answers out loud, and he smiled instead of arguing. The next morning he handed me a bowl of yogurt and said the kitchen was his form of prayer. I’m sharing it because it happened to me, not because I’m trying to win a debate. The memory has the tang of dairy and the calm of devotion.",29.407644,3.3812547,797,8.143751,1,810.92236,3897.818,757.3078,545.6926,92,84,81,0.9999999999891304,4.3955545,4.17038,4.8066473,2424.6194,3427.8943,74604.86,11.2199745,0.7188745141029358,1.0
"Context:
I tried a new pasta recipe and kept tasting the sauce, adjusting the salt until it finally felt balanced. After dinner, I set up a small canvas and worked on a painting while music played low in the background. The next day, friends invited me for a long walk by the water, and we ended up stopping for coffee and talking for hours. Later that night, I wrote a careful review of the kitchen knife I’d used, praising the edge retention and complaining about the handle.",17.583149,2.866941,798,6.625,1,1062.6049,6283.929,880.5418,782.3891,120,119,110,0.9999999999916667,4.7759385,4.5220833,5.9137025,2780.7039,3942.0198,127512.58,11.755979,0.41873282194137573,0.0
"Context:
Marta posted a photo outside the Louvre with the caption done at last after finishing her thesis. She named Professor Dubois and thanked the Sorbonne library staff in the same breath. Friends replied with noisy enthusiasm, and the thread ended with <|endoftext|> stuck on like a quirky footer. It looked like an exported feed full of proper names and celebration.",188.83936,5.2408967,799,13.149995,1,779.4087,3372.1807,698.75385,430.71976,157,142,138,0.9999999999936307,4.9237976,4.7403374,4.3265886,2291.8027,3269.9187,122367.164,11.714789,0.5626664161682129,1.0
"Context:
He ordered a watch online and got a shipping notice before lunch. In the same cart he added a hoodie and a pair of sneakers, hoping the sizes would match the chart. When the package arrived, the fabric felt softer than expected and the color looked slightly darker. He kept the receipt just in case.",33.826984,3.5212588,800,8.4,1,1062.8838,3026.2788,742.92224,792.9524,79,77,77,0.9999999999873417,4.334351,4.13799,2.8472338,2587.2622,2983.487,83967.82,11.338201,0.5349579453468323,0.0
"Context:
The equipment coordination portal approved his registration, unlocking network actions and a dashboard of service availability. He spent the morning cooking for volunteers, then switched to a craft table where he made labels for small cosmetic samples. After a brief religious service, he wrote a formal update email that told everyone what action to take before nightfall. Later, the grant type for a favela program demanded strict accountancy, a reticle-assisted inspection photo, and a specific lubricant for the generator, and the stress nearly tipped into hallucinations as proper names and publicized items filled the sponsor banner.",310.05588,5.7367525,801,12.387499,0,1793.7245,11438.06,1781.7274,1242.5925,159,152,142,0.9999999999937108,5.0078726,4.6955466,6.376709,5209.1704,8612.176,285202.2,12.560957,0.10647614300251007,0.0
"Context:
A theater-themed venue hosted the showcase, mixing indoor velvet seating with an outdoor line that wrapped the block. Guests shared names of public figures and artists while posing with a sponsor product display in front of a wall tagged with the location. In a side room, a developer ran a quick command to validate tracking and then spoke with marketing about the next ad drop. Volunteers monitored traffic patterns through doorways and logged where clusters formed. The retro aesthetic made it charming, but the structure made it unmistakably strategic.",117.669395,4.767879,802,11.174998,0,1056.7534,7014.644,1024.5125,753.3921,153,150,139,0.9683544303736181,5.0032554,4.69732,6.6379194,2655.0647,5581.259,161683.28,11.993401,0.18130908906459808,0.0
"Context:
The software license stated that maintenance coverage would last one year from activation. Legal reviewed the clause about automatic extension and flagged the fee increase after the initial period. Engineering asked whether the uptime guarantee applied during scheduled upgrades. The contract manager replied with a precise timeline and a table of milestones. Everyone relaxed once the dates were pinned down.",110.727715,4.707074,803,9.93125,1,956.68066,4241.552,722.93585,775.3819,98,96,92,0.9999999999897958,4.556676,4.343749,4.4336133,2251.2239,3543.618,93754.7,11.448448,0.6777008175849915,1.0
"Context:
At the workshop, his hands stayed on the lathe controls, and he watched the machine respond to every small adjustment. He moved from wrench to caliper to digital gauge, treating each tool and device as part of one careful routine. Later, he biked across town between two locations, a tiny bolt tucked in his palm so he wouldn't lose it. The ride was smooth until a sudden turn forced quick movement, and the bolt jingled in his pocket.",36.528065,3.5980809,804,8.549999,1,820.06854,5614.2007,731.97156,502.19543,148,127,122,0.9999999999932433,4.7671647,4.6989775,6.8460145,2230.424,2810.3271,121370.14,11.706609,0.8119861483573914,1.0
"Context:
The French plant manager described how the factory would operate on fewer shifts while still meeting demand. She pointed to a chart that showed leverage improving once the new machines were installed. Outside, a small procession passed the gate and sang a hymn for the local saint. By the time the meeting ended, French logistics and quiet religion had blurred into the same day.",69.43991,4.240462,805,9.25,0,1162.3103,5881.38,1096.6306,847.4641,79,76,73,0.9999999999873417,4.316803,4.0472445,5.060077,2785.5012,5833.5576,91822.516,11.427624,0.5822380185127258,1.0
"Context:
He clicked into a digital archive for research, then opened a memo about a bond issue and a software rollout. An official notice followed, describing an appeal process and a strict deadline for submission. At the venue, a medic stood by the stage while a referee handled a heated argument outside. Afterward, he checked into a cabin with a heater running, and on the way there he bought a hoodie and sneakers to replace what he’d forgotten.",62.569298,4.136275,806,8.25,0,982.091,4670.9365,902.45087,729.6137,102,98,97,0.9999999999901961,4.5654783,4.299802,4.756114,2724.4656,4533.67,100173.28,11.514667,0.6381824016571045,1.0
"Context:
During the class for new parents, we practiced swaddling and talked about feeding schedules. The instructor warned that glucose control matters during pregnancy and asked who had been screened. I packed a small snack for the train ride, choosing something that wouldn’t send my sugar soaring. By evening, I was comparing baby bottles and thinking about how quickly everything would change.",44.992023,3.8064852,807,7.8499994,1,1023.93933,6558.728,957.2656,785.97107,85,82,81,0.9659090908981146,4.3937235,4.148436,6.405387,2683.4019,4796.2925,87034.84,11.374075,0.733158528804779,1.0
"Context:
The Spanish swimmer broke the record, and the announcer praised her clean technique as a positive quality. After the final lap, she raised her fist and looked stunned by the successful outcome. In the stands, fans waved flags that made the whole arena look like a map. It was the kind of win that turns nationality into a loud chorus.",61.63302,4.1211977,808,9.099999,0,766.33386,7198.0864,815.00934,487.82523,101,100,97,0.9999999999900989,4.601395,4.2780604,9.392886,1853.7305,2171.0925,77399.72,11.256751,0.819715142250061,1.0
"Context:
The contract term was just forty-eight hours for an exclusive art installation at Riverside Spa, with only five tickets sold per slot. Hi, the curator said, originally from Seoul, while explaining the limitations and the small allowance for extra materials. An assistant gathered intelligence on a competing exhibit, then went outside to tend the tiny greenhouse and bring in fresh basil. Back inside, he placed frames along the corridor and kept glancing at his watch because time was running. The artist added one more layer of paint, boosting the quality and the number of finished pieces before the final session ended.",92.7895,4.5303335,809,9.018749,0,1026.2083,4400.851,771.3345,805.43036,148,144,131,0.9999999999932433,4.9562097,4.754888,4.288458,2736.2913,3490.148,151878.81,11.930844,0.10001429170370102,0.0
"Context:
The courtyard tables sat under heaters, blending open air with a room full of retro furniture and faded prints. People introduced themselves with full names and mentioned cities like they were collecting passport stamps, all while holding cups branded with the sponsor logo. In the corner, a teammate verified the build tool output, triggered a quick deployment, and then swapped notes about campaign performance. Volunteers watched where guests clustered and recorded movement between the indoor bar and the outdoor seating. The event felt like vintage atmosphere wrapped around a carefully tracked experiment.",166.11034,5.1126523,810,11.824999,0,1068.7084,5513.428,901.32135,811.4591,159,154,147,0.9999999999937108,5.0253096,4.7845054,5.1589646,2701.6553,4536.46,169924.62,12.043117,0.10191471874713898,0.0
"Context:
During the first week of autumn, the store manager waved customers in from the rain and offered warm, patient help at the counter. He kept the tone light, like the season itself had made everyone kinder. Outside, the canal was lined with reeds and water plants, and ducks drifted between them as if the street were part of a marsh. I left with my receipt and the feeling that people were extra welcoming this time of year.",37.641327,3.6281025,811,7.849999,1,911.8737,3923.6077,716.30945,671.0352,92,90,89,0.9999999999891304,4.491652,4.256314,4.302797,2134.5242,3216.7983,83892.38,11.337302,0.720915675163269,1.0
"Context:
In early January, the receptionist at the training facility greeted every visitor by name and kept things moving with calm efficiency. I was there for a professional workshop tied to yearly goals, and the instructor offered practical career advice without fluff. During a break, the staff helped a newcomer find the right room and didn’t make them feel awkward. The time period and the helpful personnel set the tone.",42.54473,3.750556,812,7.15625,0,908.21735,4223.9136,630.9756,723.8774,84,82,81,0.9999999999880952,4.39781,4.2322273,4.650774,1966.4237,2597.4734,76290.26,11.242313,0.6429961919784546,1.0
"Context:
He watched the airport display go quiet until the last check step, when activations flashed and the boarding group was cleared. A free magazine offered an excerpt that ended before the story’s resolution. He corrected his itinerary with a question mark where he was still undecided. Minutes later, leisure travel felt close enough to touch.",174.69167,5.1630225,813,11.71875,0,1261.0734,8111.8306,1265.0765,827.6942,77,76,76,0.9999999999870129,4.325802,3.987874,6.432481,3345.2966,6337.568,97102.65,11.483534,0.6673484444618225,1.0
"Context:
The prayer starts with O Lord and ends without any explanation, like someone pasted only the devotional part. I added a note underneath saying I found it comforting, even if I’m not sure why. The whole item reads like a personal reaction attached to a religious fragment. — End excerpt —",104.9034,4.65304,814,9.5625,0,703.1036,3236.7544,541.8145,492.94138,75,74,68,0.9868421052501731,4.2990055,4.073489,4.603524,1694.8031,2493.0635,52732.77,10.873012,0.6101759076118469,1.0
"Context:
In one sentence, Hudson was a river, and in the next it was a family name. The same page used Apple as a fruit in a recipe and as a company in a business blurb. The shifts were subtle but clear from the surrounding context. She rewrote nothing, trusting readers to follow the proper nouns.",58.159843,4.063195,815,9.8125,0,1011.1605,4209.3853,853.1853,724.5261,69,68,68,0.9999999999855071,4.214015,3.9303513,4.162925,2660.3328,3728.5442,69770.08,11.152975,0.6374799609184265,1.0
"Context:
The broker walked us through a condo listing, emphasizing the neighborhood name and nearby streets like they were selling points on their own. I tightened a loose towel bar with a small screwdriver, then slipped the tool back into my pocket. My friend who came along is pregnant and quietly managed her diet, sticking to a small snack because her glucose numbers have been touchy. A little plush dinosaur in her bag bounced as the lobby television reported clashes, corruption accusations, and a rough day on the market.",93.288605,4.535698,816,9.6875,0,941.1965,3423.57,671.73676,790.0477,153,147,139,0.9999999999934641,4.9760733,4.799967,3.6374657,2305.0156,3019.1736,144003.06,11.877597,0.18238893151283264,0.0
"Context:
The studio hosted an invite-only class where the instructor allowed us to rearrange the canvas stands however we wanted. I placed my easel near the window and worked on a small sketch until the shading looked richer. The teacher kept nudging the quality upward with tiny corrections rather than big speeches. By the end, the room felt exclusive in the best way.",65.178566,4.1771307,817,10.174998,1,792.0544,3681.9138,688.81146,509.94824,112,108,105,0.9824561403422591,4.668988,4.4328623,4.648562,2192.3008,3587.54,88710.09,11.39314,0.7337051033973694,1.0
"Context:
When Google hosted the workshop at King’s College London, Dr. Chen ran the final demo without a hitch. The room turned lively the moment the last task was completed and the projector finally behaved. People kept repeating the proper names—teams, labs, sponsors—like they were badges earned in real time. I walked out energized, as if I’d borrowed some of that excitement.",66.217674,4.1929474,818,8.875,0,952.4744,3766.704,712.95966,769.11487,113,108,103,0.9999999999911504,4.6660466,4.490945,3.9546516,2254.6882,3711.995,107629.61,11.58646,0.644072413444519,1.0
"Context:
The import tool required a clear terminator, so he added End of text/input. Earlier in the same file, he had written about luxury suites at the Ritz and a chauffeur in a Bentley. The marker told the parser to stop reading. He ran the job and watched it complete without errors.",103.83946,4.642846,819,9.962498,1,804.29083,3179.9172,727.0608,455.91574,71,68,67,0.9999999999859155,4.2041035,3.9284995,3.953691,2232.3032,3053.1272,57104.65,10.952659,0.6343162655830383,1.0
"Context:
My notes started as correspondence with the finance office, then turned into a checklist of what action to take next. I added a reminder about lubricant types for the printing press and a line about cleaning the reticles on the inspection scope. The spreadsheet included accountancy codes, and I tagged the right grant type for reimbursement. After a weekend of travel and leisure to reset, I came back feeling steadier. By the end of the week, the stress had been giving me waking hallucinations, so I took a day off.",68.736145,4.230275,820,10.78125,1,1112.4514,7237.983,1036.774,805.9401,153,146,143,0.9999999999934641,4.9670124,4.701449,6.5063357,3198.601,4912.2183,170205.06,12.044765,0.17974570393562317,0.0
"Context:
The cruise ship’s concierge desk booked entertainment seats, but the dining crew was stressed because the Whirlpool dishwasher wouldn’t drain fast enough. After clearing a clog from the hose, the machine resumed its steady hum. I visited the onboard office to fax documents for an adjudication dispute and answered a VoIP call about kidney markers and bladder follow-up. That night, fantasy trivia mixed fictional names with media creators, politicians, and academic fields while the galley appliances ran their routines behind the scenes.",147.425,4.9933195,821,10.875,0,952.58093,6389.099,965.81616,564.6711,195,184,172,0.9999999999948719,5.194798,4.90188,6.707146,2786.7793,4301.8765,185753.28,12.13218,0.08058206737041473,0.0
"Context:
The novel’s dialogue felt flat until she fixed the punctuation at the end of each line. A whispered confession gained weight with a simple period instead of a comma. A sudden reveal needed a sharp exclamation point to land. End-of-sentence punctuation gave the scene its timing.",36.19515,3.5889251,822,8.162497,1,939.0599,4253.962,790.5421,675.1502,89,82,81,0.999999999988764,4.3796024,4.1876144,4.5300226,2363.3484,3521.6016,83576.33,11.333528,0.6378095746040344,1.0
"Context:
The gallery contract gave the painter exclusive rights to display the series for six months. It included an allowance for extra canvas and higher-quality pigments to raise the finish. On installation day, the curator chose careful placement for each frame so the colors would build in intensity across the wall. The artist kept adding layers, increasing both quantity and depth until the work finally felt complete. Opening night drew a quiet crowd that treated the room like a shrine.",44.172783,3.7881088,823,8.0625,1,995.696,6178.759,926.20123,741.18005,118,115,110,0.9999999999915254,4.7310057,4.467426,6.205467,2646.8567,5436.33,117492.125,11.674135,0.7199497222900391,1.0
"Context:
They checked into the Four Seasons and ordered breakfast with truffle omelets. Later, a physician examined a persistent cough and suggested a test. The day swung between luxury hospitality and medical care. He decided tomorrow would be quieter.",124.28503,4.8225775,824,11.237499,0,807.7241,4715.4214,746.06866,585.37256,63,61,59,0.999999999984127,4.099125,3.8418334,5.8379116,1951.1156,3781.8103,50886.62,10.837375,0.6195696592330933,1.0
"Context:
The caption under the photo read like one long breath without a stop. She inserted a period after the first thought and replaced the next ending with a question mark. The final line got an ellipsis to suggest hesitation. End-of-sentence punctuation made the caption match the mood of the image.",40.109337,3.6916091,825,8.94062,1,807.80524,3276.03,652.90356,666.79846,76,74,73,0.9999999999868421,4.2942524,4.0722313,4.05547,2323.1387,3109.8174,61393.2,11.02507,0.616807758808136,1.0
"Context:
I started with food preparation, grating citrus zest and whisking eggs until they turned pale. While the cake cooled, I mixed pigments for a small cosmetics experiment and poured them into tiny tins. The cleanup felt like a craft studio more than a kitchen. By the end, my hands smelled like oranges and wax.",64.38559,4.16489,826,7.9249988,0,751.62714,2625.8625,577.63007,509.55447,113,105,102,0.9999999999911504,4.6199813,4.4778175,3.4935706,2136.162,2578.1252,84933.87,11.34964,0.6751651763916016,1.0
"Context:
A developer on the forum used the Codemill toolkit to automate a marketing dashboard, and the thread listed actions like “deploy,” “rollback,” and “tag release” in plain language. I’d used the same flow in a previous sprint, so I knew exactly what they meant. The post also referenced a launch party at Nova Hall downtown, tying the tool talk to a real location. After the last command, the message ended without any follow-up.",54.084797,3.9905531,827,8.9625,1,987.5758,9175.711,1038.1215,668.31793,115,112,109,0.9999999999913043,4.708768,4.40405,9.291145,2414.7698,3855.368,113571.22,11.640194,0.7752971053123474,1.0
"Context:
He was originally from Bergen, so he slipped into the café with a relaxed hi like he belonged there. While time ran, he gathered intelligence by listening to the staff’s gossip. Before leaving, he placed the small packet under the chair and walked out calmly. No one chased him because nothing looked urgent.",74.29821,4.308087,828,8.9375,0,975.1169,4419.3003,874.8431,737.57434,64,63,60,0.9999999999843749,4.137222,3.8374267,4.532072,2803.8762,3927.2888,62407.48,11.041456,0.5900878310203552,1.0
"Context:
Their group planned a weekend getaway with no meetings, no alarms, and no rushed meals. They wandered through old streets, tried unfamiliar pastries, and took photos from every overlook. A ferry ride turned into the highlight, with gulls following the wake across the bay. Tourism felt less like a checklist and more like drifting through new air.",75.291466,4.321367,829,10.487499,1,814.85254,3723.6138,610.5386,625.6067,99,93,91,0.999999999989899,4.5005317,4.3557277,4.5696783,1831.2306,2781.0225,80670.4,11.29814,0.7136285305023193,1.0
"Context:
The service agreement lasted eighteen months, and the calendar reminders were set for the final week. In the hotel lobby, a coach rallied a nervous client and told him to focus on improvement rather than panic. Most of the pressure came from seeing the end date inch closer. When the term expired, he walked out feeling like he’d completed a long season.",66.38877,4.195528,830,10.831246,1,927.2365,3111.669,586.04395,812.8548,85,84,83,0.9999999999882353,4.426342,4.256155,3.355853,1982.8868,2558.9956,78815.1,11.274873,0.6810058355331421,1.0
"Context:
During the short trial, the app permitted only a few uploads per day. The interface kept listing allowances and limitations, as if it expected you to argue. I tested the edges anyway and hit the cap quickly. When the trial ended, the system locked down without warning.",66.42567,4.1960835,831,8.5125,0,1065.6931,3076.0977,634.0729,972.4565,56,51,48,0.999999999982143,3.9015758,3.8619576,2.8864758,2345.5215,2928.8,59678.816,10.996749,0.24570538103580475,0.0
"Context:
They hired a project manager to coordinate the rollout across regions. The proposal began with Copenhagen, Aurora Labs, and Jonas Mikkelsen in bold at the top. Names of offices and partner firms kept appearing as the document moved forward. The new lead insisted every stakeholder be named before the first milestone was discussed.",110.666176,4.706518,832,10.949999,1,753.9355,3070.6892,641.5498,474.88654,106,102,97,0.999999999990566,4.611127,4.370813,4.0728807,2121.3318,2960.5247,79917.164,11.288758,0.6746315360069275,1.0
"Context:
He guided the lathe with both hands, letting the motor do the heavy work. The cutting tool shaved the surface until it matched the gauge. After the piece cooled, he used a handheld device to check alignment and balance. Satisfied, he shut everything down and listened to the sudden quiet in the room.",36.73425,3.6037095,833,7.95625,1,1034.245,8352.181,1229.4701,553.9602,85,83,83,0.9999999999882353,4.4100327,3.9974,8.075631,2820.4731,6225.207,87910.83,11.384089,0.7729321122169495,1.0
"Context:
He read a program packed with proper names, sponsors, and featured guests. The listed actions included a signing, a demonstration, and a staged photo moment. Each publicized item had its own short description, polished to sound inevitable. Walking out, he realized he remembered the names more clearly than the content.",105.92646,4.662745,834,11.8375,1,1184.08,9232.702,1183.9868,927.8562,75,73,71,0.9999999999866667,4.2805214,4.0087643,7.7973638,2985.2756,5038.921,88806.0,11.39422,0.6756027936935425,1.0
"Context:
The lawyer booked a room at a downtown hotel and met the pastor in the lobby to discuss a family crisis. She kept reminding herself to stay professional even as the conversation turned personal. When the elevator opened, a coach from a youth club walked in with a suitcase and a rushed goodbye. By morning, departures had emptied the hallway.",49.689667,3.905797,835,8.825,0,936.1727,3413.8838,754.3049,663.8905,82,80,78,0.9999999999878049,4.372907,4.137874,3.6466389,2722.7385,3310.9727,76766.164,11.248532,0.6092854738235474,1.0
"Context:
Before curtain, the singer measured breath control and treated the body like the engine of the whole performance. A runner arrived with a last-minute delivery, and the crew celebrated the capability to hit deadlines without slipping. Meanwhile, a formal panel on humaneness and policy procedure played out under lights, with small name tags lined along the table. The venue’s layout mattered because the next scheduled segment required a specific spot near the right wing. As the night moved from one phase to the next, ushers and attendees drifted through corridors, pockets full of small objects that clinked while they walked.",96.36975,4.5681925,836,9.524998,0,1028.8334,6283.929,847.1968,815.47815,169,159,149,0.999999999994083,5.0447736,4.8643274,6.10782,2660.1692,3523.5618,173872.84,12.066085,0.057146985083818436,0.0
"Context:
I compared two laptops by reading their screen size, refresh rate, and the exact weight down to the gram. The spec sheet listed ports, battery capacity, and the storage type in clean, narrow columns. In the store, I held each model to see if the chassis flexed the way the numbers suggested it might. Before leaving, I snapped a photo of the warranty details and the listed operating temperature range.",30.721052,3.4249482,837,7.3499994,1,1162.4641,5422.494,901.7439,977.05786,90,85,80,0.9999999999888889,4.4227934,4.2462583,4.664655,2929.803,3791.4456,104621.766,11.558117,0.6353491544723511,1.0
"Context:
A banner at the entrance named the sponsors and printed their acronyms in bold under each logo. Past the doors, I saw lighting fixtures, a stack of chairs, and an instrument demo station, plus a cosmetics counter offering testers. A side exhibit explained a technical process in medical and chemical language, complete with caution notes. The group later walked through a historic neighborhood with plaques and named figures, and the evening ended with Korean dishes and a loud Korean track that everyone seemed to recognize.",104.711044,4.6512046,838,11.049998,0,1151.5388,8741.466,989.5515,982.8799,124,116,109,0.9999999999919355,4.7308426,4.557821,7.5911183,2412.689,4163.794,142790.81,11.869143,0.234374538064003,0.0
"Context:
Nordic Rail, Copenhagen, and Sara Lind were on the first line of the briefing. I requested an API key to access the project’s status feed without using the shared login. The note listed partner organizations, city offices, and named contacts in quick succession. By the second paragraph, it read like a roll call of proper nouns.",127.51234,4.848213,839,10.831247,1,894.3645,4739.8506,704.2706,721.9694,88,86,84,0.9999999999886363,4.4458313,4.2276406,5.299686,2017.9742,2960.806,78704.08,11.273463,0.7246091365814209,1.0
"Context:
Nora opened her laptop and saw an invitation from Phoenix, which turned out to be a startup rather than a city. At the door, she greeted Miles, then later read Miles again on the schedule as a keynote sponsor. Someone mentioned Mercer in a hallway and Nora thought it was a person, until she saw it on a banner as a firm. By the time she left, the same capitalized words had become people, places, and brands depending on the moment.",64.41175,4.165296,840,9.299999,1,781.02216,3740.9604,659.04065,580.8908,121,113,109,0.9999999999917355,4.704135,4.5224032,4.789826,1907.9049,3561.7283,94503.68,11.456405,0.7337051033973694,1.0
"Context:
In the lab notebook, the technician logged a 0.9% sodium chloride solution and noted the exothermic step during neutralization. A separate page described the catalyst by its CAS number and the required pH range for the process. That evening, the same writer posted a review of a weekend workshop where guests plated citrus gel spheres and compared the tasting menu to the photos online. The comments section filled with people rating the experience as both a culinary creation and a small artistic endeavor.",69.21337,4.237194,841,8.524996,1,860.5949,4613.525,773.3558,505.79767,177,163,155,0.9833333333278704,5.0664983,4.852977,5.360856,2595.763,3055.5525,152325.3,11.93378,0.08705181628465652,0.0
"Context:
At Northshore Spa, the sauna could be reserved in fifteen-minute blocks, and each slot felt strangely precious. The attendant said only a small number of guests could enter at once for safety. An exclusive evening session sold out before lunch. One visitor watched the clock and tried to stretch the short visit into something longer. When the bell rang, the room emptied immediately.",37.99198,3.637375,842,7.4000006,1,1014.8202,4537.0576,882.53906,646.1325,105,105,100,0.9999999999904762,4.653961,4.336085,4.4707994,2963.371,3650.714,106556.12,11.576436,0.6557760238647461,1.0
"Context:
He loaded the bike onto the train and watched a horse trailer rumble past the platform. At the next stop, a farmer carried feed sacks and nodded in thanks when someone held the door. He offered his seat to a stranger with a tired child and then stood near the exit. The trip felt longer, but the gesture made it easier to bear.",43.362972,3.7696059,843,7.865624,1,892.8427,2758.9941,602.9944,716.9877,88,86,85,0.9999999999886363,4.4458313,4.274148,3.0901234,2157.2915,2723.218,78570.16,11.27176,0.6834728121757507,1.0
"Context:
A log file bloated overnight with lines that contained nothing but []. She searched for errors and found none, only more emptiness repeating. The next run finally ended with a short confirmation message. The abrupt stop felt like a breath held too long being released.",184.27185,5.216412,844,12.987498,1,817.78174,4007.9128,701.0124,598.3447,66,62,62,0.9999999999848485,4.1056366,3.9015918,4.9009566,2120.8296,3169.3862,53973.594,10.896269,0.6201007962226868,1.0
"Context:
She booked a late-spring trip and chose a small coastal town for quiet evenings. The days filled with bike rides, café stops, and long walks along the harbor. A local guide pointed out a lighthouse tour and a museum that stayed open late for visitors. By the end of the week, leisure had a rhythm that felt easy to keep.",30.655672,3.4228177,845,8.040625,1,1259.2098,5820.0693,997.6477,1010.2204,79,75,72,0.9999999999873417,4.2992554,4.120626,4.622001,3103.7747,5200.2324,99477.58,11.507698,0.5375376343727112,0.0
"Context:
At the top of the document, a headline named the venue, the host, and two partner organizations, followed by a short string of capital letters. Inside the gallery, I drifted past pendant lights, instrument cases, and an industrial mixer presented like sculpture. A placard next to one installation described a technical process using dense chemical language that made my eyes slow down. The tour guide then pointed out the old fort across the river and the director who filmed a classic scene there, and the night wrapped up with tteokbokki and a playlist of Korean hits.",59.252422,4.0818067,846,10.5375,0,1120.7285,8993.806,1232.1782,863.6661,162,160,152,0.9938650306687493,5.0704813,4.7139416,8.024964,2976.4934,7242.3687,181558.02,12.109336,0.08188502490520477,0.0
"Context:
I don’t know if God listens, but my father talks to him as if the answer is certain. I’m writing this because it’s how my home sounded for years, not because I want to argue. The prayers were always followed by a quiet statement of fact, we did our part. That blend of deity talk and personal reflection is my clearest memory of him.",30.376026,3.4136536,847,6.284374,0,1061.5067,5820.0693,944.65234,770.44824,82,75,74,0.9999999999878049,4.288377,4.121892,5.482837,2497.336,4885.858,87043.555,11.374175,0.5945330262184143,1.0
"Context:
She whisked eggs and folded herbs in, focused on the smell changing as heat built. Then she tried a new face mask recipe, mixing powder and water until it spread evenly. A craft project followed, with paper cut into precise shapes for a collage. Running to catch the bus turned the day’s gentle work into sudden exertion.",77.338524,4.348192,848,10.124999,1,943.5507,3680.0627,702.8248,802.8406,118,114,110,0.9999999999915254,4.723692,4.5221324,3.9002283,2144.085,3077.4802,111338.984,11.620344,0.6331595778465271,1.0
"Context:
The discharge note explained treatment for pneumonia and listed a pulmonologist’s contact details. It also named the hospital and department in formal headings and repeated them near the signature. The page mixed medical professionals with institutional proper names. He folded it carefully and left it by the phone.",93.39943,4.5368853,849,10.2625,0,1029.4448,3662.0354,783.7885,818.76447,81,77,75,0.9999999999876543,4.3195305,4.133382,3.5572915,2682.7407,3129.0513,83385.03,11.331236,0.5780466198921204,1.0
"Context:
In the hotel conference room, the coach ran a session on mindset and promised better results at work and on the field. He moved seamlessly into a pitch for paid coaching, speaking like a seasoned closer. A lawyer at the back told himself to watch for exaggerations, while a doctor beside him noted how tired everyone looked. Between talks, a pastor asked a stranger what was going on inside and got an honest answer about fear of failure. Later, most people streamed toward departures, and the lobby felt quieter than it had all day.",48.73765,3.886452,850,8.862499,0,969.1289,4296.069,730.44714,763.44885,129,128,122,0.9999999999922481,4.8490653,4.6255817,4.432918,2247.6208,3911.3042,125017.625,11.736218,0.20826372504234314,0.0
"Context:
The contract PDF concluded with End of text/document. In the section above, it described diabetes care, insulin management, and follow-ups with an endocrinologist. The tag sat there like a silent signature. He highlighted the dosage note and emailed the doctor’s office.",139.89014,4.9408574,851,12.949995,1,965.3078,6461.989,935.62964,775.1493,73,73,71,0.9999999999863013,4.2904587,3.9796333,6.6942263,2333.038,4856.0654,70467.47,11.162921,0.7453817129135132,1.0
"Context:
A storm knocked out power at the warehouse, and the freezer alarms started chirping nonstop. The partnership with the delivery carrier faltered when routes were rerouted for days. Calls turned sharp as each side blamed external disruptions. By the weekend, the collaboration looked fragile and purely reactive.",104.57732,4.6499267,852,11.987498,0,701.7265,3065.0737,579.96735,445.63553,99,94,88,0.999999999989899,4.5251055,4.3242164,4.367904,1889.854,2737.2002,69470.92,11.148678,0.6753573417663574,1.0
"Context:
The cafe sat in a renovated warehouse by the harbor, and the address was the first thing on the invite. Inside, the walls were covered in warm wood panels and old posters that made everything feel curated. A small sign by the bar said “vintage night,” but the crowd looked like they’d come straight from meetings. When the host started speaking, the room felt like a pop-up event that could vanish tomorrow.",29.779316,3.393814,853,7.749997,1,1054.5902,6336.514,790.1399,883.3359,95,95,90,0.9999999999894736,4.553877,4.3494487,6.008508,2056.9143,3362.9219,100186.07,11.514794,0.7012526988983154,1.0
"Context:
The locksmith arrived with a small device that looked like a pen but worked as a precision pick tool. He asked for the exact location, then wrote Baker Street as a proper noun on the work order. After he fixed the stuck latch, he pointed out that the building’s real estate manager should replace the whole cylinder soon. I kept the tiny tool in mind for my own kit.",44.016884,3.7845733,854,7.149999,0,909.74976,6418.589,848.0013,629.8138,119,115,108,0.9999999999915966,4.7325263,4.4738207,7.055335,2478.7537,4066.2837,108260.22,11.592302,0.7540103793144226,1.0
"Context:
The atrium display was arranged in a clean grid, but the rugs, lamps, and faded prints made it feel like a curated throwback. A sponsor’s brand was printed on every badge, and a few guests with recognizable names drew attention as soon as they walked in. Someone in the back verified a tool log, pushed a quick update, and then joined a conversation about the campaign email timing. Staff observed where people stopped, recorded the flow, and repositioned signage to smooth the path. The place felt nostalgic, yet every movement was being counted.",86.23997,4.457134,855,10.549999,0,1014.8415,5436.8525,906.5149,665.2269,140,132,123,0.9999999999928573,4.8586884,4.619727,5.3573422,2810.2192,4074.0225,142077.81,11.864138,0.20177200436592102,0.0
"Context:
An ad for headphones flashed a spec table with impedance, weight, and battery hours, and I clicked it while standing in line at the hardware store. I still had sawdust on my hands from home repairs, a dental reminder on my calendar, and tax forms waiting next to my savings account login. The café TV carried another Brexit negotiation update, framed as a deal that might finally close the chapter. At the university, a biography seminar drifted into philosophy and class, a lecturer spoke about blessings, the VR suite demonstrated a new education module, and I later cooked dinner and reviewed the headphones I didn’t buy.",98.73704,4.59246,856,11.037499,0,981.2038,4782.9365,910.7726,636.0611,142,134,125,0.9999999999929579,4.8740406,4.6269636,4.87456,2672.221,4452.5586,139330.94,11.844614,0.1584610790014267,0.0
"Context:
At the airport hotel, a coach paced by the meeting rooms while families waited for their early departures. A legal clerk reviewed contracts at a corner table, and a senior lawyer joined for a whispered conversation. In the lounge, a pastor offered a short prayer to someone who had missed a flight. The whole place hummed with rolling suitcases and muffled announcements. When the bus arrived, everyone stood at once as if the building itself had been holding its breath.",46.47899,3.8390005,857,8.599999,1,869.12964,4138.8955,701.0546,712.1139,154,153,142,0.9999999999935065,5.0279503,4.7862463,4.7621145,2043.4558,3931.957,133845.97,11.804452,0.21298077702522278,0.0
"Context:
He completed registration and entered the equipment coordination professionals network, where service availability was tracked with colored blocks. He spent breaks cooking, experimenting with cosmetics, and finishing crafts, then sprinted across the venue and felt the exertion in his throat. A short prayer steadied him before he wrote an email that stated what action to take about a missing cable. The night demanded favela grant accountancy for a specific grant type, reticle-based documentation, and the right lubricant for equipment, and hallucinations threatened while proper names and publicized items flooded the event broadcast.",353.05618,5.866627,858,12.899998,0,1763.4282,11438.06,1883.5989,1239.1423,162,150,141,0.9999999999938273,4.9849086,4.6813784,6.486263,5395.766,9663.106,285675.38,12.562614,0.10647614300251007,0.0
"Context:
The municipality’s plan treated the marsh as an asset that filtered water and reduced flooding risk. They budgeted for boardwalk repairs, pumps, and maintenance vehicles alongside habitat monitoring. Under natural resources, they tracked fisheries and tree cover as part of long-term resilience. The spreadsheet made the ecosystem look tangible, with a cost and a value.",80.11258,4.383433,859,9.643749,1,958.3684,5312.5615,927.4035,541.5801,91,87,86,0.9999999999890109,4.449924,4.152338,5.5433397,2694.961,4348.653,87211.52,11.376103,0.6513262391090393,1.0
"Context:
The press release mentioned Microsoft twice and framed the launch as a step toward enterprise adoption. Traders immediately debated the earnings guidance and the impact on cash flow. To validate the rollout, I generated an API token and tested the new payment endpoint. The internal memo repeated the same product tagline in three different sections.",117.1645,4.763579,860,10.937499,1,1153.2169,3482.9553,774.35333,1017.0421,90,89,85,0.9999999999888889,4.484407,4.2791567,3.0202084,2613.2703,3282.6492,103789.52,11.55013,0.6601205468177795,1.0
"Context:
The resort’s buffet reopened once the Whirlpool dishwasher drained properly, and the staff looked relieved as clean plates returned. I used a fax service near the lobby to submit paperwork for an adjudication case and then got a VoIP update about kidney labs and a bladder scan schedule. Later, a fantasy movie played by the bar, and guests kept dropping names of characters, directors, politicians, and university fields. In the background, the kitchen appliances ran their routines like a metronome.",163.28859,5.095519,861,13.024998,0,877.9216,4878.2466,736.7048,628.1555,161,147,143,0.9999999999937889,4.9608574,4.8010554,5.556586,2203.29,3295.6345,141345.38,11.858969,0.17143847048282623,0.0
"Context:
The editor opened the draft and saw End of text twice at the bottom, like two stamps on the same page. A few lines above, another footer declared End of text/document, and the spacing beneath it was perfectly empty. In the submission portal, the upload preview warned End of text/input when she tested a longer version. The marketing sheet for the add-on features finished with End of text/short descriptions of items/products/services, which made her wince. She spent the afternoon deleting every marker so the reader would just reach a natural stop.",70.5375,4.2561445,862,8.824999,0,1263.864,6067.252,988.1764,1059.7683,120,113,107,0.9756097560896292,4.6950727,4.526458,4.800557,3126.602,4637.7905,151663.69,11.929427,0.2669163942337036,0.0
"Context:
In preseason, the stadium staff tested the gates and answered questions with brisk confidence, then by winter the crowds moved differently and everything felt tighter. Late in the year, an old drainage pipe burst near the river walk, leaving a slick patch that shut down part of the trail. Thick vines and weeds quickly spread along the damp edge, and stray dogs started hanging around the water. The season changes and the sports calendar made the mess feel like it came in phases.",86.16533,4.456268,863,9.112499,1,880.34143,4119.8203,680.61096,699.11206,150,139,127,0.9999999999933334,4.9019976,4.7524185,4.679798,2150.9324,3108.877,132051.22,11.790953,0.2854074239730835,0.0
"Context:
At the end of the chapter, she typed End of text/document. In the same breath, she added End of text/short descriptions of items/products/services because the appendix was just listings. The combined ending made the structure explicit. She printed the manuscript for review.",86.66119,4.462006,864,10.5875,0,1018.3751,3346.3499,762.7869,774.96735,62,60,58,0.999999999983871,4.0824146,3.88567,3.2859695,2875.8057,3199.0679,63139.258,11.053114,0.5460888147354126,0.0
"Context:
The community garden harvested basil and tomatoes for a shared meal, and I carried the crates like it was my turn to contribute. Someone poured pitchers of lemonade while volunteers thanked each newcomer and invited them back next weekend. The organizers kept the tone warm and made sure no one left without taking home something. Plants and neighborly customer-service energy filled the whole afternoon.",92.03133,4.522129,865,10.3125,1,917.7511,4034.1135,763.9019,641.7215,95,92,88,0.9999999999894736,4.5100994,4.2733593,4.395651,2563.1943,3420.9717,87186.35,11.375814,0.7139336466789246,1.0
"Context:
On the first Monday of September, the front desk felt busy but not tense. A visitor came in flustered, and the receptionist slowed her down with a warm greeting and a steady voice. He walked her through the forms without making her feel stupid. She left saying she had expected a hassle, not kindness.",33.140892,3.500768,866,7.0,1,788.433,3199.3423,612.45764,585.73676,60,59,59,0.9677419354682623,4.07124,3.839064,4.057849,2021.8763,2674.235,47305.98,10.764413,0.5997591614723206,1.0
"Context:
During a trade fair in Berlin, Emil visited booths run by Siemens, Adidas, and smaller organizations he’d never heard of before. His colleague Anna kept pointing out that “Keller” was printed three times on a single badge, and then Keller was called again over the loudspeaker. After the expo, Emil checked into the Hotel Adlon Kempinski and ordered a luxurious breakfast that made him slow down. The following morning, he met a physiotherapist about a shoulder injury and learned a treatment plan with exercises and follow-up. The whole week felt packed with proper names, repeated names, luxury services, and medical appointments across a changing map of places.",43.217125,3.7662368,867,8.912499,0,808.8533,4670.9365,790.9274,497.92136,187,175,167,0.9999999999946525,5.142149,4.8719473,5.7747636,2663.0828,3818.036,151255.56,11.926733,0.057146985083818436,0.0
"Context:
The creek ran clear after the rain, and wildflowers crowded the stones along its bend. A pair of ducks drifted through a patch of tall grasses and disappeared into the brush. Somewhere deeper in the trees, something larger moved and then went silent. It felt like a small world built around water.",37.537716,3.6253462,868,8.5,1,1006.0383,6461.989,1028.6448,732.4599,55,52,51,0.9999999999818182,3.9317174,3.6538377,6.4232035,2754.9146,4651.0435,55332.11,10.921126,0.5867711901664734,1.0
"Context:
The email invitation began by naming the host, the partner organizations, and an acronym that kept appearing on the attachments. At the venue, I browsed lamps, furniture samples, and a display of new instrument accessories while someone offered a citrus cleanser to try. A short seminar followed, full of medical and chemical terms describing a specific process and its measured outcomes. We then walked through an old district tied to a celebrated historical figure, and later shared kimbap and spicy rice cakes while Korean pop played in the background.",93.54812,4.538476,869,10.4375,0,1079.4102,8741.466,1096.8955,760.5304,115,108,104,0.9999999999913043,4.660549,4.397994,8.098372,2539.317,4138.8955,124132.164,11.72911,0.3953370451927185,0.0
"Context:
The travel guide included an excerpt about a hidden beach, describing the path through pines and the first glimpse of water. Then the excerpt stopped before it named the town or the map reference. She folded the page corner, half amused by the tease. The end of the text excerpt made the destination feel like a secret.",58.628162,4.071215,870,9.34375,1,890.1052,4876.137,803.91626,639.5693,92,85,81,0.9999999999891304,4.4049354,4.223345,5.4781585,2290.5664,4096.9175,81889.68,11.313141,0.6628824472427368,1.0
"Context:
Aalborg, Denmark — The North Jutland Museum opened its new exhibition with a banner naming the curators, the sponsor organizations, and the event’s acronym, NJM25. The first paragraph of the brochure stacked place names, donor companies, and the project title before anyone got to the story. Inside, rooms traced the city’s harbor strikes, the politicians involved, and the dates that reshaped the region’s history. A final wall credited the film studio that produced the documentary clips.",47.652824,3.863942,871,9.375,0,824.26154,4254.4375,685.5923,555.4649,172,165,156,0.9999999999941861,5.0880327,4.870247,5.1615143,2260.167,2997.4412,141772.98,11.861989,0.14306442439556122,0.0
"Context:
After the batch finished, I plotted the end of sequence activations and saw them peak right before the stop marker. In the same run, I used a professional network portal to coordinate a camera kit and confirm service availability for tomorrow. The site refused to proceed until I met the user registration requirements and checked the last-minute conditions. I saved the graph and the booking confirmation in the lab notebook.",126.25156,4.8382764,872,10.6875,1,2012.1475,8781.995,1924.6326,1324.9021,75,72,72,0.9999999999866667,4.2620373,3.944861,4.3644886,6457.0728,8498.172,150911.06,11.924453,0.6381427049636841,1.0
"Context:
A former player filmed a short video about discipline, mindset, and building a life that matches ambition. He sold a course that mixed personal development exercises with drills borrowed from training camps. Comments poured in from viewers saying the advice pushed them to apply for promotions and run their first race. The next clip announced a limited offer and a private coaching group. By evening, the inbox held a receipt and a schedule for weekly check-ins.",67.07705,4.205842,873,8.924998,1,1052.0889,8412.269,1010.3555,818.4274,113,113,107,0.9999999999911504,4.7273874,4.4232917,7.995777,2600.6648,4350.9536,118886.05,11.685929,0.6909617781639099,1.0
"Context:
The quote I saved ends right after the line May the gods forgive us, and the rest is missing. It reads like someone tore a page from a novel and left only the prayer. I stared at the cutoff for a while, waiting for more. — End excerpt —",83.94833,4.4302015,874,12.599998,0,843.2151,4138.8955,661.1726,663.0664,64,61,59,0.9999999999843749,4.0939007,3.9198756,4.9084697,2175.7844,3030.412,53965.766,10.896124,0.6208239793777466,1.0
"Context:
A press release listed Reykjavík, Berlin, and the company GreenTech Innovations. It also repeated GreenTech Innovations twice more in the same short sentence. The overuse of the name made the message feel like a chant. She edited the final draft so the company appeared only once per line.",87.49573,4.47159,875,10.75625,0,829.34125,6137.601,796.3309,604.8634,81,74,73,0.9999999999876543,4.274646,4.0870924,7.4005737,1902.7856,3320.6096,67176.64,11.115096,0.7965474128723145,1.0
"Context:
I tested a new routine in my smart home setup that dimmed the lights and started the dishwasher after midnight. The code function had a silly name, and I laughed every time it ran successfully. In the background, my roommate played a fantasy game filled with enchanted artifacts and quest logs. The kitchen felt modern, but the mood was pure magic.",61.63334,4.121203,876,9.25,1,995.2788,7264.2773,908.7936,812.2776,96,92,90,0.9999999999895833,4.5065866,4.270377,7.2987356,2207.8506,3643.3572,95546.766,11.4673815,0.8047788739204407,1.0
"Context:
ICU NOTE — Dr. Larsen documented the patient’s SpO2 drop and ordered an arterial blood gas within the hour. The report began with the ward name, clinician initials, and the triage code before listing the lab values. It referenced hypercapnia, titrated oxygen flow in L/min, and the contraindication noted for the sedative. By the end, every line read like a mix of acronyms and technical terminology.",55.98741,4.025127,877,10.712499,0,741.6531,4531.2476,642.0024,513.9089,139,135,129,0.9999999999928059,4.894581,4.6445265,6.1096587,1976.2063,2883.0073,103089.78,11.5433655,0.5909786820411682,1.0
"Context:
I watched the press conference where officials tried to explain a failed deal and the jobs it would cost. Reporters kept asking about ties to foreign money and whether there had been backroom promises. When the minister dodged the question, the room erupted in disbelief. Later, the stock price dropped again, as if the market had already made its verdict.",37.750175,3.63099,878,8.9375,1,829.7833,4421.177,735.12805,555.70074,79,77,73,0.9999999999873417,4.327728,4.073684,5.32811,2000.3636,3826.123,65552.88,11.090628,0.6934559345245361,1.0
"Context:
The press packet was built from actions the team needed to complete and a long list of proper names for the credits. It also highlighted the publicized items that would be revealed at the livestream. I cross-checked every name against the official roster before it went out. The final document looked ready for the public.",79.894485,4.380707,879,10.412498,0,1510.3312,9061.727,1397.0009,1051.1866,69,69,62,0.9999999999855071,4.2341065,3.9321823,5.9998274,3243.7793,7416.9556,104212.85,11.5542,0.4707779586315155,0.0
"Context:
Previously, I reviewed press releases, so I’m used to intros that give the title and a one-sentence description and then end the thought immediately. Today’s piece did that with a headline about actor Mina Kaur and the NordWave phone launch in Stockholm. After the lead-in sentence, the page cut off as if the introduction were the entire article. I was left staring at the author line and nothing else.",66.32005,4.1944923,880,10.075,1,833.5152,5300.096,735.16437,551.70465,111,109,99,0.999999999990991,4.6845512,4.4206586,6.3587275,2178.4224,3022.5044,92520.19,11.435193,0.8259809613227844,1.0
"Context:
He kept writing Real Madrid again and again in his match recap. The repeated proper name in close proximity made the paragraph feel stuck. He replaced one instance with a nickname and another with a pronoun. The recap finally sounded like a story instead of a label list.",83.300644,4.4224563,881,8.962499,0,769.5137,2740.2974,539.4625,575.0856,88,79,75,0.9999999999886363,4.3355575,4.267433,3.5610769,1965.7281,2585.253,67717.2,11.123111,0.5896116495132446,1.0
"Context:
On the museum placard, a translated excerpt described the painter’s exile and then stopped abruptly. The last sentence trailed into a half-finished thought before the panel shifted to another topic. She read it twice, trying to imagine what came next. The end of the text excerpt made the story feel incomplete.",53.533474,3.980307,882,9.849998,1,874.4949,3941.3691,688.8128,657.8391,94,90,87,0.9894736842001107,4.4843035,4.2869644,4.5070233,2086.592,3039.3142,82202.516,11.316954,0.7246091365814209,1.0
"Context:
A magazine preview offered a few paragraphs of an interview, and the excerpt ended right before the celebrity answered the toughest question. The cut happened after a lingering pause, as if the recorder had been switched off. He stared at the bottom margin, annoyed by the sudden stop. The end of the text excerpt turned curiosity into irritation.",69.744415,4.2448373,883,9.643749,1,848.4661,3158.089,706.4781,619.14075,101,95,94,0.9999999999900989,4.5327673,4.326104,3.7221158,2246.3977,3084.124,85695.08,11.358562,0.6844611763954163,1.0
"Context:
In the catalog, LEGO appeared as a brand name next to a set of plain descriptions. A paragraph compared how Tesla looked in a headline versus a footnote. The editor typed End of text/input to mark the cutoff for the import script. Then she saved the file and closed the tab.",145.91254,4.9830074,884,11.5,1,921.1275,4329.2007,774.4461,611.2395,90,88,86,0.9999999999888889,4.4690037,4.206748,4.6998935,2449.5647,3224.3335,82901.48,11.32542,0.7151343822479248,1.0
"Context:
Madrid — The wire story began with Banco Iberia, Plaza Mayor, and the minister’s full name before it got to the details. Inside a rented office near Gran Vía, two teams tried to keep their partnership alive while a sudden policy change made the contract risky. Emails flew with brand references, payment networks, and market jargon that showed up again and again in every reply. At home, a washing machine repair took longer than planned, and while waiting for a part he called pest control, clipped a holster onto his running belt, and cleaned his sports eyewear for the next morning.",115.37779,4.748212,885,11.625,0,1193.2548,8781.995,1177.204,800.6296,195,187,176,0.9999999999948719,5.2161255,4.9227285,7.3596983,3650.463,5609.451,232684.67,12.357444,0.07656195759773254,0.0
"Context:
I diced tomatoes and herbs, then added a splash of vinegar and oil to pull it together. A handful of edible petals went in at the end, more for taste than decoration. The recipe leaned on plants from start to finish, with liquids doing the binding work. Dinner smelled like a garden.",76.91042,4.3426414,886,10.799999,0,736.498,2854.8525,574.42896,491.52573,71,69,66,0.9999999999859155,4.223629,4.0127444,3.876253,1897.4634,2667.828,52291.355,10.864606,0.6071609258651733,1.0
"Context:
The menu described caviar service and a tasting flight with a specific champagne label. It also listed the restaurant name and the chef’s name in oversized type. Luxury food and proper names were treated like the same kind of prestige. She took a photo before the waiter cleared the card.",86.00999,4.4544635,887,10.9,0,1152.1445,5293.387,983.9766,911.685,75,66,64,0.9999999999866667,4.1511335,4.0114055,4.594378,2897.714,4489.55,86410.836,11.366879,0.5351154804229736,0.0
"Context:
The attorney checked out early, but the coach insisted on one last meeting in the hotel lounge. He sold a self-improvement plan that blended leadership advice with sports routines and set a deadline before departures. The physician across the table introduced herself and suggested a slower schedule, and the lawyer reminded himself not to argue in public. A pastor overheard the tension and invited them to sit, letting each person speak about what they were feeling. By the time the whole conversation ended, the shuttle lights were blinking outside.",69.665504,4.2437053,888,9.749998,0,1009.45624,6642.946,820.5962,882.9558,145,139,134,0.9999999999931035,4.9193697,4.7402315,6.580717,2051.7556,4115.275,146371.16,11.893908,0.12147147208452225,0.0
"Context:
At the rural station, she loaded crates onto a small train, using a handheld scanner device to confirm each tag. Her interaction with the machinery was careful because the doors could pinch if she rushed. A dog trotted alongside the platform, and she gave it a biscuit while waiting for the transport signal. When the whistle blew, the animals were safe behind the fence and the shipment was on its way.",36.663914,3.601793,889,7.793749,0,787.61804,4034.1135,640.3817,581.41504,116,111,109,0.9999999999913792,4.6938376,4.490641,5.121916,2047.673,2857.0027,91363.695,11.422614,0.7337051033973694,1.0
"Context:
Helsinki — The memo opened with ArcticWare, the building address, and the CEO’s name before any explanation. In a conference room at Kamppi, the team debated whether a partnership should be paused after a public scandal touched their collaborator. A steady stream of messages kept repeating Nokia, payment processing fees, and forecast numbers as if repetition could make them clearer. After the last call, someone went back to a flat in Töölö, fixed a malfunctioning heater, updated a driver to get a docking station working, and waited for pest control while wiping rain off sports eyewear.",160.34248,5.077312,890,12.187499,0,809.61115,6599.528,787.8286,556.188,187,176,158,0.9999999999946525,5.149562,4.9188166,8.151479,2105.4763,4134.6167,151397.28,11.92767,0.08370799571275711,0.0
"Context:
At the auction, bidders whispered about the manor outside Roskilde as if the place itself carried a reputation. The brochure listed nearby landmarks, including a lake and an old station, and every proper noun was capitalized in bold. I toured the grounds and matched the plot lines to a satellite printout. When I signed up for updates, I typed the village name twice to avoid a typo.",75.11923,4.3190765,891,10.062498,1,796.16644,4325.43,733.3019,457.00232,166,156,149,0.9999999999939759,5.025323,4.7933464,5.4328218,2187.9905,3918.867,132163.62,11.791803,0.35794612765312195,0.0
"Context:
On Saturday he left Nørreport Station and followed the stream of bikes toward Søerne. The path dipped under the bridge by Dronning Louises Bro, where street musicians were packing up their speakers. He cut through Assistens Cemetery and emerged on Jagtvej near a bakery with fogged windows. The whole route felt like a map of proper names stitched into one long walk.",51.47541,3.9411042,892,8.575,1,689.0602,4207.2114,658.4489,392.61124,156,151,136,0.9999999999935898,5.0054226,4.696314,6.105724,1835.0968,3054.829,107493.39,11.585194,0.7375260591506958,1.0
"Context:
On the road trip, they listened to an audiobook sample excerpt that ended before the chapter’s payoff. She wrote a quick review and fixed the end-of-sentence punctuation so it sounded thoughtful. At a toll booth, the last token payment triggered activations in the lane light and the barrier lifted. The sequence of miles continued toward a weekend of leisure.",99.279816,4.5979424,893,9.568749,0,1039.5348,5047.5034,960.03827,751.73816,91,90,89,0.9784946236453925,4.4956255,4.176729,4.8555403,2762.3367,4891.537,94597.664,11.457398,0.6110883951187134,1.0
"Context:
He opened the can with a simple tool and drained it in the sink. The blender roared as he turned it on, and the whole counter vibrated for a moment. He checked the settings on the gadget and slowed it down so it wouldn’t splatter. When the drink was done, he rinsed the parts and set them to dry.",18.069687,2.8942358,894,7.049999,1,868.7314,4959.6074,876.387,494.46698,102,100,98,0.9902912621263078,4.592661,4.2638474,5.709023,2844.055,4748.2495,88610.6,11.392018,0.6863983869552612,1.0
"Context:
A store listing finished with End of text/short descriptions of items/products/services. It also praised a tasting menu, caviar service, and a branded champagne pairing. The ending line looked like leftover scaffolding from a template. He cleaned it up before sending the link.",181.49023,5.201202,895,12.087499,1,1023.1503,5352.1694,999.5214,670.3478,71,64,62,0.9999999999859155,4.1186333,3.8855994,5.2310686,2972.2017,3992.2927,72643.67,11.193336,0.6311273574829102,1.0
"Context:
At a hospital conference in Stockholm, Jonas listened to a panel on cancer therapies hosted by Karolinska Institutet and supported by a pharmaceutical sponsor. The moderator kept addressing Dr. Lindström, and the name Lindström surfaced again in questions, slides, and hallway greetings. That night, Jonas checked into the Grand Hôtel and celebrated with an extravagant dinner before taking an Audi to an afterparty. The next morning, a surgeon described a procedure in careful detail, and a nurse outlined the post-op care plan. Jonas left with memories of the city, the organizations, the luxury trappings, and the repeating names tied to serious medical talk.",36.539436,3.598392,896,8.5875,0,831.3204,6389.099,838.6211,503.96387,208,182,171,0.9999999999951924,5.139225,4.9588423,7.685484,2523.418,3397.6755,172914.64,12.060559,0.09646197408437729,0.0
"Context:
A biology student ran a timed stimulus set for a frog’s nerve response. The readout remained steady until the final stimulus, when activations rose like a quick crest. He noted that the largest change clustered at the end of the sequence. After the last pulse, the signal returned to baseline.",64.43605,4.1656733,897,10.8125,1,751.5112,4777.6885,685.3838,483.77896,91,82,80,0.9999999999890109,4.362254,4.2209454,6.357441,1920.8901,3123.032,68387.52,11.13296,0.8094459176063538,1.0
"Context:
He drove the delivery van slowly, eyes scanning mirrors, while his brother watched the street for the right address. The men's observation mattered because the package had to arrive before the show started. On stage, the dancer's performance depended on raw capability, and a cramped chest reminded her that human biology gets a vote too. When the box finally reached backstage, the delivery saved the cue and the finale went on.",93.31867,4.5360203,898,10.387501,1,869.87585,4348.46,689.66187,678.76855,112,111,105,0.9999999999910714,4.7061214,4.467936,4.9989433,2385.556,2951.147,97426.09,11.486859,0.7403801083564758,1.0
"Context:
In my experience, the best breakfasts are simple: buttered toast, sliced tomatoes, and a pinch of salt. I posted that opinion in a forum thread and finished the message with <|endoftext|>. The closing tag makes it look like the post was scraped from a larger page. The food list reads like a recipe fragment pulled from somewhere.",40.278774,3.6958246,899,9.587498,1,793.48004,2691.9553,583.1023,569.76666,101,99,95,0.9999999999900989,4.5876694,4.3764925,3.3925936,2036.3367,2432.5867,80141.484,11.291561,0.6751651763916016,1.0
"Context:
He booked travel for leisure, then got stuck reading an excerpt that ended before naming the recommended café. A sign in the hallway used an exclamation point that felt louder than the crowd. At the lift, the last token code entry triggered activations and the doors opened. The sequence ended, and the rooftop view made the trip worth it.",166.43375,5.1145973,900,10.562499,0,1052.8485,4825.948,795.0776,844.3534,86,82,81,0.9999999999883721,4.389868,4.215223,4.583706,2618.1619,3249.5974,90544.98,11.413613,0.5967217087745667,1.0
"Context:
Mina flew to Los Angeles for the Academy Awards weekend and ended up at a charity brunch where Netflix and the Red Cross shared a stage. She heard “Garcia” repeated back-to-back because the actor, the producer, and the event organizer all carried the same surname. Later, she splurged on a stay at the Beverly Hills Hotel and took a Tesla to a restaurant that advertised a decadent tasting menu. The next day, a clinician evaluated her persistent cough, prescribed medication, and referred her to a specialist. In a few days, Mina collected names of people, brands, places, events, and medical professionals like souvenirs.",36.160904,3.5879786,901,8.09375,0,781.7902,3721.167,669.92334,490.78262,185,165,162,0.9893048128289342,5.0545073,4.928539,4.7598023,2476.5386,2917.9412,144631.19,11.881949,0.10657493770122528,0.0
"Context:
In early summer I blocked out weekends for a long hiking trip and a few home projects, trying to plan around the busy stretch. The help desk rep stayed patient while I reset passwords and confirmed dates, and she never rushed me off the call. Later I watered the balcony plants and checked the building’s shared garden plot, a little fixed green space the tenants treat like a small asset. The season always nudges me into planning mode.",91.38235,4.5150523,902,10.5625,1,1024.0077,4759.9067,854.61096,774.35974,130,124,117,0.9999999999923078,4.8035517,4.589678,4.648311,2984.2773,4302.7925,133121.0,11.799022,0.18731646239757538,0.0
"Context:
The analyst kept the timer running while he waited for the meeting to start. He muttered hi to the guard and tried to focus, but his inner thoughts kept replaying worst-case outcomes. In his notebook he sketched what he thought the other side might be gathering and why it mattered. When the door opened, he forced a calm face even though his stomach tightened.",36.49831,3.597266,903,9.0625,1,1084.4115,4086.5046,801.597,872.8035,93,92,89,0.9999999999892473,4.517693,4.2906547,3.7684078,2519.5696,3652.4778,100850.266,11.521402,0.6601464748382568,1.0
"Context:
On a rainy January afternoon, the customer service desk stayed open while people called about returns from the holidays. The attendant kept things pleasant, even when tempers flared, and a small kindness turned one complaint into a laugh. After closing, he headed to a community meeting where volunteers planned a spring event and asked local businesses to pitch in. In March, his workplace held the yearly performance cycle and he helped coworkers navigate the paperwork with the calm of someone who’d done it before. He spent a weekend mapping out summer plans, then later tracked the team’s shift from offseason workouts to preseason scrimmages.",45.373272,3.8149233,904,7.90625,0,929.2405,6067.252,837.5082,691.3446,167,158,150,0.999999999994012,5.0401497,4.814313,6.529259,2267.7107,4390.366,155183.16,11.952368,0.057146985083818436,0.0
"Context:
On the workbench sat a bottle of plant oil beside fresh cuttings wrapped in damp cloth. She rubbed the oil into her hands after trimming stems, noticing how quickly it soaked in. The leftover pulp went into a compost bucket to feed next season’s growth. By evening, the room carried a faint scent of sap and citrus.",43.06079,3.7626128,905,8.943749,1,746.903,4511.5684,642.75244,537.3295,118,110,101,0.9999999999915254,4.676699,4.484323,6.0403676,1952.0126,2612.0269,88134.555,11.386631,0.7500645518302917,1.0
"Context:
The doctor reviewed migraines and suggested a triptan as needed. She also recommended sleep hygiene and a consultation with a neurologist. The summary page ended with End of text. He left the clinic with the paper folded into his coat pocket.",60.225132,4.0980897,906,10.0625,1,905.3704,2790.5059,610.10175,728.3596,60,60,59,0.9999999999833334,4.094345,3.8928769,3.08217,2087.9133,2682.2498,54322.227,10.902707,0.6005902886390686,1.0
"Context:
At the food court, the vendor called out orders for bulgogi bowls while a Korean drama played silently on a small TV above the counter. I recognized the actor’s face from a music video that had been everywhere last summer. A group at the next table compared cafes in Incheon and debated which one served the softest soufflé pancakes. I carried my tray away with a can of sweet rice drink and the chorus still stuck in my head.",28.763954,3.359123,907,6.8468747,1,849.9833,4086.5046,762.5595,596.9497,140,137,126,0.9999999999928573,4.9119368,4.6136837,4.8077474,2615.192,3732.593,118997.66,11.686868,0.40842434763908386,0.0
"Context:
She stirred the soup with a wooden spoon and then reached for the kitchen scale. A tablet on the stand displayed the recipe, and she tapped the screen to keep it awake. When the timer on the oven beeped, she pulled on mitts and slid the tray out carefully. She tasted the sauce and adjusted it with a small pinch, then put the device away.",20.133165,3.0023685,908,6.4375,1,788.9166,3398.343,620.14044,546.6243,116,109,104,0.9999999999913792,4.6699357,4.488709,4.3076067,2033.7983,2480.6821,91514.33,11.424262,0.7234944105148315,1.0
"Context:
He took a day trip for tourism and carried a leaflet whose excerpt ended mid-paragraph. On the tram, he noticed how every station notice used strong end-of-sentence punctuation to avoid confusion. At the entrance to the viewpoint, the last token validation triggered activations and the turnstile released. The sequence of small stops ended at a wide, quiet panorama.",176.25145,5.1719117,909,11.312499,0,1161.2621,5734.48,1040.9319,859.5733,88,84,80,0.9999999999886363,4.414324,4.1640067,4.9381447,2732.176,5077.3022,102191.06,11.534609,0.6026026010513306,1.0
"Context:
A festival setup ran smoothly because equipment coordination lived on one shared network. She reviewed service availability for generators and cables, then requested a late-night pickup slot. The site prompted her to update user registration requirements after a policy change. When the form was complete, her network actions were accepted and the dispatch team received the alert.",170.96666,5.1414685,910,11.568749,1,2131.8289,11376.232,2333.7637,1314.8542,85,81,77,0.9999999999882353,4.377414,3.9855368,5.3363724,8137.3467,9336.301,181205.45,12.107392,0.7165166735649109,1.0
"Context:
The café posted a weekend special, and I ordered it out of curiosity, surprised by how well the flavors worked together. On the train home, I sketched strangers in a notebook, letting the motion of the carriage shake the lines into something loose. That evening, I joined a board-game night and laughed harder than I expected to. Before sleeping, I uploaded a short product review of the headphones I wore all day, focusing on comfort more than sound.",38.553677,3.6520514,911,7.7562494,1,1132.2444,6178.759,993.05194,803.55176,118,111,108,0.9999999999915254,4.684013,4.4679003,5.45709,3055.2847,4478.198,133604.84,11.8026495,0.30773308873176575,0.0
"Context:
My internship contract runs for six months, but my mind keeps racing ahead to what comes after. Some mornings I sit on the bus and listen to my own thoughts arguing with each other. I feel proud one minute and anxious the next, as if the calendar can hear me. When I finally step off at the office, I try to breathe and let the day be just one day.",23.86264,3.1723142,912,6.6156244,1,903.3418,4224.4507,701.4032,722.77655,97,90,90,0.9999999999896907,4.4746695,4.3321085,4.67647,2494.051,2985.8677,87624.16,11.380823,0.7215100526809692,1.0
"Context:
She gained access to the equipment coordination network after meeting the registration requirements and could finally view service availability for shared tools. She spent the afternoon cooking, blending a cosmetic sample, and repairing a craft display, then carried crates until exertion made her arms ache. A prayer under her breath preceded written communication that laid out the next action to take for the team. Later, favela grant accountancy demanded reticle-aligned documentation and the right lubricant for machinery, and exhaustion invited hallucinations as proper names and publicized items dominated the event coverage.",493.23978,6.2009954,913,12.912499,0,1748.2034,11438.06,1679.0771,1229.3538,168,161,150,0.9999999999940477,5.0662017,4.773921,6.542751,4895.3354,7723.07,293698.16,12.590311,0.05444266274571419,0.0
"Context:
A printed agenda opened with a line of company names and capital-letter shorthand that looked like a secret handshake. Vendor tables sold pendant lights, stools, and a beginner drum pad, with cosmetics packaged in glossy boxes near the register. A lab-style demo featured technical terminology about compounds, thresholds, and process stages, and the presenter never once used a casual word. The tour included a stop at a museum honoring a major event in local history, and the night ended with kimchi, bulgogi, and Korean music echoing down the corridor.",116.150154,4.754884,914,12.0,0,877.9771,7734.1143,900.31555,660.6958,176,169,157,0.9943502824802579,5.115348,4.8381634,8.809016,2074.427,4467.0566,154523.97,11.948111,0.07974448055028915,0.0
"Context:
She bought a wool overcoat after comparing sizes in the mirror under bright store lights. Later, she reserved a complimentary breakfast slot at the hotel so mornings would stay simple. The weekend schedule was packed, yet she felt prepared. Two small decisions reduced a lot of friction.",130.49483,4.8713336,915,9.90625,0,1007.67053,4455.898,780.7845,889.5289,82,81,79,0.9999999999878049,4.3898134,4.155997,4.421979,2270.3618,3914.0693,82628.984,11.322128,0.5280705094337463,0.0
"Context:
Nordic Transit and Maria Jensen appeared immediately at the top of the report, before any context. The next lines stacked organizations, city offices, and named contacts like a directory. Afterward, the team circulated an internal update full of product names and cash-flow references. The document felt equal parts roll call and corporate briefing.",235.28989,5.4608183,916,12.96875,0,1297.1694,5411.6675,1010.0717,983.4883,85,83,81,0.9999999999882353,4.403877,4.189847,4.171905,3187.2468,4927.049,110259.4,11.6106,0.476779967546463,0.0
"Context:
For the upload job, he marked the boundary with End of text/input. Then he repeated End of text/input once more after a blank line to make sure the scanner caught it. The second copy felt excessive, but he was tired of debugging. He ran the job and went to sleep.",56.02064,4.02572,917,10.574999,0,941.37756,2719.8757,574.01556,825.4523,47,42,40,0.9999999999787235,3.7026694,3.6654458,2.8892505,1841.839,2505.528,44244.746,10.697515,0.36941447854042053,0.0
"Context:
The last visible line was End of text/input. Directly beneath it, a leftover snippet still said End of text/document. The endings did not match the file’s purpose. He cleaned the footer and regenerated the output.",158.88506,5.068181,918,12.387499,0,830.12036,2420.3333,631.96295,515.94543,50,48,47,0.9999999999800001,3.8565712,3.6517034,2.915641,2237.5127,2415.9434,41506.02,10.633617,0.4315408170223236,0.0
"Context:
The console kept printing empty brackets like it was stuck in a loop. He watched the screen fill with [] until the scroll bar became useless. After a long minute, a final word appeared and the process stopped. The quiet afterward felt almost suspicious.",87.24102,4.4686747,919,11.293742,1,1057.2644,5777.2744,926.53076,852.15515,63,62,61,0.999999999984127,4.1211295,3.8565547,5.4643607,2392.2214,4730.9043,66607.66,11.10659,0.5889760255813599,1.0
"Context:
He leaned into the machine, tool in hand, and corrected a misaligned part by feel. A man in a van across the street kept watching him, eyes moving from his hands to the vehicle and back again. He shook his wrist, climbed into the driver’s seat, and said he would be careful, because his shoulder still hurt. At the next terminal, crates of chickens were loaded for transport, and he gave a spare blanket to someone shivering near the door. When he stopped for food, he opened a can with a small tool and checked the phone’s map before leaving.",32.057602,3.4675343,920,8.418749,0,1135.0304,5614.2007,979.8781,827.7523,147,140,132,0.9932432432365322,4.9244175,4.6909943,4.9463,2971.6963,4873.7046,166849.47,12.024854,0.11544834822416306,0.0
"Context:
The training dataset dump ended with End of text, then nothing but whitespace in the viewer. The compliance team insisted on a PDF wrapper that stamped End of text/document on the final page. When he tested the ingestion endpoint, the request body hit End of text/input and dropped the tail of his payload. A separate page listing product snippets ended with End of text/short descriptions of items/products/services, and the label showed up in the export too. He corrected the pipeline so the data could end cleanly without screaming about it.",120.47456,4.7914386,921,10.3125,0,1122.1924,4384.4863,926.2001,858.1286,93,86,84,0.9999999999892473,4.413348,4.2316136,3.9070723,2881.382,4097.672,104363.89,11.555649,0.5589808821678162,1.0
"Context:
The event program began by listing companies, institutions, and a handful of initials that only insiders would understand. In the lobby, display tables showed lighting fixtures, a new keyboard, and a row of boxed skincare sets beside flat-packed furniture. A technician in a lab coat demonstrated a procedure, narrating the medical terminology while the audience watched a monitor of measurements. Afterward, we walked to a nearby memorial site tied to a famous battle, then returned for Korean barbecue as a pop song in Korean echoed through the room.",66.09966,4.1911635,922,9.71875,0,946.6966,4191.2866,741.8835,759.5261,122,119,114,0.9999999999918032,4.769931,4.547172,4.427275,2235.932,3588.049,115496.984,11.657008,0.5345070362091064,0.0
"Context:
LONDON — Keir Starmer, the European Commission, and the Cabinet Office met to reset talks, and the headline repeated the EU initials in every line. Officials briefed reporters on the latest Brexit negotiations and hinted at a narrower deal on customs checks. Several trade groups and shipping companies issued their own statements, each listing brand names and acronyms at the top. By afternoon, the conference website posted the full agenda and the host organization’s logo.",67.31708,4.209414,923,8.5625,1,1047.6136,6549.5522,900.27814,814.1984,111,109,104,0.999999999990991,4.6845512,4.425368,6.251878,2757.1714,3546.521,116285.12,11.663809,0.775920033454895,1.0
"Context:
They hired a data engineer to stabilize the pipeline before the next release. During onboarding, they issued an audit request to confirm access controls across teams. The calendar filled with reviews, yet the work stayed practical and focused. Accountability followed every step.",115.32339,4.7477403,924,10.6875,0,1286.9694,3334.5366,780.2214,1175.2708,70,69,67,0.9999999999857142,4.228691,4.062222,2.5909991,2782.5469,3158.5596,90087.85,11.408552,0.5077177882194519,0.0
"Context:
In my previous job application, I led with my earlier experience and stopped after two sentences. The form allowed more space, but I left it blank and submitted it anyway. That blankness was intentional, like a document that ends right when it should. I never went back to add anything.",34.942745,3.553711,925,7.1875,0,1013.7781,2845.2349,625.107,947.2973,54,50,48,0.9999999999814816,3.8862953,3.8023891,2.8065658,2132.3794,2681.178,54744.016,10.910441,0.2400343418121338,0.0
"Context:
The orthopedic surgeon introduced himself, then asked me to explain my goals without rushing. Between questions he coached me on how to describe pain clearly so I could advocate for myself. He kept correcting himself and saying to himself that precision matters. When I left, I felt strangely motivated to follow the rehab plan.",58.528526,4.0695143,926,9.0375,0,1192.2964,4298.004,922.84955,852.2188,72,62,60,0.9999999999861111,4.045617,4.025797,3.6048117,3416.8083,4079.6436,85845.336,11.360314,0.5267353057861328,0.0
"Context:
She placed End of text/input at the end of the raw feed. After a separator, she added End of text/document to label the human-readable version. The two tags signaled different stopping points for different readers. She zipped the folder and uploaded it.",91.857796,4.5202417,927,10.75,0,1123.1746,3638.3296,799.83356,889.6326,43,39,37,0.9999999999767443,3.6322427,3.5315516,3.239327,2389.7617,3610.6018,48296.508,10.785135,0.2953193783760071,0.0
"Context:
She chose a silicone lubricant over oil-based options, remembering the warning in the correspondence. The note also spelled out the action to take if the test failed, and she kept it within reach. A reticle overlay on her camera screen guided the alignment for documentation tied to a small grant. When she later reviewed accountancy records connected to favela services, fatigue set off hallucinations that made the margins pulse.",163.73598,5.098255,928,11.337498,1,1168.7601,7465.9507,1172.8815,699.8954,125,121,112,0.999999999992,4.7839513,4.4748173,6.3879232,3028.4138,6604.0303,146095.02,11.892019,0.42365792393684387,0.0
"Context:
By noon, the storm had knocked out power across the whole neighborhood, and every porch light was dark. The grocery line wrapped around the building because most registers were down. In the parking lot, the silence felt bigger than the street itself. People drifted toward the one café still running a generator. When the lights finally returned, the entire block cheered at once.",26.48143,3.2764437,929,7.1124997,1,1006.92316,7044.936,1010.0786,808.8893,110,105,98,0.999999999990909,4.637467,4.374805,6.9964986,2144.892,5695.895,110761.55,11.615144,0.7195420265197754,1.0
"Context:
At the airport kiosk, Jordan Reyes scanned the headline feed while waiting for coffee. A push alert flashed about a minister’s resignation in London, and the name stuck in his mind. On the shelf, a stack of Zephyr Cola cans had a new label that looked like a movie tie-in. He snapped a photo to send to his friend who always notices branding first.",62.292774,4.1318455,930,10.274995,1,963.4082,6651.54,989.7376,520.663,107,100,99,0.9999999999906541,4.5772457,4.2823567,6.904176,2856.3877,4047.2712,103084.68,11.543316,0.7956488728523254,1.0
"Context:
I asked for an API key from the vendor so the integration could go live without sharing passwords. The kitchen sink clogged again, and the plumber found grit packed into the trap. After the fix, I reran the webhook tests and watched the logs settle into a clean stream. The day swung between code and wrenches.",84.51844,4.4369698,931,10.387499,1,710.1718,3952.864,638.8917,419.07196,125,119,108,0.999999999992,4.7575855,4.5101,5.5660677,2060.653,2349.8506,88771.48,11.393832,0.7355605363845825,1.0
"Context:
Andre wanted to buy a real estate townhouse in Harborview, but every location he liked came with a different set of fees. The contract named Harborview Heights and Maple Court as proper nouns, and he double-checked each one before signing. Overnight, a sudden market dip and harsh political rhetoric rattled the neighborhood group chat. By morning, the conflict at the council meeting was the talk of the street.",82.53545,4.413228,932,11.062492,0,942.16394,4742.0566,815.1753,622.7529,128,121,118,0.9624060150303579,4.7721295,4.546632,5.0331545,2627.4373,3452.9011,120596.984,11.700218,0.48825764656066895,0.0
"Context:
The courier timer started the moment the lab sample left the fridge. By the time it arrived, the nurse logged the delivery time and checked whether the specimen stayed cold. In the ward, the patient’s oxygen saturation and heart rate were tracked through each stage of recovery. The team talked about capability the way they talked about physiology: consistent output, no sudden drops, and clear signs of improvement.",56.12884,4.02765,933,9.337501,1,1047.349,5106.2485,924.1485,738.96265,115,110,104,0.9999999999913043,4.684658,4.4522367,4.875403,2943.8726,4666.2544,120445.13,11.698957,0.5118205547332764,0.0
"Context:
He archived the transcript after the final speaker note, where the page plainly said End of text. The PDF export added its own End of text/document footer, which made the file feel sealed. When he pasted a revised snippet into the tool, it halted at End of text/input and forced him to shorten the last paragraph. Later, he reviewed a brochure that ended with End of text/short descriptions of items/products/services and realized the template tag had leaked again. By evening, he was tired of boundaries announcing themselves.",104.68573,4.650963,934,10.718748,0,1049.0603,4486.0796,831.1572,810.04785,124,115,109,0.9999999999919355,4.704263,4.541861,4.2762837,2843.469,3328.342,130083.484,11.775939,0.3640952706336975,0.0
"Context:
A product page ended with End of text/short descriptions of items/products/services. Right before that, the copy used Nike and Patagonia as proper brand names in a tight list. The cutoff line was visible to anyone who scrolled far enough. He removed it before pushing the update.",118.95867,4.778776,935,12.018749,1,1242.3352,3430.5347,988.06195,951.0788,72,66,66,0.9999999999861111,4.1611414,3.9728794,2.76136,3059.2512,3394.6533,89448.13,11.401425,0.5868566632270813,1.0
"Context:
A stubborn printer jam forced a teardown, and the driver update finally let the laptop detect it again. The supplier call that followed was full of brand names and talk of margin pressure. By the time the replacement part arrived, the finance team had already circulated a short memo repeating the same forecast numbers. Everything moved faster once the machine behaved.",129.63913,4.8647547,936,11.624998,0,968.17896,5655.7876,855.36237,774.4038,95,91,88,0.9999999999894736,4.495507,4.2527456,5.841676,2584.9695,3316.281,91977.0,11.429305,0.7079287767410278,1.0
"Context:
At the top of the press release, the headline carried the names of three partners and a four-letter abbreviation no one explained. The opening sentence mentioned a city, a conference, and a brand collaboration, then dropped an executive’s full title like it was a credential check. Even the photo caption was packed with proper nouns, from the venue to the equipment maker. I had to read it twice just to keep track of who was doing what.",28.05982,3.3343387,937,7.5249987,1,1214.9943,11438.06,1559.6302,836.4924,89,88,83,0.999999999988764,4.47306,4.028309,9.414086,3168.8157,8669.609,108134.484,11.59114,0.6862136125564575,1.0
"Context:
At the conference, Patagonia and UNICEF logos sat side by side on the stage backdrop. After the keynote, the organizers announced the sprint was complete and the crowd got visibly lively. Names of donors and cities flew around the room as people traded congratulations. It sounded like a roll call mixed with a party.",80.622574,4.3897786,938,9.525,0,721.8798,3521.734,588.6961,500.90237,95,90,88,0.9999999999894736,4.480914,4.3026853,4.8785605,1759.6251,3133.187,68578.586,11.13575,0.7145369648933411,1.0
"Context:
The transcript had commas where periods should be, so I went line by line to restore end-of-sentence punctuation. Once the sentences ended cleanly, the paragraph boundaries made sense and the dialogue read naturally. I also corrected a few missing question marks in the interview section. By the time I finished, every thought actually ended.",39.751278,3.682642,939,7.684375,0,934.72656,3990.454,684.8635,817.4963,77,75,72,0.9999999999870129,4.307798,4.113658,4.269114,2216.9856,3074.0303,71973.945,11.184073,0.6101251244544983,1.0
"Context:
We met outside a building on Sølvgade, and the agent spelled the address twice while pointing at the street sign. I pulled out a tiny flashlight to inspect a crack under the sink and found a small drip that needed attention. My partner, juggling pregnancy fatigue, talked about gestational diabetes and the tiny test strips she carries everywhere now. A little figurine on the windowsill seemed cheerful, but the radio in the next room droned about corruption and escalating conflict.",62.286568,4.131746,940,8.812498,0,634.1144,4138.8955,655.0458,387.39844,206,183,166,0.9999999999951457,5.1680145,4.9728365,6.527049,1891.2264,3356.592,130627.56,11.780113,0.2525120675563812,0.0
"Context:
Every April, the firm held its annual review week and the hallways filled with nervous energy. A coordinator moved people from room to room, keeping schedules straight and offering quiet reassurance. When a new graduate got lost on the way to the career mentoring session, the receptionist walked him there herself. By Friday afternoon, the office felt lighter, like everyone had survived the same ritual together.",38.335712,3.6463819,941,7.431249,1,977.50635,5777.2744,822.57,820.0802,95,94,92,0.9999999999894736,4.539284,4.291499,5.910217,2438.064,3636.7124,92863.1,11.438892,0.7079287767410278,1.0
"Context:
They checked into the Four Seasons and asked for a late checkout. Dinner was described as a tasting menu with truffle courses and a Dom Pérignon pairing. The brochure ended with End of text/short descriptions of items/products/services as a literal footer. She laughed at the bluntness and kept the page anyway.",86.77614,4.4633317,942,10.287499,1,757.4238,4715.4214,773.45404,384.14624,153,150,132,0.9999999999934641,5.0032554,4.6467175,6.225605,2626.245,3263.299,115885.84,11.66037,0.7890112996101379,1.0
"Context:
I checked a phone’s storage and camera specs while the cashier talked about a seasonal discount on accessories. In the next aisle, I priced new tiles for a home upgrade and then took a call from my dentist confirming an appointment. On the radio in the car, commentators dissected the latest Brexit deal language as if every comma were a cliff edge. That night, I listened to a lecture about socioeconomic barriers and grace, tested a virtual reality history lesson for a class, and ended by cooking something ambitious before posting a short review of the pan.",73.93342,4.303165,943,10.1875,0,988.4294,6389.099,958.63226,611.4355,150,145,139,0.9999999999933334,4.964425,4.6649094,6.4638906,2864.4177,4512.094,148264.4,11.906759,0.15247876942157745,0.0
"Context:
We drove to see a flat near Nyhavn, and the agent narrated every nearby street and landmark like a tour guide. In the hallway, I used a pocket flashlight and a small tester to check a suspicious flicker in the ceiling lamp. My partner talked about the baby kicking and the stress of monitoring sugar levels after the gestational diabetes screening. Outside, a shop displayed little porcelain animals, and the newspaper stand screamed about political infighting and a brutal new escalation abroad.",81.72994,4.4034204,944,9.474998,0,711.8996,8352.181,885.0087,400.59476,179,158,149,0.9999999999944135,5.018901,4.7696877,11.732245,1952.6215,3772.9624,127430.03,11.755331,0.25571125745773315,0.0
"Context:
The gym rented a small conference room at Fjord Spa for an invite-only weekend bootcamp. The coach ran hard sessions on mindset and follow-through, then sat with each person to map a personal plan. Everyone got only a short slot in the steam area, so the schedule moved fast. I left with sore legs and a notebook full of next steps.",61.04771,4.1116557,945,9.374998,1,860.64825,4298.004,671.85095,700.01874,85,82,77,0.9883720930117631,4.3875675,4.198991,4.9939146,2024.7139,3280.0776,73155.1,11.200351,0.6848172545433044,1.0
"Context:
The man in the pickup slowed as he passed the corner, eyes fixed on the mirror. Another car rolled behind him, and he kept watching the distance between them. At the next light, he leaned forward and observed the driver in the neighboring lane without turning his head. When the truck finally turned away, he let out a breath and stared at the road ahead.",19.381706,2.9643297,946,6.828125,1,963.50385,4279.1333,725.69293,795.72144,93,92,90,0.9999999999892473,4.517693,4.293977,4.4412203,2454.673,3213.8728,89605.86,11.403187,0.681071937084198,1.0
"Context:
The support contract lasted six weeks and included a clause that the provider would work exclusively with one client during that period. The onboarding meeting took place at Silver Spa, where access was limited and only a small group could stay for the short afternoon slot. Hi, said the analyst, originally from Quito, before starting intelligence gathering on competitor outages. She stepped out to check the greenhouse, then returned to place new documentation folders at each seat. With time running, the team used a small allowance for revisions and turned out more polished diagrams, raising both the quantity of pages and the quality of the visuals.",98.21866,4.5871964,947,11.0,0,1054.5652,8292.094,1002.33704,776.37415,144,139,132,0.9999999999930557,4.9216776,4.6506104,7.8630447,2830.5762,4119.287,151857.39,11.930704,0.11985369771718979,0.0
"Context:
User registration requirements slowed her down, but she eventually joined the equipment coordination network and could post actions tied to service availability. She cooked rice for the crew, then assembled craft kits and tested a cosmetic mixture, sweating from the exertion of moving crates. A quiet religious moment steadied her before she wrote an email telling the team what action to take next. The favela grant type demanded accountancy precision, a reticle-aligned inspection shot, and the correct lubricant for a jammed latch, and the long night flirted with hallucinations as proper names from publicized items scrolled across the sponsor wall.",361.8579,5.8912516,948,13.856249,0,1652.5143,11499.887,1724.3959,1094.9781,201,182,170,0.999999999995025,5.172261,4.8992405,6.959024,4940.6,8342.8955,332155.38,12.713361,0.057866841554641724,0.0
"Context:
The pharmacist showed me how to use the lancet and the meter, then asked if I’d been diagnosed with gestational diabetes. I stared at the tiny test strip like it was a fragile piece of glass. For lunch, I kept the serving size small and drank extra water. Later, I listened to the baby’s heartbeat and felt a wave of relief.",19.609747,2.9760268,949,7.515625,1,644.46387,2428.823,501.91617,468.26837,82,81,76,0.9318181818075929,4.3898134,4.1522355,3.7687495,1701.0078,2411.4148,52846.04,10.875157,0.5832107067108154,1.0
"Context:
Sara took the Eurostar to Paris for a Dior show that doubled as a fundraiser for a children’s hospital. In the crowd, the name Laurent got repeated so often that she wasn’t sure if it referred to the designer, the venue, or the donor on stage. She checked into Le Meurice and the concierge arranged a Mercedes to a clinic where a physician explained a new treatment for chronic migraines. Later, she walked past the Louvre and saw posters for a tech expo sponsored by Apple and local universities. The city felt like one long sentence made of landmarks, institutions, brands, and names looping back on themselves.",26.979519,3.295078,950,7.624999,0,824.125,4715.4214,734.0597,539.821,171,160,149,0.9999999999941521,5.0494266,4.8356066,5.7217317,2206.0356,3359.7336,140925.38,11.855993,0.0959397628903389,0.0
"Context:
The brochure for Harbor Spa promised an soothing weekend, but the deal was exclusive to the first ten bookings. The receptionist explained that the package lasted only forty-eight hours and could not be extended. A couple arrived late and learned that the last room had already been taken. They stood in the lobby staring at the sign that said limited availability. By the time they called again, the offer was gone.",28.906399,3.364063,951,9.012499,1,1145.4879,5159.915,1008.36566,794.2192,74,72,72,0.9999999999864865,4.2665977,3.9823494,4.504556,3352.273,4226.3584,84766.1,11.347663,0.5568593144416809,1.0
"Context:
A producer sent a link to a private cut and included a revenue forecast tied to a funding round. A separate email arrived from an agency, explaining a filing requirement and asking for documentation by the end of the week. At the resort, a manager pointed out a sauna and a locker area, then offered a shuttle to the event hall. She met a teacher she admired, and later she purchased a dress and a pair of gloves that matched her coat.",62.249542,4.131151,952,8.499997,0,1004.0879,6296.0923,1013.2968,711.0111,109,108,101,0.9999999999908257,4.6786294,4.3443484,6.270459,2457.2068,5135.8564,109445.58,11.603191,0.7439232468605042,1.0
"Context:
He attended a small service and performed the actions everyone knew by heart, from standing to singing the final verse. Later, he sent written communication to the organizer with a few corrections to the schedule. The note was polite but direct, and it included the updated times. The organizer replied with thanks.",43.3775,3.7699409,953,8.224998,0,1415.5267,9289.694,1555.1077,928.9574,60,57,57,0.9999999999833334,4.0250306,3.6949136,6.5627127,3839.5178,7441.2607,84931.6,11.349613,0.5315669178962708,0.0
"Context:
The coach started the retreat by asking everyone to commit to a new routine, then pivoted into a pitch that sounded like closing a deal. A lawyer reminded herself to read the contract terms, while the doctor beside her introduced herself and explained the health side of burnout. During a break, a pastor sat with someone whose inner monologue had turned cruel, and the conversation softened it. The hotel corridors were packed, and nearly every room seemed to hold another small meeting. When departures were called, the whole group spilled into the parking lot at once.",52.854336,3.9675398,954,9.125,0,920.2382,4348.46,638.28217,778.7074,147,139,134,0.9999999999931973,4.9149866,4.7841225,4.7253637,1910.8646,3189.7146,135275.02,11.815072,0.16384610533714294,0.0
"Context:
Before exporting, she placed End of text/input at the bottom. The article explained how Amazon can mean a company in one sentence and a river in the next. That final line prevented stray metadata from being ingested. She uploaded the clean version to the CMS.",171.85233,5.1466355,955,11.1375,1,1024.3381,3659.3604,775.06696,807.76416,61,59,59,0.9999999999836067,4.065421,3.859024,3.5724146,2535.6936,3275.9026,62484.625,11.042692,0.5871691703796387,1.0
"Context:
He completed registration on the equipment coordination professionals network and gained permission to reserve tools based on service availability. In the afternoon he prepped food, then helped with crafts, and tried a simple cosmetic scrub before carrying heavy water jugs up stairs. He paused for a short prayer and wrote a message that spelled out what action to take if the shipment missed the window. Later, the grant paperwork for favela dwellers turned into accountancy triage, a reticle-guided site check, and a debate over lubricant types, and hallucinations threatened as proper names and publicized items from the launch presentation filled the lobby screens.",288.31866,5.6640663,956,11.99375,0,1465.3849,11499.887,1587.9357,981.7466,202,191,180,0.9999999999950495,5.2301855,4.9075117,7.8476906,4188.2803,8342.179,296007.75,12.598145,0.08872506022453308,0.0
"Context:
The checklist began with types of lubricant for the moving parts, including a note about which ones were safe on rubber seals. In the same correspondence thread, the engineer explained what action to take if the reticles in the scope appeared doubled. The finance file attached to the email included accountancy codes and the grant type we were allowed to charge. Later that night, the exhausted intern admitted he was seeing hallucinations.",129.82918,4.8662195,957,12.356248,0,1223.6313,7408.959,1161.0784,896.8158,116,112,105,0.9999999999913792,4.7057867,4.424434,6.054894,2823.126,6189.728,141941.23,11.863175,0.3557734787464142,0.0
"Context:
Her biography opened with a childhood in public housing and the scholarships that carried her into academia. Later chapters followed her conversion story and the quiet rituals that shaped her sense of grace and blessings. In the research sections, the author kept the language precise, spelling out polymerase chain reaction, cytokine signaling, and the specific enzymes involved in the pathway. The epilogue described a virtual reality lab where students now learn the same material through immersive education.",63.248978,4.147079,958,10.349999,1,1002.68915,6599.528,1033.1788,667.31885,134,128,120,0.9999999999925374,4.835767,4.5315948,6.5818276,2691.2922,5694.708,134360.34,11.808288,0.4148736000061035,0.0
"Context:
A private club promised exclusivity, then handed new members a rulebook full of limitations. Guests were allowed only on Fridays, and even then only in certain rooms. The staff tracked each visit and reminded everyone of the allowance for quiet hours. One person tried to bend the rules and lost access for a week. The building stayed calm because the limits were clear.",49.184853,3.8955858,959,7.603124,1,1117.0555,5777.2744,1017.07513,881.7713,67,64,62,0.9999999999850746,4.142619,3.893008,5.1718774,2674.7234,5368.439,74842.72,11.223158,0.5500583648681641,1.0
"Context:
He was supposed to inspect the property’s fixed equipment, but he started by drinking a juice made from pressed greens and citrus. The shoreline held thick vegetation where animals nested, and the water moved quietly under a low bridge. A crew nearby complained about a recent incident that left residue in the channel, and now invasive growth was clogging the flow while aggressive birds and rodents made the work miserable. Back in the office, he logged the ecosystem as part of the site’s natural resources and listed the pumps and fencing as assets that needed maintenance. In the evening, he cooked dinner and used edible flowers as garnish, wanting one part of the day to feel deliberate and clean.",58.325344,4.0660367,960,8.6875,0,1057.9187,11376.232,1185.8938,680.3555,163,157,149,0.9999999999938651,5.042721,4.7083435,10.7534075,2824.2256,4499.84,172440.75,12.057815,0.10075468569993973,0.0
"Context:
In court, the lawyer defended himself against a claim that he had mishandled evidence. The judge asked the witness to identify herself and to answer without coaching. After the hearing, the physician examined the bruises and wrote the report for the patient to share only if they wished. The paralegal told herself to breathe before filing the last document. By evening, everyone involved seemed exhausted by how carefully they had to speak.",41.56247,3.7271976,961,6.875,1,1030.2758,4460.5903,851.4705,695.9549,111,106,102,0.9910714285625797,4.64237,4.418541,4.329511,2779.8262,3396.8975,114360.61,11.64712,0.6351481676101685,1.0
"Context:
A program booklet opened with a dense block of names, locations, and initials, like it wanted to prove legitimacy upfront. The vendor floor offered lamps, furniture pieces, and instrument cases, plus a cosmetics brand handing out tiny samples. A technical station demonstrated a process with chemical terms and warnings, and someone whispered that it sounded like a lab exam. We later walked past historic buildings tied to a well-known expedition and a modern entertainment venue, and the final stop was a Korean meal with kimchi on every plate and pop music in Korean.",119.12886,4.7802057,962,11.15,0,1164.0333,8830.212,1213.3182,907.41797,133,124,118,0.9999999999924812,4.7965393,4.541794,7.585875,2756.6643,7325.852,154816.44,11.950002,0.2637039124965668,0.0
"Context:
A glossy card sold a weekend with first-class flights and a branded chauffeured service. It also promised a private dining room with a chef’s tasting menu. Luxury transportation and luxury food were blended into one offer. She kept the card because the photos were beautiful.",69.71592,4.2444286,963,9.987495,0,945.6341,4065.7046,796.0154,644.6426,73,67,64,0.9999999999863013,4.176517,4.001637,4.299448,2568.677,3683.8818,69031.29,11.142329,0.6172477602958679,1.0
"Context:
In a former role I maintained a small marketing site for a café called Harbor & Oak, and every update ended with a tidy product description for the weekly roast. The page always ran through origin, tasting notes, and a last sentence about delivery, then the text just stopped. The shop itself leaned into a vintage interior with brass lamps and worn leather chairs. Customers asked for the brand by name even before they walked in.",77.35004,4.348341,964,8.2875,1,1210.2665,5537.3174,890.6751,1029.8685,111,109,105,0.999999999990991,4.6845512,4.470124,4.5752873,2778.0781,3850.739,134339.58,11.808133,0.3436436951160431,0.0
"Context:
He asked a barber for a trim and ended up talking about football for half an hour. On the way out, a photographer stopped him and offered a portrait session for a local project. Later, a teacher from his old school recognized him on the street and asked how life was going. Each encounter turned on a single role in a single moment.",24.527243,3.1997845,965,7.124999,1,1152.8815,3709.1973,741.6918,992.89685,66,60,57,0.985074626850969,4.0636272,3.9972188,3.217327,2569.4648,3379.9648,76090.18,11.239688,0.5424301028251648,0.0
"Context:
The portal finally approved her user registration requirements, giving her access to the equipment coordination professionals network. She checked service availability, posted network actions, and filled the downtime with cooking, cosmetics mixing, and craft repairs, with exertion peaking whenever she moved heavy cases. A short prayer offered a reset, and written communication followed with the action to take if a delivery failed. Later, a favela grant type demanded strict accountancy, reticle-guided photos, and the correct lubricant for a stuck latch, and hallucinations flickered as proper names and publicized items dominated the sponsor recap.",557.89624,6.324173,966,14.174999,0,1906.2374,11376.232,1971.6144,1260.5402,179,166,152,0.9999999999944135,5.0867043,4.7860675,5.9678993,6668.581,8977.964,341216.5,12.740275,0.05444266274571419,0.0
"Context:
The startup's product rollout moved in phases, from sketch to prototype to launch, and each step pushed the team's development forward. In the lab, a junior engineer saw his own potential grow as he learned to stay calm when a test failed. On the same day, a courier van delivered a crate of feed to a small animal shelter across town. The driver handed over the package with a grin, grateful to give something useful after a long route.",39.392765,3.673582,967,8.275,1,985.33514,2938.7117,736.0206,763.4668,86,85,83,0.9999999999883721,4.438226,4.194877,2.9824493,2670.595,2820.0825,84738.82,11.347341,0.6258545517921448,1.0
"Context:
He proofread a manual that ended with End of text/document, and the empty page below felt like a locked door. In the chat window, the support agent’s transcript concluded with End of text, then the session auto-closed. He tried to paste the error log into a form, but it stopped at End of text/input and forced him to compress the details. A separate page listing service options ended with End of text/short descriptions of items/products/services, which looked like a glitch rather than a finish. He sighed and started rewriting everything to end naturally.",53.603565,3.9816155,968,9.0,0,1062.843,3636.5117,712.7887,919.30505,120,115,107,0.9999999999916667,4.718177,4.583671,3.421495,2655.9512,3322.3376,127541.16,11.756203,0.2611531913280487,0.0
"Context:
In the archive viewer, the story stopped at End of text, and the scrollbar vanished beneath it. The print-ready export showed End of text/document, clean and unambiguous. He attempted to append a new paragraph in the intake form, but it flashed End of text/input and swallowed the rest. The partner site describing add-on services finished with End of text/short descriptions of items/products/services, making the whole page feel unfinished. He closed every tab, craving a normal ending without signage.",124.84966,4.8271103,969,11.874992,0,1027.8372,4639.5034,813.43036,830.42065,116,104,99,0.9999999999913792,4.5982294,4.486017,4.51385,2761.2456,3555.969,119229.11,11.68881,0.5170251131057739,0.0
"Context:
For the bathroom remodel, I chose porcelain tiles measured at 30 by 60 cm and a thermostatic shower valve rated for 10 bar pressure. The receipt went into a folder with my deductible paperwork because the tax estimate is due soon. The plumber suggested opening a separate savings account so the renovation costs do not mix with regular bills. When the boxes arrived, each label listed the batch number, finish code, and installation instructions.",46.839573,3.8467286,970,9.35,0,779.9575,3747.519,630.0055,584.26404,128,125,121,0.9999999999921876,4.81954,4.6023064,4.804773,1920.7019,3489.7756,99834.56,11.51128,0.6454499959945679,1.0
"Context:
The holiday rush hit early, and the call center’s best agent kept smiling through a long queue of frustrated voices. After work, she joined neighbors at a community hall to pack meals, and the organizer thanked her for showing up during the busiest time of year. In February, she was back in a professional setting helping run the annual orientation for new staff, making sure no one got lost or embarrassed. By spring she had started planning summer weekends with the same careful attention she used on work schedules. When the team moved from offseason training into preseason, she noticed how each season brought its own kind of preparation.",33.592762,3.5143106,971,7.3937497,0,855.1831,4645.4897,677.07745,711.2982,131,122,114,0.9999999999923664,4.7608557,4.629513,5.432158,2095.8247,3570.495,112028.984,11.626522,0.5992886424064636,1.0
"Context:
A clip from a news site played while he read an investor note about a startup and its valuation. A bank representative called next, confirming a transfer and explaining a dispute process that required documentation. At check-in, he was offered a quiet floor and a late checkout, plus a voucher for breakfast in the café downstairs. He met a translator in the lobby, then stopped by a boutique for a scarf and a belt before heading to the elevator.",37.644413,3.6281846,972,7.2906265,0,1045.1472,8292.094,1097.4554,735.0243,115,111,104,0.9999999999913043,4.696713,4.3782024,7.9339,2744.7063,5533.232,120191.93,11.696854,0.6372916102409363,1.0
"Context:
I walked through the crafts market and stopped at a booth selling handmade lanterns with patterned cutouts. Across the aisle, a luthier demonstrated a violin’s warm tone, then offered rosin and spare strings. A carpenter showcased a walnut coffee table with hidden drawers and a satin finish. The last stall had neatly arranged skincare sets, each promising a gentler cleanser for winter air.",62.34395,4.1326666,973,8.4875,1,638.3462,3199.3423,558.18256,414.3616,163,141,135,0.9999999999938651,4.903433,4.8145056,5.011924,1966.544,2727.3047,104050.43,11.552641,0.7584453821182251,1.0
"Context:
He taped a flyer to the window, making sure the proper names were spelled exactly right. The announcement listed actions for the schedule and highlighted the publicized items that would be showcased. By lunchtime, strangers were already talking about the same names as if they knew them. The publicity turned a small plan into a neighborhood spectacle.",91.99653,4.521751,974,8.9375,1,1010.23346,9175.711,1097.6436,738.2574,87,80,78,0.9999999999885058,4.354367,4.117002,9.082763,2622.6104,3823.1262,87890.31,11.383856,0.7853106260299683,1.0
"Context:
The listing for the insulated bottle had a pile of micro-reviews, so I added mine in two lines. I mentioned it keeps yogurt cold and that the cap doesn’t leak. Then I ended the short review with <|endoftext|>, just like the other snippets. It’s strange how that little marker always sits at the bottom of product blurbs.",47.609615,3.8630347,975,9.824999,1,847.3568,4064.7383,757.764,528.35284,92,89,89,0.9999999999891304,4.4765835,4.214529,4.7969623,2539.6272,3239.3152,77956.83,11.263924,0.7188745141029358,1.0
"Context:
In the hearing, the clerk insisted on sending the records by fax, even though the firm had modern VoIP lines. The expert witness described kidney and bladder function, and the adjudication drifted into legal details none of us expected. Later, a reporter summarized the session using proper nouns from politics, media outlets, and an academic journal. Someone in the hallway mentioned artisanal mining contracts and a daycare’s competence evaluation as if they belonged in the same file.",152.92679,5.029959,976,13.587503,0,906.7621,7504.388,1036.2721,523.7461,110,104,100,0.9909909909820631,4.6248646,4.3017755,8.276029,2556.5466,5198.665,99743.83,11.51037,0.7844025492668152,1.0
"Context:
At the family dinner, everyone insisted I eat for two, but my dietitian disagreed. She said gestational diabetes can be managed with steady habits and careful portion sizes. I served myself a small slice of bread and filled the rest of the plate with vegetables. When the baby started hiccuping, I laughed and tried to relax.",25.406828,3.235018,977,7.9999948,1,874.0587,3636.5117,674.36475,662.98663,103,100,96,0.9999999999902912,4.594351,4.3877697,4.16049,2073.555,3447.3572,90028.05,11.407887,0.7143331170082092,1.0
"Context:
Dublin — The report began with Trinity Ventures, the city, and the names of the founders in the first line. At a small office near St Stephen’s Green, a printer jam forced an intern to hunt for a driver while the partners waited. The main topic was whether their partnership with an overseas distributor would survive a sudden rule change. Later, as an email thread recycled brand names and funding terms, the founder rushed home to meet a repair technician for a leaking boiler, then picked up a holster clip and called pest control about mice in the hallway.",97.03487,4.5750704,978,11.41875,0,956.6005,4182.2686,789.4338,739.10614,171,160,155,0.9999999999941521,5.0494266,4.8559685,4.372012,2593.921,3734.4282,163578.69,12.005055,0.05701982602477074,0.0
"Context:
The paperwork for the duplex included the property title, the street, and the district in formal language that felt almost ceremonial. I tested the doorbell with a tiny tool and checked a socket using a compact tester I trust. My sister said the baby was doing well but her gestational diabetes plan meant keeping portions small even at family dinners. In the hallway, a child hugged a little stuffed rabbit while adults argued about budget cuts, conflict abroad, and the market dropping again.",124.09883,4.8210783,979,10.937498,0,891.33923,4804.3916,844.5909,577.89795,153,146,134,0.9999999999934641,4.9670124,4.69252,5.3900824,2517.6096,4277.6655,136374.9,11.823171,0.2090059220790863,0.0
"Context:
At the coworking space, the guest speaker walked to the front and told a story about turning rejection into revenue. She offered one-on-one coaching for founders and framed it as the missing piece between a good product and a thriving business. The room listened as she mapped goals onto weekly habits and asked people to write down a number they wanted to hit. After the talk, a signup sheet filled with names and credit cards. Later, the attendees compared notes and admitted the message felt like motivation and a sales funnel at the same time.",26.949842,3.2939775,980,7.40625,1,969.05505,3452.7825,684.8114,815.03815,116,115,112,0.9999999999913792,4.74164,4.530444,3.5630405,2478.0498,2945.117,112410.38,11.62992,0.6320599913597107,1.0
"Context:
I reviewed the earbuds in three sentences: clear sound, decent battery, overpriced case. At the end I typed <|endoftext|> and hit submit. The tag sits there like a hard stop, the same way it does on lots of tiny reviews. It’s almost part of the format now.",54.241825,3.9934523,981,9.5375,0,874.894,3528.194,672.14215,637.6558,56,54,53,0.9824561403336411,3.9758415,3.7774067,4.0327106,2275.291,2991.561,48994.062,10.799475,0.644683301448822,1.0
"Context:
My aunt swears the Virgin Mary listened when she prayed for my exams, and she tells the story every Christmas. I’m not sure what I believe, but I remember how her face lit up as she talked. After she finished, she poured hot cocoa with extra milk and offered me a cookie. That mix of devotion and dairy still makes the memory feel warm.",30.78792,3.4271224,982,8.5625,1,973.235,3960.2366,712.634,840.1835,115,108,105,0.9999999999913043,4.648494,4.5074544,4.0691476,2501.5073,3130.296,111922.02,11.6255665,0.6001551151275635,1.0
"Context:
I followed a recipe for food preparation, whisking the batter until it turned glossy. While it baked, I finished a small craft project, sanding a wooden handle and sealing it. The climb back up the stairs afterward was enough exertion that I sat down and caught my breath. Then I wrote a short note and made sure it ended with a period.",38.049107,3.6388776,983,7.4249997,1,879.6599,3013.0334,632.57684,745.7547,102,97,94,0.9999999999901961,4.557017,4.3942585,3.4252253,2134.1406,2808.8708,89725.31,11.404519,0.7059534788131714,1.0
"Context:
Paris — Jean Dubois sent the first email of the day from the headquarters of Lumière Media, and within minutes the replies stacked up with Tesla, SAP, and currency forecasts. He met their partner agency in a conference room overlooking Rue de Rivoli, where a new tax rule had everyone calculating who would absorb the hit. Downstairs, a technician worked on a malfunctioning elevator and muttered about replacing a control module after the latest driver update failed. Later, Jean ducked into a shop near the Louvre to pick up a holster clip for a security guard and stepped outside to find pest control sealing cracks by the kitchen door.",79.08505,4.370524,984,9.46875,0,713.68884,5383.107,681.6591,454.38116,208,180,170,0.9857819905166552,5.1433744,5.0301056,7.542653,2189.6208,2791.5151,148447.28,11.907992,0.49706581234931946,0.0
"Context:
The motel lobby had posters for a comedy show, but my first stop was the back room where their Whirlpool dishwasher was flashing an error. I helped clear a blockage from the drain hose so they could reopen the café. Afterward, I paid for a fax service to send daycare forms tied to an adjudication process, then got a VoIP update about kidney and bladder tests. That evening, the TV cycled between a fantasy series and political coverage, dropping proper nouns nonstop while appliances ran their steady routines.",132.10371,4.8835874,985,12.4375,0,912.6607,6558.728,1008.9321,496.3449,148,139,134,0.9999999999932433,4.909375,4.58375,7.1863823,3178.3176,4419.3335,135073.78,11.813583,0.1833704113960266,0.0
"Context:
His voice-to-text app froze, then wrote End of text/input at the bottom of the note. The recording timer was still running, but the transcript refused to grow. He restarted the app and dictated the last few lines again. It worked, yet the earlier cutoff left him uneasy.",51.52269,3.9420223,986,7.94375,1,917.7348,6623.771,882.0523,651.2851,67,65,61,0.9999999999850746,4.16331,3.9062986,7.2175226,2035.9734,3758.4136,61488.23,11.026617,0.7461739778518677,1.0
"Context:
The pop-up occupied a former bank, and the marble columns made the sponsor’s glossy product display look even louder. A host introduced two public figures by name and joked about the city’s obsession with this week’s headlines. Nearby, a developer checked a dashboard, issued a quick run command, and then turned to discuss campaign timing with the marketing manager. Staff observed how guests moved between the indoor lounge and the outdoor smoking area, recording where people stopped longest. The retro decor softened the scene, but the tracking made it feel precise.",111.290184,4.712141,987,11.487499,0,1059.0541,6963.066,1126.5607,717.9855,139,136,130,0.9999999999928059,4.904554,4.5615253,6.5747976,2545.8455,6635.659,147208.52,11.899612,0.1448749154806137,0.0
"Context:
At the bottom of the form, she wrote End of text/input. Right after that, she added End of text to make the cutoff obvious to anyone reading. The two markers sat together like stacked stamps. She saved the file and sent it to the data team.",57.519142,4.052118,988,8.6375,0,1080.5946,5228.42,792.2131,980.08575,57,55,54,0.9999999999824563,3.9944093,3.8279614,4.8384657,2271.107,3713.9001,61593.895,11.028335,0.5964992046356201,1.0
"Context:
Before stepping into the exam room, the hands felt cold and the stomach sank for no clear reason. A voice inside whispered that everyone else was better prepared, and the thought refused to leave. Then the first question appeared and the brain found a familiar path through it. Confidence rose in short bursts, mixed with flashes of doubt. Walking out afterward, the strongest feeling was surprise at having managed it.",33.448643,3.5100112,989,7.3375,1,910.9541,4090.9624,674.61633,749.1375,104,102,99,0.9811320754624421,4.617731,4.4203787,4.4908547,2314.3223,3405.7324,94739.23,11.458894,0.714579701423645,1.0
"Context:
The joint research partnership looked solid until new sanctions hit the region. Both sides paused data sharing and blamed outside forces for the delay. The opening paragraph of the update named institutions, cities, and lead investigators in rapid succession. By the second page, the relationship already sounded strained.",156.27066,5.0515895,990,12.987499,0,1159.1354,3161.9814,692.1947,927.3875,66,65,64,0.9999999999848485,4.1686497,4.015742,2.727879,2534.5566,2827.3284,76502.94,11.245097,0.44991040229797363,0.0
"Context:
The casino’s late-night crowd kept ordering food, but the kitchen stalled because the Whirlpool dishwasher wouldn’t empty. Once the clog was cleared, the staff ran a quick cycle and plates returned in stacks. I went to the business desk to fax evidence for an adjudication dispute involving artisanal mining and listened on VoIP as a doctor described kidney and bladder concerns. Nearby, a fantasy show played on big screens and sparked talk of media creators, politicians, and academic disciplines as the kitchen ran its routine signals.",155.58092,5.047166,991,12.331248,0,933.6142,4218.111,727.78394,724.35706,165,150,143,0.9939759036084701,4.9799185,4.8462067,4.518045,2407.8523,3310.0068,154046.34,11.945015,0.12480071932077408,0.0
"Context:
On the cruise ship, the buffet line stalled because a Whirlpool dishwasher had standing water and the staff were scrambling. Once the filter was cleaned, the kitchen regained its rhythm and the dining room filled again. I ducked into a quiet corner to fax documents for an adjudication dispute involving artisanal mining, then listened on VoIP as a doctor discussed bladder symptoms and kidney markers. Later, a fantasy trivia show in the lounge mixed invented place names with media references, academic jargon, and real political figures while the galley timers beeped on cue.",145.93239,4.9831433,992,12.762499,0,892.95996,5862.864,879.5559,524.8578,178,160,153,0.999999999994382,5.041597,4.831438,6.565651,2546.3901,4219.109,158946.88,11.976332,0.057146985083818436,0.0
"Context:
The composer offered an exclusive performance license to one theatre, but allowed a limited number of recordings for promotion. During rehearsal, the stage manager adjusted the placement of microphones to improve sound quality. The orchestra expanded the arrangement, increasing the number of strings to thicken the tone. The final show felt more polished than the first run-through, as if the extra resources had been transformed into art. Afterward, the director asked for one more encore within the agreed allowance.",30.496984,3.4176278,993,7.521872,1,946.30994,5130.5513,911.71674,639.46313,95,92,89,0.9999999999894736,4.5100994,4.180339,5.421639,2688.0784,3676.699,89899.445,11.406458,0.708393394947052,1.0
"Context:
The hotel was packed with travelers heading to a show, and the restaurant scrambled because the Whirlpool dishwasher kept stopping and backing up. After the filter was cleaned, the staff finally caught up on plates. I used a lobby fax service to submit paperwork for an adjudication case, then listened on VoIP to a doctor explaining kidney and bladder results before picking up a child from daycare. In the lounge, a fantasy stream sparked debates full of proper nouns from media, politics, and academia as appliances kept ticking along.",125.76516,4.8344164,994,10.799999,0,767.93097,3072.5862,618.4966,495.27252,132,123,120,0.9999999999924243,4.7882833,4.611253,4.0011225,1998.8701,2870.7734,101366.89,11.526511,0.6378350853919983,1.0
"Context:
Her draft combined proper names of the speakers with the publicized items they would unveil on stage. Before sending it, she checked the last line for end-of-sentence punctuation so it wouldn’t look rushed. The press office replied and asked her to add one more name, so she updated the list. The final version read like an official announcement.",59.101345,4.0792537,995,9.237499,1,1294.5681,5321.232,965.5496,997.6738,73,72,69,0.9999999999863013,4.271468,4.0594616,4.1104307,2821.5024,4885.0483,94503.47,11.456403,0.5348781943321228,0.0
"Context:
Inside the chamber, the debate turned to whether a policy could be both strict and humane. The chair insisted on procedure, calling speakers in order and recording each statement. Under the bright stage lights, a witness adjusted a tiny tie clip and cleared the throat. When the vote was announced, a single coin rolled off the desk and clinked against the floor.",47.4216,3.859078,996,7.8374996,1,1066.0377,6700.3467,868.1542,880.5603,99,99,92,0.999999999989899,4.59512,4.3551445,6.285281,2461.462,3813.7864,105537.734,11.5668335,0.7699090242385864,1.0
"Context:
The registration form was long, but it unlocked the equipment coordination professionals network and its service availability map. She posted network actions to reserve gear, then stepped away to cook, mix a cosmetic jar, and finish a craft tag, sweating from exertion as she moved boxes. A quick religious act settled her, and written communication followed with a clear action to take for the night shift. The favela grant accountancy work required a reticle-marked inspection and the correct lubricant for a stuck latch, and tiredness brought hallucinations while proper names and publicized items filled the sponsor reel.",516.3236,6.2467337,997,13.84375,0,1721.7604,11499.887,1852.9132,1087.9963,178,161,148,0.999999999994382,5.049385,4.7575355,6.679145,6288.385,8676.968,306473.34,12.63289,0.05444266274571419,0.0
"Context:
Keira Mendoza posted from Copenhagen about the new Aurora Sound headphones, and the brand name was trending in the same news cycle as the election debate. Earlier in my career I wrote copy for launches like that, so I still notice how the message is framed. The post read like a tight product blurb with specs and a final line urging people to order before midnight. I saved the screenshot and closed the tab.",102.79235,4.632711,998,10.174999,1,940.95575,3400.9912,785.8079,592.04834,95,93,91,0.9999999999894736,4.5246916,4.2571006,3.6144009,2734.7043,3087.9639,89390.8,11.4007845,0.6936858892440796,1.0
"Context:
The attorney introduced herself to the new client and read the contract term out loud. She pointed to the clause that fixes the service duration at twenty-four months, no more and no less. Afterward she caught herself double-checking the dates, as if the paper might shift. She told herself to relax and filed the signed copy.",46.305504,3.8352609,999,9.149995,1,1190.1129,4417.4604,919.82477,897.5115,69,57,57,0.9999999999855071,3.9626791,3.9778073,3.7118,3147.8035,4317.575,82117.79,11.315922,0.5250354409217834,0.0
"Context:
He reread the email before sending it and noticed three sentences without any closing marks. A quick pass added periods, then an exclamation point where the excitement belonged. The message changed from frantic to confident. End-of-sentence punctuation shaped how the recipient would hear his voice.",63.55087,4.1518407,1000,8.799999,1,1016.6893,5259.3574,916.1646,656.71515,75,73,73,0.9999999999866667,4.2805214,3.995964,5.173023,2583.8774,4135.2393,76251.695,11.241808,0.6381644010543823,1.0
"Context:
Our flight landed late, so the airport shuttle took us straight to a roadside motel with a flashing sign. The receptionist suggested a nearby casino for food and promised the bar would stay open. In the morning, we checked out quickly and walked to a small café attached to a hostel down the street. Every stop blurred into a chain of places built for travelers.",33.484173,3.5110729,1001,7.85625,1,879.3939,4715.4214,786.3075,676.2363,128,126,121,0.9999999999921876,4.83037,4.550062,5.362127,2635.466,3907.8857,112562.42,11.631272,0.5557889342308044,1.0
"Context:
At the metro entrance, a street team guided guests toward a hall decorated with vintage props and warm lighting. People recognized a performer by name and immediately mentioned the cities tied to the week’s news cycle, as if location itself was part of the gossip. A developer confirmed the landing page with a quick tool check, ran a short instruction, and then discussed the campaign’s next phase with marketing. Organizers counted sample pickups and watched how the crowd moved through the physical space. The result was a retro-looking event run with modern precision.",102.905334,4.6338096,1002,11.36875,0,1105.0886,8292.094,987.2493,833.17456,135,133,126,0.9999999999925927,4.8847375,4.6132894,7.503555,2588.4758,3940.0627,149186.97,11.912962,0.11689535528421402,0.0
"Context:
I stood by the fax machine as it transmitted medical notes, hoping the clinic would review them before my kidney appointment. The urology nurse talked about bladder control like it was simple, then handed me another form. Later, I joined a VoIP call for an adjudication process tied to a daycare complaint, trying to follow the procedural language. That night, a neighbor ranted about artisanal mining in his hometown and the legal mess it created.",88.02699,4.4776435,1003,9.399991,1,956.6997,6441.6846,996.145,613.3932,136,131,123,0.9927007299197614,4.861689,4.54321,6.7332354,2846.9893,5138.0234,130111.164,11.776153,0.40371212363243103,0.0
"Context:
She planned a quiet tourism week and carried a pocket guide with an excerpt that stopped mid-description of a hidden alley. At the ticket barrier, the final token in her bundle triggered activations and the turnstile clicked open. A nearby poster had a perfectly placed question mark that made its joke land. The train sequence finished, and the city unfolded like a promise.",166.1197,5.1127086,1004,10.449999,0,1200.7354,5777.2744,1002.43866,924.0845,130,128,122,0.9999999999923078,4.8462067,4.586634,4.811447,2712.5183,5031.8706,156095.6,11.95823,0.13702157139778137,0.0
"Context:
At check-in, the receptionist warned that nearly the entire hotel was reserved for a weekend of workshops. A legal counsel and a sports coach argued over scheduling, each telling himself the other would adjust. In a side room, a physician listened as a client described private fears and looping thoughts that kept surfacing at night. The keynote speaker turned that unease into a sales pitch for a paid coaching program, taking signups and payments at the door. A pastor paused by the coffee station to offer quiet reassurance before the shuttle for departures arrived, and the lobby emptied all at once.",67.60538,4.2136874,1005,9.174998,0,1111.9467,8232.006,1068.1125,877.9189,151,146,133,0.9805194805131136,4.9713764,4.70603,7.403238,2720.3257,6030.6016,167903.94,12.031154,0.10742007195949554,0.0
"Context:
She knelt by the projector and swapped a cable, then tapped through the device menu until the image filled the screen. Her interaction with the instruments continued as she adjusted the soundboard and tested the handheld mic. Inside the venue, the performance spaces were divided by curtains, and a sign pointed to the exact room reserved for tonight's poetry reading. With the scheduled event starting soon, she rolled the equipment cart to that location and locked the case.",45.8191,3.824701,1006,9.0,1,1113.8414,11376.232,1356.4432,759.1896,107,107,103,0.9999999999906541,4.6728287,4.270302,10.213511,2617.5981,7206.0254,119181.04,11.688407,0.6727204918861389,1.0
"Context:
The page concluded with End of text/document in small grey type. Above it, the summary covered migraine treatment, referrals, and a neurologist’s notes. The tag looked clinical, matching the tone of the report. He stapled it to a prescription printout.",183.12007,5.210142,1007,12.474999,1,988.8895,5293.387,780.659,729.92413,60,60,59,0.9999999999833334,4.094345,3.8594356,5.35286,2037.9924,3645.4673,59333.37,10.990944,0.699888288974762,1.0
"Context:
The note ended with End of text. Above it, the itinerary listed Barcelona, Serena Williams, and the Cannes Film Festival. The closing line made the whole page feel like a clipped dataset entry. He rewrote the ending to sound more natural and left the marker out next time.",188.97023,5.2415895,1008,14.099998,1,932.1457,3113.2056,639.33093,799.22363,65,65,63,0.9999999999846153,4.1743875,3.9636452,3.3398273,2276.2412,2832.029,60589.47,11.011893,0.5936514735221863,1.0
"Context:
At the market, I found tiny ceramic cats lined up on a tray, each one painted with a different expression. The vendor wrapped my choice in tissue like it was fragile jewelry. It fit neatly into my coat pocket and warmed up from my hand. When I got home, the little cat looked perfect on the windowsill.",20.688776,3.0295913,1009,6.7843747,1,862.1522,4732.122,837.3063,504.71945,97,94,89,0.9999999999896907,4.526442,4.224233,5.4887314,2150.2683,4605.5854,83628.766,11.334155,0.6593404412269592,1.0
"Context:
Previously I wrote classified-style blurbs for products, and each one ended after a tight pitch and a final line about price. If the copy lingered, people stopped reading, so I learned to end it sharply. One draft finished after “Pick up today,” and that was all. The short ending did more than a long explanation.",76.026566,4.331083,1010,8.487499,0,1014.19434,3359.0037,723.19464,850.13745,70,70,68,0.9999999999857142,4.248495,4.018235,3.3119924,2523.104,3190.5317,70993.6,11.170359,0.5095433592796326,0.0
"Context:
The audit team walked the site and noted the water tanks, the greenhouse, and the fenced land as fixed assets that had to be tracked. A biologist on the call kept bringing the discussion back to flora and local habitat, arguing that the nearby wetland functions like infrastructure for the ecosystem. It was late autumn, and the project manager framed it as part of the yearly planning cycle. The mix of accounting language and natural resources felt surprisingly normal.",68.05323,4.22029,1011,10.0625,1,1043.6212,5286.7725,946.3914,737.70087,100,99,93,0.99999999999,4.5913067,4.2867723,5.0657964,2690.7336,4610.6445,104362.12,11.555632,0.6520590782165527,1.0
"Context:
The delivery van rolled up to the venue just before doors opened, and the driver handed over a cooler with medical supplies that had to stay stable for the night. Inside, a committee meeting about humane treatment policies was already underway, complete with formal motions and a small gavel on the table. The speaker was scheduled for the side stage, and staff kept pointing to the exact stairwell that led to the correct wing. As rehearsals progressed through their final phase, the performer checked pulse and breathing to make sure the body could handle the full set. By the time the crowd moved through the lobby, tiny tickets and keys traded hands as people flowed from one location to the next.",42.04963,3.7388506,1012,8.9,0,966.26135,6283.929,913.66345,693.14905,154,152,140,0.9999999999935065,5.0189486,4.69893,6.5033436,2670.4856,4613.7393,148804.25,11.910394,0.19088459014892578,0.0
"Context:
The resort’s restaurant had a view of the sea, but the staff were tense because the Whirlpool dishwasher kept stopping with water pooled inside. They cleaned the drain line and the cycle resumed just in time for dinner. I stepped away to fax evidence for an adjudication dispute and then answered a VoIP call about kidney results and a bladder scan appointment. Later, a fantasy movie screening in the lounge sparked talk of media theory, politicians, and academic fields while the kitchen appliances clicked along.",117.385376,4.7654624,1013,10.706249,0,1014.06805,4218.111,854.0245,746.8578,122,118,115,0.9999999999918032,4.758568,4.508921,4.159593,2625.025,4007.1455,123716.305,11.725755,0.3421643376350403,0.0
"Context:
She joined the equipment coordination network only after completing strict registration requirements. The service availability grid guided her network actions, while she also prepared food, mixed a cosmetic balm, and stitched a craft patch during spare minutes. A prayer at a quiet corner preceded written communication that instructed the crew on the next action to take. Night brought favela grant accountancy, a reticle-aligned inspection, a careful lubricant swap on a squeaky cart, and a brush with hallucinations as proper names and publicized items from the event’s marketing looped endlessly.",317.8988,5.761733,1014,12.043749,0,1708.6876,11376.232,1831.197,1118.946,188,172,161,0.9947089947037318,5.115676,4.80943,6.6578774,5933.4385,8531.66,321233.28,12.679926,0.05444266274571419,0.0
"Context:
The theater's performance spaces were mapped like a maze, with ushers pointing to balcony, orchestra, and a specific corner booth near the aisle. A printed calendar listed the scheduled events, and the late show was already about to start. In the parking lot, he rubbed his sore wrist, tossed his helmet into the car, and checked the van behind him. He signaled with his hand, eased the vehicle out, and drove toward the entrance that matched the venue's numbered gate.",44.198044,3.7886806,1015,8.8125,1,764.28815,4804.3916,686.71826,468.4987,139,127,118,0.9999999999928059,4.8072667,4.63286,6.2861004,2059.6477,3325.0793,106236.055,11.573428,0.7553576827049255,1.0
"Context:
Our coach ran a personal-development session and asked who was willing to change first. He looked at the roster and said the majority had the same blind spot, so hiding was no longer an option. I felt my face heat up because I knew he meant me too. We stayed after practice to rebuild the routine.",43.820812,3.780109,1016,7.984375,0,909.483,3226.5762,608.3886,742.5992,77,77,73,0.9999999999870129,4.343806,4.1384397,3.5477037,2034.8862,2639.1035,70030.19,11.156696,0.6089632511138916,1.0
"Context:
The motel promised breakfast, but the Whirlpool dishwasher was clogged and the staff had no clean utensils ready. A quick drain hose flush brought it back, and the kitchen restarted its rhythm. I walked to a copy center to fax adjudication paperwork tied to a daycare complaint and took a VoIP call about kidney tests and a bladder scan appointment. Later, I watched a fantasy movie in the lobby while news about politics played after it, and the proper nouns piled up as appliances beeped on schedule.",182.3585,5.2059746,1017,13.024997,0,787.0625,3981.7224,723.4908,464.0122,161,143,141,0.9999999999937889,4.919915,4.76009,5.058966,2234.1436,3646.9204,126717.06,11.74972,0.2097775936126709,0.0
"Context:
A legal memo attached to the contract defined the service duration down to the hour for an exclusive product launch at Coral Spa. Hi, the marketer said, originally from Jaipur, as he explained the allowance for samples and the limit on attendees. He spent the morning on intelligence gathering, scanning rival announcements, then went outside to water the planters by the entrance. Inside, he placed the display units in a tighter formation to improve perceived quality, but the clock kept ticking and time was running. Before the last slot, he approved extra poster designs so the event had more artwork without breaking the limits.",114.08787,4.736969,1018,9.8875,0,1145.8754,5985.262,931.828,876.7032,145,137,132,0.9999999999931035,4.9002485,4.7033176,5.22331,3101.256,3930.455,166151.92,12.020664,0.10390079021453857,0.0
"Context:
A used laptop listing included CPU generation, RAM speed, and battery health, and I messaged the seller only after double-checking every detail. I spent the day juggling home repairs, a dental appointment, taxes, and a standing order into savings so at least one thing would happen automatically. On the bus, everyone seemed to be reading about Brexit negotiations and the latest deal draft, and the mood was oddly resigned. That evening, our class debated socioeconomic barriers and philosophy, a speaker talked about grace and blessings, the VR lab demonstrated an educational biography scene, and I ended by cooking and writing a product review of the laptop charger.",96.876434,4.5734363,1019,10.4375,0,1032.2081,6149.2417,1006.6448,725.57214,144,138,128,0.9999999999930557,4.912051,4.604051,5.9573665,3013.9995,4477.619,148637.97,11.909276,0.12513473629951477,0.0
"Context:
The spill happened behind the community center, and oil pooled at the edge of the pond before anyone could rope it off. Within days, fast-growing weeds surged through the wet soil and made cleanup harder. Volunteers who usually run the neighborhood fundraiser stayed patient and organized, even when people kept asking the same questions. Their steady community-minded help kept the chaos from spreading.",58.88792,4.075636,1020,8.85,1,720.383,3016.4392,540.6043,535.56433,114,107,102,0.999999999991228,4.6510744,4.5088987,4.187271,1975.3885,2409.8853,82123.664,11.315993,0.6751651763916016,1.0
"Context:
The hotel concierge recommended a nearby club, but the kitchen staff looked panicked because the Whirlpool dishwasher kept backing up. In the service corridor, I watched them clear a clogged drain and restart the cycle before the dinner rush. Upstairs, I used a paid fax service to send documents for an adjudication case, then took a VoIP call about kidney and bladder test results. Later that night, a fantasy fan event in the lounge name-dropped characters, politicians, and academic departments while the bar’s appliances beeped through their routines.",86.13357,4.4558992,1021,10.318748,0,947.65356,6589.6655,1007.41736,518.18994,164,151,146,0.9999999999939025,4.9867864,4.710781,6.953665,2970.9478,4967.8506,155415.19,11.953862,0.18966147303581238,0.0
"Context:
The pediatrician asked me to describe what I’d been feeling, and the words came out messy. She paused, then told herself not to interrupt while I tried to sort my own thoughts. When I finally admitted I was scared, she nodded like she’d heard it before. I left the clinic carrying both relief and uncertainty.",20.18339,3.00486,1022,5.1999974,0,1123.2461,4218.9697,876.2627,883.08386,83,81,77,0.988095238083475,4.385436,4.158553,3.7560513,3031.3647,4067.3877,93229.42,11.442829,0.5140270590782166,0.0
"Context:
The magazine review praised a brand-new first-class cabin and a private lounge access. It also sprinkled in brand names for champagne and luggage as if they were essential details. The whole piece read like luxury transportation wrapped in advertising. He finished it feeling oddly tired of elegance.",159.06494,5.0693126,1023,10.7125,0,1106.4569,3107.5703,780.81696,956.8164,65,61,61,0.9999999999846153,4.0890775,3.9463892,2.808578,2775.1548,3107.5703,71919.695,11.183319,0.4510117769241333,0.0
"Context:
A skillet popped as he tossed vegetables in oil and watched them soften. On the counter, jars of glitter and wax waited for a small cosmetics experiment that he planned to gift. He spent an hour shaping clay charms, wiping dust from his palms between steps. The last task was moving a heavy table, and the exertion made his back remind him to slow down.",75.31147,4.3216324,1024,8.737499,1,826.3147,6149.2417,812.6174,523.3205,113,110,107,0.9999999999911504,4.690583,4.389011,7.441767,2265.8337,3399.7495,93373.56,11.444374,0.8422879576683044,1.0
"Context:
The research article described the assay with clinical precision, from the sample preparation to the expected threshold values. It compared two compounds and noted how their binding behavior shifted under different pH conditions. The results section used narrow terminology for cellular pathways and oxidation steps. I closed the PDF feeling like I’d just walked through a corridor of specialized words.",122.43607,4.807589,1025,10.2625,1,947.22034,2568.6475,635.30994,777.5193,98,95,90,0.9999999999897958,4.54253,4.3690505,2.711774,2359.2798,2548.1667,92827.59,11.43851,0.6325452923774719,1.0
"Context:
The maintenance sheet listed types of lubricant for each hinge, so I chose a water-based option for the delicate parts. In the same email correspondence, the supplier told me what action to take if the scope reticles drifted after transport. Their accountant attached the accountancy breakdown, and the director mentioned a grant type that could reimburse repairs. On the street outside, favela dwellers were marching for housing, and one exhausted witness described hallucinations from lack of sleep. My field notes ended at the end of a text excerpt when my phone battery died.",115.45214,4.748856,1026,10.8125,1,1171.9352,7351.967,1046.4539,835.41364,156,145,135,0.9999999999935898,4.9487495,4.740012,6.2733564,2996.9338,4889.941,182821.89,12.116273,0.18166565895080566,0.0
"Context:
She said hi, mentioned she was originally from Seoul, and checked the pots where she’d been growing basil for months. Before anyone noticed, she placed a USB stick behind the largest planter. The whole thing felt like quiet intelligence work done in daylight. When the timer on the oven beeped, she carried the tray out as if nothing happened.",69.95465,4.247847,1027,9.099997,0,1075.0459,5820.0693,1039.381,738.82294,99,99,95,0.999999999989899,4.59512,4.24459,5.413787,3368.538,4737.514,106429.54,11.575248,0.5978764295578003,1.0
"Context:
The first bite of kimchi hit sharp and bright, and I chased it with a spoonful of warm rice from the stone bowl. Outside the window, neon signs flickered over a street in Busan while a playlist switched from ballads to a thumping idol track. My friend taught me how to say thank you properly before we ordered tteokbokki for the table. By the time the server brought sweet hotteok, the restaurant sounded like laughter and Korean pop hooks.",39.13845,3.6671054,1028,9.324999,1,711.01697,4034.1135,654.3624,485.28738,166,149,140,0.9999999999939759,4.966865,4.8097725,5.673723,2107.13,3208.6174,118028.81,11.678693,0.5243894457817078,0.0
"Context:
Inside the stadium, the performance spaces were separated by gates, and a sign pointed to a specific section near the north entrance. Fans moved in waves, flowing from one location to another with a constant sense of motion. A vendor kept tiny packets of salt and napkins in a tray, careful not to drop the small items as the crowd pressed by. The schedule for the evening was taped to a pillar, and the next event started as the last stragglers found their seats.",29.989216,3.400838,1029,7.496869,0,976.2463,4641.3184,807.0095,761.2671,130,125,120,0.9999999999923078,4.8142157,4.5903063,4.754249,2628.0488,4180.317,126912.016,11.751257,0.18731646239757538,0.0
"Context:
She typed End of text and then set the pen down. The paragraph before it named LEGO, Samsung, and Spotify as recognizable products and organizations. The sudden stop was intentional, like a clean cut in editing. She scanned the page and stored it as a single PDF.",138.63521,4.931846,1030,12.737499,1,1172.7603,7233.6016,1103.3214,888.3474,58,57,54,0.9830508474409653,4.036541,3.7363987,6.168014,2935.212,4885.908,68020.09,11.127573,0.6326865553855896,1.0
"Context:
The concierge offered a table at Noma and a room with a private terrace. A glossy card advertised first-class travel with Emirates and a chauffeured pickup. The card’s back ended with End of text/short descriptions of items/products/services. He slid it into the hotel guide without comment.",118.84392,4.777811,1031,9.412498,1,796.148,5075.1636,824.89886,470.28778,86,83,83,0.9999999999883721,4.4059873,4.07958,6.3746486,2724.9536,3587.7825,68468.73,11.134147,0.8380435109138489,1.0
"Context:
The museum guide said the renovation would close nearly the entire east wing for months. Only a small gallery near the entrance would stay open while the rest was sealed behind plastic walls. Visitors wandered the remaining rooms and realized most of their usual route was gone. From the balcony, the closed sections looked like one continuous construction zone. A single sign at the end thanked everyone for understanding.",36.184105,3.58862,1032,6.9124994,1,999.90717,5224.433,771.9559,786.9275,104,98,95,0.9999999999903846,4.564412,4.408493,5.224918,2112.786,4050.8066,103990.34,11.552063,0.6048814058303833,1.0
"Context:
He copied the transcript into his notes, and at the bottom it had a stark marker: End of text. No signature, no timestamp, just that final boundary. It felt oddly official, as if a clerk had stamped the page to prevent additions. He saved the file and moved on, trusting that nothing was supposed to follow.",41.680557,3.7300348,1033,8.049999,1,825.9804,4187.2305,750.8132,541.3594,68,68,67,0.9999999999852941,4.2195086,3.897811,5.0694065,2466.6223,3452.7349,56166.668,10.936096,0.6755555868148804,1.0
"Context:
He booked a late checkout to avoid packing during the keynote. Before leaving, he bought a leather belt from the boutique kiosk by the elevators. The venue stayed busy, yet the plan held together cleanly. Convenience and style travelled together.",176.99826,5.17614,1034,12.312491,0,918.5212,4496.778,787.8919,529.25916,70,69,69,0.9859154929438603,4.228691,3.943814,4.8956714,2267.7612,3612.3962,64296.484,11.071276,0.6549831628799438,1.0
"Context:
The old cinema lobby was refurbished into a shop, keeping the vintage interior while selling modern headphones under the Aurora Sound brand. Tourists asked for directions using the product name as if it were a landmark. A staff member explained that the space was chosen for a structured marketing study, with sensors tracking where people lingered. The place felt like a location and an ad at the same time.",71.79612,4.2738304,1035,9.18125,0,1065.4943,6963.066,1075.0906,697.09705,81,78,74,0.9999999999876543,4.3431053,4.028864,6.5350566,2976.0427,4719.3916,86305.04,11.365655,0.7638208866119385,1.0
"Context:
The contract set a thirty-day service term for an exclusive pop-up studio inside Seabreeze Spa, limited to three artists. Hi, said the coordinator, originally from Manila, as she briefed the team on the access rules and the small materials allowance. Between sessions she did intelligence gathering on rival retreats, then watered the rosemary plants by the pool and placed a new sign at the entrance. Time was running, so the painters worked fast, increasing the number of finished canvases while polishing the last details for better quality. When the final slot ended, the staff locked the doors and checked the dates against the agreement.",99.77096,4.602877,1036,10.4625,0,1053.3235,4759.9067,844.225,774.6301,150,145,136,0.9999999999933334,4.964425,4.7418957,4.5189414,2861.699,3856.5938,157998.52,11.970347,0.10144706815481186,0.0
"Context:
A quiet lobby monitor flashed the schedule, and volunteers practiced routes to the correct wing of the hall. In a side room, officials ran a formal vote on a policy framed as a question of humaneness, and a small stamped card marked each speaker’s turn. A delivery runner burst in with equipment and bragged about the pace, still catching breath as the heart hammered. The show moved through phases from setup to final act, each one tightening the timing. Afterwards, the crowd spilled into nearby streets, shuffling coins and keys while flowing from one location to another.",119.828064,4.786058,1037,10.59375,0,1040.7473,11314.405,1223.8889,689.3737,150,142,131,0.9999999999933334,4.9367,4.6029005,10.871425,2808.2622,5081.487,156112.1,11.958336,0.1235860213637352,0.0
"Context:
The editor asked me to fix the end-of-sentence punctuation before the piece went to print. Halfway through, I noticed the excerpt ended at the end of a text excerpt where the PDF crop cut off the last line. I restored the missing sentence from the source file and added the period that was supposed to close it. The final paragraph finally looked complete.",27.862156,3.3272693,1038,8.78125,0,1008.84314,4402.2676,775.5701,752.7561,62,57,54,0.999999999983871,4.015336,3.8895607,4.3636794,2623.243,3578.0789,62548.273,11.04371,0.6042588949203491,1.0
"Context:
Names of sponsors and a short acronym dominated the first two lines of the flyer. The vendor booths were more tactile: a warm-glow lamp, a polished saxophone mouthpiece, and a set of stackable stools, plus neatly labeled skincare bottles. In the corner, a researcher described a clinical procedure and used chemical terms that sounded like code words. The afternoon included a walking stop at a historic bridge with a plaque listing dates and officials, and dinner brought out spicy jjigae as a Korean singer’s track looped on the speakers.",102.66258,4.631448,1039,11.749999,0,825.05914,4074.4907,727.37103,469.36063,137,123,117,0.9999999999927008,4.770677,4.6133223,4.9384227,2360.7659,3258.823,113033.1,11.635445,0.572253942489624,1.0
"Context:
We compared two rentals, one near Frederiksberg and one closer to the harbor, arguing over which address sounded better. I pulled out a tiny USB receiver so my laptop could connect to the projector for the landlord’s walkthrough video. My partner, newly pregnant, mentioned the baby’s due date and the frustration of strict, small meals after gestational diabetes screening. In the entryway, a little ceramic cat watched us from a shelf while the landlord grumbled about taxes, politics, and the economy falling apart.",55.946453,4.024395,1040,8.7875,0,778.2086,4034.1135,699.37695,469.25574,167,152,145,0.999999999994012,4.9820423,4.806446,5.1838465,2154.5925,3486.3552,129960.84,11.774996,0.22357401251792908,0.0
"Context:
The tour started at St. Mary’s Chapel and ended on the South Ridge overlook above Lake Vinter. I tried on a wool overcoat in the lobby shop before stepping back into the cold. The guide kept calling out landmarks as we moved between courtyards and stairwells. The whole afternoon felt like a postcard stitched together from place names.",51.156708,3.9348936,1041,8.36875,1,974.54816,5174.6763,953.91846,611.8496,103,101,97,0.8956521739052552,4.60781,4.26735,5.309821,2853.1428,4189.52,100378.46,11.516713,0.6374533176422119,1.0
"Context:
The travel diary ended with a photo of the ferry pulling away and a note about leisure in Reykjavik. Right at the end of the text excerpt, the page cuts off mid-thought because the scan missed the final lines. I drafted a formal letter as written communication to the archive, asking for a clearer copy and listing the dates I could still read. The next page begins abruptly, so the excerpt’s ending is all I have.",53.356533,3.9769964,1042,9.037499,1,1007.7995,6197.801,891.7324,748.373,95,89,84,0.9999999999894736,4.460814,4.2622957,6.1498356,2841.5566,3430.6323,95740.95,11.469412,0.8063110709190369,1.0
"Context:
He logged into an equipment coordination portal and found that most tools were reserved. The page highlighted service availability in red, pushing him to request alternates. Before he could message the group, the site demanded additional user registration requirements, including a work email and a badge number. Once verified, his network actions appeared in the task feed.",99.6585,4.6017494,1043,10.625,1,1880.4688,11499.887,2327.1252,1061.9382,75,72,71,0.9999999999866667,4.25506,3.7724485,6.1154366,7555.2603,9622.239,141035.16,11.856771,0.6569136381149292,1.0
"Context:
He opened the instrument case, recalibrated the sensor, and tightened a bracket with a practiced twist. A man leaning on a van observed the driveway, tracking each vehicle and each person who stepped out. He gripped the wheel, winced at the ache in his knee, and told himself to keep going, because stopping would make him think too much. On the platform, crates of chickens were being loaded, and he gave his spare scarf to a worker who looked cold. When hunger hit, he used a kitchen gadget to heat food and set his phone to remind him to pack up.",46.062016,3.8299887,1044,9.0875,0,861.9776,8963.33,1052.1464,508.4243,155,139,133,0.9999999999935485,4.900324,4.6203775,10.398565,2305.452,5374.243,133606.53,11.802662,0.16775541007518768,0.0
"Context:
Her cover letter focused on earlier roles, not current ambitions. She described a previous internship that taught her how to handle messy deadlines and unclear requirements. A former supervisor’s reference was mentioned only once, but it carried weight. By the end, the tone felt grounded in what had already been proven.",56.077374,4.0267324,1045,8.375,1,1065.5275,6107.5864,852.5536,934.0633,73,69,66,0.9999999999863013,4.20733,4.0461197,5.731984,2404.781,3631.908,77783.51,11.261698,0.684975266456604,1.0
"Context:
In his memo, he wrote Manchester United five times within two short lines. The repetition made it feel like a chant rather than a report. He stopped, added End of text, and moved to a new section. Later he rewrote the paragraph with fewer echoes.",71.02866,4.2630835,1046,8.8125,1,805.3237,1936.1042,495.08655,635.1066,55,53,52,0.9999999999818182,3.956923,3.8264883,2.4041317,1789.6456,1894.8989,44292.805,10.6986,0.6151198148727417,1.0
"Context:
She verified her profile to meet user registration requirements and finally gained access to the equipment coordination professionals network. Between gear assignments and service availability checks, she kneaded dough for lunch and finished a small craft gift with scented cosmetic wax. A whispered prayer came first, then written communication to the crew about the next steps. When the grant paperwork for favela dwellers reached the accountancy stage, she used a reticle overlay to document repairs, chose the correct lubricant for the hinge, and fought off hallucinations as proper names from publicized items echoed in the venue.",321.07266,5.7716675,1047,13.274998,0,1378.0851,11438.06,1651.1804,726.08154,202,189,172,0.9999999999950495,5.219051,4.8282065,8.299966,4341.423,8631.633,278373.2,12.536721,0.08985091745853424,0.0
"Context:
He checked a dashboard for streaming metrics and read a note about a venture fund’s quarterly forecast. A formal notice arrived in the afternoon, asking for a written response and explaining the filing process. At the resort, a concierge showed him a pool area and a lounge where an event was starting. He met a doctor at the buffet, then ordered a jacket and gloves online because the wind outside had turned sharp.",66.07706,4.1908216,1048,8.699999,0,964.9383,4670.9365,785.4919,748.3098,98,94,93,0.9999999999897958,4.528384,4.316378,4.840658,2672.3096,3704.9858,94563.95,11.457042,0.6862096190452576,1.0
"Context:
In late June, the travel plans were finally set, down to the last reservation and backup option. A week later, he called customer support about a billing error and was surprised by how friendly the agent sounded at the end of a long shift. Around the same time, the neighborhood organized a volunteer day, and the business offered staff to help without making it a publicity stunt. In October, his company held its annual professional gathering, and helpful personnel kept the sessions moving while people swapped career stories. By winter, the regular season was in full swing, and the team’s offseason plans were already being argued about.",44.034508,3.7849736,1049,8.34375,0,1001.0327,4034.1135,726.5716,767.5621,151,142,133,0.9999999999933775,4.9346533,4.787709,4.029952,2457.8887,3297.5996,151155.94,11.926074,0.11919969320297241,0.0
"Context:
The program began with a long list of organizations and acronyms, followed by a welcome message from a named director. In the hall, lamps glowed over furniture displays while a musician tested a new instrument and a cosmetics rep handed out neatly labeled samples. A presenter in the next room walked through a medical pathway using chemical terminology and exact measurements. We then visited a historic site tied to a key event and came back for bibimbap and kimchi while Korean pop pulsed from the stage.",82.62556,4.414319,1050,9.8375,0,1000.7478,8785.839,1075.2183,582.14233,135,124,118,0.9999999999925927,4.784566,4.5117397,8.779274,3002.7876,4121.0825,135100.95,11.813785,0.36156803369522095,0.0
"Context:
A safety sheet lay beside the machine, listing the volatile solvent, the acceptable exposure limits, and the required ventilation rate. The engineer pointed to the section on polymerization and warned what happens if the catalyst is added too quickly. Every instruction was written in technical shorthand, dense with process names and measurement units. We signed the form after confirming the procedure matched the equipment’s calibration.",50.765244,3.927212,1051,9.125,1,969.0949,11499.887,1359.141,487.91693,108,101,98,0.9999999999907407,4.58259,4.1636033,11.866626,2839.9304,5535.2603,104662.25,11.558503,0.7491304874420166,1.0
"Context:
On their anniversary, they splurged on a suite at the Burj Al Arab, just to see what the hype felt like in real life. The minibar had brand-name chocolates lined up like trophies, and even the pillows came with a menu. They took a late-night ride in a Rolls-Royce arranged by the hotel, passing neon reflections across the hood. When they got back, they ate room-service caviar in silence, trying to absorb the absurdity.",22.075684,3.0944767,1052,7.403123,1,791.11206,5691.685,808.1968,451.76874,174,155,148,0.9999999999942529,5.00467,4.7985287,7.194537,2561.8328,3501.4172,137653.5,11.832502,0.3220294117927551,0.0
"Context:
The doctor introduced herself, reviewed the chart, and asked the patient to describe the pain in their own words. She reminded the patient to keep the follow-up notes for themselves and to call if symptoms changed. In the hallway, the nurse spoke to herself while double-checking the dosage on the label. Later, the attorney arrived to discuss consent forms and represented the client by himself in a quick meeting. Each professional kept the tone precise, as if every sentence had to stand on its own.",28.667883,3.3557775,1053,7.8843737,1,1148.747,4315.0557,864.1539,925.1178,96,84,80,0.9999999999895833,4.376621,4.3339906,3.756315,3256.6235,4048.1606,110279.71,11.610785,0.5564383268356323,1.0
"Context:
At the open house near Nyhavn, the brochure highlighted the building name and the streets around it in bold print. I used a tiny flashlight to inspect a crack under the sink and found a small leak the agent hadn’t mentioned. My pregnant friend quietly tracked her glucose numbers and said she was following a gestational diabetes plan with small portions. A little toy car on the floor made us laugh for a second, then my phone buzzed with another headline about unrest and financial fallout.",79.491486,4.37565,1054,10.237498,0,761.6871,5157.8267,710.3096,459.85236,178,161,154,0.999999999994382,5.041597,4.86462,6.771583,2215.5935,3340.2712,135580.3,11.817327,0.1810987889766693,0.0
"Context:
She began by mentioning previous experience and an earlier team that shaped her approach to deadlines. The text shifted into an online promotion, praising a service and ending with a short call to action that stopped abruptly. A separate paragraph opened with a labeled introduction and a brief description, then ended after the main detail like a clipped announcement. After that, a technical excerpt showed [] repeating far too long until one last word ended the sequence. The final silence on the page felt intentional.",131.43129,4.8784842,1055,9.96875,0,1340.2395,7123.999,1181.0736,1043.6118,98,90,85,0.9999999999897958,4.4664617,4.2988243,5.3154674,3716.7712,5817.6763,131343.47,11.785579,0.2893483638763428,0.0
"Context:
The museum rented out its atrium for a launch and arranged the displays in a clean grid. Staff quietly observed which installations drew the longest pauses and wrote down quick impressions. A tablet near the exit asked visitors to tap a rating before leaving. The event felt polished, but everything also seemed designed to be counted.",99.378716,4.598938,1056,9.35625,1,980.916,3380.7754,674.154,902.3734,88,86,84,0.9999999999886363,4.4458313,4.266186,3.4465497,2193.301,3276.843,86320.61,11.365835,0.6529064774513245,1.0
"Context:
At the open house near Frederiksberg Gardens, the agent kept pointing to landmarks and repeating the address like a mantra. I tightened a loose hinge with a compact screwdriver I’d brought along, embarrassed but relieved it worked. My sister followed slowly, tired from pregnancy and careful about the small snack she’d packed after failing her glucose screen. As we stepped outside, a kid dropped a little figurine on the sidewalk, and the street erupted with talk about a new scandal and rising tensions overseas.",70.022354,4.2488146,1057,9.1875,0,725.4797,4513.864,648.74536,494.71796,190,174,165,0.9999999999947369,5.12753,4.96772,6.2219024,1775.5106,3270.5535,137841.14,11.833864,0.09687193483114243,0.0
"Context:
A newsletter arrived with a link to a digital clip and a paragraph about a bond offering tied to a new platform. A second message followed, requesting documentation for a review process and warning about a fee if the response was late. At the hotel, he asked about a shuttle and was directed to a waiting area with coffee and a quiet corner. He introduced himself to a photographer, then bought a hoodie and sneakers after realizing he’d packed the wrong shoes.",40.50851,3.701512,1058,8.131249,0,1229.1134,5820.0693,932.72595,1034.4116,100,97,93,0.99999999999,4.563581,4.3662667,4.735177,3058.7683,4510.0107,122911.336,11.719227,0.38344520330429077,0.0
"Context:
A tourism office handed him a pamphlet with an excerpt that ended just as it described a secret viewpoint. He spotted a firm period at the end of a safety notice and felt oddly reassured. At the bike rental stand, the final token scan set off activations and released the lock. The sequence of preparations ended with a ride along the water.",198.96785,5.2931433,1059,12.799997,0,1107.2295,4825.948,855.90753,844.21936,83,80,80,0.9999999999879517,4.3687334,4.1629677,4.35858,2750.6748,3409.5432,91900.05,11.428468,0.5912482738494873,1.0
"Context:
The student parliament meeting followed a familiar political process, starting with motions and ending with a vote, but the chair insisted on humaneness when tempers rose. As the discussion progressed through phases, the group's development was obvious, and even shy members began to speak up. A debate club held a short event on a makeshift stage nearby, and a tiny bell signaled when time was up. By the end of the night, the room felt less like a fight and more like a place where potential could grow.",42.17446,3.7418149,1060,8.75,0,987.5612,6231.3438,855.8202,782.02264,127,125,122,0.999999999992126,4.822356,4.55762,6.3098307,2647.1726,3898.0498,125420.27,11.739433,0.2481621652841568,0.0
"Context:
He compared types of lubricant in a cramped supply room, trying to pick one that wouldn’t ruin the seals. A folder of correspondence sat open beside him, full of reminders about what action to take before the deadline. Through a scope with a faint reticle, he checked a distant marker as if precision could calm his nerves. By evening, the grant paperwork, the favela budget lines, and the accountancy checks blurred together, and hallucinations flickered at the edge of his vision.",90.62645,4.5067463,1061,11.5,1,1167.4025,7294.9746,1114.1234,791.602,155,149,137,0.9999999999935485,4.9897623,4.709606,6.2488947,3252.0664,5527.8633,180947.38,12.1059675,0.18585437536239624,0.0
"Context:
I used the Equipment Coordination Professionals network to request a generator and two lav mics for the field shoot. The portal made me confirm service availability, then it prompted me to accept the user registration requirements before it would release the pickup code. After everything was approved, I appended a final sentence with clean end-of-sentence punctuation to the call sheet. We wrapped the day and the schedule ended neatly.",116.26719,4.755891,1062,10.668751,1,1630.7987,10386.995,2002.818,939.3429,88,83,78,0.9777777777669135,4.3985705,3.9754677,6.3692684,6614.461,9038.651,143510.28,11.874169,0.5934144258499146,1.0
"Context:
At the start of winter, the call center rep stayed calm and upbeat even after I explained the same issue twice. She promised to follow up and actually did, then mentioned their team would be volunteering at the neighborhood food drive that weekend. On my way home I passed a riverside path that had turned messy from an old spill at a nearby facility, and tall weeds had taken over the fence line. A flock of noisy gulls had settled by the water and made the place feel even more chaotic.",43.278908,3.7676654,1063,7.03125,1,920.28033,4231.5396,755.039,715.0118,131,131,123,0.9924242424167241,4.8751974,4.6094527,4.5980988,2350.9353,4050.0732,120556.73,11.699884,0.36484068632125854,0.0
"Context:
Rome — Lucia Bianchi stepped onto the platform at Termini and checked her messages from Autostrade about an Italian infrastructure upgrade that was running late. In a side room of Palazzo Valentini, she met a partner firm whose CEO hinted they might exit the deal if costs kept rising. Her phone buzzed with a thread full of Microsoft licensing terms and bond yields, the same numbers repeated as everyone replied. That night at Hotel Eden, she tried to fix a stubborn air conditioner, clipped a new holster onto her bag strap, and swatted at roaches until an exterminator finally answered.",75.40803,4.3229136,1064,9.40625,0,789.89496,6389.099,773.3781,464.49597,249,218,202,0.999999999995984,5.33299,5.1811724,8.088543,2104.207,3685.099,196683.84,12.189358,0.09994934499263763,0.0
"Context:
Our campaign launch took place at the Riverside Convention Center, and the whole hall was set up like a structured marketing lab with stations for surveys and foot-traffic counts. I carried a tablet that showed a list of actions to run through: publish the landing page, monitor clicks, and adjust the spend. Outside, a pop-up kiosk sold retro-styled tote bags that leaned hard on a vintage aesthetic. The mix of data gathering and design felt deliberate.",65.95332,4.188947,1065,9.5875,0,1127.7842,9232.702,1180.3492,813.0346,128,126,115,0.9999999999921876,4.8303704,4.481717,8.186586,2913.6235,5123.3125,144356.38,11.880047,0.26635342836380005,0.0
"Context:
Along the riverbank, reeds bent in the breeze while small fish flashed under the surface. A heron stood perfectly still, then struck with a quick jab. Dragonflies skimmed the water, and the air smelled like wet earth. The whole scene felt busy without anyone directing it.",31.988153,3.4653656,1066,7.253124,1,734.7012,4138.8955,688.34796,441.87894,97,94,89,0.9999999999896907,4.5318365,4.2470684,5.6334405,2266.323,2980.459,71266.016,11.174189,0.7196077108383179,1.0
"Context:
The headline used Amazon as a company name, but the caption used Amazon as a river reference. A sidebar showed how Jordan could mean a person or a country depending on context. At the end of the draft, End of text/input was typed on its own line. She removed the marker before publishing.",93.98889,4.5431767,1067,10.737499,1,1060.0646,3412.684,739.31244,856.2706,89,84,82,0.999999999988764,4.4107547,4.269664,3.2193172,2783.5374,3227.418,94345.75,11.454732,0.6529064774513245,1.0
"Context:
The watch on my wrist came with a manual full of specs, from GPS accuracy to water resistance, and I actually read it. After fixing a loose cabinet door, I headed to the dentist and then spent the evening sorting taxes and setting a savings goal I could tolerate. A late-night segment on Brexit negotiations broke down the deal like a puzzle with missing pieces. Before sleep, I read a biography for class, thought about privilege and grace, tested a virtual reality education demo, and ended by cooking and writing a review of the watch strap.",55.083782,4.0088553,1068,8.506247,0,1018.68823,6149.2417,868.3289,759.35834,145,134,122,0.9999999999931035,4.8679576,4.6948853,6.0364313,2702.704,4024.0522,147709.8,11.903011,0.13801638782024384,0.0
"Context:
I opened the Equipment Coordination Professionals network and created a new ticket for lights, stands, and a backup battery. The workflow forced me to confirm service availability before the request could move forward. It then prompted me to accept the user registration requirements for after-hours pickup. Once I completed the registration, the reservation went through.",91.99482,4.5217323,1069,11.112499,0,2093.607,10448.822,2231.52,1224.683,70,58,57,0.9999999999857142,4.00337,3.805072,4.9908237,7087.0522,9182.181,146552.48,11.895145,0.5145760178565979,0.0
"Context:
On the town’s yearly awards night, the stage crew and ushers worked with practiced calm. The program coordinator had a binder full of names, timings, and backup plans. When a presenter forgot his cue, a staff member whispered it at the perfect moment and saved him. The night ended with tired smiles and a stack of résumés collected from the job table in the lobby.",33.266357,3.5045466,1070,7.375,1,961.47296,6283.929,948.9156,684.375,122,112,106,0.9037037036970097,4.6903896,4.478125,6.5357313,2557.748,5661.4863,117299.7,11.672496,0.7424421310424805,1.0
"Context:
In Professor Chen’s media seminar, the slide deck flashed proper nouns like Middle-earth, Gotham, and Oxford in rapid succession. I handed her a small device, a clicker remote, because the old one was missing. She used it to switch between a politics clip and an academic citation list. After class, I pocketed the gadget and headed out.",72.71767,4.2865844,1071,11.03125,1,758.68176,4272.189,673.3919,473.2686,118,111,108,0.9999999999915254,4.6884475,4.4692087,5.6310697,2144.796,3094.5366,89524.445,11.402278,0.7355605363845825,1.0
"Context:
The warehouse team relied on a professionals network to coordinate shared equipment. When a new contractor arrived, the system enforced strict user registration requirements before granting access. A calendar view displayed service availability for lifts and trucks by hour. After onboarding, the contractor could submit network actions to reserve and release items properly.",162.57948,5.091167,1072,13.274998,1,2183.3135,11499.887,2448.8052,1168.6403,77,70,65,0.9999999999870129,4.217779,3.8738022,5.267172,8376.672,9809.657,168115.14,12.032411,0.7258197665214539,1.0
"Context:
A text message thread became confusing because short replies lacked clear endings. He added a question mark to show he was asking, not accusing. Then he placed a period to signal he was done arguing. End-of-sentence punctuation prevented the next misunderstanding.",50.962646,3.931093,1073,9.3375,1,939.3523,3617.2986,723.17053,718.29236,62,62,61,0.999999999983871,4.127134,3.8812096,3.8508434,2424.7986,3467.7766,58239.844,10.9723425,0.657590389251709,1.0
"Context:
When I was building my CV, I filled out a profile that started with my former positions and then cut off after the opening paragraph. It looked like a finished bio, but it ended so suddenly that recruiters assumed there was a missing section. I never corrected it because the first lines were the only ones I wanted them to see. That short ending became the whole story.",30.201996,3.407908,1074,7.7625012,0,975.20575,3990.454,752.25854,771.8362,80,78,75,0.9999999999875,4.347369,4.1392393,4.09191,2619.9512,3584.3765,78016.46,11.264688,0.5762921571731567,1.0
"Context:
A brochure on the counter opened with a block of names and acronyms, crediting sponsors and organizers before anything else. Past that, it advertised a lineup of floor lamps, a beginner’s guitar, and a set of minimalist stools with easy-care upholstery. In the side hall, a poster explained a chemical process in clinical language, complete with a diagram of reactions and a warning about exposure limits. The guided tour continued to a historic waterfront and then ended with a catered spread of kimchi, rice bowls, and a K-pop track pulsing from the speakers.",73.338486,4.2950854,1075,11.75,0,866.96545,3113.1592,689.8735,603.3229,153,147,137,0.9999999999934641,4.9760733,4.7626896,3.5908687,2450.4136,2968.4707,132645.72,11.7954445,0.280752569437027,0.0
"Context:
In the meeting room, the whiteboard map showed three locations for the data-collection tour: the mall entrance, the train station, and the stadium gate. I’d done similar work previously, so I asked for the exact sequence of actions and the tool stack. Someone read out a list of steps—export, tag, upload, verify—like a snippet from a developer forum. The document finished with a neat, ad-like summary of the plan and then nothing else.",48.865604,3.8890738,1076,8.262499,1,1188.4045,9004.734,1124.1396,1034.7837,94,88,85,0.9690721649384632,4.454808,4.243659,7.577162,2708.6257,5028.7007,111710.02,11.623671,0.6580755114555359,1.0
"Context:
The cruise ship’s entertainment director announced a show, but the dining crew looked stressed because the Whirlpool dishwasher was flashing an error. After the filter was cleaned, the galley regained its pace and the trays kept moving. I went to the guest services desk to fax adjudication paperwork related to a daycare complaint and listened on VoIP to a doctor describing kidney and bladder findings. Later, a fantasy-themed quiz in the lounge mixed fictional place names with media references and political figures while appliances hummed in the background.",123.3083,4.8146877,1077,12.44999,0,955.0088,4158.473,818.9963,652.4949,142,137,132,0.9999999999929579,4.903329,4.650778,4.3543825,2740.526,3800.3064,135611.25,11.817555,0.1672854721546173,0.0
"Context:
On the form, Mercury appeared as a planet in one sentence and a chemical in another. The same page used Washington as a person’s surname and as a place. The imported file ended with End of text/input. He corrected the ambiguous labels and re-ran the upload.",117.7267,4.768366,1078,10.125,1,1062.9701,4158.473,948.1726,663.11334,41,40,40,0.9761904761672336,3.67976,3.3909154,3.9121258,2700.1665,4140.632,43581.773,10.682417,0.34631094336509705,0.0
"Context:
The invitation mentioned Stockholm, Oslo, and the Tivoli Gardens in a single sentence. It named Sofie Larsen and the Danish Design Museum as hosts. The last line read End of text/document. A wax seal held the envelope shut.",109.7948,4.698613,1079,13.218748,1,700.7104,2261.0613,528.48956,450.1816,87,79,76,0.9999999999885058,4.3324194,4.2235265,3.2268126,1742.299,2211.3088,60961.805,11.018019,0.5896116495132446,1.0
"Context:
She prepped dough, kneading until it stopped sticking to her hands. After the bread rose, she poured pigments into a cosmetic cream and tested it on her wrist. The afternoon became a craft session, stitching a patch onto a torn bag with careful loops. Carrying groceries home afterward turned into a sweaty climb that left her breathing hard.",76.019135,4.330985,1080,9.899999,1,794.3445,3817.163,645.0648,564.4697,129,121,111,0.9923076923000592,4.77384,4.590152,4.805425,2097.9507,2716.0479,102470.44,11.537339,0.7337051033973694,1.0
"Context:
The old cinema lobby smelled like fresh paint, but the decor leaned retro, as if the building remembered another era. Attendees traded famous names and talked about where the press would fly next, while sponsor products lined the counters. A coordinator checked a tool dashboard, asked someone to rerun a tracking action, and then reviewed the campaign schedule for the morning. Staff monitored foot traffic through the halls and noted which spaces attracted longer pauses. It felt like a story about people and places, scored by metrics.",111.68012,4.7156386,1081,10.237499,0,1180.5488,7351.967,1150.8531,864.33374,150,145,136,0.9999999999933334,4.964425,4.6595416,6.227584,3212.8813,5909.8228,177082.33,12.084375,0.12798525393009186,0.0
"Context:
He checked his knee after climbing into the delivery van, then rested his hand on the steering wheel as the vehicle warmed up. A rescue center called to say a dog needed transport across town, and he agreed without hesitation. At the curb, he lifted the animal gently and gave the owner a spare leash to keep. He drove off slowly, mindful of his aching shoulder and the quiet cargo behind him.",34.43037,3.538939,1082,8.512499,0,891.29016,5820.0693,853.3275,621.1645,119,116,113,0.9999999999915966,4.7441754,4.452932,6.529937,2293.1736,4515.991,106063.53,11.571803,0.701941192150116,1.0
"Context:
The realtor led us through a row house in Frederiksberg, pausing to name every nearby street and school like it was a geography lesson. I checked the cabinet alignment with a small level and adjusted a hinge using my multitool. My wife kept an eye on her sugar numbers, choosing a small snack and mentioning the baby’s due date in the same breath. A little plush cat on the sofa brightened the room until a neighbor brought up elections, layoffs, and a bad week for the markets.",72.54329,4.2841835,1083,10.9625,0,819.9066,4715.4214,656.43506,580.3804,180,172,164,0.9999999999944446,5.131344,4.9388404,5.751169,1942.171,2850.105,147583.19,11.902154,0.32368627190589905,0.0
"Context:
I made a pot of lentils and added turmeric, black pepper, and chopped celery until the kitchen smelled sharp and clean. A splash of cream softened the edges, and the dish turned silky. The result had a surprisingly positive taste, rich without being heavy. By the time I finished, the meal felt like a small successful experiment.",36.903763,3.6083136,1084,8.2625,0,924.9369,2691.1218,693.5063,710.4989,98,94,91,0.9999999999897958,4.528384,4.32536,2.9095194,2419.6582,2609.7883,90643.81,11.414704,0.6679757237434387,1.0
"Context:
Learning the skill came in waves rather than a straight line. At first there was imitation, then experimentation, and later a stretch where nothing seemed to improve. One day the pieces clicked, and the potential that had been guessed at became real. After that, each new attempt built on the last, with a quieter confidence settling in.",33.232773,3.5035365,1085,9.224997,1,1067.8374,4006.6956,784.6597,841.2583,84,83,77,0.9999999999880952,4.4143133,4.1976056,3.7521589,2559.8716,3861.0654,89698.34,11.404219,0.6466731429100037,1.0
"Context:
In the offseason, the team’s ticket office still picked up quickly and spoke with the same upbeat friendliness as they do during the regular season. The agent walked me through refund options and thanked me for being patient. At home I simmered vegetable broth and stirred in a spoon of miso, then chopped herbs from a potted plant on the counter. The calendar shift didn’t change the tone of the service.",51.40268,3.9396904,1086,10.699999,1,730.6124,3336.8047,610.0435,505.73212,144,123,121,0.9999999999930557,4.767645,4.697601,4.567134,1946.2644,2850.007,105208.19,11.563705,0.7096870541572571,1.0
"Context:
The hostel advertised live music, yet the kitchen was quiet because the Whirlpool dishwasher was clogged and no one wanted to pile dishes in the sink. A traveler cleared the filter, and the machine finally drained. I used a nearby shop’s fax service to send documents for an adjudication meeting and took a VoIP call about kidney and bladder tests before walking to pick up a child from daycare. At night, a fantasy game streamed on the TV while people argued politics and university majors, and the kitchen timers beeped through the chaos.",85.914566,4.4533534,1087,11.99999,0,1066.9725,6620.6025,1139.6879,701.2004,147,133,128,0.9999999999931973,4.858403,4.5877624,6.2050357,2910.2542,6118.635,156844.97,11.963019,0.2258133441209793,0.0
"Context:
He burned his fingertip on the pan, shook his hand out, and laughed at himself before grabbing a towel. The car keys sat beside the cutting board, and he kept saying he would leave soon, but the food still needed attention. He turned on a timer device, used tongs as his tool, and finally plated the meal. When he walked to the vehicle, his fingers smelled like garlic and his stomach was satisfied.",30.744267,3.4257035,1088,6.784374,0,813.4687,3343.9836,688.8777,530.26074,116,111,109,0.9999999999913792,4.6938376,4.4618716,4.1107717,2307.716,3149.43,94362.37,11.454908,0.7048144936561584,1.0
"Context:
After verifying credentials, he accessed the professionals network for equipment coordination and could see real-time service availability. He cooked lunch, experimented with cosmetics, and fixed a craft banner, then carried stacked cases until exertion made his legs wobble. He attended a short prayer and wrote a message that spelled out what action to take if the delivery arrived late. Later, a favela grant type forced accountancy scrutiny, a reticle-guided photo survey, and a lubricant decision for worn parts, and the late hours stirred hallucinations while proper names and publicized items trended online.",443.41928,6.094516,1089,14.049999,0,1638.141,11561.714,1639.3671,1174.5544,184,169,159,0.9999999999945652,5.094388,4.8483,7.057826,4532.822,8606.236,301417.94,12.616257,0.05444266274571419,0.0
"Context:
A brand street team set up a booth near the metro entrance and tracked how many samples were taken. The coordinator walked the perimeter and adjusted where the signs stood so passersby would notice them sooner. A photographer captured reactions while another staffer logged notes about where people stopped. By the afternoon, the whole setup looked like a carefully staged funnel in real life.",64.749405,4.1705246,1090,7.646873,1,861.8363,5080.4595,802.14215,531.23206,132,131,117,0.9999999999924243,4.8723,4.55588,5.8949237,2446.902,3837.5925,113762.39,11.641876,0.48255497217178345,0.0
"Context:
He carried a thermos of plant tea as he watched ducks and fish weave through reeds at the edge of the lake. The scene looked calm until he noticed a patch of strange foam near a drainage pipe and the heavy smell that followed it. Local workers said the site had a minor accident recently, and the cleanup had stirred up thick growth while rats kept appearing near the waterline. Later, a municipal planner explained how the ecosystem and its natural resources were managed alongside fixed assets like pumps and barriers. That night, he cooked a meal and added flowers on top, as if the plate deserved its own small garden.",65.16524,4.176926,1091,9.281249,0,1106.9592,6441.6846,960.19196,769.54407,168,159,154,0.9999999999940477,5.049698,4.8266344,5.8192606,3006.707,4425.7812,185969.16,12.133342,0.057146985083818436,0.0
"Context:
Priya landed in Dubai for the Expo and met Ahmed outside the Emirates pavilion, where corporate logos and country names crowded the entrance. She heard “Al Noor” repeated in rapid succession, first as the name of a doctor, then as the name of a clinic, and finally as the name on a sponsor banner. After checking into the Burj Al Arab, she took a chauffeured Rolls-Royce to a private dinner with branded champagne on the table. The next morning, a dermatologist reviewed her treatment for psoriasis and adjusted the prescription. By lunchtime, Priya had bounced between spectacle, luxury, and medical care without ever leaving the same set of proper names behind.",34.666035,3.5457604,1092,8.025,0,799.319,4893.362,743.08594,487.7143,228,188,179,0.9999999999956141,5.167777,5.1063643,6.121914,2515.8892,3298.6313,182244.72,12.1131115,0.09529408067464828,0.0
"Context:
The email began with a greeting that immediately singled out two departments and a long client name in parentheses. It referenced a quarterly program by its acronym, then listed the committee chair and the steering group by surname. A product code appeared right after the brand name, as if it were part of the person’s identity. Before any actual request showed up, the opening lines had already mapped a whole network of names.",44.388454,3.7929795,1093,8.4375,1,1141.5994,8781.995,1215.6301,777.43756,105,100,93,0.9905660377265041,4.582964,4.2852855,7.6927114,3070.1086,6645.8086,119867.93,11.694154,0.6389415860176086,1.0
"Context:
In the museum exhibit, visitors collected tokens at each station. The first few did nothing beyond a small click, but the last token caused activations in the central sculpture and it began to glow. Children ran closer as the lights climbed the frame. End of sequence token activations turned collecting into a finale.",116.4083,4.757104,1094,11.531249,1,1113.5322,4681.1694,753.73926,947.1305,74,66,65,0.9999999999864865,4.140054,4.102629,4.2038927,2314.7498,3509.0957,82401.38,11.319369,0.5981077551841736,1.0
"Context:
The contract set a one-year coaching retainer, with renewal discussed only at the end of the term. My trainer treated it like a season plan, mixing sales practice with personal discipline. Each month had a clear milestone and a scheduled review. When the final quarter arrived, I could measure how far I’d come.",58.47717,4.0686364,1095,9.575,1,877.71045,3088.752,641.91895,640.70984,91,91,89,0.9999999999890109,4.51086,4.282382,3.5191019,2259.8687,3051.8577,79871.65,11.288189,0.6844611763954163,1.0
"Context:
Sofia Lin’s name sat at the top of the guest list, right above the mayor’s, and the room buzzed about both. The venue was an old theater downtown, dressed up with a vintage theme and a sponsor wall full of recognizable brands. Backstage, a coordinator checked a dashboard on her laptop and told the team to rerun the tracking script before doors opened. Ushers quietly watched how the crowd flowed between the lobby and the bar, noting where people paused for photos. By midnight, the chatter sounded like a mix of celebrity talk, place names, and campaign metrics all at once.",42.90099,3.758895,1096,8.7125,0,1132.8096,7014.644,957.1758,900.14124,158,151,141,0.999999999993671,4.9978647,4.7810974,6.192254,2781.5754,4471.789,178983.9,12.095057,0.11651131510734558,0.0
"Context:
Late at night, the apartment was still, but the head was loud with plans and regrets. The same scene replayed again and again, changing slightly each time like a dream that would not settle. A deep breath brought awareness back to the body and the sound of the radiator. For a moment, gratitude appeared, sharp and unexpected, for having a safe place to sit. Sleep came slowly, pulled in by the feeling that tomorrow could be different.",25.30406,3.230965,1097,7.0249996,1,1017.8992,6283.929,923.2687,855.5086,99,95,92,0.999999999989899,4.5391083,4.3005548,6.173429,2556.3264,4198.142,100772.016,11.520626,0.7662423253059387,1.0
"Context:
An invite-only workshop met after hours in a quiet studio, and the coach made us practice a new offer until it sounded crisp. Each person was allowed one spot on the wall to place a hand-drawn storyboard of their customer journey. By the end, my presentation looked cleaner and the quality of my examples had noticeably improved. I kept the sketchbook open on the kitchen table as a reminder to keep going.",46.423775,3.8378117,1098,8.562499,1,900.5745,5777.2744,949.05664,542.1145,96,89,89,0.9999999999895833,4.4632645,4.1980753,6.415099,2465.493,5443.701,86455.16,11.367393,0.7989856600761414,1.0
"Context:
At the airport hotel, the breakfast area opened late because a Whirlpool dishwasher was clogged with food debris. I watched maintenance rinse the filter and test the drain pump until the water finally cleared. While waiting, I paid for a fax service to send paperwork for an adjudication case tied to an artisanal mining dispute and got a VoIP call about bladder symptoms and kidney labs. That evening, the lobby TV bounced between fantasy trailers and political coverage, and the proper nouns kept coming as the kitchen ran its routines.",131.19086,4.876653,1099,10.625,0,939.43787,6589.6655,899.6651,594.5217,180,167,162,0.9999999999944446,5.089929,4.8544164,7.014477,2453.7253,4314.3135,169098.81,12.038244,0.057146985083818436,0.0
"Context:
I used to think prayer was only for emergencies, but now I whisper a few words before tough meetings. Last week, right after that habit, our team shipped the release successfully and everyone stayed unusually upbeat. The manager called it a positive sign for the whole department. I’m writing this as a personal experience, not a sermon.",46.225796,3.833538,1100,8.112499,1,997.5307,3588.0547,707.63446,907.3364,68,68,64,0.9999999999852941,4.2195086,3.9989538,3.5969367,2606.3706,3205.0723,67832.086,11.124805,0.5838627219200134,1.0
"Context:
A twelve-month service agreement promised maintenance windows and clear response times, but it also required exclusivity for the vendor. The kickoff happened at Bluewater Spa, where only a few conference badges were issued for the short opening session. Hi, said the project lead, originally from Dublin, as she assigned intelligence gathering tasks on market trends and competitor pricing. Someone watered the indoor herbs, and another person placed branded tablets on each seat before the clock ran down. With a tight materials allowance, the design team still produced more signage than planned and repainted the banners to improve the quality of the finish. Time was running when the doors opened, but the room looked ready anyway.",108.76612,4.6892,1101,10.375,0,994.2487,4241.552,769.4069,775.6284,183,171,155,0.9999999999945356,5.1157227,4.9559526,4.2660875,2779.0522,3599.928,181947.52,12.111479,0.057146985083818436,0.0
"Context:
He pitched an ETF strategy to the committee and backed it with a short risk note. Next, he filed a formal complaint through the portal to correct the settlement date. The meeting moved on without drama, but the paper trail grew thicker. Numbers and process shared the same spotlight.",147.69525,4.995151,1102,10.86875,0,1039.4459,4401.841,798.1067,806.73834,71,69,69,0.9999999999859155,4.2236285,4.0030303,4.234796,2373.2427,3491.587,73800.66,11.209136,0.6020911335945129,1.0
"Context:
The tour bus played a recorded excerpt from a novel set in the city, and it ended abruptly before the chase scene. He noticed the script on the screen lacked a period and mentally corrected it. At the museum entrance, the final token scan triggered activations and the barrier opened. Tourism followed immediately, as the group flowed into the exhibit hall.",109.02887,4.6916127,1103,11.25,0,1263.9863,5398.565,998.93134,1028.6632,76,75,74,0.9999999999868421,4.312493,4.072615,4.271063,2992.899,5074.4556,96062.96,11.47277,0.5225920677185059,0.0
"Context:
I wrote a review after our lazy Sunday at a Korean barbecue place near Nørrebro, where the server taught us how to grill bulgogi and wrap it with ssamjang. The playlist jumped from old-school ballads to recent K-pop singles, and everyone kept naming their favorite groups between bites. Later, we walked to a small gallery and spent an hour on leisure activities like sketching and trying a pottery wheel. The post ended with a quick rating of the restaurant and the afternoon’s creative detour.",37.79176,3.632091,1104,7.625,1,705.25775,6067.252,753.15784,423.5852,202,194,172,0.9999999999950495,5.2533646,4.92187,8.602886,2248.5786,3931.0996,142462.06,11.866838,0.30972588062286377,0.0
"Context:
At the festival venue by the old harbor, the pop-up booth sold a limited-run “Vintage Blue” jacket under the NørdNord label and name-dropped the designer Lasse Holm. In a former internship I learned to list features cleanly so the description lands on the first read. The flyer did exactly that, ending after the size chart and the words Ships today. I tucked the card into my pocket as the crowd flowed past.",107.141106,4.6741467,1105,9.518751,1,708.98096,3650.6812,615.6721,444.7738,134,123,118,0.9999999999925374,4.7840385,4.609725,5.149195,1922.7899,3300.1787,95003.445,11.4616785,0.7193726897239685,1.0
"Context:
The seller insisted the property name was historic, and he treated it like a family heirloom. I used a small voltage tester on the kitchen outlet, then tightened a screw with a compact driver. My sister, close to delivery, described the glucose checks and how she keeps portions small to manage gestational diabetes. In the nursery corner, a little toy giraffe sat beside the crib while the phone buzzed with breaking news about a financial shock and political unrest.",76.2026,4.3333955,1106,10.187501,0,996.4759,6489.4644,940.3348,683.14,169,157,148,0.999999999994083,5.0221753,4.788769,6.5124154,2723.4426,4297.1177,168404.42,12.034129,0.057146985083818436,0.0
"Context:
He finished the transcript with End of text/document. Then, because the source was a stream, he added End of text/input as well. The two labels clarified what ended and what stopped arriving. He archived the transcript and moved on.",95.2844,4.556866,1107,10.406248,0,1111.688,2691.9553,641.5332,1055.0618,32,27,27,0.9999999999687501,3.2491276,3.2997227,2.4215026,2333.0862,2658.718,35574.016,10.479399,0.24573078751564026,0.0
"Context:
The electrician lent me a compact voltage tester that fit in my palm and beeped when it found a live wire. I used it to check a lamp cord before touching anything else. The device was small enough to tuck behind the outlet plate while I worked. Afterward, I wrapped it carefully and set it back in the case.",29.28449,3.377058,1108,7.509374,1,989.3273,8352.181,1113.4221,592.0172,108,102,96,0.9999999999907407,4.6002707,4.271827,8.442283,2693.4395,4462.085,106847.34,11.579165,0.7305375933647156,1.0
"Context:
The courthouse covers most of the square, and the main steps stretch wider than the cafés beside it. A young attorney reminded herself to speak slowly, then walked up those steps with her files. She kept repeating to herself that she belongs here. Inside, the sheer size of the place made her voice sound smaller than it was.",59.829388,4.091497,1109,10.99375,0,1109.141,4126.485,882.4773,775.5285,67,58,58,0.9999999999850746,4.0184736,3.942462,3.720433,3147.5762,3835.3982,74312.445,11.216047,0.5777916312217712,1.0
"Context:
The city's old quarter has narrow locations where bikes squeeze past cafes, and he kept a small coin and a folded receipt in his glove. When the light changed, movement surged and he had to twist his shoulder to avoid a mirror. He steadied the handlebars, checked his knee after a bump, and merged into traffic with the other vehicles. A minute later he laughed, pocketed the coin, and coasted into a calmer street.",52.902508,3.9684508,1110,9.49375,1,860.22455,4804.3916,829.9576,516.52954,117,104,101,0.999999999991453,4.599197,4.4148893,5.5850434,2477.6956,3767.4941,100646.27,11.519378,0.7086381912231445,1.0
"Context:
The equipment coordination portal accepted her credentials, unlocking network actions and a clean view of service availability. She cooked lunch, blended a cosmetic sample, and fixed a craft display, then carried a heavy case and felt the exertion immediately. She prayed in a quiet corner and sent written communication that explained what action to take if the schedule slipped. The evening became a favela grant type accountancy check with reticle-guided documentation and a lubricant swap, and tiredness brought hallucinations as proper names and publicized items from sponsors looped on screens.",436.5233,6.0788417,1111,12.887497,0,1846.7645,11438.06,1880.5856,1247.8716,146,142,131,0.9999999999931508,4.945627,4.5944858,6.193567,5717.4043,8674.615,269627.62,12.504801,0.10536924004554749,0.0
"Context:
The launch party was held in a converted warehouse near the river, with retro posters and warm lighting setting an intentionally aged mood. A pop singer’s manager introduced herself, dropped three city names in one breath, and pointed to a display of the headline sponsor’s new product. Near the merch table, someone flipped open a laptop, ran a quick command to refresh the site, and immediately switched to discussing the ad rollout schedule. Staff members paced the space, counting foot traffic and jotting down where people lingered. When the doors finally closed, the room felt like a carefully measured scene wrapped in vintage decor.",43.421253,3.7709491,1112,8.475,0,983.26605,4494.557,756.01587,773.3001,177,173,164,0.9999999999943503,5.14482,4.926251,4.5710487,2536.1714,3263.81,174038.1,12.067036,0.0654096007347107,0.0
"Context:
I read the detailed specs on a kettle’s capacity and heating curve while my cart filled with screws for a renovation project. The afternoon included a dental visit, a tax deadline reminder, and a quick transfer into savings that felt like damage control. A news channel in the background tracked Brexit negotiations and speculated about what the deal would mean for borders and trade. In the evening, I worked through a biography for class, discussed philosophy and inequality, heard a blessing offered for someone struggling, tested a VR education lesson, and then cooked tea-time snacks before posting a review of the kettle.",79.06021,4.3702097,1113,9.562499,0,931.1859,5054.67,928.49884,539.18835,148,134,125,0.9999999999932433,4.859005,4.6310883,5.428207,3078.369,4336.412,137815.52,11.833678,0.19392432272434235,0.0
"Context:
It was early February, and the customer hotline was flooded after a storm delayed deliveries. The agent stayed cheerful, apologized with sincerity, and offered a small credit that made people less angry. After her shift, she walked two blocks to the community hall where volunteers were sorting donated blankets for neighbors who lost heat. The next morning she showed up at the annual workplace mentoring day, guiding interns to their interviews while a staff member handled the sign-in chaos. By June she was already planning a summer weekend trip, and by August she was back at the field watching preseason drills under gray skies.",45.55854,3.818998,1114,7.69375,0,936.23553,4086.5046,713.418,723.6763,146,141,133,0.9999999999931508,4.9325476,4.734701,4.3648252,2379.14,3282.6724,136690.39,11.825481,0.1990930736064911,0.0
"Context:
The partnership with the reseller cracked after a sudden lawsuit landed on both desks. Teams stopped coordinating and treated every meeting like a negotiation. The kickoff document opened with Horizon Media, Berlin, and Daniel Krüger in the first sentence. External pressure turned a friendly alliance into guarded distance.",470.88232,6.1546082,1115,13.99375,0,997.537,8843.83,1131.6545,603.21906,105,99,99,0.9999999999904762,4.569761,4.2427053,8.865666,2541.4497,4494.9165,104741.38,11.559259,0.7135655283927917,1.0
"Context:
Morgan Lee opened the memo with a crisp line that read like a roll call: Rivergate Labs, Orion Media, and the PTA at Northbridge High. The next paragraph introduced the keynote speaker, Dr. Anika Rao, and the sponsor list followed in tight acronyms. A new product name appeared in all caps, repeated twice so no one could miss it. By the time the first page ended, the document had already named more companies than the room could fit.",54.633255,4.000643,1116,9.1875,1,843.1743,3379.9976,723.4404,518.7416,152,148,135,0.9999999999934212,4.9839563,4.708966,4.008658,2425.9006,3098.3455,128162.5,11.761062,0.36468955874443054,0.0
"Context:
We planned travel and tourism around the winter market, then left a lazy afternoon for leisure by the canal. When I wrote the recap, I stopped at the end of a text excerpt because my notebook page ran out. The next morning I continued the story, adding the restaurant name and the train platform. Reading it back, the abrupt excerpt ending now feels like a natural break.",57.544,4.05255,1117,8.974999,0,902.4418,3357.7717,701.66095,714.32935,92,87,84,0.9999999999891304,4.4464474,4.2748437,3.7207634,2756.3376,3179.6042,83024.64,11.326904,0.6844345927238464,1.0
"Context:
Vienna — The article started with the names of two firms and the address of a conference at the Austria Center. In a hallway near the main auditorium, a vendor complained about a malfunctioning kiosk and said the driver update had made it worse. A rival sponsor tried to lure away a partner with a better revenue split, turning polite handshakes into guarded smiles. That night at a small hotel in Leopoldstadt, someone mentioned an Italian infrastructure tender, checked a phone full of finance terms, and laughed at a holster clip that kept snagging on a coat while pest control inspected the lobby.",110.804726,4.7077694,1118,10.687498,0,935.38324,6389.099,874.7639,585.78845,178,169,156,0.9726775956231002,5.1116905,4.844919,6.830462,2432.6626,4160.7046,166498.22,12.022746,0.057146985083818436,0.0
"Context:
He gripped the drill with sore hands, then paused to stretch his wrist and rub the tendon near his thumb. His interaction with tools and devices continued as he swapped bits and checked the instrument readout. A truck rumbled past the window, and he glanced up before returning to the workbench. He promised himself he would finish the repair before driving the vehicle to the site.",48.8241,3.8882241,1119,8.9375,0,951.01086,8918.958,1149.2189,535.2495,121,111,104,0.9999999999917355,4.6768975,4.3419523,9.378397,3134.0132,4667.756,115072.31,11.653325,0.7200261354446411,1.0
"Context:
He tuned the device until the needle stopped jumping, then packed the instrument away. In the parking garage, two men stood near a car and observed the exit ramp like they were waiting for a signal. He flexed his fingers, started the vehicle, and told himself to stay calm, because his foot still ached from braking earlier. A horse trailer rolled through the gate, and he later gave a bag of snacks to a handler who looked exhausted. At night, he used a simple tool to fix the charger on his phone and warmed food with a small kitchen gadget.",42.196083,3.7423275,1120,8.4,0,1040.9629,8963.33,990.8915,789.99164,156,151,140,0.9999999999935898,5.0020685,4.7547274,8.610615,2259.5464,4666.959,162390.22,11.997764,0.105653777718544,0.0
"Context:
The resort advertised a Spa Suite that only a few guests could reserve, and the slots were measured in short blocks. Inside, the staff allowed one extra towel and nothing else, repeating the limitation without emotion. I watched people compete for those tiny windows of access. When my turn ended, the door shut softly and the privilege moved on to the next person.",87.45402,4.471113,1121,8.312498,0,969.6444,2792.235,623.19617,847.58466,78,76,72,0.9999999999871795,4.321163,4.1616,2.8796484,2068.743,2785.202,75632.266,11.233651,0.48175761103630066,0.0
"Context:
The ticket scan beeped at the entrance, and the staff directed late arrivals to the upper balcony. In the lobby, a screen showed the start time and the next performance on the calendar. A musician slipped into the green room located behind the main stage, next to the narrow corridor of dressing rooms. When the lights dimmed, every seat faced the same focal point as if the whole building had been designed around that spot.",32.342934,3.4763956,1122,7.9250007,1,914.2736,3076.5054,609.3496,750.3403,119,114,110,0.9999999999915966,4.720876,4.5781183,3.3649724,1976.9961,2983.613,108798.56,11.597262,0.6776098012924194,1.0
"Context:
The two studios had built their partnership on a handshake and a shared calendar, until the new distributor changed its terms overnight. Suddenly each call felt like an argument about who owned which footage and who would pay the extra fees. A rumor about an exclusive deal with a bigger competitor spread through the team and made everyone speak carefully. By Friday, the collaboration that used to feel effortless was hanging by a thin thread.",46.21481,3.8333004,1123,6.9624987,1,992.266,3366.1108,638.301,806.38586,109,107,102,0.9999999999908257,4.665911,4.5013165,3.3923473,2251.0317,2660.4038,108156.99,11.591349,0.5814558863639832,1.0
"Context:
My cousin bragged that his apartment sat right by King’s Square, but the paperwork showed a different official address. I looked up the building name and found it in the city’s register with a precise spelling. The concierge corrected how I pronounced the street, then pointed me to the right entrance. When the delivery arrived, the driver used the proper place name and found us immediately.",44.393826,3.7931004,1124,9.875,1,990.85046,7848.9775,982.19104,777.5589,119,111,104,0.9999999999915966,4.685928,4.4556627,7.921455,2231.591,4247.7573,117911.2,11.677695,0.7234845757484436,1.0
"Context:
He used a sharp knife to slice bread while the toaster clicked behind him. The coffee machine gurgled, and he adjusted the settings on the small display until it showed the strength he wanted. After breakfast, he wiped the counter and set the tool drawer back in order. Before leaving, he checked the phone charger and plugged it in correctly.",24.984735,3.218265,1125,6.3187494,1,1120.1846,5614.2007,1045.6733,728.9216,88,87,86,0.9999999999886363,4.4615846,4.127512,5.011853,3055.1257,4870.965,98576.24,11.498595,0.6533935070037842,1.0
"Context:
He wrote End of text, then reread the page once more. The earlier lines listed London, Naomi Chen, and the Royal Opera House as references. The closure felt official, even though it was just text. He signed his name beneath it in ink.",138.37381,4.929959,1126,13.706248,1,1009.1295,4417.4604,777.4905,851.6835,58,56,55,0.9999999999827587,4.012639,3.8054392,4.3774962,2295.8438,3470.291,58529.51,10.9773035,0.6478534936904907,1.0
"Context:
During the temple festival, vendors handed out warm flatbread with butter and sweetened milk tea. The crowd surged when the drums started, and I caught myself buzzing with excitement. Later I told my friend the dairy-heavy snacks were the best part of the night. I still think holy days are remembered through taste first.",60.44447,4.101725,1127,10.34375,1,1022.11456,6283.929,901.28674,737.78326,95,92,88,0.9999999999894736,4.5100994,4.2596855,6.1479692,2436.431,3954.9426,97100.88,11.483516,0.794834315776825,1.0
"Context:
The head coach held a meeting in the hotel conference room while a lawyer finalized paperwork nearby. He talked about self-improvement as if it were a daily duty, not a slogan. Outside the glass doors, teams checked out and left in waves. The hallway smelled like coffee and endings.",69.194,4.236914,1128,9.768749,0,1106.4794,4759.9067,903.86725,874.2137,79,79,79,0.9999999999873417,4.369447,4.1073775,4.3018484,2327.894,4541.511,87411.87,11.378398,0.5287389159202576,0.0
"Context:
I think the phone case looks better than the photos, but the buttons are stiff. That’s my whole opinion, and I wrote it in two short lines. I ended the review with <|endoftext|> because the template adds it automatically. Somehow the marker makes the tiny review feel finished even when it’s abrupt.",46.185223,3.83266,1129,8.968748,0,951.7666,3246.6287,779.30023,696.48267,89,85,82,0.999999999988764,4.4263315,4.1959157,3.4111607,2791.1462,3239.0989,84707.23,11.346968,0.651806652545929,1.0
